{
  "type": "FeatureCollection",
  "name": "us_med_pnmgl_eoliennes_EF-macro-zone-synthese-med-S_pol_4326",
  "crs": {
    "type": "name",
    "properties": {
      "name": "urn:ogc:def:crs:OGC:1.3:CRS84"
    }
  },
  "features": [
    {
      "type": "Feature",
      "properties": {
        "info": false,
        "cara": false,
        "regl": false,
        "tech": false,
        "projet": "Erosion de la côte Vermeille",
        "OBJECTID": 1,
        "ZONE": "C",
        "surface": 652.23296486,
        "SHAPE_Leng": 1.20136319667,
        "SHAPE_Area": 0.07209147053
      },
      "geometry": {
        "type": "MultiPolygon",
        "coordinates": [
          [
            [
              [
                4.360912261000067,
                43.03565968200007
              ],
              [
                4.361212226000021,
                42.94632971800007
              ],
              [
                4.36112614700005,
                42.946350048000056
              ],
              [
                4.360181514000033,
                42.94656897700003
              ],
              [
                4.359944486000074,
                42.94662182700006
              ],
              [
                4.359468915000036,
                42.946723717000054
              ],
              [
                4.359230373000059,
                42.94677275500004
              ],
              [
                4.358273628000063,
                42.946961189000035
              ],
              [
                4.35803368400002,
                42.94700639000007
              ],
              [
                4.357552511000051,
                42.94709293500006
              ],
              [
                4.357311281000023,
                42.94713427800008
              ],
              [
                4.356344248000028,
                42.947291859000075
              ],
              [
                4.356223122000074,
                42.94731108700006
              ],
              [
                4.355980589000069,
                42.94734857100008
              ],
              [
                4.355859184000053,
                42.94736682700005
              ],
              [
                4.355373062000069,
                42.947437895000064
              ],
              [
                4.355251262000024,
                42.94745519400004
              ],
              [
                4.355007411000031,
                42.947488812000074
              ],
              [
                4.354885098000068,
                42.94750516600004
              ],
              [
                4.354763468000044,
                42.94752042300007
              ],
              [
                4.354519463000031,
                42.94755002900007
              ],
              [
                4.354397351000046,
                42.94756434400006
              ],
              [
                4.353907995000043,
                42.947619701000065
              ],
              [
                4.35378554600004,
                42.947633051000025
              ],
              [
                4.353540457000065,
                42.94765877000003
              ],
              [
                4.353417817000036,
                42.94767113800003
              ],
              [
                4.352435754000055,
                42.94776616900003
              ],
              [
                4.352189827000075,
                42.94778796300005
              ],
              [
                4.351697383000044,
                42.947827604000054
              ],
              [
                4.35145086700004,
                42.947845450000045
              ],
              [
                4.350464092000038,
                42.94790890500008
              ],
              [
                4.350217104000023,
                42.94792279400008
              ],
              [
                4.349722773000053,
                42.94794660800005
              ],
              [
                4.34947543100003,
                42.94795653400007
              ],
              [
                4.348485825000068,
                42.94798829200005
              ],
              [
                4.34823824700004,
                42.94799424900003
              ],
              [
                4.347742972000049,
                42.94800219200005
              ],
              [
                4.347495275000028,
                42.948004178000076
              ],
              [
                4.346504725000045,
                42.948004178000076
              ],
              [
                4.346257028000025,
                42.94800219200005
              ],
              [
                4.345761753000033,
                42.94799424900003
              ],
              [
                4.345514175000062,
                42.94798829200005
              ],
              [
                4.344524569000043,
                42.94795653400007
              ],
              [
                4.344277227000021,
                42.94794660800005
              ],
              [
                4.34378289600005,
                42.94792279400008
              ],
              [
                4.343535908000035,
                42.94790890500008
              ],
              [
                4.342549133000034,
                42.947845450000045
              ],
              [
                4.34230261700003,
                42.947827604000054
              ],
              [
                4.341810173000056,
                42.94778796300005
              ],
              [
                4.341564246000075,
                42.94776616900003
              ],
              [
                4.340582183000038,
                42.94767113800003
              ],
              [
                4.340459543000065,
                42.94765877000003
              ],
              [
                4.340214454000034,
                42.947633051000025
              ],
              [
                4.340092005000031,
                42.947619701000065
              ],
              [
                4.339602649000028,
                42.94756434400006
              ],
              [
                4.339480537000043,
                42.94755002900007
              ],
              [
                4.339236532000029,
                42.94752042300007
              ],
              [
                4.339114902000063,
                42.94750516600004
              ],
              [
                4.338992589000043,
                42.947488812000074
              ],
              [
                4.338748738000049,
                42.94745519400004
              ],
              [
                4.338626938000061,
                42.947437895000064
              ],
              [
                4.338140816000021,
                42.94736682700005
              ],
              [
                4.338019411000062,
                42.94734857100008
              ],
              [
                4.337776878000057,
                42.94731108700006
              ],
              [
                4.337655752000046,
                42.947291859000075
              ],
              [
                4.336688719000051,
                42.94713427800008
              ],
              [
                4.336447489000022,
                42.94709293500006
              ],
              [
                4.335966316000054,
                42.94700639000007
              ],
              [
                4.335726372000067,
                42.946961189000035
              ],
              [
                4.334769627000071,
                42.94677275500004
              ],
              [
                4.334531085000037,
                42.946723717000054
              ],
              [
                4.334055514000056,
                42.94662182700006
              ],
              [
                4.333818486000041,
                42.94656897700003
              ],
              [
                4.332873853000024,
                42.946350048000056
              ],
              [
                4.332756060000065,
                42.94632222800004
              ],
              [
                4.332520893000037,
                42.946265647000075
              ],
              [
                4.332403514000021,
                42.94623688400003
              ],
              [
                4.332310986000039,
                42.94621379800003
              ],
              [
                4.33168127600004,
                42.94606482900008
              ],
              [
                4.331579696000063,
                42.94604041000008
              ],
              [
                4.331376865000038,
                42.94599087300003
              ],
              [
                4.331275608000055,
                42.94596575300005
              ],
              [
                4.330871255000034,
                42.94586388100004
              ],
              [
                4.330770573000052,
                42.94583812700006
              ],
              [
                4.330569542000035,
                42.94578592400006
              ],
              [
                4.330469686000072,
                42.94575960700007
              ],
              [
                4.330352678000054,
                42.94572778000003
              ],
              [
                4.330120129000022,
                42.945663455000044
              ],
              [
                4.33000409300007,
                42.94563082500008
              ],
              [
                4.329541944000027,
                42.945498728000075
              ],
              [
                4.329426645000069,
                42.945465238000054
              ],
              [
                4.329196553000031,
                42.94539733500005
              ],
              [
                4.329081760000065,
                42.94536292200007
              ],
              [
                4.328166730000021,
                42.94508431400004
              ],
              [
                4.327938954000047,
                42.945012811000026
              ],
              [
                4.327485581000076,
                42.94486616900008
              ],
              [
                4.327259984000023,
                42.94479103100008
              ],
              [
                4.326362385000039,
                42.94448335300007
              ],
              [
                4.326139076000061,
                42.94440461500005
              ],
              [
                4.325694850000048,
                42.944243577000066
              ],
              [
                4.325473934000058,
                42.94416127800008
              ],
              [
                4.32459547600007,
                42.94382511500004
              ],
              [
                4.324486118000038,
                42.94378270800007
              ],
              [
                4.324268037000024,
                42.94369702000006
              ],
              [
                4.324159314000042,
                42.94365374000006
              ],
              [
                4.323725747000026,
                42.943478895000055
              ],
              [
                4.323618006000061,
                42.943434885000045
              ],
              [
                4.323403183000039,
                42.94334600800005
              ],
              [
                4.323296764000077,
                42.94330142300004
              ],
              [
                4.323188698000024,
                42.94325499300004
              ],
              [
                4.322974590000058,
                42.94316183300003
              ],
              [
                4.322867883000072,
                42.94311482300003
              ],
              [
                4.32244380800006,
                42.94292566100006
              ],
              [
                4.322338135000052,
                42.94287794200005
              ],
              [
                4.322127506000072,
                42.94278165800006
              ],
              [
                4.322022549000053,
                42.94273309400006
              ],
              [
                4.321187356000053,
                42.94234193700004
              ],
              [
                4.320979962000024,
                42.94224245000004
              ],
              [
                4.32056817900002,
                42.942040174000056
              ],
              [
                4.320363790000044,
                42.941937385000074
              ],
              [
                4.319552638000062,
                42.94151982400007
              ],
              [
                4.319351353000059,
                42.94141378200004
              ],
              [
                4.318951983000034,
                42.94119849700007
              ],
              [
                4.318753897000022,
                42.94108925300003
              ],
              [
                4.317968330000042,
                42.94064608300005
              ],
              [
                4.317870710000022,
                42.94059038800003
              ],
              [
                4.317676303000042,
                42.940478221000035
              ],
              [
                4.317579515000034,
                42.94042174800006
              ],
              [
                4.317194073000053,
                42.940194328000075
              ],
              [
                4.317098509000061,
                42.940137314000026
              ],
              [
                4.316908229000035,
                42.940022526000064
              ],
              [
                4.316814267000041,
                42.939965219000044
              ],
              [
                4.316741032000039,
                42.93991967300008
              ],
              [
                4.316596587000049,
                42.93982906800005
              ],
              [
                4.316524623000021,
                42.93978354300003
              ],
              [
                4.316239305000067,
                42.93960151700003
              ],
              [
                4.316168231000063,
                42.93955579100003
              ],
              [
                4.316026604000058,
                42.939463905000025
              ],
              [
                4.315956050000068,
                42.93941774600006
              ],
              [
                4.315395290000026,
                42.939047781000056
              ],
              [
                4.315256126000065,
                42.93895442200005
              ],
              [
                4.31497992900006,
                42.93876601800008
              ],
              [
                4.314842895000027,
                42.93867097400005
              ],
              [
                4.314299171000073,
                42.93828753300005
              ],
              [
                4.31416430500002,
                42.93819083000005
              ],
              [
                4.313896779000061,
                42.93799579100005
              ],
              [
                4.313764117000062,
                42.93789745600003
              ],
              [
                4.313238029000047,
                42.93750096100007
              ],
              [
                4.313171360000069,
                42.937450288000036
              ],
              [
                4.313038607000067,
                42.93734852800003
              ],
              [
                4.31297251500007,
                42.93729743700004
              ],
              [
                4.312934194000036,
                42.937267561000056
              ],
              [
                4.312542232000055,
                42.93697914300003
              ],
              [
                4.312370541000064,
                42.93685004300005
              ],
              [
                4.312031021000053,
                42.936589154000046
              ],
              [
                4.311863182000025,
                42.93645736000008
              ],
              [
                4.31119439500003,
                42.93592066600007
              ],
              [
                4.311111466000057,
                42.93585338400004
              ],
              [
                4.31094661100002,
                42.93571816200006
              ],
              [
                4.310864684000023,
                42.93565022100006
              ],
              [
                4.310539020000022,
                42.93537717100003
              ],
              [
                4.310458487000062,
                42.935308906000046
              ],
              [
                4.310298433000071,
                42.935171739000054
              ],
              [
                4.310219665000034,
                42.93510349700006
              ],
              [
                4.310156029000041,
                42.93504726200007
              ],
              [
                4.310030922000067,
                42.93493571500005
              ],
              [
                4.309968697000045,
                42.93487974300007
              ],
              [
                4.309722611000041,
                42.93465641100005
              ],
              [
                4.309618384000032,
                42.934560384000065
              ],
              [
                4.309523862000049,
                42.93447197000006
              ],
              [
                4.309426435000034,
                42.934391428000026
              ],
              [
                4.309349255000029,
                42.93432695900003
              ],
              [
                4.309073781000052,
                42.93409444800005
              ],
              [
                4.309005656000068,
                42.93403641100008
              ],
              [
                4.308870135000063,
                42.933919881000065
              ],
              [
                4.308803493000028,
                42.93386204700005
              ],
              [
                4.308769482000059,
                42.93383211500003
              ],
              [
                4.308703149000053,
                42.93377346200003
              ],
              [
                4.308670074000077,
                42.933744079000064
              ],
              [
                4.30853963200002,
                42.93362766000007
              ],
              [
                4.30850711100004,
                42.93359850000007
              ],
              [
                4.308442249000052,
                42.933540074000064
              ],
              [
                4.308409907000055,
                42.93351080700006
              ],
              [
                4.308153387000061,
                42.93327759300007
              ],
              [
                4.308121409000023,
                42.93324838700005
              ],
              [
                4.308057634000022,
                42.933189870000035
              ],
              [
                4.308025835000024,
                42.933160558000054
              ],
              [
                4.307899003000045,
                42.933043104000035
              ],
              [
                4.307867384000076,
                42.933013688000074
              ],
              [
                4.307804327000042,
                42.93295475100007
              ],
              [
                4.307772889000034,
                42.93292523100007
              ],
              [
                4.307330845000024,
                42.93250822400006
              ],
              [
                4.307242938000059,
                42.932424199000025
              ],
              [
                4.307068585000025,
                42.932255336000026
              ],
              [
                4.306982138000023,
                42.93217049700007
              ],
              [
                4.306639331000042,
                42.93182956900006
              ],
              [
                4.306554360000064,
                42.93174393000004
              ],
              [
                4.30638590600006,
                42.931571864000034
              ],
              [
                4.306302424000023,
                42.93148543800004
              ],
              [
                4.305640842000059,
                42.93079121900007
              ],
              [
                4.305558862000055,
                42.930704021000054
              ],
              [
                4.305396418000043,
                42.93052886400005
              ],
              [
                4.305315954000037,
                42.93044090700005
              ],
              [
                4.304997179000054,
                42.93008761700003
              ],
              [
                4.304918243000031,
                42.929998915000056
              ],
              [
                4.30476191200006,
                42.929820781000046
              ],
              [
                4.304684517000055,
                42.929731349000065
              ],
              [
                4.304619604000038,
                42.92965527800004
              ],
              [
                4.30459187200006,
                42.92962261200006
              ],
              [
                4.304536615000075,
                42.92955718600007
              ],
              [
                4.304509089000021,
                42.92952442600006
              ],
              [
                4.304399398000044,
                42.92939320200003
              ],
              [
                4.304372078000029,
                42.929360349000035
              ],
              [
                4.304317645000026,
                42.929294551000055
              ],
              [
                4.304290532000039,
                42.92926160600007
              ],
              [
                4.304074469000057,
                42.92899769200005
              ],
              [
                4.304047733000061,
                42.92896486400008
              ],
              [
                4.303994466000063,
                42.92889911900005
              ],
              [
                4.30396793500006,
                42.92886620200005
              ],
              [
                4.303862225000046,
                42.928734355000074
              ],
              [
                4.303836234000073,
                42.92870177000003
              ],
              [
                4.303784453000048,
                42.928636512000026
              ],
              [
                4.303759326000034,
                42.92860468500004
              ],
              [
                4.303713169000048,
                42.928545360000044
              ],
              [
                4.303622825000048,
                42.92842813100003
              ],
              [
                4.303577975000053,
                42.92836938200003
              ],
              [
                4.303401164000036,
                42.92813557000005
              ],
              [
                4.303357279000068,
                42.928076985000075
              ],
              [
                4.30327015000006,
                42.927959557000065
              ],
              [
                4.303226905000031,
                42.92790071500008
              ],
              [
                4.302884833000064,
                42.92743076100004
              ],
              [
                4.302842387000055,
                42.927371882000045
              ],
              [
                4.302811502000054,
                42.927341184000056
              ],
              [
                4.302549332000069,
                42.92723315400008
              ],
              [
                4.302487398000039,
                42.92720743700005
              ],
              [
                4.30236375100003,
                42.92715571700006
              ],
              [
                4.302302701000031,
                42.927129996000076
              ],
              [
                4.302259853000066,
                42.92711172300005
              ],
              [
                4.302175590000047,
                42.92707560500003
              ],
              [
                4.302133511000022,
                42.92705747900004
              ],
              [
                4.301966728000025,
                42.92698528300008
              ],
              [
                4.30192508500005,
                42.92696716900008
              ],
              [
                4.301841903000025,
                42.926930809000055
              ],
              [
                4.301800365000076,
                42.92691256400008
              ],
              [
                4.30146981300004,
                42.92676667000006
              ],
              [
                4.301428545000022,
                42.92674836800006
              ],
              [
                4.301346115000058,
                42.92671163500006
              ],
              [
                4.301304953000056,
                42.92669320400006
              ],
              [
                4.301140521000036,
                42.926619225000024
              ],
              [
                4.301099466000039,
                42.92660066600007
              ],
              [
                4.30101746400004,
                42.926563420000036
              ],
              [
                4.300976517000038,
                42.926544732000025
              ],
              [
                4.300814851000041,
                42.92647060200005
              ],
              [
                4.300730488000056,
                42.92643153900008
              ],
              [
                4.300562233000051,
                42.92635287000007
              ],
              [
                4.30047834100003,
                42.926313263000054
              ],
              [
                4.300143739000021,
                42.92615376300006
              ],
              [
                4.300060324000071,
                42.926113616000066
              ],
              [
                4.299893978000057,
                42.926032785000075
              ],
              [
                4.299811046000059,
                42.92599210100008
              ],
              [
                4.299149684000042,
                42.92566455600007
              ],
              [
                4.298985298000048,
                42.925581589000046
              ],
              [
                4.298658536000062,
                42.92541354400004
              ],
              [
                4.29849616000007,
                42.92532846600005
              ],
              [
                4.297850879000066,
                42.92498404000003
              ],
              [
                4.297690565000039,
                42.92489687800003
              ],
              [
                4.297372046000021,
                42.92472049700007
              ],
              [
                4.29721384100003,
                42.92463127800005
              ],
              [
                4.296585439000069,
                42.92427039700004
              ],
              [
                4.296507336000047,
                42.924225137000064
              ],
              [
                4.296351673000061,
                42.92413411600006
              ],
              [
                4.296274113000038,
                42.92408835400005
              ],
              [
                4.295964985000069,
                42.92390431900003
              ],
              [
                4.295888353000066,
                42.923858290000055
              ],
              [
                4.295735641000022,
                42.92376574100007
              ],
              [
                4.295660313000042,
                42.92371968700007
              ],
              [
                4.295582310000043,
                42.92367113600005
              ],
              [
                4.295428400000048,
                42.923574459000065
              ],
              [
                4.295351738000022,
                42.92352586800007
              ],
              [
                4.295047774000068,
                42.92333145900005
              ],
              [
                4.294972074000043,
                42.92328260700003
              ],
              [
                4.294821267000032,
                42.92318441100008
              ],
              [
                4.294746160000045,
                42.92313506700003
              ],
              [
                4.294149283000024,
                42.92273940700005
              ],
              [
                4.294074957000021,
                42.92268969700007
              ],
              [
                4.29392690800006,
                42.92258979400003
              ],
              [
                4.293853184000056,
                42.92253960200003
              ],
              [
                4.293559518000052,
                42.92233788600004
              ],
              [
                4.293486403000031,
                42.92228721600003
              ],
              [
                4.293340786000044,
                42.922185402000025
              ],
              [
                4.293268284000021,
                42.92213425800003
              ],
              [
                4.293041106000032,
                42.92197257500004
              ],
              [
                4.292988432000072,
                42.92193484200004
              ],
              [
                4.292883418000031,
                42.92185912800005
              ],
              [
                4.292831078000063,
                42.92182114500008
              ],
              [
                4.292622395000024,
                42.92166872200005
              ],
              [
                4.292570391000027,
                42.92163049100003
              ],
              [
                4.292466722000029,
                42.921553782000046
              ],
              [
                4.292415057000028,
                42.921515304000025
              ],
              [
                4.292003142000056,
                42.92120653100005
              ],
              [
                4.291900836000025,
                42.92112884000005
              ],
              [
                4.291697603000046,
                42.92097249100004
              ],
              [
                4.29159667700003,
                42.92089383200005
              ],
              [
                4.291195799000036,
                42.920577312000034
              ],
              [
                4.291096269000036,
                42.92049769800008
              ],
              [
                4.290898623000032,
                42.92033752800006
              ],
              [
                4.290800507000029,
                42.92025697200006
              ],
              [
                4.290410935000068,
                42.919932920000065
              ],
              [
                4.290362605000041,
                42.91989245500008
              ],
              [
                4.290266301000031,
                42.91981129700008
              ],
              [
                4.290218328000037,
                42.919770604000064
              ],
              [
                4.290027155000075,
                42.91960738100005
              ],
              [
                4.289979920000064,
                42.91956679000003
              ],
              [
                4.28988580400005,
                42.91948538500003
              ],
              [
                4.289839677000032,
                42.919445232000044
              ],
              [
                4.28975932700007,
                42.919374041000026
              ],
              [
                4.289601193000067,
                42.91923234200004
              ],
              [
                4.289522656000031,
                42.91916117300008
              ],
              [
                4.289212132000046,
                42.918876598000054
              ],
              [
                4.289135026000054,
                42.91880513800004
              ],
              [
                4.288981883000076,
                42.91866160200004
              ],
              [
                4.288905845000045,
                42.91858952600006
              ],
              [
                4.288303462000044,
                42.918012032000036
              ],
              [
                4.288154976000044,
                42.91786641500005
              ],
              [
                4.287862362000055,
                42.91757283600003
              ],
              [
                4.287718235000057,
                42.91742487300007
              ],
              [
                4.287150721000046,
                42.91682861100003
              ],
              [
                4.287011023000048,
                42.916678371000046
              ],
              [
                4.286736122000036,
                42.91637568800007
              ],
              [
                4.286600919000023,
                42.91622324400004
              ],
              [
                4.286069353000073,
                42.91560934900008
              ],
              [
                4.286003632000075,
                42.915532529000075
              ],
              [
                4.28587333300004,
                42.91537836900005
              ],
              [
                4.285808754000072,
                42.915301029000034
              ],
              [
                4.285552752000058,
                42.91499066100005
              ],
              [
                4.285484902000064,
                42.914907311000036
              ],
              [
                4.285351122000066,
                42.91474077400005
              ],
              [
                4.28528557900006,
                42.914658082000074
              ],
              [
                4.285217509000063,
                42.91457076300003
              ],
              [
                4.285118974000056,
                42.91444347800007
              ],
              [
                4.285053979000054,
                42.91435894600005
              ],
              [
                4.284773248000022,
                42.91399139300006
              ],
              [
                4.28470062100007,
                42.91389480300006
              ],
              [
                4.284557580000069,
                42.913701557000024
              ],
              [
                4.284486927000046,
                42.913604587000066
              ],
              [
                4.28420783200005,
                42.91321539000006
              ],
              [
                4.284138926000026,
                42.91311774300004
              ],
              [
                4.28400287200003,
                42.91292179100003
              ],
              [
                4.283935725000049,
                42.912823486000036
              ],
              [
                4.283405859000027,
                42.91203481200006
              ],
              [
                4.283340483000075,
                42.91193586400004
              ],
              [
                4.283211512000037,
                42.91173734200004
              ],
              [
                4.283147917000065,
                42.91163776800005
              ],
              [
                4.282897146000039,
                42.911238292000064
              ],
              [
                4.282835344000034,
                42.91113811100007
              ],
              [
                4.282713544000046,
                42.910937157000035
              ],
              [
                4.282653545000073,
                42.91083638500004
              ],
              [
                4.28243147400002,
                42.91045658100006
              ],
              [
                3.98439908000006,
                43.237150015000054
              ],
              [
                4.360333042000036,
                43.23710116900003
              ],
              [
                4.36033259900006,
                43.03566778100003
              ],
              [
                4.360912261000067,
                43.03565968200007
              ]
            ]
          ]
        ]
      }
    },
    {
      "type": "Feature",
      "properties": {
        "info": false,
        "cara": false,
        "regl": false,
        "tech": false,
        "projet": "Erosion de la côte Vermeille",
        "OBJECTID": 2,
        "ZONE": "D",
        "surface": 562.454873131,
        "SHAPE_Leng": 1.04498914865,
        "SHAPE_Area": 0.06212179198
      },
      "geometry": {
        "type": "MultiPolygon",
        "coordinates": [
          [
            [
              [
                4.65697370700002,
                43.20154593600006
              ],
              [
                4.657373723000035,
                43.201544461000026
              ],
              [
                4.65761063900004,
                43.20154499600005
              ],
              [
                4.657715114000041,
                43.20154376100004
              ],
              [
                4.658055558000058,
                43.201539946000025
              ],
              [
                4.658435535000024,
                43.20153602100004
              ],
              [
                4.658541360000072,
                43.20153509600004
              ],
              [
                4.658751636000034,
                43.201533590000054
              ],
              [
                4.65885677600005,
                43.20153300100003
              ],
              [
                4.658927590000076,
                43.20153271500004
              ],
              [
                4.65902722900006,
                43.20153246000007
              ],
              [
                4.659226509000064,
                43.201532246000056
              ],
              [
                4.659326474000068,
                43.20153228600003
              ],
              [
                4.659580364000021,
                43.20153277000003
              ],
              [
                4.659687106000035,
                43.20153302700004
              ],
              [
                4.660160823000069,
                43.20153441600007
              ],
              [
                4.660246799000049,
                43.201535023000076
              ],
              [
                4.660425797000073,
                43.20153291100007
              ],
              [
                4.660937386000057,
                43.20153076500003
              ],
              [
                4.661315884000032,
                43.20153206700007
              ],
              [
                4.661468712000044,
                43.20153275800004
              ],
              [
                4.661801012000069,
                43.201534638000055
              ],
              [
                4.661954568000056,
                43.20153568200004
              ],
              [
                4.662541942000075,
                43.20154034400008
              ],
              [
                4.662697155000046,
                43.20154175500005
              ],
              [
                4.663034678000031,
                43.20154521200004
              ],
              [
                4.663193715000034,
                43.20154702800005
              ],
              [
                4.663626984000075,
                43.201552492000076
              ],
              [
                4.663799224000059,
                43.20155488300003
              ],
              [
                4.664178038000045,
                43.20156063300004
              ],
              [
                4.664377638000076,
                43.20156395500004
              ],
              [
                4.664975195000068,
                43.20157480000006
              ],
              [
                4.665126715000042,
                43.20157778000004
              ],
              [
                4.666038468000067,
                43.20159681500007
              ],
              [
                4.666252562000068,
                43.201601620000076
              ],
              [
                4.666786287000036,
                43.20161445200006
              ],
              [
                4.667004662000068,
                43.20162005600008
              ],
              [
                4.667657973000075,
                43.20163788100007
              ],
              [
                4.667875576000029,
                43.201644171000055
              ],
              [
                4.668406481000034,
                43.201660375000074
              ],
              [
                4.668623602000025,
                43.20166735200007
              ],
              [
                4.66951565200003,
                43.20169746100004
              ],
              [
                4.669732611000029,
                43.201705134000065
              ],
              [
                4.670262870000045,
                43.201724744000046
              ],
              [
                4.67047971900007,
                43.201733114000035
              ],
              [
                4.671130027000061,
                43.20175926500008
              ],
              [
                4.671346166000035,
                43.20176830500003
              ],
              [
                4.671873571000049,
                43.201791213000035
              ],
              [
                4.672086397000044,
                43.201800795000054
              ],
              [
                4.673126122000042,
                43.201849250000066
              ],
              [
                4.673315607000063,
                43.201858350000066
              ],
              [
                4.673770915000034,
                43.20188085800004
              ],
              [
                4.673953881000045,
                43.20189015400007
              ],
              [
                4.674474750000059,
                43.201917311000045
              ],
              [
                4.674534944000072,
                43.20192050000003
              ],
              [
                4.674994549000075,
                43.20191302300003
              ],
              [
                4.675407680000035,
                43.20190580800005
              ],
              [
                4.676907741000036,
                43.201882510000075
              ],
              [
                4.677320919000067,
                43.20187689200003
              ],
              [
                4.677806605000058,
                43.20187122800007
              ],
              [
                4.67821981700007,
                43.201867210000046
              ],
              [
                4.67885052400004,
                43.20186229900003
              ],
              [
                4.679263760000026,
                43.201859881000075
              ],
              [
                4.67974950100006,
                43.201857981000046
              ],
              [
                4.680162748000043,
                43.201857164000046
              ],
              [
                4.681083452000053,
                43.20185712500006
              ],
              [
                4.681496699000036,
                43.20185790800008
              ],
              [
                4.681982441000059,
                43.20185976800008
              ],
              [
                4.682395702000065,
                43.20186215200005
              ],
              [
                4.683026803000075,
                43.20186701400007
              ],
              [
                4.68343962900002,
                43.201870994000046
              ],
              [
                4.683877729000073,
                43.20187601500004
              ],
              [
                4.684037480000029,
                43.201878054000076
              ],
              [
                4.684392873000036,
                43.20188302300005
              ],
              [
                4.684585915000071,
                43.201885993000076
              ],
              [
                4.684962564000045,
                43.20189232000007
              ],
              [
                4.685140244000024,
                43.20189553400007
              ],
              [
                4.685575155000038,
                43.20190398400007
              ],
              [
                4.685990071000049,
                43.20191280500006
              ],
              [
                4.686621298000034,
                43.201927452000064
              ],
              [
                4.687034350000033,
                43.20193783800005
              ],
              [
                4.687519768000072,
                43.20195098500005
              ],
              [
                4.687932692000061,
                43.20196297000007
              ],
              [
                4.688852575000055,
                43.20199145200007
              ],
              [
                4.68926540700005,
                43.20200503400008
              ],
              [
                4.689750607000065,
                43.202021939000076
              ],
              [
                4.690163335000022,
                43.202037121000046
              ],
              [
                4.690793198000051,
                43.20206151200006
              ],
              [
                4.691205811000032,
                43.20207829200007
              ],
              [
                4.691690739000023,
                43.202098955000054
              ],
              [
                4.692103225000039,
                43.20211733300005
              ],
              [
                4.693600609000043,
                43.202186952000034
              ],
              [
                4.69401295800003,
                43.20220692300006
              ],
              [
                4.694497561000048,
                43.20223133700006
              ],
              [
                4.694909759000041,
                43.20225290600007
              ],
              [
                4.695538778000071,
                43.20228704500005
              ],
              [
                4.69595081500006,
                43.202310209000075
              ],
              [
                4.696435038000061,
                43.20233837600006
              ],
              [
                4.696846823000044,
                43.20236313100003
              ],
              [
                4.697758951000026,
                43.202419734000046
              ],
              [
                4.698103827000068,
                43.20244173000003
              ],
              [
                4.698242579000066,
                43.20245074200005
              ],
              [
                4.698664035000036,
                43.20247862700006
              ],
              [
                4.699071443000037,
                43.20250630600003
              ],
              [
                4.699699581000061,
                43.20255019800004
              ],
              [
                4.700110471000073,
                43.202579711000055
              ],
              [
                4.700546426000074,
                43.202611827000055
              ],
              [
                4.700705371000026,
                43.20262374500004
              ],
              [
                4.701058920000037,
                43.20265069000004
              ],
              [
                4.70125093200005,
                43.20266559700008
              ],
              [
                4.701625213000057,
                43.202695187000074
              ],
              [
                4.701790498000037,
                43.20270846500006
              ],
              [
                4.702234348000047,
                43.20274472600005
              ],
              [
                4.702646971000036,
                43.202779210000074
              ],
              [
                4.703274251000039,
                43.202832869000076
              ],
              [
                4.703684628000076,
                43.20286878100006
              ],
              [
                4.704166794000059,
                43.202911922000055
              ],
              [
                4.704576859000042,
                43.20294941800006
              ],
              [
                4.705490166000061,
                43.203034726000055
              ],
              [
                4.705899956000053,
                43.203073809000045
              ],
              [
                4.706381470000053,
                43.20312068100003
              ],
              [
                4.706790971000032,
                43.20316135000007
              ],
              [
                4.707415768000033,
                43.203224635000026
              ],
              [
                4.707824970000047,
                43.203266890000066
              ],
              [
                4.708305780000046,
                43.20331748900003
              ],
              [
                4.708714625000027,
                43.20336132300008
              ],
              [
                4.710193343000071,
                43.20352277400008
              ],
              [
                4.710534555000038,
                43.203560623000044
              ],
              [
                4.710666428000025,
                43.20357540200007
              ],
              [
                4.711091328000066,
                43.20362355900005
              ],
              [
                4.711495670000033,
                43.20367011900004
              ],
              [
                4.71211680600004,
                43.20375240300007
              ],
              [
                4.712561496744708,
                43.203797653508666
              ],
              [
                4.713005406000036,
                43.203850018000026
              ],
              [
                4.713412038000058,
                43.20390359800007
              ],
              [
                4.714261089000047,
                43.204016944000045
              ],
              [
                4.714348149000045,
                43.20403016200004
              ],
              [
                4.714727767000056,
                43.20406507300004
              ],
              [
                4.715111519000061,
                43.20411456900007
              ],
              [
                4.715342605000046,
                43.20412304600006
              ],
              [
                4.715972501000067,
                43.20414729000004
              ],
              [
                4.716385136000042,
                43.20416397400004
              ],
              [
                4.716870091000033,
                43.20418452400003
              ],
              [
                4.717282600000033,
                43.20420280500008
              ],
              [
                4.718780068000058,
                43.20427207500006
              ],
              [
                4.719192440000029,
                43.20429195000003
              ],
              [
                4.719677072000025,
                43.20431625100008
              ],
              [
                4.720089294000047,
                43.20433772400003
              ],
              [
                4.720718350000027,
                43.204371716000026
              ],
              [
                4.721130412000036,
                43.204394784000044
              ],
              [
                4.721614665000061,
                43.20442283800003
              ],
              [
                4.722026476000053,
                43.204447498000036
              ],
              [
                4.722938661000057,
                43.20450388800003
              ],
              [
                4.723283560000027,
                43.20452580400007
              ],
              [
                4.723422320000054,
                43.20453478300004
              ],
              [
                4.723843805000058,
                43.204562569000075
              ],
              [
                4.724251261000063,
                43.20459015500006
              ],
              [
                4.724879846000022,
                43.20463393000006
              ],
              [
                4.725293192000038,
                43.20466352600005
              ],
              [
                4.725737581000033,
                43.20469617500004
              ],
              [
                4.725903001000063,
                43.204708554000035
              ],
              [
                4.726277453000023,
                43.20473705200004
              ],
              [
                4.726469476000034,
                43.20475193900006
              ],
              [
                4.726822899000069,
                43.20477984200005
              ],
              [
                4.72698173200007,
                43.20479257800008
              ],
              [
                4.727417213000024,
                43.20482806900003
              ],
              [
                4.727827442000034,
                43.20486226000003
              ],
              [
                4.728454363000026,
                43.20491573900006
              ],
              [
                4.728864749000024,
                43.20495155300006
              ],
              [
                4.729346949000046,
                43.20499458100005
              ],
              [
                4.729757046000032,
                43.20503198200004
              ],
              [
                4.730670423000049,
                43.20511707700007
              ],
              [
                4.731080244000054,
                43.20515606400005
              ],
              [
                4.731561796000051,
                43.205202824000025
              ],
              [
                4.731971325000075,
                43.20524339800005
              ],
              [
                4.732596003000026,
                43.20530651900003
              ],
              [
                4.733003438000026,
                43.20534848900007
              ],
              [
                4.733423572000049,
                43.205389670000045
              ],
              [
                4.733498784000062,
                43.20535249100004
              ],
              [
                4.733882954000023,
                43.20518507200006
              ],
              [
                4.734040266000022,
                43.205116805000046
              ],
              [
                4.734687535000035,
                43.204837103000045
              ],
              [
                4.734845152000048,
                43.20476928000005
              ],
              [
                4.735230852000029,
                43.204604017000065
              ],
              [
                4.735388810000074,
                43.20453662300008
              ],
              [
                4.735863191000021,
                43.20433508600007
              ],
              [
                4.736021489000052,
                43.20426812200003
              ],
              [
                4.736408851000022,
                43.20410495700003
              ],
              [
                4.736567487000059,
                43.20403842300004
              ],
              [
                4.737573134000058,
                43.20361844400003
              ],
              [
                4.737732104000031,
                43.203552340000044
              ],
              [
                4.738121104000072,
                43.20339128100005
              ],
              [
                4.738280408000037,
                43.203325609000046
              ],
              [
                4.73875881400005,
                43.203129243000035
              ],
              [
                4.738918448000049,
                43.203064003000065
              ],
              [
                4.739309064000054,
                43.20290506200007
              ],
              [
                4.739469005000046,
                43.20284026500008
              ],
              [
                4.740127020000045,
                43.202574850000076
              ],
              [
                4.740286498000046,
                43.20251080400004
              ],
              [
                4.740675913000075,
                43.202355097000066
              ],
              [
                4.740832586000067,
                43.20229272100005
              ],
              [
                4.741292323000039,
                43.202110477000076
              ],
              [
                4.741455528000074,
                43.20204607100004
              ],
              [
                4.741676174000077,
                43.20195935600003
              ],
              [
                4.741741540000021,
                43.201933764000046
              ],
              [
                4.741868169000043,
                43.20188436700005
              ],
              [
                4.74193153300007,
                43.20185973500003
              ],
              [
                4.742183394000051,
                43.201762174000066
              ],
              [
                4.74224724000004,
                43.20173753000006
              ],
              [
                4.742371668000033,
                43.20168967200004
              ],
              [
                4.742431558000021,
                43.20166672200003
              ],
              [
                4.742777645000047,
                43.20153479500004
              ],
              [
                4.742928517000053,
                43.20147751300004
              ],
              [
                4.743019608000054,
                43.201442299000064
              ],
              [
                4.743213579000042,
                43.20136710400004
              ],
              [
                4.743372372000067,
                43.20130581500007
              ],
              [
                4.743663173000073,
                43.20119411200005
              ],
              [
                4.743930050000074,
                43.201092233000054
              ],
              [
                4.74427115800006,
                43.200962780000054
              ],
              [
                4.744410901000037,
                43.20090997800003
              ],
              [
                4.744639468000059,
                43.20082395500003
              ],
              [
                4.744786220000037,
                43.200768948000075
              ],
              [
                4.745040545000052,
                43.200674037000056
              ],
              [
                4.745246405000046,
                43.200597637000044
              ],
              [
                4.745527526000046,
                43.20049391400005
              ],
              [
                4.745739511000068,
                43.200416165000036
              ],
              [
                4.746137135000026,
                43.200271204000046
              ],
              [
                4.74634713100005,
                43.200195102000066
              ],
              [
                4.746463247000065,
                43.200153242000056
              ],
              [
                4.746606634000045,
                43.200100011000075
              ],
              [
                4.746810829000026,
                43.200024592000034
              ],
              [
                4.747002628000075,
                43.19995413800007
              ],
              [
                4.747312429000033,
                43.19984095700005
              ],
              [
                4.747507681000059,
                43.19977001800004
              ],
              [
                4.74771553100004,
                43.19969492400003
              ],
              [
                4.747919392000028,
                43.199621697000055
              ],
              [
                4.748187987000051,
                43.19952578600004
              ],
              [
                4.74860381700006,
                43.19937813300004
              ],
              [
                4.748974099000066,
                43.19924750300004
              ],
              [
                4.750332985000057,
                43.198771332000035
              ],
              [
                4.750720252000065,
                43.19863657900004
              ],
              [
                4.75117638200004,
                43.19847898800003
              ],
              [
                4.75156497100005,
                43.19834568600004
              ],
              [
                4.752158842000028,
                43.198143420000065
              ],
              [
                4.752548429000058,
                43.19801168300006
              ],
              [
                4.753006949000053,
                43.19785775400004
              ],
              [
                4.753397557000028,
                43.197727574000055
              ],
              [
                4.754268381000031,
                43.197439461000045
              ],
              [
                4.754656926000052,
                43.19731184200003
              ],
              [
                4.755056719000038,
                43.19718140800006
              ],
              [
                4.755191568000043,
                43.19713761400004
              ],
              [
                4.755521978000047,
                43.19703079200008
              ],
              [
                4.756118529000048,
                43.19683920400007
              ],
              [
                4.756514172000038,
                43.196713084000066
              ],
              [
                4.756924363000053,
                43.19658324300008
              ],
              [
                4.757062576000067,
                43.19653969700005
              ],
              [
                4.757354106000037,
                43.19644824200003
              ],
              [
                4.757514825000044,
                43.19639806600003
              ],
              [
                4.758002650000037,
                43.19624650600008
              ],
              [
                4.758135472000049,
                43.19620541000006
              ],
              [
                4.758548049000069,
                43.19607827600004
              ],
              [
                4.758680058000039,
                43.19603776300005
              ],
              [
                4.758966962000045,
                43.19595007700008
              ],
              [
                4.75911760300005,
                43.19590424800003
              ],
              [
                4.759553958000026,
                43.19577213100007
              ],
              [
                4.759746457000062,
                43.19571418900006
              ],
              [
                4.760399189000054,
                43.195518907000064
              ],
              [
                4.760619791000067,
                43.195453358000066
              ],
              [
                4.761167339000053,
                43.19529178500005
              ],
              [
                4.761333657000023,
                43.195242998000026
              ],
              [
                4.761650565000025,
                43.19515193900003
              ],
              [
                4.762124134000032,
                43.19501859600007
              ],
              [
                4.762601712000048,
                43.19487756700005
              ],
              [
                4.762756,
                43.194832295000026
              ],
              [
                4.762893872000063,
                43.19479207900008
              ],
              [
                4.763037876000055,
                43.194750483000064
              ],
              [
                4.763326237000058,
                43.194667956000046
              ],
              [
                4.763470596000047,
                43.194627024000056
              ],
              [
                4.763771009000038,
                43.19454263700004
              ],
              [
                4.763897895000071,
                43.19450728800007
              ],
              [
                4.764151931000072,
                43.19443710300004
              ],
              [
                4.764279081000041,
                43.194402267000044
              ],
              [
                4.764386448000039,
                43.194373305000056
              ],
              [
                4.764601363000054,
                43.194315749000054
              ],
              [
                4.764709641000024,
                43.194286961000046
              ],
              [
                4.765007411000056,
                43.19420837800004
              ],
              [
                4.765742225000054,
                43.19399849200005
              ],
              [
                4.765924531000053,
                43.193946968000034
              ],
              [
                4.766289698000037,
                43.19384498000005
              ],
              [
                4.766474161000076,
                43.19379408000003
              ],
              [
                4.766601334000029,
                43.19375942500005
              ],
              [
                4.766680954000037,
                43.19373782000008
              ],
              [
                4.767211194000026,
                43.19359451400004
              ],
              [
                4.767437865000034,
                43.19353369700008
              ],
              [
                4.768118728000047,
                43.19335240100003
              ],
              [
                4.768345864000025,
                43.19329238200004
              ],
              [
                4.768901570000025,
                43.19314666400004
              ],
              [
                4.769129099000054,
                43.19308746100006
              ],
              [
                4.77006521800007,
                43.192845770000076
              ],
              [
                4.770292880000056,
                43.19278744800005
              ],
              [
                4.770849144000067,
                43.19264606300004
              ],
              [
                4.771074076000048,
                43.19258933800006
              ],
              [
                4.771743061000052,
                43.19242193800005
              ],
              [
                4.771945220000021,
                43.19237171200007
              ],
              [
                4.772408660000053,
                43.19225737600004
              ],
              [
                4.772570620000067,
                43.19221765200007
              ],
              [
                4.77286166500005,
                43.192146680000064
              ],
              [
                4.77303157700004,
                43.19210549600007
              ],
              [
                4.773384229000044,
                43.19202053500004
              ],
              [
                4.773542693000024,
                43.19198257600004
              ],
              [
                4.773925327000029,
                43.191891439000074
              ],
              [
                4.774068165000074,
                43.191857596000034
              ],
              [
                4.774409836000075,
                43.19177711700007
              ],
              [
                4.775008434000029,
                43.19163728700005
              ],
              [
                4.775402497000073,
                43.19154607300004
              ],
              [
                4.775865945000021,
                43.19143978500006
              ],
              [
                4.776260531000048,
                43.19135012900006
              ],
              [
                4.777140248000023,
                43.19115210800004
              ],
              [
                4.777532036000025,
                43.19106474100005
              ],
              [
                4.777953072000059,
                43.190971673000035
              ],
              [
                4.778072209000072,
                43.190945501000044
              ],
              [
                4.778401660000043,
                43.190873519000036
              ],
              [
                4.779001181000069,
                43.19074364700003
              ],
              [
                4.779397544000062,
                43.19065861200005
              ],
              [
                4.779863937000073,
                43.190559533000055
              ],
              [
                4.780261023000037,
                43.190476010000054
              ],
              [
                4.781703824000033,
                43.19017555000005
              ],
              [
                4.782101505000071,
                43.19009356300006
              ],
              [
                4.782569300000034,
                43.189998100000025
              ],
              [
                4.782967568000061,
                43.189917656000034
              ],
              [
                4.783575886000051,
                43.18979605100003
              ],
              [
                4.783974728000032,
                43.189717151000025
              ],
              [
                4.784443876000068,
                43.189625317000036
              ],
              [
                4.784843283000043,
                43.18954796400004
              ],
              [
                4.785733766000021,
                43.189377345000025
              ],
              [
                4.78613372500007,
                43.18930153900004
              ],
              [
                4.786604190000048,
                43.18921334100003
              ],
              [
                4.787004814000056,
                43.18913906300003
              ],
              [
                4.787614193000024,
                43.189027330000044
              ],
              [
                4.787962149000066,
                43.18896418400004
              ],
              [
                4.788107411000055,
                43.188938016000066
              ],
              [
                4.788496699000063,
                43.18886835100005
              ],
              [
                4.788657501000046,
                43.18883978200006
              ],
              [
                4.789015972000072,
                43.18877656400008
              ],
              [
                4.78918778700006,
                43.188746500000036
              ],
              [
                4.78948024400006,
                43.18869573000006
              ],
              [
                4.789642903000072,
                43.18866770600005
              ],
              [
                4.790108503000056,
                43.18858810800003
              ],
              [
                4.790311701000064,
                43.18855370800003
              ],
              [
                4.790978725000059,
                43.18844184500006
              ],
              [
                4.791204145000052,
                43.18840444400007
              ],
              [
                4.791762516000063,
                43.188312808000035
              ],
              [
                4.79199135500005,
                43.18827567100004
              ],
              [
                4.792933610000034,
                43.18812447200003
              ],
              [
                4.793162947000042,
                43.188088090000065
              ],
              [
                4.793723845000045,
                43.18800013100008
              ],
              [
                4.793953421000026,
                43.187964548000025
              ],
              [
                4.794642487000033,
                43.18785899800008
              ],
              [
                4.794872291000047,
                43.187824215000035
              ],
              [
                4.79543430700005,
                43.18774016800006
              ],
              [
                4.795664334000037,
                43.18770618600007
              ],
              [
                4.797121616000027,
                43.187493536000034
              ],
              [
                4.797351860000049,
                43.18746035400005
              ],
              [
                4.79791494400007,
                43.18738022300005
              ],
              [
                4.798145413000043,
                43.187347842000065
              ],
              [
                4.798837157000037,
                43.187251901000025
              ],
              [
                4.799067958000023,
                43.187220307000075
              ],
              [
                4.799632540000061,
                43.18714403900003
              ],
              [
                4.799864115000048,
                43.187113175000036
              ],
              [
                4.800817554000048,
                43.18698782000007
              ],
              [
                4.801051723000057,
                43.18695745900004
              ],
              [
                4.801624564000065,
                43.186884227000064
              ],
              [
                4.801854762000062,
                43.18685521100008
              ],
              [
                4.802531229000067,
                43.18677113000007
              ],
              [
                4.802707803000033,
                43.186749434000035
              ],
              [
                4.803203334000045,
                43.186689382000054
              ],
              [
                4.803366632000063,
                43.186669807000044
              ],
              [
                4.803678502000025,
                43.18663281100004
              ],
              [
                4.803825238000059,
                43.18661557300004
              ],
              [
                4.804311914000039,
                43.18655895000006
              ],
              [
                4.804465819000029,
                43.18654122600003
              ],
              [
                4.805024020000076,
                43.18647760400006
              ],
              [
                4.805182509000076,
                43.18645973300005
              ],
              [
                4.805522752000059,
                43.186421788000075
              ],
              [
                4.805704715000047,
                43.18640174600006
              ],
              [
                4.806165622000037,
                43.18635161700007
              ],
              [
                4.806321970000056,
                43.18633480200003
              ],
              [
                4.806637321000039,
                43.18630126100004
              ],
              [
                4.806784146000041,
                43.18628581200005
              ],
              [
                4.807377988000042,
                43.186224053000046
              ],
              [
                4.807808356000066,
                43.186180139000044
              ],
              [
                4.808317204000048,
                43.18612927500004
              ],
              [
                4.808750209000038,
                43.186086895000074
              ],
              [
                4.809710438000025,
                43.18599491100008
              ],
              [
                4.810141916000021,
                43.18595447300004
              ],
              [
                4.810649192000028,
                43.18590798300005
              ],
              [
                4.811080895000032,
                43.18586931300007
              ],
              [
                4.811740024000073,
                43.18581163400006
              ],
              [
                4.812172008000061,
                43.185774725000044
              ],
              [
                4.812679877000051,
                43.185732382000026
              ],
              [
                4.813111659000072,
                43.18569727400006
              ],
              [
                4.814611697000032,
                43.18557838000004
              ],
              [
                4.815018860000066,
                43.18554690000008
              ],
              [
                4.815436333000036,
                43.18551536600006
              ],
              [
                4.815577778000034,
                43.185504852000065
              ],
              [
                4.815922758000056,
                43.185479619000034
              ],
              [
                4.816545076000068,
                43.18543518200005
              ],
              [
                4.816956239000035,
                43.18540662000004
              ],
              [
                4.817439795000041,
                43.18537397400007
              ],
              [
                4.817851277000045,
                43.18534699700007
              ],
              [
                4.81876826000007,
                43.185288669000045
              ],
              [
                4.819179931000065,
                43.185263285000076
              ],
              [
                4.819663933000072,
                43.18523438600005
              ],
              [
                4.820075828000029,
                43.18521059600005
              ],
              [
                4.820705362000069,
                43.185175463000064
              ],
              [
                4.821119423000027,
                43.18515316500003
              ],
              [
                4.821564773000034,
                43.18513001100007
              ],
              [
                4.821730604000038,
                43.185121614000025
              ],
              [
                4.822106096000027,
                43.185103076000075
              ],
              [
                4.822298715000045,
                43.18509383900005
              ],
              [
                4.822653353000021,
                43.18507733300004
              ],
              [
                4.822812777000024,
                43.18507010800005
              ],
              [
                4.823250013000063,
                43.18505086300007
              ],
              [
                4.823662070000069,
                43.18503348000007
              ],
              [
                4.82429207000007,
                43.18500812600007
              ],
              [
                4.82470465800003,
                43.18499232400006
              ],
              [
                4.825189667000075,
                43.18497469000005
              ],
              [
                4.825602339000056,
                43.18496048700007
              ],
              [
                4.826521717000048,
                43.184930628000075
              ],
              [
                4.826930197000024,
                43.18491814600003
              ],
              [
                4.82734255400004,
                43.18490626900007
              ],
              [
                4.827490383000054,
                43.184902184000066
              ],
              [
                4.827838091000046,
                43.18489299400005
              ],
              [
                4.828463042000067,
                43.18487755700005
              ],
              [
                4.828875850000031,
                43.18486815400007
              ],
              [
                4.829361258000063,
                43.18485803800007
              ],
              [
                4.829774247000046,
                43.18485023200003
              ],
              [
                4.831273800000076,
                43.18482478900006
              ],
              [
                4.831686840000032,
                43.18481858000007
              ],
              [
                4.832172367000055,
                43.18481222200006
              ],
              [
                4.832585446000053,
                43.18480761300003
              ],
              [
                4.833215953000035,
                43.18480180000006
              ],
              [
                4.833629080000037,
                43.18479879200004
              ],
              [
                4.834114833000058,
                43.18479619500005
              ],
              [
                4.834527369000057,
                43.18479478900008
              ],
              [
                4.83539306800003,
                43.184793453000054
              ],
              [
                4.835536743000034,
                43.184793393000064
              ],
              [
                4.835845974000051,
                43.18479359500003
              ],
              [
                4.835988755000074,
                43.184793840000054
              ],
              [
                4.836377861000074,
                43.18479491800008
              ],
              [
                4.836520883000048,
                43.18479546700007
              ],
              [
                4.836830944000042,
                43.18479698500005
              ],
              [
                4.836974668000039,
                43.18479784200008
              ],
              [
                4.837525421000066,
                43.18480171600004
              ],
              [
                4.83767646900003,
                43.18480294700004
              ],
              [
                4.838008087000048,
                43.18480602600005
              ],
              [
                4.838173970000071,
                43.18480776800004
              ],
              [
                4.838666132000071,
                43.18481355100005
              ],
              [
                4.838853191000055,
                43.18481600700005
              ],
              [
                4.839194245000044,
                43.18483562800003
              ],
              [
                4.840679898000076,
                43.184848103000036
              ],
              [
                4.84235773000006,
                43.18490242400003
              ],
              [
                4.842573453000057,
                43.184892998000066
              ],
              [
                4.843104581000034,
                43.184907949000035
              ],
              [
                4.843321660000072,
                43.18491441000003
              ],
              [
                4.843968794000034,
                43.184934715000054
              ],
              [
                4.844184215000041,
                43.18494181900007
              ],
              [
                4.844709152000064,
                43.18495997500003
              ],
              [
                4.844923799000071,
                43.184967742000026
              ],
              [
                4.845805408000047,
                43.185001052000075
              ],
              [
                4.846019824000052,
                43.18500949600008
              ],
              [
                4.846543866000047,
                43.18503097100006
              ],
              [
                4.846758220000027,
                43.18504009800006
              ],
              [
                4.847401192000063,
                43.18506850400007
              ],
              [
                4.84761548900002,
                43.185078314000066
              ],
              [
                4.848139252000067,
                43.18510313000007
              ],
              [
                4.848353489000033,
                43.18511362300006
              ],
              [
                4.849709927000049,
                43.185182230000066
              ],
              [
                4.84992409900002,
                43.185193405000064
              ],
              [
                4.850447548000034,
                43.185221556000045
              ],
              [
                4.850661652000042,
                43.18523341400004
              ],
              [
                4.851303854000037,
                43.18527001000007
              ],
              [
                4.851517885000021,
                43.18528255000007
              ],
              [
                4.852041002000021,
                43.18531403900005
              ],
              [
                4.852255220000075,
                43.185327278000045
              ],
              [
                4.853153832000032,
                43.18538426100008
              ],
              [
                4.853353915000071,
                43.18539729400004
              ],
              [
                4.853871540000057,
                43.18543178500005
              ],
              [
                4.85387972500007,
                43.18543234400005
              ],
              [
                4.844642278000038,
                43.12722248800003
              ],
              [
                4.648471753000024,
                42.96858829700005
              ],
              [
                4.648302533000049,
                42.96864738200003
              ],
              [
                4.648107755000069,
                42.968713740000055
              ],
              [
                4.647325432000059,
                42.96897368800006
              ],
              [
                4.647128979000058,
                42.96903732800007
              ],
              [
                4.646734468000034,
                42.96916186800007
              ],
              [
                4.646536411000056,
                42.969222769000055
              ],
              [
                4.645741255000075,
                42.96946080400005
              ],
              [
                4.645641524000041,
                42.96949025500004
              ],
              [
                4.645441688000062,
                42.96954846300008
              ],
              [
                4.645341582000071,
                42.96957721900003
              ],
              [
                4.644940443000053,
                42.96969084500006
              ],
              [
                4.644839725000054,
                42.96971897200007
              ],
              [
                4.644637930000044,
                42.96977452200008
              ],
              [
                4.644536359000028,
                42.969802077000054
              ],
              [
                4.644452003000026,
                42.96982435100006
              ],
              [
                4.644282064000038,
                42.96986866700007
              ],
              [
                4.644196975000057,
                42.96989057700006
              ],
              [
                4.643855168000073,
                42.96997747200004
              ],
              [
                4.643769595000037,
                42.96999894700008
              ],
              [
                4.643598220000058,
                42.97004139500007
              ],
              [
                4.643512418000057,
                42.97006236800007
              ],
              [
                4.642824209000025,
                42.97022835800004
              ],
              [
                4.642738056000042,
                42.97024885800005
              ],
              [
                4.642565529000024,
                42.970289353000055
              ],
              [
                4.642479156000036,
                42.97030934800006
              ],
              [
                4.642133244000036,
                42.97038831100008
              ],
              [
                4.642046655000058,
                42.97040779900004
              ],
              [
                4.641873267000051,
                42.970446268000046
              ],
              [
                4.641786467000031,
                42.97046524900003
              ],
              [
                4.641469022000024,
                42.97053369200006
              ],
              [
                4.641361931000063,
                42.97055716700004
              ],
              [
                4.640903030000061,
                42.97065705600005
              ],
              [
                4.640825349000067,
                42.97067374300008
              ],
              [
                4.64067036900002,
                42.970706594000035
              ],
              [
                4.640592799000046,
                42.97072281700008
              ],
              [
                4.640282790000072,
                42.97078678100007
              ],
              [
                4.640205208000054,
                42.970802570000046
              ],
              [
                4.640049894000072,
                42.97083374500005
              ],
              [
                4.639972162000049,
                42.97084913000003
              ],
              [
                4.639349796000033,
                42.970970574000035
              ],
              [
                4.639193895000062,
                42.971000127000025
              ],
              [
                4.638881538000021,
                42.97105760800008
              ],
              [
                4.638725082000065,
                42.97108553600003
              ],
              [
                4.638098273000026,
                42.97119396900007
              ],
              [
                4.63794129300004,
                42.97122026400007
              ],
              [
                4.637626841000042,
                42.97127121600005
              ],
              [
                4.63746936900003,
                42.97129587300003
              ],
              [
                4.636838622000027,
                42.97139120800006
              ],
              [
                4.63675964600003,
                42.97140293100006
              ],
              [
                4.636601582000026,
                42.97142596400005
              ],
              [
                4.636522495000065,
                42.97143727400004
              ],
              [
                4.636205938000046,
                42.971481690000076
              ],
              [
                4.636126612000055,
                42.97149260600003
              ],
              [
                4.635967856000036,
                42.971514023000054
              ],
              [
                4.63588816400005,
                42.971524559000045
              ],
              [
                4.635824544000059,
                42.971532661000026
              ],
              [
                4.635696715000051,
                42.97154866500006
              ],
              [
                4.635632770000029,
                42.97155653300007
              ],
              [
                4.635376347000033,
                42.97158753100007
              ],
              [
                4.635312210000052,
                42.97159514600003
              ],
              [
                4.635183878000021,
                42.97161010600007
              ],
              [
                4.635119682000038,
                42.97161745200003
              ],
              [
                4.634605410000063,
                42.97167518900005
              ],
              [
                4.634541093000053,
                42.97168227100008
              ],
              [
                4.634412404000045,
                42.971696165000026
              ],
              [
                4.634348032000048,
                42.971702977000064
              ],
              [
                4.634090445000027,
                42.971729682000046
              ],
              [
                4.634026021000068,
                42.97173622300005
              ],
              [
                4.633897124000043,
                42.97174903300004
              ],
              [
                4.633832650000045,
                42.971755303000066
              ],
              [
                4.633528290000072,
                42.97178424900005
              ],
              [
                4.633458189000066,
                42.97179075300005
              ],
              [
                4.633317933000058,
                42.97180344100008
              ],
              [
                4.63299562800006,
                42.971822933000055
              ],
              [
                4.632929718000071,
                42.97182907600006
              ],
              [
                4.632501655000056,
                42.97186849800005
              ],
              [
                4.632413256000063,
                42.97187568100003
              ],
              [
                4.632247741000072,
                42.97189914100005
              ],
              [
                4.632157992000032,
                42.97191158600003
              ],
              [
                4.63197836300003,
                42.97193594700008
              ],
              [
                4.631888218000029,
                42.971947896000074
              ],
              [
                4.631766540000058,
                42.97196315300005
              ],
              [
                4.631522439000037,
                42.971992759000045
              ],
              [
                4.631400279000047,
                42.97200707300004
              ],
              [
                4.630910730000039,
                42.97206243100004
              ],
              [
                4.630788232000043,
                42.97207578100006
              ],
              [
                4.630543046000071,
                42.972101499000075
              ],
              [
                4.630420358000038,
                42.972113867000076
              ],
              [
                4.629437907000067,
                42.972208898000076
              ],
              [
                4.629394853000065,
                42.97221258500008
              ],
              [
                4.629188140000053,
                42.97226598700007
              ],
              [
                4.629071406000037,
                42.97229562100006
              ],
              [
                4.628602639000064,
                42.97241252800006
              ],
              [
                4.628485223000041,
                42.97244128800003
              ],
              [
                4.628249972000049,
                42.97249786500004
              ],
              [
                4.628132136000033,
                42.97252568300007
              ],
              [
                4.62718710300004,
                42.97274461100005
              ],
              [
                4.62694997400007,
                42.97279746100003
              ],
              [
                4.626474202000054,
                42.972899350000034
              ],
              [
                4.626235558000076,
                42.97294838800008
              ],
              [
                4.625278408000042,
                42.973136821000026
              ],
              [
                4.625038363000044,
                42.97318202200006
              ],
              [
                4.624556985000027,
                42.97326856700005
              ],
              [
                4.624315653000053,
                42.97330991000007
              ],
              [
                4.623348210000074,
                42.973467490000075
              ],
              [
                4.623227032000045,
                42.97348671800006
              ],
              [
                4.622984397000039,
                42.97352420200008
              ],
              [
                4.622862940000061,
                42.973542458000054
              ],
              [
                4.622376612000039,
                42.973613526000065
              ],
              [
                4.622254760000033,
                42.97363082500004
              ],
              [
                4.622010805000059,
                42.973664443000075
              ],
              [
                4.621888440000021,
                42.97368079600005
              ],
              [
                4.621766758000035,
                42.973696053000026
              ],
              [
                4.621522650000031,
                42.97372565900008
              ],
              [
                4.621400487000074,
                42.97373997400007
              ],
              [
                4.620910924000043,
                42.973795331000076
              ],
              [
                4.620788423000022,
                42.97380868100004
              ],
              [
                4.620543230000067,
                42.973834399000054
              ],
              [
                4.620420538000076,
                42.973846767000055
              ],
              [
                4.619438059000061,
                42.973941798000055
              ],
              [
                4.618973965000066,
                42.97397957700008
              ],
              [
                4.618044052000073,
                42.97404109100006
              ],
              [
                4.617578233000074,
                42.97406482700006
              ],
              [
                4.615714664000052,
                42.97413153900004
              ],
              [
                4.615247847000035,
                42.97414118800003
              ],
              [
                4.61431406600002,
                42.97414638300006
              ],
              [
                4.613840856000024,
                42.97414177400003
              ],
              [
                4.613493962000064,
                42.97414777500006
              ],
              [
                4.613137960000074,
                42.97415010700007
              ],
              [
                4.61242607500003,
                42.97414657400003
              ],
              [
                4.612070170000038,
                42.97414071000003
              ],
              [
                4.611485627000036,
                42.974124344000074
              ],
              [
                4.611388848000047,
                42.97412133100005
              ],
              [
                4.611195330000044,
                42.97411469800005
              ],
              [
                4.61109859000004,
                42.97411107800008
              ],
              [
                4.610711735000052,
                42.97409538900007
              ],
              [
                4.610615040000027,
                42.974091163000026
              ],
              [
                4.610421704000032,
                42.974082106000026
              ],
              [
                4.610325062000072,
                42.97407727500007
              ],
              [
                4.609552307000058,
                42.974036211000055
              ],
              [
                4.609359210000036,
                42.97402473300008
              ],
              [
                4.608973310000067,
                42.97399935900006
              ],
              [
                4.608780508000052,
                42.973985463000076
              ],
              [
                4.608010112000045,
                42.973925061000045
              ],
              [
                4.60781766100007,
                42.97390875100007
              ],
              [
                4.607433166000021,
                42.973873723000054
              ],
              [
                4.607241122000062,
                42.97385500400003
              ],
              [
                4.606473983000058,
                42.97377533500003
              ],
              [
                4.606378197000026,
                42.97376508100007
              ],
              [
                4.606186748000027,
                42.97374397400006
              ],
              [
                4.60609108500006,
                42.97373312000008
              ],
              [
                4.60570870500004,
                42.97368851200008
              ],
              [
                4.605613302000052,
                42.97367707700005
              ],
              [
                4.605422634000035,
                42.97365361000004
              ],
              [
                4.60531871400002,
                42.97364045200004
              ],
              [
                4.605265882000026,
                42.97363354700008
              ],
              [
                4.605178662000071,
                42.973622043000034
              ],
              [
                4.605126384000073,
                42.97361508600005
              ],
              [
                4.604970152000021,
                42.97359411000008
              ],
              [
                4.60491810000002,
                42.97358706000006
              ],
              [
                4.604831372000035,
                42.973575211000025
              ],
              [
                4.604779350000058,
                42.97356804300006
              ],
              [
                4.604554506000056,
                42.973536798000055
              ],
              [
                4.60444153800006,
                42.973520661000066
              ],
              [
                4.604215831000033,
                42.97348754800004
              ],
              [
                4.604103092000059,
                42.973470571000064
              ],
              [
                4.603652639000074,
                42.97340099100006
              ],
              [
                4.603540140000064,
                42.97338317600003
              ],
              [
                4.603315395000038,
                42.973346710000044
              ],
              [
                4.603203148000034,
                42.97332805900004
              ],
              [
                4.602306456000065,
                42.97317554600005
              ],
              [
                4.602082764000045,
                42.97313574100008
              ],
              [
                4.60163652500006,
                42.97305280900008
              ],
              [
                4.601413979000029,
                42.97300968300004
              ],
              [
                4.600526448000039,
                42.97283060500007
              ],
              [
                4.600305139000056,
                42.972784174000026
              ],
              [
                4.599863847000051,
                42.97268802700006
              ],
              [
                4.599643866000065,
                42.97263831200007
              ],
              [
                4.59876695600002,
                42.97243296200003
              ],
              [
                4.598657616000025,
                42.97240690900003
              ],
              [
                4.598439301000042,
                42.972353991000034
              ],
              [
                4.598330326000053,
                42.97232712600004
              ],
              [
                4.597895202000075,
                42.97221805400005
              ],
              [
                4.597786850000034,
                42.972190444000034
              ],
              [
                4.597570534000056,
                42.97213442200007
              ],
              [
                4.597463061000042,
                42.97210614200003
              ],
              [
                4.597346003000041,
                42.97207431500004
              ],
              [
                4.597113353000054,
                42.97200999000006
              ],
              [
                4.596997268000052,
                42.97197735900005
              ],
              [
                4.596534921000057,
                42.971845263000034
              ],
              [
                4.596419573000048,
                42.97181177300007
              ],
              [
                4.596189383000024,
                42.97174387000007
              ],
              [
                4.596074540000075,
                42.97170945700003
              ],
              [
                4.595159120000062,
                42.97143085100004
              ],
              [
                4.594931247000034,
                42.97135934800008
              ],
              [
                4.594477681000058,
                42.97121270700006
              ],
              [
                4.594251988000053,
                42.971137569000064
              ],
              [
                4.593354006000027,
                42.97082989200004
              ],
              [
                4.593130601000041,
                42.97075115400003
              ],
              [
                4.592686186000037,
                42.970590118000075
              ],
              [
                4.592465175000029,
                42.970507819000034
              ],
              [
                4.591586343000074,
                42.97017165700004
              ],
              [
                4.591476938000028,
                42.97012925000007
              ],
              [
                4.591258764000031,
                42.97004356300005
              ],
              [
                4.591149995000023,
                42.97000028300005
              ],
              [
                4.590716243000031,
                42.96982543900003
              ],
              [
                4.590608458000077,
                42.96978142900008
              ],
              [
                4.590393544000051,
                42.96969255300007
              ],
              [
                4.590287080000053,
                42.96964796900005
              ],
              [
                4.590218838000055,
                42.969618798000056
              ],
              [
                4.590083955000068,
                42.96956067900004
              ],
              [
                4.590016649000063,
                42.969531449000044
              ],
              [
                4.589749304000065,
                42.96941442900004
              ],
              [
                4.589682603000028,
                42.96938500600004
              ],
              [
                4.589549477000048,
                42.96932582300008
              ],
              [
                4.589483052000048,
                42.96929606400005
              ],
              [
                4.588954139000066,
                42.96905727600006
              ],
              [
                4.58882245500007,
                42.968996909000055
              ],
              [
                4.588551929000062,
                42.968870940000045
              ],
              [
                4.58768511300002,
                42.96872717300005
              ],
              [
                4.587443799000027,
                42.96868582900004
              ],
              [
                4.586962457000027,
                42.96859928500004
              ],
              [
                4.586722429000076,
                42.96855408400006
              ],
              [
                4.585765350000031,
                42.96836565000007
              ],
              [
                4.585526724000033,
                42.96831661200008
              ],
              [
                4.585050987000045,
                42.968214723000074
              ],
              [
                4.584813876000055,
                42.96816187300004
              ],
              [
                4.58386891300006,
                42.96794294500006
              ],
              [
                4.583751086000063,
                42.967915127000026
              ],
              [
                4.583515852000062,
                42.967858550000074
              ],
              [
                4.583398445000057,
                42.96782979000005
              ],
              [
                4.582929713000055,
                42.96771288200006
              ],
              [
                4.582812988000057,
                42.96768324800007
              ],
              [
                4.582579983000073,
                42.96762305000004
              ],
              [
                4.582464196000046,
                42.96759261700004
              ],
              [
                4.582374875000028,
                42.96756842700006
              ],
              [
                4.582197495000059,
                42.967519767000056
              ],
              [
                4.582108944000026,
                42.96749516500006
              ],
              [
                4.581756294000058,
                42.96739595500003
              ],
              [
                4.581624137000063,
                42.967358079000064
              ],
              [
                4.581360477000032,
                42.96728111600004
              ],
              [
                4.581228972000076,
                42.96724202900003
              ],
              [
                4.580969289000052,
                42.96716345300007
              ],
              [
                4.580706098000064,
                42.96708570200008
              ],
              [
                4.58061292900004,
                42.96705782500004
              ],
              [
                4.580426939000063,
                42.967001468000035
              ],
              [
                4.580334113000049,
                42.96697298700008
              ],
              [
                4.579986797000061,
                42.966865092000035
              ],
              [
                4.579900336000037,
                42.966837922000025
              ],
              [
                4.579727725000055,
                42.96678305800003
              ],
              [
                4.57964157400005,
                42.96675536300006
              ],
              [
                4.579460033000032,
                42.96669634400007
              ],
              [
                4.579424940000024,
                42.96668488300003
              ],
              [
                4.579354807000072,
                42.96666187400007
              ],
              [
                4.579319766000026,
                42.966650326000035
              ],
              [
                4.579114224000023,
                42.96658227800003
              ],
              [
                4.578935241000067,
                42.96652164600005
              ],
              [
                4.578769295000029,
                42.966464141000074
              ],
              [
                4.578730367000048,
                42.96645086800004
              ],
              [
                4.578716888000031,
                42.96650075300005
              ],
              [
                4.578692189000037,
                42.96658963100003
              ],
              [
                4.57864147500004,
                42.96676718400005
              ],
              [
                4.578615461000027,
                42.96685585900008
              ],
              [
                4.578401511000038,
                42.96756636500004
              ],
              [
                4.578345370000022,
                42.96774360500007
              ],
              [
                4.578227837000043,
                42.96809714300008
              ],
              [
                4.578166444000033,
                42.968273441000065
              ],
              [
                4.577910485000075,
                42.96897641500004
              ],
              [
                4.577843868000059,
                42.96915168800007
              ],
              [
                4.577705441000035,
                42.96950112400003
              ],
              [
                4.577633632000072,
                42.96967528700003
              ],
              [
                4.577336149000075,
                42.970369392000066
              ],
              [
                4.577298195000026,
                42.97045628300003
              ],
              [
                4.577220995000062,
                42.97062975600005
              ],
              [
                4.577181749000033,
                42.970716337000056
              ],
              [
                4.577022199000055,
                42.971062001000064
              ],
              [
                4.576981426000032,
                42.97114876100005
              ],
              [
                4.576898582000069,
                42.971321947000035
              ],
              [
                4.576856018000058,
                42.971409368000025
              ],
              [
                4.576825720000045,
                42.97146979300004
              ],
              [
                4.576763481000057,
                42.97159245600005
              ],
              [
                4.57673203500002,
                42.97165369800007
              ],
              [
                4.576603916000067,
                42.97190027000005
              ],
              [
                4.576571553000065,
                42.971961822000026
              ],
              [
                4.576506165000069,
                42.97208473500007
              ],
              [
                4.576473140000076,
                42.97214609700006
              ],
              [
                4.57620526900007,
                42.972638105000044
              ],
              [
                4.576136953000059,
                42.97276074700005
              ],
              [
                4.576056466000068,
                42.97290202500005
              ],
              [
                4.575973813000076,
                42.97305392900006
              ],
              [
                4.575929082000073,
                42.97313490400006
              ],
              [
                4.575565637000068,
                42.97378306300004
              ],
              [
                4.575519614000029,
                42.97386393000005
              ],
              [
                4.57542641200007,
                42.974025304000065
              ],
              [
                4.575379233000035,
                42.97410581100007
              ],
              [
                4.575188229000048,
                42.97442708600005
              ],
              [
                4.575139901000057,
                42.974507224000035
              ],
              [
                4.575042099000029,
                42.974667124000064
              ],
              [
                4.574992626000039,
                42.97474688500006
              ],
              [
                4.574835897000071,
                42.97499608700008
              ],
              [
                4.574815171000068,
                42.97502885400007
              ],
              [
                4.574773526000058,
                42.975094323000064
              ],
              [
                4.57475260700005,
                42.97512702500006
              ],
              [
                4.574668546000055,
                42.97525769600003
              ],
              [
                4.574647434000042,
                42.975290330000064
              ],
              [
                4.574605018000057,
                42.97535553200004
              ],
              [
                4.574583713000038,
                42.97538809900004
              ],
              [
                4.574532714000043,
                42.97546562900004
              ],
              [
                4.574449737000066,
                42.975651500000026
              ],
              [
                4.574421159000053,
                42.975714664000066
              ],
              [
                4.574363316000074,
                42.975840823000055
              ],
              [
                4.57433405200004,
                42.97590381800006
              ],
              [
                4.574215632000062,
                42.97615544100006
              ],
              [
                4.574185442000044,
                42.97621876200003
              ],
              [
                4.574124371000039,
                42.97634522200008
              ],
              [
                4.574092996000047,
                42.97640935700008
              ],
              [
                4.574072570000055,
                42.97645024900004
              ],
              [
                4.574030426000036,
                42.97653394100007
              ],
              [
                4.57400920200007,
                42.97657574500005
              ],
              [
                4.573922682000045,
                42.97674477500004
              ],
              [
                4.573900896000055,
                42.97678699000005
              ],
              [
                4.573857013000065,
                42.976871333000076
              ],
              [
                4.573834916000067,
                42.97691346100004
              ],
              [
                4.57365586700007,
                42.97725208000003
              ],
              [
                4.573633327000039,
                42.977294365000034
              ],
              [
                4.573587934000045,
                42.97737884600008
              ],
              [
                4.573565081000027,
                42.97742104100007
              ],
              [
                4.573473045000071,
                42.977589634000026
              ],
              [
                4.573449879000066,
                42.97763173700008
              ],
              [
                4.573403236000047,
                42.97771585000004
              ],
              [
                4.573379758000044,
                42.977757860000054
              ],
              [
                4.573236591000068,
                42.97801206200006
              ],
              [
                4.573200701000076,
                42.978075054000044
              ],
              [
                4.573128221000047,
                42.97820082000004
              ],
              [
                4.573091631000068,
                42.978263594000055
              ],
              [
                4.572943875000021,
                42.97851423800006
              ],
              [
                4.572906585000055,
                42.97857679100008
              ],
              [
                4.572831310000026,
                42.97870166800004
              ],
              [
                4.572793324000031,
                42.978763994000076
              ],
              [
                4.572486710000021,
                42.979261595000025
              ],
              [
                4.572408491000033,
                42.97938581100004
              ],
              [
                4.572249287000034,
                42.979633283000055
              ],
              [
                4.572168302000023,
                42.97975654000004
              ],
              [
                4.571838917000036,
                42.98024751600008
              ],
              [
                4.571755188000054,
                42.980369780000046
              ],
              [
                4.571585007000067,
                42.980613283000025
              ],
              [
                4.571498555000062,
                42.980734522000034
              ],
              [
                4.57114666700005,
                42.98121830200006
              ],
              [
                4.571102547000066,
                42.981278366000026
              ],
              [
                4.571023970000056,
                42.98138429800008
              ],
              [
                4.570862332000047,
                42.981611075000046
              ],
              [
                4.570807663000039,
                42.981686823000075
              ],
              [
                4.570697275000043,
                42.98183789400008
              ],
              [
                4.570641552000041,
                42.98191322100007
              ],
              [
                4.57041657700006,
                42.98221365300003
              ],
              [
                4.570359478000057,
                42.98228897800004
              ],
              [
                4.570244223000032,
                42.982439191000026
              ],
              [
                4.57018540100006,
                42.98251492400004
              ],
              [
                4.57013299700003,
                42.98258088500006
              ],
              [
                4.570026016000043,
                42.98271413200007
              ],
              [
                4.569972105000033,
                42.98278057400006
              ],
              [
                4.569753423000066,
                42.98304726300006
              ],
              [
                4.569698326000037,
                42.983113751000076
              ],
              [
                4.569587290000072,
                42.983246346000044
              ],
              [
                4.569531350000034,
                42.98331245300005
              ],
              [
                4.569079163000026,
                42.98384130300008
              ],
              [
                4.569022205000067,
                42.98390723000006
              ],
              [
                4.568907452000076,
                42.984038688000055
              ],
              [
                4.568849656000054,
                42.98410422000006
              ],
              [
                4.568616814000052,
                42.98436553700003
              ],
              [
                4.568558185000029,
                42.98443066900006
              ],
              [
                4.568440097000064,
                42.98456052600005
              ],
              [
                4.568380640000044,
                42.98462525200006
              ],
              [
                4.568221397000059,
                42.98479685600006
              ],
              [
                4.568188424000027,
                42.98483225900003
              ],
              [
                4.568133332000059,
                42.984891195000046
              ],
              [
                4.568100195000056,
                42.98492651500004
              ],
              [
                4.568000535000067,
                42.98503234900005
              ],
              [
                4.567967232000058,
                42.98506758600007
              ],
              [
                4.567911591000041,
                42.985126243000025
              ],
              [
                4.56787812400006,
                42.98516139600008
              ],
              [
                4.567540004000023,
                42.98551525800008
              ],
              [
                4.567469377000066,
                42.98558833200008
              ],
              [
                4.567327058000046,
                42.98573392000003
              ],
              [
                4.567255365000051,
                42.98580643300005
              ],
              [
                4.566966497000067,
                42.98609532900008
              ],
              [
                4.566893747000051,
                42.986167272000046
              ],
              [
                4.566747197000041,
                42.986310580000065
              ],
              [
                4.566673398000034,
                42.98638194500006
              ],
              [
                4.566079010000067,
                42.98695035600008
              ],
              [
                4.566003988000034,
                42.98702130500004
              ],
              [
                4.565852907000021,
                42.98716260400005
              ],
              [
                4.565776848000041,
                42.987232955000025
              ],
              [
                4.565470573000027,
                42.98751313200006
              ],
              [
                4.565393113000027,
                42.98758321100007
              ],
              [
                4.565237163000063,
                42.987722751000035
              ],
              [
                4.565157918000068,
                42.98779287200006
              ],
              [
                4.565088475000039,
                42.98785306100007
              ],
              [
                4.564947287000052,
                42.98797426600004
              ],
              [
                4.564876299000048,
                42.988034621000054
              ],
              [
                4.564589245000036,
                42.98827632800004
              ],
              [
                4.564517082000066,
                42.98833650500006
              ],
              [
                4.56437197200006,
                42.98845634500003
              ],
              [
                4.564299024000036,
                42.98851601000007
              ],
              [
                4.563710883000056,
                42.988992421000034
              ],
              [
                4.563636957000028,
                42.98905172600007
              ],
              [
                4.563488329000052,
                42.98916980900003
              ],
              [
                4.563413627000045,
                42.98922858800006
              ],
              [
                4.56311329600004,
                42.98946263000005
              ],
              [
                4.563037825000038,
                42.989520878000064
              ],
              [
                4.562886122000066,
                42.989636836000045
              ],
              [
                4.56280989000004,
                42.98969454600007
              ],
              [
                4.562461995000035,
                42.98995538600008
              ],
              [
                4.562420219000046,
                42.98998654400003
              ],
              [
                4.562336445000028,
                42.990048699000056
              ],
              [
                4.562294447000056,
                42.990079696000066
              ],
              [
                4.562126015000047,
                42.99020335900008
              ],
              [
                4.562083796000024,
                42.99023419300005
              ],
              [
                4.561999139000022,
                42.99029570000005
              ],
              [
                4.561956700000053,
                42.99032637200003
              ],
              [
                4.561698496000076,
                42.99051200900004
              ],
              [
                4.561602238000035,
                42.990586542000074
              ],
              [
                4.56105345900005,
                42.991004229000055
              ],
              [
                4.560915005000027,
                42.99110779000006
              ],
              [
                4.560635662000038,
                42.99131312800006
              ],
              [
                4.560494774000063,
                42.991414905000056
              ],
              [
                4.559926520000033,
                42.99181832000005
              ],
              [
                4.559852755000065,
                42.99187021700004
              ],
              [
                4.559704593000049,
                42.99197352200008
              ],
              [
                4.559630196000057,
                42.99202493000007
              ],
              [
                4.559331364000059,
                42.99222956700004
              ],
              [
                4.559256338000068,
                42.99228048200007
              ],
              [
                4.55910566600005,
                42.992381814000055
              ],
              [
                4.559030018000044,
                42.992432233000045
              ],
              [
                4.558548321000046,
                42.99275038700006
              ],
              [
                4.558258626000054,
                42.99294369000006
              ],
              [
                4.558175539000047,
                42.992998586000056
              ],
              [
                4.558008634000032,
                42.99310777200003
              ],
              [
                4.557924815000035,
                42.993162064000046
              ],
              [
                4.557588113000065,
                42.99337800300003
              ],
              [
                4.557503196000027,
                42.99343192200007
              ],
              [
                4.557332640000027,
                42.99353914000005
              ],
              [
                4.557246245000044,
                42.99359290700005
              ],
              [
                4.557196347000058,
                42.993623469000056
              ],
              [
                4.557094793000033,
                42.99368530900006
              ],
              [
                4.55704389400006,
                42.993716121000034
              ],
              [
                4.556838288000051,
                42.99383985000003
              ],
              [
                4.556786763000048,
                42.99387067200007
              ],
              [
                4.556683466000038,
                42.99393209500005
              ],
              [
                4.556631696000068,
                42.99396269500005
              ],
              [
                4.556215051000038,
                42.994207491000054
              ],
              [
                4.55611039300004,
                42.99426824500006
              ],
              [
                4.555900111000028,
                42.99438884700004
              ],
              [
                4.55579448800006,
                42.99444869400003
              ],
              [
                4.555370121000067,
                42.99468623700005
              ],
              [
                4.555263546000049,
                42.994745170000044
              ],
              [
                4.555049461000067,
                42.99486211200008
              ],
              [
                4.554941951000046,
                42.994920121000064
              ],
              [
                4.554510095000069,
                42.995150281000065
              ],
              [
                4.554455988000029,
                42.99517893900003
              ],
              [
                4.554411351000056,
                42.995202436000056
              ],
              [
                4.554336854000042,
                42.995242587000064
              ],
              [
                4.554269858000055,
                42.995278419000044
              ],
              [
                4.554001196000058,
                42.995421012000065
              ],
              [
                4.553933852000057,
                42.995456482000066
              ],
              [
                4.553798812000025,
                42.99552705900004
              ],
              [
                4.553731117000041,
                42.99556216600007
              ],
              [
                4.553188276000071,
                42.99584151500005
              ],
              [
                4.553051856000025,
                42.99591063200006
              ],
              [
                4.552777657000036,
                42.99604739800003
              ],
              [
                4.552639878000036,
                42.996115047000046
              ],
              [
                4.552086157000076,
                42.996382648000065
              ],
              [
                4.551947046000066,
                42.99644881300003
              ],
              [
                4.551667524000038,
                42.99657964700003
              ],
              [
                4.551527112000031,
                42.99664431600007
              ],
              [
                4.550962983000034,
                42.99689994000005
              ],
              [
                4.550892134000037,
                42.99693178200005
              ],
              [
                4.550750121000021,
                42.99699508300006
              ],
              [
                4.550678957000059,
                42.99702654400005
              ],
              [
                4.550393684000028,
                42.99715161600005
              ],
              [
                4.550321877000044,
                42.997182836000036
              ],
              [
                4.55017795200007,
                42.99724488800007
              ],
              [
                4.550105169000062,
                42.997276002000035
              ],
              [
                4.550038802000074,
                42.99730391400004
              ],
              [
                4.549904477000041,
                42.99735996600003
              ],
              [
                4.549837184000069,
                42.99738782500003
              ],
              [
                4.549566167000023,
                42.997499134000066
              ],
              [
                4.549498282000059,
                42.99752679200003
              ],
              [
                4.549362255000062,
                42.99758176600005
              ],
              [
                4.54929411300003,
                42.99760908300004
              ],
              [
                4.548746681000068,
                42.99782675600005
              ],
              [
                4.548609300000066,
                42.997880492000036
              ],
              [
                4.548333548000073,
                42.99798657600007
              ],
              [
                4.548195177000025,
                42.99803892500006
              ],
              [
                4.547639814000036,
                42.99824550500006
              ],
              [
                4.547500471000035,
                42.99829645900007
              ],
              [
                4.547220847000062,
                42.998396961000026
              ],
              [
                4.547147309000025,
                42.998422934000075
              ],
              [
                4.547100719000071,
                42.998440584000036
              ],
              [
                4.547007306000069,
                42.998475572000075
              ],
              [
                4.546820069000034,
                42.998544905000074
              ],
              [
                4.546726232000026,
                42.99857925400005
              ],
              [
                4.546350072000052,
                42.99871536100005
              ],
              [
                4.54625006200007,
                42.998751103000075
              ],
              [
                4.545795974000043,
                42.99895390000006
              ],
              [
                4.545737707000058,
                42.99897981600003
              ],
              [
                4.545620963000033,
                42.99903139000003
              ],
              [
                4.545562485000062,
                42.999057049000044
              ],
              [
                4.545328162000033,
                42.99915916700007
              ],
              [
                4.545269144000031,
                42.999184711000055
              ],
              [
                4.545150900000067,
                42.99923553600007
              ],
              [
                4.545091008000043,
                42.99926109900008
              ],
              [
                4.545011248000037,
                42.999294590000034
              ],
              [
                4.544850025000073,
                42.99936165200006
              ],
              [
                4.544769227000074,
                42.99939494200004
              ],
              [
                4.544443969000042,
                42.99952767600007
              ],
              [
                4.544362466000052,
                42.999560615000064
              ],
              [
                4.544199096000057,
                42.99962600400005
              ],
              [
                4.544117228000061,
                42.99965845300005
              ],
              [
                4.543753885000058,
                42.99980613500003
              ],
              [
                4.543747650000057,
                42.99999184700005
              ],
              [
                4.543742998000027,
                43.00008248700004
              ],
              [
                4.543700289000071,
                43.000809478000065
              ],
              [
                4.543686907000051,
                43.00099118400004
              ],
              [
                4.543654746000072,
                43.001354337000066
              ],
              [
                4.543635967000057,
                43.001535785000044
              ],
              [
                4.543550091000043,
                43.00226071700007
              ],
              [
                4.543525923000061,
                43.00244182100005
              ],
              [
                4.543472208000026,
                43.00280359900006
              ],
              [
                4.543442662000075,
                43.00298427300004
              ],
              [
                4.543313781000052,
                43.00370576500006
              ],
              [
                4.54329694200004,
                43.00379618900007
              ],
              [
                4.543261917000052,
                43.00397689600004
              ],
              [
                4.543243731000075,
                43.00406717900006
              ],
              [
                4.543168301000037,
                43.00442798700004
              ],
              [
                4.543148647000066,
                43.00451866700007
              ],
              [
                4.543107979000069,
                43.00469986300004
              ],
              [
                4.543084746000034,
                43.00479958200003
              ],
              [
                4.54307226700007,
                43.004850961000045
              ],
              [
                4.543050397000059,
                43.00493993200007
              ],
              [
                4.543037077000065,
                43.00499345700007
              ],
              [
                4.542996054000071,
                43.00515629000006
              ],
              [
                4.542982205000044,
                43.005210592000026
              ],
              [
                4.542958851000037,
                43.005301056000064
              ],
              [
                4.542944675000058,
                43.00535531200006
              ],
              [
                4.542875580000043,
                43.00561669800004
              ],
              [
                4.542853818000026,
                43.00569690200007
              ],
              [
                4.542809224000052,
                43.005857150000054
              ],
              [
                4.54278639100005,
                43.00593719400007
              ],
              [
                4.542692928000065,
                43.00625701700005
              ],
              [
                4.542669027000045,
                43.006336892000036
              ],
              [
                4.542620158000034,
                43.00649646800008
              ],
              [
                4.542595191000032,
                43.00657616700005
              ],
              [
                4.542391246000022,
                43.00721287700003
              ],
              [
                4.542338122000046,
                43.00737171800006
              ],
              [
                4.542227640000021,
                43.007688605000055
              ],
              [
                4.542170282000029,
                43.00784665100008
              ],
              [
                4.541932469000074,
                43.00847700200006
              ],
              [
                4.54187089800007,
                43.008634192000045
              ],
              [
                4.541743566000036,
                43.00894765600003
              ],
              [
                4.541677806000052,
                43.00910393000004
              ],
              [
                4.541406490000043,
                43.00972695200005
              ],
              [
                4.54137193300005,
                43.009804978000034
              ],
              [
                4.541301775000022,
                43.00996077700006
              ],
              [
                4.541266174000043,
                43.01003855000005
              ],
              [
                4.541121694000026,
                43.010349104000056
              ],
              [
                4.541084811000076,
                43.01042711700006
              ],
              [
                4.541009996000071,
                43.010582869000075
              ],
              [
                4.540971568000032,
                43.01066160600004
              ],
              [
                4.540941462000035,
                43.01072161500008
              ],
              [
                4.540879615000051,
                43.01084345000004
              ],
              [
                4.540848367000024,
                43.010904278000055
              ],
              [
                4.540721062000046,
                43.011149207000074
              ],
              [
                4.540688906000071,
                43.011210349000066
              ],
              [
                4.540623941000035,
                43.01133244600004
              ],
              [
                4.540591132000031,
                43.01139340100008
              ],
              [
                4.540325018000033,
                43.01188216800006
              ],
              [
                4.540291420000074,
                43.011943177000035
              ],
              [
                4.540223569000034,
                43.01206499800003
              ],
              [
                4.540189316000067,
                43.01212581100003
              ],
              [
                4.540051001000052,
                43.01236865300007
              ],
              [
                4.540016095000055,
                43.01242926600003
              ],
              [
                4.53994563200007,
                43.01255028700007
              ],
              [
                4.539910075000023,
                43.012610695000035
              ],
              [
                4.539657988000044,
                43.01303437000007
              ],
              [
                4.539626062000025,
                43.01308751900007
              ],
              [
                4.539561709000054,
                43.01319365400008
              ],
              [
                4.539529280000068,
                43.013246639000045
              ],
              [
                4.53939856300002,
                43.013458240000034
              ],
              [
                4.539365632000056,
                43.01351105800006
              ],
              [
                4.539299269000026,
                43.01361652400004
              ],
              [
                4.539265837000073,
                43.01366917300004
              ],
              [
                4.538996419000057,
                43.01408962100004
              ],
              [
                4.538928060000046,
                43.01419439800003
              ],
              [
                4.538789358000031,
                43.01440324500004
              ],
              [
                4.538719017000062,
                43.01450731400007
              ],
              [
                4.538433738000037,
                43.014922091000074
              ],
              [
                4.538361427000041,
                43.015025431000026
              ],
              [
                4.538214849000042,
                43.015231361000076
              ],
              [
                4.538140583000029,
                43.01533395100006
              ],
              [
                4.537839664000046,
                43.01574273500006
              ],
              [
                4.537801642000034,
                43.015793958000074
              ],
              [
                4.537725110000054,
                43.01589620500005
              ],
              [
                4.537686600000029,
                43.01594723100004
              ],
              [
                4.537531594000029,
                43.01615093100003
              ],
              [
                4.53749226900004,
                43.016202183000075
              ],
              [
                4.537413129000072,
                43.016304482000066
              ],
              [
                4.537367047000032,
                43.01636348000005
              ],
              [
                4.537331712000025,
                43.01640819600004
              ],
              [
                4.537270543000034,
                43.01648523600005
              ],
              [
                4.537233606000029,
                43.016531530000066
              ],
              [
                4.537120955000034,
                43.01667202200008
              ],
              [
                4.537083238000037,
                43.01671882900007
              ],
              [
                4.537020144000053,
                43.01679673900003
              ],
              [
                4.536982150000028,
                43.01684342500005
              ],
              [
                4.536830004000024,
                43.017029473000036
              ],
              [
                4.536772084000063,
                43.01709950900005
              ],
              [
                4.536655310000071,
                43.01723916000003
              ],
              [
                4.536596455000051,
                43.01730877500006
              ],
              [
                4.536359188000063,
                43.017586368000025
              ],
              [
                4.536299404000033,
                43.01765555500003
              ],
              [
                4.536178912000025,
                43.01779349600008
              ],
              [
                4.536118204000047,
                43.017862249000075
              ],
              [
                4.535628985000073,
                43.018410379000045
              ],
              [
                4.535504820000028,
                43.01854655600005
              ],
              [
                4.535252868000043,
                43.01881709300005
              ],
              [
                4.535125081000047,
                43.018951454000046
              ],
              [
                4.534606882000048,
                43.019485056000065
              ],
              [
                4.534475519000068,
                43.01961754800004
              ],
              [
                4.534209272000055,
                43.019880613000055
              ],
              [
                4.534091395000075,
                43.019994722000035
              ],
              [
                4.534044036000068,
                43.020084197000074
              ],
              [
                4.533998648000022,
                43.02016858400003
              ],
              [
                4.533906625000043,
                43.02033699200007
              ],
              [
                4.533859989000064,
                43.02042101200004
              ],
              [
                4.533480933000021,
                43.02109342600005
              ],
              [
                4.533383645000072,
                43.02126081000006
              ],
              [
                4.533184114000051,
                43.02159398200007
              ],
              [
                4.533081872000025,
                43.02175976900003
              ],
              [
                4.532663185000047,
                43.02241940700003
              ],
              [
                4.532556035000027,
                43.02258351800003
              ],
              [
                4.532336878000024,
                43.02290998400008
              ],
              [
                4.532224872000029,
                43.023072340000056
              ],
              [
                4.531767350000052,
                43.02371794700008
              ],
              [
                4.531709385000056,
                43.02379865900008
              ],
              [
                4.531592255000021,
                43.023959611000066
              ],
              [
                4.531533090000039,
                43.02403985300003
              ],
              [
                4.531294057000025,
                43.024359839000056
              ],
              [
                4.531233372000031,
                43.024440027000026
              ],
              [
                4.531110804000036,
                43.02459990800003
              ],
              [
                4.531048254000041,
                43.024680448000026
              ],
              [
                4.530990083000063,
                43.024753532000034
              ],
              [
                4.53087137700004,
                43.02490094800004
              ],
              [
                4.530811508000056,
                43.02497443200008
              ],
              [
                4.53056861500005,
                43.02526911700005
              ],
              [
                4.530507370000066,
                43.02534256200005
              ],
              [
                4.530383849000032,
                43.02548898500004
              ],
              [
                4.530321574000027,
                43.02556196200004
              ],
              [
                4.529817980000075,
                43.02614537200003
              ],
              [
                4.529754499000035,
                43.026218078000056
              ],
              [
                4.529626513000039,
                43.026363005000064
              ],
              [
                4.529562009000074,
                43.026435226000046
              ],
              [
                4.529301973000031,
                43.02672310400004
              ],
              [
                4.529236452000021,
                43.02679483000003
              ],
              [
                4.52910440200003,
                43.02693778200006
              ],
              [
                4.52903787300005,
                43.02700900600007
              ],
              [
                4.528712298000073,
                43.02735371600005
              ],
              [
                4.52863744900003,
                43.027432
              ],
              [
                4.528486534000024,
                43.02758793400005
              ],
              [
                4.528410466000025,
                43.02766558400003
              ],
              [
                4.528103799000064,
                43.027974871000026
              ],
              [
                4.528026522000062,
                43.028051875000074
              ],
              [
                4.52787077000005,
                43.02820522900004
              ],
              [
                4.52779229500004,
                43.028281578000076
              ],
              [
                4.527159941000036,
                43.02888950900007
              ],
              [
                4.527080095000031,
                43.028965363000054
              ],
              [
                4.526919219000035,
                43.02911639300004
              ],
              [
                4.526838189000046,
                43.029191568000044
              ],
              [
                4.52651174600004,
                43.02949087500008
              ],
              [
                4.526429169000039,
                43.029565697000066
              ],
              [
                4.526262845000076,
                43.02971463600005
              ],
              [
                4.526178338000022,
                43.02978941600003
              ],
              [
                4.526099454000075,
                43.02985765300008
              ],
              [
                4.525939158000028,
                43.029994815000066
              ],
              [
                4.525858503000052,
                43.03006307700008
              ],
              [
                4.525532343000066,
                43.03033612000007
              ],
              [
                4.525450291000027,
                43.03040406000008
              ],
              [
                4.52528518400004,
                43.03053927900004
              ],
              [
                4.525202128000046,
                43.030606559000034
              ],
              [
                4.524532315000044,
                43.03114324500007
              ],
              [
                4.524362819000032,
                43.03127611100007
              ],
              [
                4.524019914000064,
                43.03153909800005
              ],
              [
                4.523846506000041,
                43.03166921900004
              ],
              [
                4.523646474000032,
                43.03181607600004
              ],
              [
                4.523606200000074,
                43.032066978000046
              ],
              [
                4.523579013000074,
                43.03222358100004
              ],
              [
                4.523462211000037,
                43.032849069000065
              ],
              [
                4.523447048000037,
                43.03292749700006
              ],
              [
                4.523415707000026,
                43.033084244000065
              ],
              [
                4.523399529000073,
                43.033162563000076
              ],
              [
                4.523332794000055,
                43.03347559100007
              ],
              [
                4.523315479000075,
                43.03355434200006
              ],
              [
                4.523279822000063,
                43.03371172000004
              ],
              [
                4.523261217000027,
                43.03379144100006
              ],
              [
                4.523247059000028,
                43.033849201000066
              ],
              [
                4.523217641000031,
                43.03396683500006
              ],
              [
                4.523202645000026,
                43.03402561300004
              ],
              [
                4.523140945000023,
                43.034262744000046
              ],
              [
                4.523125227000037,
                43.034321987000055
              ],
              [
                4.523093207000045,
                43.034440388000064
              ],
              [
                4.523076905000039,
                43.03449954700005
              ],
              [
                4.522943561000034,
                43.034974576000025
              ],
              [
                4.522909044000073,
                43.03509316900005
              ],
              [
                4.522837664000065,
                43.035329972000056
              ],
              [
                4.522800800000027,
                43.035448184000074
              ],
              [
                4.522648682000067,
                43.035920169000065
              ],
              [
                4.522609478000049,
                43.03603797400007
              ],
              [
                4.522528740000041,
                43.03627315500006
              ],
              [
                4.522487206000051,
                43.03639053100005
              ],
              [
                4.522316441000044,
                43.03685907100004
              ],
              [
                4.522294802000033,
                43.03691758900004
              ],
              [
                4.522250945000053,
                43.03703450900008
              ],
              [
                4.522228727000027,
                43.03709291100006
              ],
              [
                4.522138699000038,
                43.03732627000005
              ],
              [
                4.522115903000042,
                43.03738455100006
              ],
              [
                4.522069732000034,
                43.03750099100006
              ],
              [
                4.522046358000068,
                43.03755914900006
              ],
              [
                4.521909612000059,
                43.03789489400003
              ],
              [
                4.521897699000021,
                43.03792395000005
              ],
              [
                4.521873729000049,
                43.03798203000008
              ],
              [
                4.521861672000057,
                43.03801105400004
              ],
              [
                4.521813157000054,
                43.03812708500004
              ],
              [
                4.52180095600005,
                43.03815607700005
              ],
              [
                4.52177641000003,
                43.03821402700004
              ],
              [
                4.52176406600006,
                43.03824298600006
              ],
              [
                4.521664738000027,
                43.038474517000054
              ],
              [
                4.521652407000033,
                43.038503080000055
              ],
              [
                4.521627606000038,
                43.038560174000054
              ],
              [
                4.521615136000037,
                43.03858870400006
              ],
              [
                4.521564975000047,
                43.038702758000056
              ],
              [
                4.521552365000048,
                43.03873125500007
              ],
              [
                4.521527005000053,
                43.03878821600006
              ],
              [
                4.521514255000056,
                43.038816680000025
              ],
              [
                4.521258272000068,
                43.039384693000045
              ],
              [
                4.521236263000048,
                43.03943319900003
              ],
              [
                4.521199356000068,
                43.03951398800007
              ],
              [
                4.521177076000072,
                43.03956242800007
              ],
              [
                4.521018721000075,
                43.03990444100003
              ],
              [
                4.520999135000068,
                43.03994637400007
              ],
              [
                4.520959659000027,
                43.04003016200005
              ],
              [
                4.520939769000051,
                43.04007201700006
              ],
              [
                4.520859604000066,
                43.04023928100003
              ],
              [
                4.520839167000076,
                43.04028155800006
              ],
              [
                4.520797984000069,
                43.040366031000076
              ],
              [
                4.520776743000056,
                43.040409225000076
              ],
              [
                4.520734589000028,
                43.040492818000075
              ],
              [
                4.520648047000066,
                43.040661656000054
              ],
              [
                4.520604153000022,
                43.04074590400006
              ],
              [
                4.520425061000026,
                43.04108414700005
              ],
              [
                4.520379659000071,
                43.041168534000064
              ],
              [
                4.520287604000032,
                43.041336941000054
              ],
              [
                4.520240952000051,
                43.04142096100003
              ],
              [
                4.519861767000066,
                43.04209337200007
              ],
              [
                4.519764446000067,
                43.042260756000076
              ],
              [
                4.519564848000073,
                43.04259392600005
              ],
              [
                4.51946257000003,
                43.04275971200008
              ],
              [
                4.519043741000075,
                43.04341934800004
              ],
              [
                4.518936554000049,
                43.04358345800006
              ],
              [
                4.518717323000033,
                43.04390992400005
              ],
              [
                4.518605279000042,
                43.04407228000008
              ],
              [
                4.518147601000067,
                43.04471788400008
              ],
              [
                4.518089617000044,
                43.04479859600008
              ],
              [
                4.517972447000034,
                43.044959548000065
              ],
              [
                4.517913261000047,
                43.04503978900004
              ],
              [
                4.517674147000037,
                43.045359775000065
              ],
              [
                4.517613441000037,
                43.045439963000035
              ],
              [
                4.517490829000053,
                43.04559984400004
              ],
              [
                4.517428257000063,
                43.045680385000026
              ],
              [
                4.517366847000062,
                43.045757464000076
              ],
              [
                4.517241545000047,
                43.04591281900008
              ],
              [
                4.517178321000074,
                43.04599024800007
              ],
              [
                4.516921779000029,
                43.046300605000056
              ],
              [
                4.516857064000021,
                43.04637794300004
              ],
              [
                4.516726489000064,
                43.04653209800006
              ],
              [
                4.516660630000047,
                43.046608915000036
              ],
              [
                4.516127936000032,
                43.04722279600003
              ],
              [
                4.515992446000041,
                43.04737523700004
              ],
              [
                4.515716962000056,
                43.047677914000076
              ],
              [
                4.515576967000072,
                43.04782815000004
              ],
              [
                4.515008249000061,
                43.048424400000044
              ],
              [
                4.514863816000059,
                43.04857236000004
              ],
              [
                4.514570581000044,
                43.04886593200007
              ],
              [
                4.514421780000021,
                43.04901154600003
              ],
              [
                4.513818118000074,
                43.04958902800007
              ],
              [
                4.513741918000051,
                43.04966110300006
              ],
              [
                4.513588447000075,
                43.04980463700008
              ],
              [
                4.513511177000055,
                43.04987609600005
              ],
              [
                4.513199990000032,
                43.050160668000046
              ],
              [
                4.513121284000022,
                43.05023183800006
              ],
              [
                4.512962809000044,
                43.05037353900008
              ],
              [
                4.512882282000021,
                43.05044473300006
              ],
              [
                4.512828359000025,
                43.05049152300006
              ],
              [
                4.512718514000028,
                43.05058612800008
              ],
              [
                4.512663351000072,
                43.050633281000046
              ],
              [
                4.512440207000054,
                43.05082259100004
              ],
              [
                4.512384177000058,
                43.05086976600006
              ],
              [
                4.512271636000037,
                43.05096380700007
              ],
              [
                4.512215125000068,
                43.051010673000064
              ],
              [
                4.511759396000059,
                43.051385769000035
              ],
              [
                4.511609793000048,
                43.05150650400003
              ],
              [
                4.511307394000028,
                43.05174580200003
              ],
              [
                4.511154599000065,
                43.051864367000064
              ],
              [
                4.510537262000071,
                43.05233410500006
              ],
              [
                4.510381331000076,
                43.05245045400005
              ],
              [
                4.510066393000045,
                43.05268089400005
              ],
              [
                4.509907387000055,
                43.05279498400006
              ],
              [
                4.50907464900007,
                43.053380900000036
              ],
              [
                4.508955739000044,
                43.05346336700006
              ],
              [
                4.508716313000036,
                43.05362703800006
              ],
              [
                4.508595796000066,
                43.05370824100004
              ],
              [
                4.508110614000032,
                43.054030461000025
              ],
              [
                4.507988515000022,
                43.05411038400007
              ],
              [
                4.507742760000042,
                43.05426893200007
              ],
              [
                4.50761910500006,
                43.054347558000075
              ],
              [
                4.507459919000041,
                43.05444729900006
              ],
              [
                4.507403257000021,
                43.05448265000007
              ],
              [
                4.507308456000032,
                43.054541535000055
              ],
              [
                4.50725006700003,
                43.05457763800007
              ],
              [
                4.507172210000022,
                43.05462524200004
              ],
              [
                4.507034647000069,
                43.05470857900008
              ],
              [
                4.506965643000058,
                43.05475005000005
              ],
              [
                4.506685591000064,
                43.054915692000066
              ],
              [
                4.506616870000073,
                43.05495649100004
              ],
              [
                4.506477053000026,
                43.05503917300007
              ],
              [
                4.506406416000061,
                43.05507936500004
              ],
              [
                4.505841572000065,
                43.05540680000007
              ],
              [
                4.50569884500004,
                43.05548784500007
              ],
              [
                4.505411654000056,
                43.05564826400007
              ],
              [
                4.505267189000051,
                43.055727637000075
              ],
              [
                4.504686003000074,
                43.05604170700008
              ],
              [
                4.504539838000028,
                43.05611938800007
              ],
              [
                4.504245843000035,
                43.056273039000075
              ],
              [
                4.504098013000032,
                43.05634900900003
              ],
              [
                4.503501536000044,
                43.056650389000026
              ],
              [
                4.503448223000021,
                43.056677163000074
              ],
              [
                4.50334138900007,
                43.05673048800003
              ],
              [
                4.503287869000076,
                43.05675703900005
              ],
              [
                4.503073383000071,
                43.05686279500003
              ],
              [
                4.503019658000028,
                43.05688912200003
              ],
              [
                4.502912004000052,
                43.05694155300006
              ],
              [
                4.502858076000052,
                43.05696765700003
              ],
              [
                4.502287813000066,
                43.05724198000007
              ],
              [
                4.502257624000038,
                43.05725645200005
              ],
              [
                4.502197183000021,
                43.057285326000056
              ],
              [
                4.502166931000033,
                43.05729972800003
              ],
              [
                4.502045800000076,
                43.057357195000066
              ],
              [
                4.502015486000062,
                43.057371526000054
              ],
              [
                4.501954796000064,
                43.05740011800003
              ],
              [
                4.501924420000023,
                43.05741437900008
              ],
              [
                4.50168,
                43.05752872900007
              ],
              [
                4.501649416000021,
                43.05754298700003
              ],
              [
                4.501588186000049,
                43.05757143200003
              ],
              [
                4.501557539000032,
                43.057585619000065
              ],
              [
                4.501434832000029,
                43.05764222200003
              ],
              [
                4.501404124000032,
                43.057656337000026
              ],
              [
                4.501342648000048,
                43.057684495000046
              ],
              [
                4.50131187900007,
                43.05769853900006
              ],
              [
                4.500969497000028,
                43.05785424900006
              ],
              [
                4.50093305200005,
                43.05787075400008
              ],
              [
                4.500860079000063,
                43.05790366300005
              ],
              [
                4.500823549000074,
                43.057920066000065
              ],
              [
                4.500677266000025,
                43.05798548000007
              ],
              [
                4.500640653000062,
                43.058001783000066
              ],
              [
                4.500567343000057,
                43.058034287000055
              ],
              [
                4.500530647000062,
                43.05805048900004
              ],
              [
                4.500236752000035,
                43.05817969100008
              ],
              [
                4.50019995100007,
                43.05819580000008
              ],
              [
                4.500126267000041,
                43.05822791700007
              ],
              [
                4.500089383000045,
                43.05824392400007
              ],
              [
                4.499941686000057,
                43.05830775000004
              ],
              [
                4.499904675000039,
                43.058323675000054
              ],
              [
                4.499830570000029,
                43.05835542300008
              ],
              [
                4.499793376000071,
                43.058371288000046
              ],
              [
                4.499410821000026,
                43.058533745000034
              ],
              [
                4.499349142000028,
                43.05855979000006
              ],
              [
                4.499310553000043,
                43.05857601500003
              ],
              [
                4.499260464000031,
                43.05859832400006
              ],
              [
                4.499231744000042,
                43.05861102400007
              ],
              [
                4.499065471000051,
                43.05869279700005
              ],
              [
                4.498977338000032,
                43.05873570600005
              ],
              [
                4.498623766000037,
                43.05890611600006
              ],
              [
                4.498535098000048,
                43.05894841800006
              ],
              [
                4.498357230000067,
                43.059032417000026
              ],
              [
                4.49826802900003,
                43.059074113000065
              ],
              [
                4.498168515000032,
                43.05912015400003
              ],
              [
                4.498121575000027,
                43.05914175400005
              ],
              [
                4.498058920000062,
                43.05917042900006
              ],
              [
                4.498143027000026,
                43.23125130400007
              ],
              [
                4.498349929000028,
                43.231177358000025
              ],
              [
                4.498714493000023,
                43.231049418000055
              ],
              [
                4.498842079000042,
                43.231004760000076
              ],
              [
                4.499085334000029,
                43.23091978800005
              ],
              [
                4.499659586000064,
                43.230709569000055
              ],
              [
                4.499784136000073,
                43.23066567800004
              ],
              [
                4.501899124000033,
                43.22992316700004
              ],
              [
                4.502036627000052,
                43.22987508400007
              ],
              [
                4.502410668000039,
                43.229744803000074
              ],
              [
                4.502548149000063,
                43.22969710700005
              ],
              [
                4.502998975000025,
                43.22954132800004
              ],
              [
                4.503136612000048,
                43.229493958000035
              ],
              [
                4.503511549000052,
                43.229365434000044
              ],
              [
                4.503649381000059,
                43.22931837600004
              ],
              [
                4.504254730000071,
                43.229112531000055
              ],
              [
                4.504392756000072,
                43.229065785000046
              ],
              [
                4.504768754000054,
                43.22893895900006
              ],
              [
                4.504906948000041,
                43.22889253300008
              ],
              [
                4.505360168000038,
                43.22874089600003
              ],
              [
                4.505498279000051,
                43.22869487500003
              ],
              [
                4.505874227000049,
                43.228570113000046
              ],
              [
                4.506012533000046,
                43.22852440200006
              ],
              [
                4.507079041000054,
                43.22817341900003
              ],
              [
                4.507531955000047,
                43.22802541400006
              ],
              [
                4.507991179000044,
                43.227876355000035
              ],
              [
                4.508105556000032,
                43.22783937400004
              ],
              [
                4.508519353000054,
                43.227706211000054
              ],
              [
                4.509040944000049,
                43.22753944900006
              ],
              [
                4.509424696000053,
                43.22741394500008
              ],
              [
                4.50960598100005,
                43.22735491600008
              ],
              [
                4.51026229200005,
                43.22714237400004
              ],
              [
                4.510446769000055,
                43.22708300700003
              ],
              [
                4.51097849000007,
                43.22691283000006
              ],
              [
                4.511172801000043,
                43.226851002000046
              ],
              [
                4.512337837000075,
                43.22648245800008
              ],
              [
                4.512506964000067,
                43.226429232000044
              ],
              [
                4.513061794000066,
                43.226255525000056
              ],
              [
                4.513255232000063,
                43.22619531600003
              ],
              [
                4.513706262000028,
                43.22605575400007
              ],
              [
                4.513884278000035,
                43.226000973000055
              ],
              [
                4.514376742000024,
                43.22585025200004
              ],
              [
                4.514540407000027,
                43.22580041500004
              ],
              [
                4.514931698000055,
                43.22568186800004
              ],
              [
                4.515091301000041,
                43.22563375400006
              ],
              [
                4.515740454000024,
                43.22543902800004
              ],
              [
                4.515898052000068,
                43.225391985000044
              ],
              [
                4.516281725000056,
                43.225278023000044
              ],
              [
                4.516434763000063,
                43.22523278500006
              ],
              [
                4.516894852000064,
                43.225097438000034
              ],
              [
                4.516948729000035,
                43.22508163900005
              ],
              [
                4.517071273000056,
                43.225045340000065
              ],
              [
                4.517565627000067,
                43.22489942100003
              ],
              [
                4.517703865000044,
                43.22485880600004
              ],
              [
                4.518073748000063,
                43.22475060800008
              ],
              [
                4.518210037000074,
                43.22471091300008
              ],
              [
                4.519410746000062,
                43.22436270400004
              ],
              [
                4.519552174000069,
                43.224321873000065
              ],
              [
                4.519938446000026,
                43.22421085700006
              ],
              [
                4.520080471000028,
                43.224170224000034
              ],
              [
                4.520546546000048,
                43.22403748700003
              ],
              [
                4.520688831000029,
                43.22399715000006
              ],
              [
                4.521076415000039,
                43.223887776000026
              ],
              [
                4.52121887900006,
                43.22384775900008
              ],
              [
                4.521844499000053,
                43.22367283600005
              ],
              [
                4.521987132000049,
                43.22363314000006
              ],
              [
                4.522375640000064,
                43.22352552000007
              ],
              [
                4.522518448000028,
                43.22348614500004
              ],
              [
                4.522986829000047,
                43.22335760900006
              ],
              [
                4.523129859000051,
                43.22331854300006
              ],
              [
                4.523519387000022,
                43.22321265100004
              ],
              [
                4.523661689000051,
                43.223174149000045
              ],
              [
                4.525456531000032,
                43.22269042600004
              ],
              [
                4.525531332000071,
                43.22266926100008
              ],
              [
                4.525740648000067,
                43.22261030800007
              ],
              [
                4.52588191600006,
                43.22257071900003
              ],
              [
                4.527088162000041,
                43.22223425100003
              ],
              [
                4.527292343000056,
                43.222177671000054
              ],
              [
                4.527812306000044,
                43.222034550000046
              ],
              [
                4.52802606900002,
                43.22197612300005
              ],
              [
                4.52866375900004,
                43.221803038000076
              ],
              [
                4.528823915000032,
                43.22175981000004
              ],
              [
                4.528907795000066,
                43.221737285000074
              ],
              [
                4.529419161000021,
                43.221600514000045
              ],
              [
                4.529636179000022,
                43.22154287700005
              ],
              [
                4.530528161000063,
                43.22130770800004
              ],
              [
                4.530745338000031,
                43.22125086900007
              ],
              [
                4.531276682000055,
                43.22111283000004
              ],
              [
                4.531494303000045,
                43.22105671300005
              ],
              [
                4.532147573000032,
                43.22088951200004
              ],
              [
                4.532364521000034,
                43.22083440000006
              ],
              [
                4.532893319000038,
                43.220701072000054
              ],
              [
                4.533101639000051,
                43.22064892900005
              ],
              [
                4.534044061000031,
                43.22041473000007
              ],
              [
                4.534182395000073,
                43.220380523000074
              ],
              [
                4.534622139000021,
                43.220272367000064
              ],
              [
                4.53513463500002,
                43.22014728000005
              ],
              [
                4.535274562000041,
                43.220113311000034
              ],
              [
                4.535708447000047,
                43.22000851200005
              ],
              [
                4.535868121000021,
                43.219970164000074
              ],
              [
                4.536260219000042,
                43.21987659300004
              ],
              [
                4.536765599000034,
                43.21975702900005
              ],
              [
                4.537157,
                43.21966523000003
              ],
              [
                4.53730768500003,
                43.21963010700006
              ],
              [
                4.537893088000033,
                43.21949442300007
              ],
              [
                4.538084069000035,
                43.21945046500008
              ],
              [
                4.538644976000057,
                43.219322281000075
              ],
              [
                4.538853064000023,
                43.21927509400007
              ],
              [
                4.539788669000075,
                43.21906458500007
              ],
              [
                4.540002281000056,
                43.21901690900006
              ],
              [
                4.540585152000062,
                43.21888787200004
              ],
              [
                4.540798584000072,
                43.21884100700004
              ],
              [
                4.541461187000039,
                43.218696668000064
              ],
              [
                4.541546364000055,
                43.21867819900007
              ],
              [
                4.541715208000028,
                43.21864177500004
              ],
              [
                4.54228411400004,
                43.21851990700003
              ],
              [
                4.542485007000039,
                43.21847721100005
              ],
              [
                4.54328836600007,
                43.21830780500005
              ],
              [
                4.543445145000021,
                43.21827495300005
              ],
              [
                4.543808150000075,
                43.21819935900004
              ],
              [
                4.543955483000047,
                43.21816885900006
              ],
              [
                4.544388639000033,
                43.21807972100004
              ],
              [
                4.544532790000062,
                43.21805022900003
              ],
              [
                4.544884392000029,
                43.21797871700005
              ],
              [
                4.545030385000075,
                43.21794920000008
              ],
              [
                4.545678105000036,
                43.21781907400003
              ],
              [
                4.546035996000057,
                43.217747830000064
              ],
              [
                4.546195301000068,
                43.21771640800006
              ],
              [
                4.546449437000035,
                43.217666724000026
              ],
              [
                4.546601403000068,
                43.21763726900008
              ],
              [
                4.546873947000051,
                43.21758489500007
              ],
              [
                4.547025864000034,
                43.217555954000034
              ],
              [
                4.547303113000055,
                43.217503613000076
              ],
              [
                4.547373274000051,
                43.21748995200005
              ],
              [
                4.547585230000038,
                43.21744829700003
              ],
              [
                4.547976403000064,
                43.21737214600006
              ],
              [
                4.548221854000076,
                43.21732485700005
              ],
              [
                4.54848230500005,
                43.21727520500008
              ],
              [
                4.548733895000055,
                43.217227758000035
              ],
              [
                4.549122940000075,
                43.21715517800004
              ],
              [
                4.549372992000031,
                43.21710893800008
              ],
              [
                4.549572881000074,
                43.21707231000005
              ],
              [
                4.549773577000053,
                43.21703585700004
              ],
              [
                4.549916744000029,
                43.217010059000074
              ],
              [
                4.549992134000036,
                43.21699587300003
              ],
              [
                4.550139104000039,
                43.216968414000064
              ],
              [
                4.550406336000037,
                43.216918915000065
              ],
              [
                4.550554970000064,
                43.21689149500003
              ],
              [
                4.550986623000028,
                43.21680648100005
              ],
              [
                4.551128263000066,
                43.21677871300005
              ],
              [
                4.551474848000055,
                43.21671117100004
              ],
              [
                4.551617435000026,
                43.21668355000003
              ],
              [
                4.55256889900005,
                43.21650035500005
              ],
              [
                4.552719702000047,
                43.21647150500007
              ],
              [
                4.553090319000034,
                43.21640106000007
              ],
              [
                4.553242128000022,
                43.21637239300003
              ],
              [
                4.553698318000045,
                43.216286815000046
              ],
              [
                4.553850934000025,
                43.21625837400006
              ],
              [
                4.554224818000023,
                43.21618916700004
              ],
              [
                4.554379974000028,
                43.216160642000034
              ],
              [
                4.555022420000057,
                43.21604334400007
              ],
              [
                4.555189478000045,
                43.21601306800005
              ],
              [
                4.55560362500006,
                43.21593857400006
              ],
              [
                4.555774799000062,
                43.215908021000075
              ],
              [
                4.556298082000069,
                43.21581535100006
              ],
              [
                4.55652752900005,
                43.21576809100003
              ],
              [
                4.556735143000026,
                43.21572521000007
              ],
              [
                4.557358364000038,
                43.21559756400006
              ],
              [
                4.557566232000056,
                43.21555534700008
              ],
              [
                4.55807466300007,
                43.215452965000054
              ],
              [
                4.558282789000032,
                43.21541141200004
              ],
              [
                4.559138935000021,
                43.21524195300003
              ],
              [
                4.559347443000036,
                43.21520104000007
              ],
              [
                4.55985756900003,
                43.21510182000003
              ],
              [
                4.560066864000021,
                43.21506147100007
              ],
              [
                4.560695692000024,
                43.21494132300006
              ],
              [
                4.560906334000038,
                43.21490143900007
              ],
              [
                4.561421668000037,
                43.21480474800006
              ],
              [
                4.56162858600004,
                43.214766274000056
              ],
              [
                4.562457713000072,
                43.21461349300006
              ],
              [
                4.562634922000029,
                43.214581097000064
              ],
              [
                4.563159279000047,
                43.21448599000007
              ],
              [
                4.563335389000031,
                43.21445429900007
              ],
              [
                4.563960560000055,
                43.21434268400003
              ],
              [
                4.564105281000025,
                43.214317022000046
              ],
              [
                4.564192028000036,
                43.21430116300007
              ],
              [
                4.564379018000068,
                43.214267104000044
              ],
              [
                4.565113900000028,
                43.214143971000055
              ],
              [
                4.565855882359418,
                43.214010132739524
              ],
              [
                4.566597346000037,
                43.21387345000005
              ],
              [
                4.567245747765799,
                43.213769470224754
              ],
              [
                4.56789382900007,
                43.21366351100005
              ],
              [
                4.568262592000053,
                43.213592206000044
              ],
              [
                4.568413518000057,
                43.21356735300003
              ],
              [
                4.569020585000032,
                43.21346811800004
              ],
              [
                4.569168090000062,
                43.21344417900008
              ],
              [
                4.569528238000032,
                43.213386154000034
              ],
              [
                4.56967559900005,
                43.21336258500003
              ],
              [
                4.570117783000057,
                43.21329238000004
              ],
              [
                4.570265225000071,
                43.21326914300005
              ],
              [
                4.570625758000062,
                43.21321274500008
              ],
              [
                4.570773296000027,
                43.21318983900005
              ],
              [
                4.571707942000046,
                43.21304581600003
              ],
              [
                4.571855575000029,
                43.21302323900005
              ],
              [
                4.572216570000023,
                43.21296845400008
              ],
              [
                4.572364297000036,
                43.21294620700007
              ],
              [
                4.572807614000055,
                43.212879963000034
              ],
              [
                4.572955433000061,
                43.212858047000054
              ],
              [
                4.57331687900006,
                43.21280487900003
              ],
              [
                4.57346478900007,
                43.21278329300003
              ],
              [
                4.573761080000054,
                43.21274038800004
              ],
              [
                4.574045143000035,
                43.21268188200003
              ],
              [
                4.574442868000062,
                43.21260074400004
              ],
              [
                4.574911187000055,
                43.21250617900006
              ],
              [
                4.575309898000057,
                43.21242650000005
              ],
              [
                4.575918888000047,
                43.212306064000074
              ],
              [
                4.576318168000057,
                43.21222793100003
              ],
              [
                4.576787827000032,
                43.21213699800006
              ],
              [
                4.577187667000032,
                43.21206041200003
              ],
              [
                4.578079107000065,
                43.21189150500004
              ],
              [
                4.578479493000032,
                43.21181646700006
              ],
              [
                4.578950440000028,
                43.21172917600006
              ],
              [
                4.579351387000031,
                43.21165568600003
              ],
              [
                4.57996410100003,
                43.211544641000046
              ],
              [
                4.580365171000039,
                43.21147277500006
              ],
              [
                4.580791070000032,
                43.21139728300005
              ],
              [
                4.580946444000062,
                43.211369956000055
              ],
              [
                4.581292246000032,
                43.21130958300006
              ],
              [
                4.581480174000035,
                43.211277051000025
              ],
              [
                4.58184647500002,
                43.21121418600006
              ],
              [
                4.582004565000034,
                43.21118726000003
              ],
              [
                4.582388648000062,
                43.211122325000076
              ],
              [
                4.582516114000043,
                43.21110093000004
              ],
              [
                4.582854498000074,
                43.21104453100003
              ],
              [
                4.583465197000066,
                43.210943850000035
              ],
              [
                4.583868552000069,
                43.21087816700003
              ],
              [
                4.584343046000072,
                43.21080186300003
              ],
              [
                4.584746951000056,
                43.21073772900007
              ],
              [
                4.585647350000045,
                43.21059658400003
              ],
              [
                4.586051712000028,
                43.210534015000064
              ],
              [
                4.586527278000062,
                43.210461389000045
              ],
              [
                4.586932086000047,
                43.21040038700005
              ],
              [
                4.587550281000063,
                43.21030847600008
              ],
              [
                4.587955524000051,
                43.210249042000044
              ],
              [
                4.588432112000021,
                43.210180104000074
              ],
              [
                4.588837779000073,
                43.21012224000003
              ],
              [
                4.590311399000029,
                43.209915
              ],
              [
                4.590717477000055,
                43.209858705000045
              ],
              [
                4.59119503200003,
                43.209793459000025
              ],
              [
                4.591601510000032,
                43.209738737000066
              ],
              [
                4.592222219000064,
                43.209656418000066
              ],
              [
                4.592629087000034,
                43.20960327100005
              ],
              [
                4.593107558000042,
                43.209541727000044
              ],
              [
                4.593514804000051,
                43.20949015700006
              ],
              [
                4.594422403000067,
                43.209377035000045
              ],
              [
                4.594826033000061,
                43.20932752200008
              ],
              [
                4.595246959000065,
                43.20927665200003
              ],
              [
                4.595381554000028,
                43.20926055500007
              ],
              [
                4.595722881000029,
                43.20922013200004
              ],
              [
                4.596341361000043,
                43.20914797700004
              ],
              [
                4.596699470000033,
                43.20910419200004
              ],
              [
                4.596927725000057,
                43.209048438000025
              ],
              [
                4.596995099000026,
                43.20903206500003
              ],
              [
                4.597148796000056,
                43.20899491800003
              ],
              [
                4.597230891000038,
                43.20897518800007
              ],
              [
                4.597300330000053,
                43.20895783000003
              ],
              [
                4.597483304000036,
                43.20891232900004
              ],
              [
                4.597800727000049,
                43.20883388900006
              ],
              [
                4.597941261000074,
                43.20879933900005
              ],
              [
                4.59808201900006,
                43.208764906000056
              ],
              [
                4.598218510000038,
                43.20873167900004
              ],
              [
                4.598452899000051,
                43.20867491400003
              ],
              [
                4.598641802000031,
                43.20862946200003
              ],
              [
                4.598809707000044,
                43.20858932700003
              ],
              [
                4.598973002000037,
                43.20855053400004
              ],
              [
                4.599274014000059,
                43.20847944900004
              ],
              [
                4.599444557000027,
                43.20843942400006
              ],
              [
                4.599685540000053,
                43.20838321200006
              ],
              [
                4.599826078000035,
                43.20835060400003
              ],
              [
                4.599965577000035,
                43.208318406000046
              ],
              [
                4.600111058000039,
                43.208285008000075
              ],
              [
                4.600348931000042,
                43.208230710000066
              ],
              [
                4.600545953000051,
                43.208186055000056
              ],
              [
                4.600955441000053,
                43.208093940000026
              ],
              [
                4.601167708000048,
                43.208046565000075
              ],
              [
                4.601438835000067,
                43.20798418700008
              ],
              [
                4.601581354000075,
                43.207951481000066
              ],
              [
                4.601731650000033,
                43.207917173000055
              ],
              [
                4.601874142000042,
                43.20788481900007
              ],
              [
                4.602104605000022,
                43.207832772000074
              ],
              [
                4.602250653000056,
                43.207799969000064
              ],
              [
                4.602406518000066,
                43.20776515700004
              ],
              [
                4.60256212500002,
                43.20773060600004
              ],
              [
                4.602829272000065,
                43.20767166500008
              ],
              [
                4.603226714000073,
                43.20758457900007
              ],
              [
                4.603344452000044,
                43.20755893100005
              ],
              [
                4.603673788000037,
                43.20748757600006
              ],
              [
                4.604273830000068,
                43.20735868200006
              ],
              [
                4.604670561000034,
                43.207274288000065
              ],
              [
                4.605137384000045,
                43.207175963000054
              ],
              [
                4.605534696000063,
                43.20709311200005
              ],
              [
                4.606968915000039,
                43.20679700900007
              ],
              [
                4.607245419000037,
                43.206740387000025
              ],
              [
                4.607380041000056,
                43.20671313200006
              ],
              [
                4.607643212000028,
                43.206660439000075
              ],
              [
                4.60777489700007,
                43.206634360000066
              ],
              [
                4.608293891000073,
                43.20653270200006
              ],
              [
                4.608437972000047,
                43.206504822000056
              ],
              [
                4.608586509000077,
                43.206476243000054
              ],
              [
                4.608843638000053,
                43.20642408200007
              ],
              [
                4.609030370000028,
                43.206386552000026
              ],
              [
                4.609335591000047,
                43.206325836000076
              ],
              [
                4.609518531000049,
                43.20628981400006
              ],
              [
                4.609848969000041,
                43.20622541200004
              ],
              [
                4.610031073000073,
                43.20619028400006
              ],
              [
                4.610334782000052,
                43.20613230300006
              ],
              [
                4.610517128000026,
                43.20609785500005
              ],
              [
                4.610872153000059,
                43.20603148200007
              ],
              [
                4.611028780000026,
                43.206002470000044
              ],
              [
                4.611234481000054,
                43.20596453700006
              ],
              [
                4.611433421000072,
                43.20592614700007
              ],
              [
                4.611819598000068,
                43.205852881000055
              ],
              [
                4.612016063000056,
                43.20581623800007
              ],
              [
                4.612294851000058,
                43.20576515800008
              ],
              [
                4.612897861000022,
                43.20565568600006
              ],
              [
                4.613300856000023,
                43.20558334400005
              ],
              [
                4.613734876000024,
                43.205506283000034
              ],
              [
                4.61389654200002,
                43.20547781000005
              ],
              [
                4.614262712000027,
                43.20541380600008
              ],
              [
                4.614450611000052,
                43.205381242000044
              ],
              [
                4.614796413000022,
                43.205321826000045
              ],
              [
                4.614948169000058,
                43.20529594100003
              ],
              [
                4.615323480000029,
                43.20523237800006
              ],
              [
                4.615449894000051,
                43.20521111900007
              ],
              [
                4.615787149000028,
                43.205154796000045
              ],
              [
                4.616397484000061,
                43.20505397000005
              ],
              [
                4.616800744000045,
                43.20498816700007
              ],
              [
                4.617275144000075,
                43.20491171900005
              ],
              [
                4.617678971000032,
                43.20484746300008
              ],
              [
                4.61857919800002,
                43.204706043000044
              ],
              [
                4.618983483000022,
                43.20464335100007
              ],
              [
                4.619458959000042,
                43.20457058100004
              ],
              [
                4.619831730000044,
                43.204514250000045
              ],
              [
                4.620119659000068,
                43.20447207400008
              ],
              [
                4.620525103000034,
                43.204414522000036
              ],
              [
                4.620737502000054,
                43.204382373000044
              ],
              [
                4.621169640000062,
                43.20431752600007
              ],
              [
                4.62153240300006,
                43.204265177000025
              ],
              [
                4.621833534000075,
                43.20422345900005
              ],
              [
                4.621988497000075,
                43.20420221300003
              ],
              [
                4.622243385000047,
                43.20416752400007
              ],
              [
                4.622311786000068,
                43.20415828200004
              ],
              [
                4.623077287000058,
                43.20405141500004
              ],
              [
                4.623230417000059,
                43.20402919400004
              ],
              [
                4.62338692000003,
                43.20400659300003
              ],
              [
                4.623541721000038,
                43.20398434700007
              ],
              [
                4.623662739000054,
                43.20396703000006
              ],
              [
                4.623758757000076,
                43.20395343800004
              ],
              [
                4.623948817000041,
                43.20392682000005
              ],
              [
                4.62404388300007,
                43.203913648000025
              ],
              [
                4.624422902000049,
                43.20386169400007
              ],
              [
                4.62452014400003,
                43.203848513000025
              ],
              [
                4.624714700000027,
                43.20382243600005
              ],
              [
                4.624817460000031,
                43.203808827000046
              ],
              [
                4.624958364000065,
                43.20379040900008
              ],
              [
                4.625150086000076,
                43.20376560100004
              ],
              [
                4.62534460300003,
                43.20374073500005
              ],
              [
                4.62553919000004,
                43.20371616600005
              ],
              [
                4.625708428000053,
                43.203695045000075
              ],
              [
                4.625764418000074,
                43.203688111000076
              ],
              [
                4.626232221000066,
                43.20362524500007
              ],
              [
                4.626545718000045,
                43.203584567000064
              ],
              [
                4.627354745000048,
                43.20348356300008
              ],
              [
                4.627756285000032,
                43.203434180000045
              ],
              [
                4.628177075000053,
                43.20338318900008
              ],
              [
                4.628311647000032,
                43.20336705100004
              ],
              [
                4.628652916000021,
                43.20332652400003
              ],
              [
                4.629271291000066,
                43.203254180000044
              ],
              [
                4.629681444000028,
                43.20320700800005
              ],
              [
                4.630122812000025,
                43.20315708100003
              ],
              [
                4.630287185000043,
                43.20313871500008
              ],
              [
                4.630659429000048,
                43.203097601000024
              ],
              [
                4.630850413000076,
                43.20307678200004
              ],
              [
                4.631202096000038,
                43.20303895100005
              ],
              [
                4.63136021300005,
                43.20302213900004
              ],
              [
                4.631793931000061,
                43.20297659800008
              ],
              [
                4.632202756000027,
                43.202934431000074
              ],
              [
                4.63282795300006,
                43.202871180000045
              ],
              [
                4.633237486000041,
                43.20283055600004
              ],
              [
                4.63371900900006,
                43.20278374000003
              ],
              [
                4.634128805000046,
                43.20274470600003
              ],
              [
                4.63504212600003,
                43.20265950500004
              ],
              [
                4.635452198000053,
                43.20262205600005
              ],
              [
                4.635934368000051,
                43.202578972000026
              ],
              [
                4.636344705000056,
                43.20254311300005
              ],
              [
                4.636971197000037,
                43.20248959400004
              ],
              [
                4.637381787000038,
                43.20245532400003
              ],
              [
                4.637864553000043,
                43.202415977000044
              ],
              [
                4.638275384000053,
                43.20238329800003
              ],
              [
                4.639767278000022,
                43.20226754500004
              ],
              [
                4.640174171000069,
                43.20223676100005
              ],
              [
                4.640591788000052,
                43.20220590900004
              ],
              [
                4.640733301000068,
                43.20219562500006
              ],
              [
                4.641078456000059,
                43.20217095100003
              ],
              [
                4.641701086000069,
                43.20212752100008
              ],
              [
                4.642112454000028,
                43.20209962500007
              ],
              [
                4.642596247000029,
                43.20206776200007
              ],
              [
                4.643007929000021,
                43.20204145200006
              ],
              [
                4.643925351000064,
                43.20198460900008
              ],
              [
                4.644337217000043,
                43.20195989200005
              ],
              [
                4.644821443000069,
                43.20193177700003
              ],
              [
                4.645233488000031,
                43.20190865600006
              ],
              [
                4.645862544000067,
                43.20187458300006
              ],
              [
                4.646272205000059,
                43.20185318600005
              ],
              [
                4.646701657000051,
                43.20183153100004
              ],
              [
                4.646855423000034,
                43.20182397200006
              ],
              [
                4.647199358000023,
                43.20180747200004
              ],
              [
                4.647392167000021,
                43.20179849400006
              ],
              [
                4.647725413000046,
                43.20178344800007
              ],
              [
                4.647896671000069,
                43.20177593900007
              ],
              [
                4.648312781000072,
                43.20175827700007
              ],
              [
                4.64869356600002,
                43.20174282800008
              ],
              [
                4.649288668000054,
                43.201719850000075
              ],
              [
                4.649665285000026,
                43.20170604200007
              ],
              [
                4.650114281000072,
                43.20169045100005
              ],
              [
                4.650490900000023,
                43.20167810500004
              ],
              [
                4.651374377000025,
                43.20165085600007
              ],
              [
                4.65174629400002,
                43.20164009800004
              ],
              [
                4.652122811000027,
                43.201629860000025
              ],
              [
                4.652271831000064,
                43.20162598600007
              ],
              [
                4.652583427000025,
                43.20161826800006
              ],
              [
                4.653171581000038,
                43.201604702000054
              ],
              [
                4.653548272000023,
                43.201596736000056
              ],
              [
                4.653997613000058,
                43.20158810500004
              ],
              [
                4.654374505000021,
                43.20158159600004
              ],
              [
                4.655838326000037,
                43.20155914700007
              ],
              [
                4.656215283000051,
                43.20155409400007
              ],
              [
                4.656663064000043,
                43.20154895700006
              ],
              [
                4.65697370700002,
                43.20154593600006
              ]
            ]
          ]
        ]
      }
    },
    {
      "type": "Feature",
      "properties": {
        "info": false,
        "cara": false,
        "regl": false,
        "tech": false,
        "projet": "Erosion de la côte Vermeille",
        "OBJECTID": 5,
        "ZONE": "A",
        "surface": 669.273251551,
        "SHAPE_Leng": 1.12232712472,
        "SHAPE_Area": 0.07337994045
      },
      "geometry": {
        "type": "MultiPolygon",
        "coordinates": [
          [
            [
              [
                3.588167527000053,
                42.64480942400007
              ],
              [
                3.588087727000072,
                42.644149010000035
              ],
              [
                3.588087715000029,
                42.644148907000044
              ],
              [
                3.588072679000049,
                42.64402423100006
              ],
              [
                3.588072674000045,
                42.64402418800006
              ],
              [
                3.588065511000025,
                42.64396217500007
              ],
              [
                3.588038712000071,
                42.64371944900006
              ],
              [
                3.588032312000053,
                42.64365874300006
              ],
              [
                3.588020112000038,
                42.64353730900007
              ],
              [
                3.588014313000031,
                42.643476589000045
              ],
              [
                3.588014311000052,
                42.643476563000036
              ],
              [
                3.588001661000021,
                42.64333682000006
              ],
              [
                3.587958582000056,
                42.64322221900005
              ],
              [
                3.587944546000074,
                42.643184534000056
              ],
              [
                3.587944531000062,
                42.643184494000025
              ],
              [
                3.587916713000027,
                42.643109122000055
              ],
              [
                3.587916696000036,
                42.64310907600003
              ],
              [
                3.587902759000031,
                42.64307095500004
              ],
              [
                3.58773241800003,
                42.64260053900006
              ],
              [
                3.587732405000054,
                42.642600506000065
              ],
              [
                3.587691979000056,
                42.64248731500004
              ],
              [
                3.587691971000027,
                42.642487292000055
              ],
              [
                3.587632012000029,
                42.64231698400005
              ],
              [
                3.587631998000063,
                42.64231694500006
              ],
              [
                3.587592691000054,
                42.642203668000036
              ],
              [
                3.587592671000039,
                42.64220361000008
              ],
              [
                3.587481827000033,
                42.64187963400008
              ],
              [
                3.587481813000068,
                42.641879593000056
              ],
              [
                3.587469651000049,
                42.64184372500006
              ],
              [
                3.587469641000041,
                42.64184370300006
              ],
              [
                3.587422182000068,
                42.64175811500007
              ],
              [
                3.587375444000031,
                42.64167672800005
              ],
              [
                3.587375430000066,
                42.641676704000076
              ],
              [
                3.587300596000034,
                42.64154444500008
              ],
              [
                3.586952698000061,
                42.64137271300007
              ],
              [
                3.58674929600005,
                42.64126991900008
              ],
              [
                3.585942058000057,
                42.64085233800006
              ],
              [
                3.585741743000028,
                42.64074629000004
              ],
              [
                3.585344301000021,
                42.64053099500006
              ],
              [
                3.585147173000053,
                42.64042174600007
              ],
              [
                3.584365396000067,
                42.63997855500003
              ],
              [
                3.584268245000032,
                42.639922856000055
              ],
              [
                3.584074774000044,
                42.63981068100003
              ],
              [
                3.583978456000068,
                42.639754208000056
              ],
              [
                3.583594867000045,
                42.63952677200007
              ],
              [
                3.583499752000023,
                42.63946974800007
              ],
              [
                3.583310377000032,
                42.63935494700007
              ],
              [
                3.583216858000071,
                42.639297630000044
              ],
              [
                3.583153541000058,
                42.63925810400008
              ],
              [
                3.58302879200005,
                42.63917964700005
              ],
              [
                3.582966622000072,
                42.639140258000054
              ],
              [
                3.582720150000057,
                42.63898295300004
              ],
              [
                3.58265874600005,
                42.638943477000055
              ],
              [
                3.582658716000026,
                42.63894345800003
              ],
              [
                3.582536289000075,
                42.63886417600003
              ],
              [
                3.582536248000054,
                42.638864150000074
              ],
              [
                3.582475225000053,
                42.63882434400006
              ],
              [
                3.582475207000073,
                42.63882433200007
              ],
              [
                3.581989976000045,
                42.638505499000075
              ],
              [
                3.581989958000065,
                42.63850548600004
              ],
              [
                3.581869418000053,
                42.63842512800005
              ],
              [
                3.581629892000024,
                42.63826312400005
              ],
              [
                3.581510922000064,
                42.63818148800004
              ],
              [
                3.581038295000042,
                42.63785246900005
              ],
              [
                3.580920933000073,
                42.63776958200003
              ],
              [
                3.580920904000038,
                42.63776956100003
              ],
              [
                3.58068782700002,
                42.637602565000066
              ],
              [
                3.580687800000021,
                42.63760254500005
              ],
              [
                3.580572085000028,
                42.63751843500006
              ],
              [
                3.580112477000057,
                42.63717951900003
              ],
              [
                3.580061190000038,
                42.63714145500006
              ],
              [
                3.579958991000069,
                42.63706511600003
              ],
              [
                3.579958960000056,
                42.63706509100007
              ],
              [
                3.579908095000064,
                42.637026853000066
              ],
              [
                3.57990800400006,
                42.637026785000046
              ],
              [
                3.579810707000036,
                42.63695316500008
              ],
              [
                3.579810690000045,
                42.636953153000036
              ],
              [
                3.579690059000029,
                42.63686381900004
              ],
              [
                3.579690022000023,
                42.63686379200004
              ],
              [
                3.579638776000024,
                42.63682559600005
              ],
              [
                3.579536567000048,
                42.63674892300003
              ],
              [
                3.579536549000068,
                42.63674891000005
              ],
              [
                3.579485602000034,
                42.63671044300003
              ],
              [
                3.579101150000042,
                42.63641829200003
              ],
              [
                3.579005639000059,
                42.636344819000044
              ],
              [
                3.578815826000039,
                42.63619700700008
              ],
              [
                3.578721535000057,
                42.63612267500008
              ],
              [
                3.578721512000072,
                42.636122657000044
              ],
              [
                3.57834686700005,
                42.635823679000055
              ],
              [
                3.578346844000066,
                42.635823661000074
              ],
              [
                3.578253809000046,
                42.635748500000034
              ],
              [
                3.578068951000034,
                42.63559731500004
              ],
              [
                3.577977150000038,
                42.63552130700003
              ],
              [
                3.577612482000063,
                42.635215638000034
              ],
              [
                3.577567242000043,
                42.63517748500004
              ],
              [
                3.577477079000062,
                42.63510097500006
              ],
              [
                3.577432154000064,
                42.63506261900005
              ],
              [
                3.57725309500006,
                42.63490879600005
              ],
              [
                3.577208861000031,
                42.63487056400004
              ],
              [
                3.577120701000069,
                42.634793898000055
              ],
              [
                3.577077530000054,
                42.63475612900004
              ],
              [
                3.577027693000048,
                42.634711958000025
              ],
              [
                3.576929890000031,
                42.63462466200008
              ],
              [
                3.576881187000026,
                42.63458089000005
              ],
              [
                3.576881161000074,
                42.63458086700007
              ],
              [
                3.576688664000073,
                42.63440665400003
              ],
              [
                3.576688639000054,
                42.63440663100005
              ],
              [
                3.57664072700004,
                42.63436296900005
              ],
              [
                3.57654526500005,
                42.63427537600006
              ],
              [
                3.576497748000065,
                42.63423147300006
              ],
              [
                3.576497732000064,
                42.634231459000034
              ],
              [
                3.576120573000026,
                42.63388056600007
              ],
              [
                3.576120557000024,
                42.63388055000007
              ],
              [
                3.576073635000057,
                42.63383659500005
              ],
              [
                3.576073604000044,
                42.63383656600007
              ],
              [
                3.575980108000067,
                42.633748370000035
              ],
              [
                3.575933549000069,
                42.63370414600007
              ],
              [
                3.575933512000063,
                42.63370411100004
              ],
              [
                3.575748155000042,
                42.63352682100003
              ],
              [
                3.575748113000031,
                42.63352678200005
              ],
              [
                3.575702007000075,
                42.63348237400004
              ],
              [
                3.575701972000047,
                42.63348234000006
              ],
              [
                3.575610117000053,
                42.633393252000076
              ],
              [
                3.575610101000052,
                42.633393237000064
              ],
              [
                3.57556437900007,
                42.633348581000064
              ],
              [
                3.575535358000025,
                42.63332003900007
              ],
              [
                3.440910993000045,
                42.633559723000076
              ],
              [
                3.440814760000023,
                42.633631809000065
              ],
              [
                3.440723087000038,
                42.63369969200005
              ],
              [
                3.440723066000032,
                42.63369970800005
              ],
              [
                3.440191772000048,
                42.63408863300003
              ],
              [
                3.440191751000043,
                42.634088648000045
              ],
              [
                3.440108519000034,
                42.63414895100004
              ],
              [
                3.43994122700002,
                42.63426890800008
              ],
              [
                3.439941200000021,
                42.63426892700005
              ],
              [
                3.439857159000042,
                42.63432857200007
              ],
              [
                3.439519242000074,
                42.634565921000046
              ],
              [
                3.439434352000035,
                42.63462493500003
              ],
              [
                3.439434308000045,
                42.63462496500006
              ],
              [
                3.439263735000054,
                42.63474232000004
              ],
              [
                3.439263701000073,
                42.63474234300003
              ],
              [
                3.43917801300006,
                42.63480069000008
              ],
              [
                3.43848919800007,
                42.635264877000054
              ],
              [
                3.438402480000036,
                42.63532271100007
              ],
              [
                3.438228260000074,
                42.63543769800003
              ],
              [
                3.438228241000047,
                42.635437711000066
              ],
              [
                3.438140736000037,
                42.635494867000034
              ],
              [
                3.437789094000038,
                42.63572216500006
              ],
              [
                3.437700421000045,
                42.63577888400005
              ],
              [
                3.43752227300007,
                42.63589164600006
              ],
              [
                3.437522256000022,
                42.63589165600007
              ],
              [
                3.437432037000065,
                42.635948159000066
              ],
              [
                3.437354400000061,
                42.63599583200005
              ],
              [
                3.437354377000077,
                42.63599584600007
              ],
              [
                3.437197056000059,
                42.63609157500008
              ],
              [
                3.437197037000033,
                42.63609158600008
              ],
              [
                3.437118097000052,
                42.63613918100003
              ],
              [
                3.436799587000053,
                42.63632945300003
              ],
              [
                3.436719664000066,
                42.63637675600006
              ],
              [
                3.436559238000029,
                42.63647082700004
              ],
              [
                3.436478735000037,
                42.636517594000054
              ],
              [
                3.435831040000039,
                42.63689036300008
              ],
              [
                3.435667943000055,
                42.636982482000064
              ],
              [
                3.435339503000023,
                42.63716451800008
              ],
              [
                3.435174162000067,
                42.637254434000056
              ],
              [
                3.434508529000027,
                42.63760957000005
              ],
              [
                3.434340994000024,
                42.637697253000056
              ],
              [
                3.434340963000068,
                42.63769726900006
              ],
              [
                3.434003803000053,
                42.63787035100006
              ],
              [
                3.434003766000046,
                42.63787037000003
              ],
              [
                3.43383414300007,
                42.63795576700005
              ],
              [
                3.433151455000029,
                42.63829279700008
              ],
              [
                3.43306584000004,
                42.63833464900006
              ],
              [
                3.433065787000032,
                42.63833467500007
              ],
              [
                3.432894101000045,
                42.63841777400006
              ],
              [
                3.43289406100007,
                42.63841779300003
              ],
              [
                3.432808012000066,
                42.638459030000035
              ],
              [
                3.43280797500006,
                42.63845904800007
              ],
              [
                3.432462513000075,
                42.638622963000046
              ],
              [
                3.432462478000048,
                42.63862297900005
              ],
              [
                3.43237584700006,
                42.63866367400004
              ],
              [
                3.432375819000072,
                42.638663687000076
              ],
              [
                3.432202089000043,
                42.638744479000025
              ],
              [
                3.43220203900006,
                42.638744502000065
              ],
              [
                3.432114961000025,
                42.63878458900007
              ],
              [
                3.432114922000039,
                42.63878460800004
              ],
              [
                3.431726118000029,
                42.63896179400007
              ],
              [
                3.431726079000043,
                42.63896181200005
              ],
              [
                3.431691154000021,
                42.63897766300005
              ],
              [
                3.431691086000058,
                42.63897769400006
              ],
              [
                3.431621070000062,
                42.639009342000065
              ],
              [
                3.431620942000052,
                42.63900940000008
              ],
              [
                3.431585932000075,
                42.639025160000074
              ],
              [
                3.431585831000064,
                42.63902520500005
              ],
              [
                3.431445325000027,
                42.639088198000024
              ],
              [
                3.431445233000034,
                42.639088240000035
              ],
              [
                3.431410045000064,
                42.63910395100004
              ],
              [
                3.43140999600007,
                42.63910397300003
              ],
              [
                3.43133959000005,
                42.639135278000026
              ],
              [
                3.431339447000028,
                42.63913534100004
              ],
              [
                3.431304324000052,
                42.63915089500006
              ],
              [
                3.431304226000066,
                42.63915093800006
              ],
              [
                3.431021899000029,
                42.63927544300003
              ],
              [
                3.431021801000043,
                42.63927548700008
              ],
              [
                3.430986394000058,
                42.63929103600003
              ],
              [
                3.430986337000036,
                42.63929106100005
              ],
              [
                3.43091535800005,
                42.63932210300004
              ],
              [
                3.430915307000021,
                42.639322125000035
              ],
              [
                3.430879840000046,
                42.639337572000045
              ],
              [
                3.430879725000068,
                42.63933762200003
              ],
              [
                3.430737375000035,
                42.63939935900004
              ],
              [
                3.430737244000056,
                42.63939941500007
              ],
              [
                3.430701297000041,
                42.63941494000005
              ],
              [
                3.430701260000035,
                42.63941495600005
              ],
              [
                3.430629213000032,
                42.63944593800005
              ],
              [
                3.430629190000047,
                42.63944594800006
              ],
              [
                3.430592498000067,
                42.63946165900006
              ],
              [
                3.43048658400005,
                42.639506253000036
              ],
              [
                3.430272800000068,
                42.63959513800006
              ],
              [
                3.430272781000042,
                42.63959514600003
              ],
              [
                3.430165573000068,
                42.639639155000054
              ],
              [
                3.429734112000062,
                42.639814012000045
              ],
              [
                3.42962592300006,
                42.639857292000045
              ],
              [
                3.429408911000053,
                42.639942982000036
              ],
              [
                3.42930007800004,
                42.63998539500005
              ],
              [
                3.42842590500004,
                42.64032157400004
              ],
              [
                3.428206072000023,
                42.64040387500006
              ],
              [
                3.427764014000047,
                42.64056492000003
              ],
              [
                3.427541795000025,
                42.64064366100007
              ],
              [
                3.426648575000058,
                42.64095135500003
              ],
              [
                3.426424073000021,
                42.64102649900008
              ],
              [
                3.425972907000073,
                42.64117314900005
              ],
              [
                3.425746242000059,
                42.641244656000026
              ],
              [
                3.424835677000033,
                42.64152327700003
              ],
              [
                3.424721447000024,
                42.64155769000007
              ],
              [
                3.424492489000045,
                42.64162559300007
              ],
              [
                3.424377778000064,
                42.64165907700004
              ],
              [
                3.42437774800004,
                42.64165908600006
              ],
              [
                3.423917888000062,
                42.64179118000004
              ],
              [
                3.423917859000028,
                42.64179118800007
              ],
              [
                3.423802439000042,
                42.64182380600005
              ],
              [
                3.423802394000063,
                42.64182381900008
              ],
              [
                3.423571017000029,
                42.641888136000034
              ],
              [
                3.423570986000072,
                42.64188814500005
              ],
              [
                3.423454560000039,
                42.64191997100005
              ],
              [
                3.423339357000032,
                42.64195041100004
              ],
              [
                3.423107575000074,
                42.642010612000036
              ],
              [
                3.423107541000036,
                42.642010621000054
              ],
              [
                3.422991456000034,
                42.64204024800006
              ],
              [
                3.422991422000052,
                42.642040257000076
              ],
              [
                3.422525170000029,
                42.642157164000025
              ],
              [
                3.422525140000062,
                42.642157171000065
              ],
              [
                3.422408375000032,
                42.642185926000025
              ],
              [
                3.42217438800003,
                42.642242502000045
              ],
              [
                3.422174369000061,
                42.64224250700005
              ],
              [
                3.42205718200006,
                42.64227032000008
              ],
              [
                3.42205715700004,
                42.64227032600007
              ],
              [
                3.421117163000076,
                42.64248925900006
              ],
              [
                3.421117138000056,
                42.64248926500005
              ],
              [
                3.420881267000027,
                42.64254211900004
              ],
              [
                3.420408015000021,
                42.64264401300005
              ],
              [
                3.420170644000052,
                42.64269305300007
              ],
              [
                3.419218570000055,
                42.64288149600003
              ],
              [
                3.418979789000048,
                42.64292670000003
              ],
              [
                3.418500970000025,
                42.643013249000035
              ],
              [
                3.418260927000063,
                42.643054593000045
              ],
              [
                3.417298619000064,
                42.64321218100008
              ],
              [
                3.417178067000066,
                42.64323141300008
              ],
              [
                3.416936730000032,
                42.64326889600005
              ],
              [
                3.416936698000029,
                42.643268902000045
              ],
              [
                3.416815918000054,
                42.643287153000074
              ],
              [
                3.416332174000047,
                42.64335822500004
              ],
              [
                3.416210970000066,
                42.64337552400008
              ],
              [
                3.416210935000038,
                42.643375529000025
              ],
              [
                3.415968314000054,
                42.64340914300004
              ],
              [
                3.415968290000023,
                42.64340914600007
              ],
              [
                3.415846604000023,
                42.64342549700007
              ],
              [
                3.415725587000054,
                42.64344075300005
              ],
              [
                3.415725562000034,
                42.643440756000075
              ],
              [
                3.415482766000025,
                42.64347036100003
              ],
              [
                3.41548274500002,
                42.64347036300006
              ],
              [
                3.415361223000048,
                42.64348468000003
              ],
              [
                3.414874252000061,
                42.64354004100005
              ],
              [
                3.414752403000023,
                42.64355339100007
              ],
              [
                3.414508511000065,
                42.643579111000065
              ],
              [
                3.414386472000047,
                42.643591479000065
              ],
              [
                3.414386450000052,
                42.643591481000044
              ],
              [
                3.41340920600004,
                42.64368651500007
              ],
              [
                3.413409184000045,
                42.64368651700005
              ],
              [
                3.413041733000057,
                42.64371773900007
              ],
              [
                3.412305608000054,
                42.64377128800004
              ],
              [
                3.411936954000055,
                42.643793612000024
              ],
              [
                3.410461535000024,
                42.64386501600006
              ],
              [
                3.410092087000066,
                42.64387841400003
              ],
              [
                3.409352790000071,
                42.64389627000003
              ],
              [
                3.408982946000037,
                42.64390072900005
              ],
              [
                3.407012176000023,
                42.64390065100008
              ],
              [
                3.406765522000057,
                42.64389865100003
              ],
              [
                3.406272367000042,
                42.64389067500008
              ],
              [
                3.406272344000058,
                42.64389067500008
              ],
              [
                3.406025847000024,
                42.64388469900007
              ],
              [
                3.40504045800003,
                42.64385285700007
              ],
              [
                3.404834324000035,
                42.643844529000035
              ],
              [
                3.404725623000047,
                42.64385823300006
              ],
              [
                3.40448279800006,
                42.64388784100004
              ],
              [
                3.404361277000021,
                42.64390215700007
              ],
              [
                3.404361250000022,
                42.64390216000004
              ],
              [
                3.403874305000045,
                42.643957518000036
              ],
              [
                3.403874285000029,
                42.64395752000007
              ],
              [
                3.403752452000049,
                42.64397086900004
              ],
              [
                3.403752428000075,
                42.64397087200007
              ],
              [
                3.403508557000066,
                42.64399658800005
              ],
              [
                3.403386544000057,
                42.64400895400007
              ],
              [
                3.403386515000022,
                42.64400895700004
              ],
              [
                3.402409271000067,
                42.644103990000076
              ],
              [
                3.402409242000033,
                42.644103993000044
              ],
              [
                3.402164556000059,
                42.64412578400004
              ],
              [
                3.402164514000049,
                42.644125787000064
              ],
              [
                3.401674508000042,
                42.644165428000065
              ],
              [
                3.401674472000025,
                42.64416543100003
              ],
              [
                3.401429163000046,
                42.644183277000025
              ],
              [
                3.400447192000058,
                42.64424673600007
              ],
              [
                3.400201413000048,
                42.64426062500007
              ],
              [
                3.400201391000053,
                42.64426062600006
              ],
              [
                3.399709493000046,
                42.644284441000025
              ],
              [
                3.399709449000056,
                42.64428444300006
              ],
              [
                3.399463357000059,
                42.644294366000054
              ],
              [
                3.399463313000069,
                42.64429436800003
              ],
              [
                3.398478578000038,
                42.64432612600007
              ],
              [
                3.398478534000049,
                42.644326127000056
              ],
              [
                3.398232207000035,
                42.64433208300005
              ],
              [
                3.39823216700006,
                42.64433208400004
              ],
              [
                3.39773933500004,
                42.644340027000055
              ],
              [
                3.397492854000063,
                42.64434201300003
              ],
              [
                3.396507146000033,
                42.64434201300003
              ],
              [
                3.396260664000067,
                42.644340027000055
              ],
              [
                3.395767832000047,
                42.64433208400004
              ],
              [
                3.395767793000061,
                42.64433208300005
              ],
              [
                3.395521466000048,
                42.644326127000056
              ],
              [
                3.395521422000058,
                42.64432612600007
              ],
              [
                3.394536687000027,
                42.64429436800003
              ],
              [
                3.394536643000038,
                42.644294366000054
              ],
              [
                3.39429055100004,
                42.64428444300006
              ],
              [
                3.394290507000051,
                42.644284441000025
              ],
              [
                3.393798600000025,
                42.64426062600006
              ],
              [
                3.393552807000049,
                42.64424673600007
              ],
              [
                3.392570837000051,
                42.644183277000025
              ],
              [
                3.392325528000072,
                42.64416543100003
              ],
              [
                3.392325490000076,
                42.644165427000075
              ],
              [
                3.391835486000048,
                42.64412578800005
              ],
              [
                3.391835441000069,
                42.64412578400004
              ],
              [
                3.391590758000063,
                42.644103992000055
              ],
              [
                3.391590730000075,
                42.644103990000076
              ],
              [
                3.390613485000074,
                42.64400895700004
              ],
              [
                3.39061345600004,
                42.64400895400007
              ],
              [
                3.39049144400002,
                42.64399658800005
              ],
              [
                3.390247572000021,
                42.64397087200007
              ],
              [
                3.390247548000048,
                42.64397086900004
              ],
              [
                3.390125715000067,
                42.64395752000007
              ],
              [
                3.390125695000052,
                42.643957518000036
              ],
              [
                3.389638750000074,
                42.64390216000004
              ],
              [
                3.389638723000076,
                42.64390215700007
              ],
              [
                3.389517203000025,
                42.64388784100004
              ],
              [
                3.389274378000039,
                42.64385823300006
              ],
              [
                3.389153345000068,
                42.64384297500004
              ],
              [
                3.389031676000059,
                42.64382662700007
              ],
              [
                3.389031633000059,
                42.64382662100007
              ],
              [
                3.38878900800006,
                42.643793007000056
              ],
              [
                3.388788975000068,
                42.64379300200005
              ],
              [
                3.38866777000004,
                42.643775703000074
              ],
              [
                3.388667730000066,
                42.64377569700008
              ],
              [
                3.388184023000065,
                42.64370463100005
              ],
              [
                3.388183980000065,
                42.643704625000055
              ],
              [
                3.38806321900006,
                42.64368637600006
              ],
              [
                3.387821898000027,
                42.64364889500007
              ],
              [
                3.387821862000067,
                42.643648889000076
              ],
              [
                3.387701332000063,
                42.643629661000034
              ],
              [
                3.386739015000046,
                42.643472073000055
              ],
              [
                3.386498961000029,
                42.643430727000066
              ],
              [
                3.386020131000066,
                42.64334417800006
              ],
              [
                3.385781354000073,
                42.64329897400006
              ],
              [
                3.384829281000066,
                42.64311053200004
              ],
              [
                3.384591921000037,
                42.64306149600003
              ],
              [
                3.384591899000043,
                42.643061491000026
              ],
              [
                3.384118675000025,
                42.642959603000065
              ],
              [
                3.384118647000037,
                42.64295959700007
              ],
              [
                3.383882803000063,
                42.642906749000076
              ],
              [
                3.383882775000075,
                42.642906743000026
              ],
              [
                3.382942777000039,
                42.64268781100003
              ],
              [
                3.382942749000051,
                42.64268780400005
              ],
              [
                3.382825536000041,
                42.64265998500008
              ],
              [
                3.382825508000053,
                42.64265997800004
              ],
              [
                3.382591528000034,
                42.64260340300007
              ],
              [
                3.382591493000064,
                42.64260339500004
              ],
              [
                3.382474739000031,
                42.642574644000035
              ],
              [
                3.382008446000043,
                42.64245772800007
              ],
              [
                3.381892319000031,
                42.64242808900008
              ],
              [
                3.381660525000029,
                42.642367885000056
              ],
              [
                3.381545338000024,
                42.64233744900008
              ],
              [
                3.381428912000047,
                42.64230562400007
              ],
              [
                3.381197506000035,
                42.642241298000044
              ],
              [
                3.381082043000049,
                42.64220866800008
              ],
              [
                3.380622150000022,
                42.64207656600007
              ],
              [
                3.38050744100002,
                42.64204308300003
              ],
              [
                3.380507407000039,
                42.642043073000025
              ],
              [
                3.38027846500006,
                42.641975176000074
              ],
              [
                3.380278438000062,
                42.641975168000045
              ],
              [
                3.380164204000039,
                42.64194075300003
              ],
              [
                3.379253632000029,
                42.64166213200008
              ],
              [
                3.379026973000066,
                42.64159062700003
              ],
              [
                3.378575805000025,
                42.64144397800004
              ],
              [
                3.378351298000041,
                42.64136883300006
              ],
              [
                3.377458073000071,
                42.64106114000003
              ],
              [
                3.377235859000052,
                42.64098240000004
              ],
              [
                3.377235825000071,
                42.640982388000054
              ],
              [
                3.376793797000062,
                42.640821354000025
              ],
              [
                3.376793777000046,
                42.64082134700004
              ],
              [
                3.376573975000042,
                42.640739059000055
              ],
              [
                3.376573957000062,
                42.64073905200007
              ],
              [
                3.375699797000038,
                42.64040288000007
              ],
              [
                3.375699779000058,
                42.64040287300003
              ],
              [
                3.375590959000021,
                42.64036046600006
              ],
              [
                3.375373930000023,
                42.640274771000065
              ],
              [
                3.375265734000038,
                42.64023148800004
              ],
              [
                3.37526570700004,
                42.640231476000054
              ],
              [
                3.374834272000044,
                42.64005663000006
              ],
              [
                3.374834247000024,
                42.64005662000005
              ],
              [
                3.374727052000026,
                42.640012616000035
              ],
              [
                3.374513267000054,
                42.63992373200006
              ],
              [
                3.374407351000059,
                42.639879138000026
              ],
              [
                3.374299824000047,
                42.639832710000064
              ],
              [
                3.37408676900003,
                42.63973955100005
              ],
              [
                3.373980587000062,
                42.639692540000055
              ],
              [
                3.373558585000069,
                42.639503372000036
              ],
              [
                3.373453429000051,
                42.63945565100005
              ],
              [
                3.373243828000057,
                42.639359365000075
              ],
              [
                3.373139385000059,
                42.63931079900004
              ],
              [
                3.372308259000022,
                42.63891962300005
              ],
              [
                3.372101875000055,
                42.638820130000056
              ],
              [
                3.372101853000061,
                42.63882012000005
              ],
              [
                3.371692096000061,
                42.638617844000066
              ],
              [
                3.371488709000062,
                42.63851505300005
              ],
              [
                3.370681508000075,
                42.63809747300007
              ],
              [
                3.370481192000057,
                42.63799142000005
              ],
              [
                3.370083774000022,
                42.63777612700005
              ],
              [
                3.37008374800007,
                42.63777611300003
              ],
              [
                3.369886647000044,
                42.637666875000036
              ],
              [
                3.369104906000075,
                42.63722368400005
              ],
              [
                3.369007759000056,
                42.637167985000076
              ],
              [
                3.368814303000022,
                42.637055814000064
              ],
              [
                3.368718001000047,
                42.636999348000074
              ],
              [
                3.368717981000032,
                42.63699933600003
              ],
              [
                3.368334430000061,
                42.636771913000075
              ],
              [
                3.368334408000067,
                42.63677190000004
              ],
              [
                3.368239307000067,
                42.636714881000046
              ],
              [
                3.368049937000023,
                42.63660007900006
              ],
              [
                3.367956420000041,
                42.636542760000054
              ],
              [
                3.367877637000049,
                42.63649348700005
              ],
              [
                3.367877613000076,
                42.63649347200004
              ],
              [
                3.367722158000049,
                42.636395341000025
              ],
              [
                3.367722127000036,
                42.636395321000066
              ],
              [
                3.367644720000044,
                42.63634600800003
              ],
              [
                3.36764469700006,
                42.63634599400007
              ],
              [
                3.367337660000032,
                42.636148594000076
              ],
              [
                3.367337639000027,
                42.63614858100004
              ],
              [
                3.367261194000037,
                42.63609898400006
              ],
              [
                3.367108875000042,
                42.63599925800003
              ],
              [
                3.367033019000075,
                42.63594914200007
              ],
              [
                3.366430164000064,
                42.63554721700007
              ],
              [
                3.366382907000059,
                42.63551553100007
              ],
              [
                3.366382875000056,
                42.63551551000006
              ],
              [
                3.366288651000048,
                42.635451972000055
              ],
              [
                3.36628861600002,
                42.635451948000025
              ],
              [
                3.366241669000033,
                42.63542011000004
              ],
              [
                3.366241645000059,
                42.63542009400004
              ],
              [
                3.366054129000077,
                42.63529220500004
              ],
              [
                3.366054112000029,
                42.635292194000044
              ],
              [
                3.366007350000075,
                42.635260120000055
              ],
              [
                3.366007270000068,
                42.63526006500007
              ],
              [
                3.365914073000056,
                42.635195777000035
              ],
              [
                3.365913990000024,
                42.63519572000007
              ],
              [
                3.365867559000037,
                42.63516351000004
              ],
              [
                3.365398368000058,
                42.63483617800006
              ],
              [
                3.365318117000072,
                42.634779636000076
              ],
              [
                3.365318069000068,
                42.63477960200004
              ],
              [
                3.365158374000032,
                42.634665976000065
              ],
              [
                3.365158320000035,
                42.63466593700008
              ],
              [
                3.365078882000034,
                42.634608857000046
              ],
              [
                3.365078854000046,
                42.63460883800008
              ],
              [
                3.364762451000047,
                42.63437924300007
              ],
              [
                3.364762431000031,
                42.63437922800006
              ],
              [
                3.364683730000024,
                42.63432155500004
              ],
              [
                3.364527063000025,
                42.63420561600003
              ],
              [
                3.364527035000037,
                42.634205595000026
              ],
              [
                3.364449090000051,
                42.63414734400004
              ],
              [
                3.364437516000066,
                42.634138602000064
              ],
              [
                3.363820205000025,
                42.633672653000076
              ],
              [
                3.36378809200005,
                42.63364884600003
              ],
              [
                3.363750042000049,
                42.63362069300007
              ],
              [
                3.291303734000053,
                42.63362726300005
              ],
              [
                3.291186341000071,
                42.63370930200006
              ],
              [
                3.29074335100006,
                42.63401733000006
              ],
              [
                3.290388120000046,
                42.634263099000066
              ],
              [
                3.29004195300007,
                42.634501397000065
              ],
              [
                3.289685070000075,
                42.63474584200003
              ],
              [
                3.289039224000021,
                42.635185989000036
              ],
              [
                3.288681061000034,
                42.63542885500004
              ],
              [
                3.288332054000023,
                42.63566432600004
              ],
              [
                3.287977051000041,
                42.63590265700003
              ],
              [
                3.287533023000037,
                42.63619928000003
              ],
              [
                3.287213193000071,
                42.63641198600004
              ],
              [
                3.286918480000054,
                42.63660711500006
              ],
              [
                3.286512860000073,
                42.636874169000066
              ],
              [
                3.286136297000041,
                42.63712070100007
              ],
              [
                3.286001829000043,
                42.63720857100003
              ],
              [
                3.285682016000067,
                42.63741625200004
              ],
              [
                3.285273725000025,
                42.63768021800007
              ],
              [
                3.284780165000029,
                42.637997152000025
              ],
              [
                3.284073431000024,
                42.63844789600006
              ],
              [
                3.283499550000045,
                42.63881103800003
              ],
              [
                3.282788506000031,
                42.639257445000055
              ],
              [
                3.282432902000039,
                42.639479616000074
              ],
              [
                3.282048455000051,
                42.63971864100006
              ],
              [
                3.281633222000039,
                42.63997535100003
              ],
              [
                3.281136622000076,
                42.64028063000006
              ],
              [
                3.280671926000025,
                42.64056449700007
              ],
              [
                3.28011729900004,
                42.64090116500006
              ],
              [
                3.279717092000055,
                42.64114278100004
              ],
              [
                3.278714661000038,
                42.64174469400007
              ],
              [
                3.278312712000059,
                42.64198473300007
              ],
              [
                3.277753249000057,
                42.64231702400008
              ],
              [
                3.277282126000046,
                42.64259507200006
              ],
              [
                3.276776104000021,
                42.642891820000045
              ],
              [
                3.276351067000064,
                42.64313965200006
              ],
              [
                3.275955753000062,
                42.64336883500005
              ],
              [
                3.27563574900006,
                42.64355356000004
              ],
              [
                3.275069194000025,
                42.64387920100006
              ],
              [
                3.274796855000034,
                42.64403516200008
              ],
              [
                3.27466828200005,
                42.644108396000036
              ],
              [
                3.274113618000058,
                42.644423783000036
              ],
              [
                3.273386323000068,
                42.644833317000064
              ],
              [
                3.273243077000075,
                42.64491319500007
              ],
              [
                3.272653242000047,
                42.64523951600006
              ],
              [
                3.272373083000048,
                42.64539636200004
              ],
              [
                3.270775076000064,
                42.64627213500006
              ],
              [
                3.270515284000055,
                42.64641149200003
              ],
              [
                3.270310738000035,
                42.646520913000074
              ],
              [
                3.269949957000051,
                42.646716430000026
              ],
              [
                3.269747014000075,
                42.64682588000005
              ],
              [
                3.268798569000069,
                42.64733096300006
              ],
              [
                3.26787738500002,
                42.647815335000075
              ],
              [
                3.267369873000064,
                42.64808038800004
              ],
              [
                3.26695858100004,
                42.64829373500004
              ],
              [
                3.266554965000068,
                42.648501975000045
              ],
              [
                3.266024285000071,
                42.648774296000056
              ],
              [
                3.265578661000063,
                42.64900161300005
              ],
              [
                3.265164312000024,
                42.64921171800006
              ],
              [
                3.264828969000064,
                42.64938100200004
              ],
              [
                3.26376072100004,
                42.64991783700003
              ],
              [
                3.263424416000021,
                42.650086083000076
              ],
              [
                3.26300769300002,
                42.65029362200005
              ],
              [
                3.262915808000059,
                42.65033932700004
              ],
              [
                3.262559332000023,
                42.65051558300007
              ],
              [
                3.262024539000038,
                42.650778745000025
              ],
              [
                3.26143171800004,
                42.651068156000065
              ],
              [
                3.261047002000055,
                42.65125448300006
              ],
              [
                3.260127318000059,
                42.65169445600003
              ],
              [
                3.259634067000036,
                42.651932274000046
              ],
              [
                3.259358790000022,
                42.65206412100008
              ],
              [
                3.258766412000057,
                42.65234560000005
              ],
              [
                3.258421583000029,
                42.65250815100006
              ],
              [
                3.257696415000055,
                42.65284667700007
              ],
              [
                3.257298266000021,
                42.65303073200005
              ],
              [
                3.256375626000022,
                42.65345197800008
              ],
              [
                3.256308718000071,
                42.653482146000044
              ],
              [
                3.255346259000021,
                42.65392248400008
              ],
              [
                3.255091500000049,
                42.65481058600005
              ],
              [
                3.254975189000049,
                42.65521042900008
              ],
              [
                3.25491785600002,
                42.65540482600005
              ],
              [
                3.254919482000048,
                42.65553037600006
              ],
              [
                3.254923424000026,
                42.65598557900006
              ],
              [
                3.254923432000055,
                42.65598735300006
              ],
              [
                3.254925194000066,
                42.656393310000055
              ],
              [
                3.254925212000046,
                42.65684991200004
              ],
              [
                3.254923602000076,
                42.65722794700008
              ],
              [
                3.254921426000067,
                42.65753293400007
              ],
              [
                3.254918244000066,
                42.65785100800008
              ],
              [
                3.254913053000053,
                42.658232686000076
              ],
              [
                3.254903937000051,
                42.65876276400007
              ],
              [
                3.254896002000066,
                42.65914440800003
              ],
              [
                3.254883075000066,
                42.65967441400005
              ],
              [
                3.254874915000073,
                42.65997425200004
              ],
              [
                3.254863770000043,
                42.660345247000066
              ],
              [
                3.254850255000065,
                42.660744987000044
              ],
              [
                3.254832332000035,
                42.66122191200003
              ],
              [
                3.254817432000038,
                42.66158526000004
              ],
              [
                3.254814551000038,
                42.66165010200007
              ],
              [
                3.254913372000033,
                42.66192894300008
              ],
              [
                3.255018262000021,
                42.662227347000055
              ],
              [
                3.255125093000061,
                42.66253404500003
              ],
              [
                3.255254186000059,
                42.66290806500007
              ],
              [
                3.255356564000067,
                42.66320736400007
              ],
              [
                3.255454860000043,
                42.66349734500005
              ],
              [
                3.255555101000027,
                42.663795770000036
              ],
              [
                3.25573447000005,
                42.66433468500003
              ],
              [
                3.255832954000027,
                42.66463333000007
              ],
              [
                3.255927862000021,
                42.66492382800004
              ],
              [
                3.256024643000046,
                42.66522286000003
              ],
              [
                3.256144539000047,
                42.66559684200007
              ],
              [
                3.256239901000072,
                42.665897167000026
              ],
              [
                3.256331789000058,
                42.66618936700007
              ],
              [
                3.25642696500006,
                42.66649504700007
              ],
              [
                3.256702607000022,
                42.667389240000034
              ],
              [
                3.25680937900006,
                42.667739648000065
              ],
              [
                3.256913496000038,
                42.66808536800005
              ],
              [
                3.257019393000064,
                42.66844124800008
              ],
              [
                3.257150598000067,
                42.66888756900005
              ],
              [
                3.257254329000034,
                42.66924480000006
              ],
              [
                3.257354006000071,
                42.66959237200007
              ],
              [
                3.257455164000021,
                42.66994957700007
              ],
              [
                3.257635574000062,
                42.67059479400007
              ],
              [
                3.257711122000046,
                42.670867645000044
              ],
              [
                3.257732091000037,
                42.67094434400008
              ],
              [
                3.257824597000024,
                42.67128366700007
              ],
              [
                3.257910539000022,
                42.671602637000035
              ],
              [
                3.258010282000043,
                42.67197724700003
              ],
              [
                3.258097744000054,
                42.67230986900006
              ],
              [
                3.258194360000061,
                42.67268198600004
              ],
              [
                3.258305641000049,
                42.673117846000025
              ],
              [
                3.258449459000076,
                42.67369084000006
              ],
              [
                3.258556221000049,
                42.67412357400008
              ],
              [
                3.258698331000062,
                42.67470973800005
              ],
              [
                3.258830844000045,
                42.67526903500004
              ],
              [
                3.258941185000026,
                42.675745826000025
              ],
              [
                3.259025836000035,
                42.67611746600005
              ],
              [
                3.259105308000073,
                42.67647204900004
              ],
              [
                3.259199282000054,
                42.676899312000046
              ],
              [
                3.25932702700004,
                42.67749136800006
              ],
              [
                3.259416821000059,
                42.67791568100006
              ],
              [
                3.259526968000046,
                42.67844655500005
              ],
              [
                3.259604376000027,
                42.67882640600004
              ],
              [
                3.259709375000057,
                42.67935117500008
              ],
              [
                3.259814187000075,
                42.67988905300007
              ],
              [
                3.259943623000026,
                42.680571572000076
              ],
              [
                3.260007751000046,
                42.68091577600006
              ],
              [
                3.260048467000047,
                42.68114097600005
              ],
              [
                3.260245577000035,
                42.68224446200003
              ],
              [
                3.260316442000033,
                42.68265007400004
              ],
              [
                3.260406276000026,
                42.683176048000064
              ],
              [
                3.260479885000052,
                42.683618039000066
              ],
              [
                3.260556765000047,
                42.684091773000034
              ],
              [
                3.260619702000042,
                42.68448894200003
              ],
              [
                3.260676722000028,
                42.68485764400003
              ],
              [
                3.260721962000048,
                42.685155687000076
              ],
              [
                3.260800439000036,
                42.68568262100007
              ],
              [
                3.260843995000073,
                42.68598080100003
              ],
              [
                3.260896849000062,
                42.68634984100004
              ],
              [
                3.260960883000052,
                42.68681117800003
              ],
              [
                3.261046019000048,
                42.68744466800007
              ],
              [
                3.261109923000049,
                42.68793743200007
              ],
              [
                3.261161508000043,
                42.68835017300006
              ],
              [
                3.261210144000074,
                42.68875161700004
              ],
              [
                3.261234699000056,
                42.68896089900005
              ],
              [
                3.261271177000026,
                42.689280075000056
              ],
              [
                3.26131355900003,
                42.68966103400004
              ],
              [
                3.26134683600003,
                42.689968211000064
              ],
              [
                3.26138026600006,
                42.690285362000054
              ],
              [
                3.261419013000022,
                42.69066600700006
              ],
              [
                3.261470924000037,
                42.69119476000003
              ],
              [
                3.261495233000062,
                42.691448595000054
              ],
              [
                3.261506931000042,
                42.69157553500003
              ],
              [
                3.261555037000051,
                42.69210445500005
              ],
              [
                3.261581407000051,
                42.69240373100007
              ],
              [
                3.26161299100005,
                42.69277409600005
              ],
              [
                3.26163480200006,
                42.69303757500006
              ],
              [
                3.261646486000075,
                42.69318310800003
              ],
              [
                3.261720518000061,
                42.694235872000036
              ],
              [
                3.261730352000029,
                42.69437374300003
              ],
              [
                3.26176188200003,
                42.69482405600007
              ],
              [
                3.261823624000044,
                42.69584716500003
              ],
              [
                3.261834024000052,
                42.696052370000075
              ],
              [
                3.26184592900006,
                42.69629856700004
              ],
              [
                3.261862439000026,
                42.69656240100005
              ],
              [
                3.261887884000032,
                42.696997612000075
              ],
              [
                3.261913547000063,
                42.69746977700004
              ],
              [
                3.261950839000065,
                42.69826600500005
              ],
              [
                3.261966610000059,
                42.69866710800005
              ],
              [
                3.261989156000027,
                42.699353518000066
              ],
              [
                3.261999795000065,
                42.699756931000024
              ],
              [
                3.262010881000037,
                42.700272271000074
              ],
              [
                3.262028003000069,
                42.70094963400004
              ],
              [
                3.262032008000062,
                42.701161668000054
              ],
              [
                3.262040935000073,
                42.70192504500005
              ],
              [
                3.262041471000032,
                42.70217501700006
              ],
              [
                3.262043887000061,
                42.70246433400007
              ],
              [
                3.26204526600003,
                42.702709381000034
              ],
              [
                3.262045568000076,
                42.70276909800003
              ],
              [
                3.26204539500003,
                42.70328237000007
              ],
              [
                3.262043233000043,
                42.703700006000076
              ],
              [
                3.262035267000044,
                42.70438487400003
              ],
              [
                3.262026801000047,
                42.70485293100006
              ],
              [
                3.262014795000027,
                42.705374763000066
              ],
              [
                3.262008055000024,
                42.70561607900004
              ],
              [
                3.261994936000065,
                42.70602837800004
              ],
              [
                3.261984183000038,
                42.70646927300004
              ],
              [
                3.261974183000063,
                42.70681954500003
              ],
              [
                3.26195420800002,
                42.70740570000004
              ],
              [
                3.261944012000072,
                42.70766312600006
              ],
              [
                3.261925759000064,
                42.70808210400003
              ],
              [
                3.26190845900004,
                42.70844615900006
              ],
              [
                3.26189361400003,
                42.70874123800007
              ],
              [
                3.261842999000066,
                42.70969451000008
              ],
              [
                3.261826239000072,
                42.70999416600006
              ],
              [
                3.261804453000025,
                42.71036492200005
              ],
              [
                3.261779471000068,
                42.71076438100005
              ],
              [
                3.261747866000064,
                42.711240942000074
              ],
              [
                3.26172254200003,
                42.71160399300004
              ],
              [
                3.261695420000024,
                42.711974558000065
              ],
              [
                3.261663107000061,
                42.71239333800003
              ],
              [
                3.261607297000069,
                42.71308127200007
              ],
              [
                3.261593150000067,
                42.71325223500003
              ],
              [
                3.261578329000031,
                42.71342456700006
              ],
              [
                3.261545873000046,
                42.71379489900005
              ],
              [
                3.261509394000029,
                42.71419389300007
              ],
              [
                3.261464072000024,
                42.71466988200007
              ],
              [
                3.261415754000041,
                42.71515395800003
              ],
              [
                3.26135408600004,
                42.71574452800007
              ],
              [
                3.261277281000048,
                42.716436420000036
              ],
              [
                3.261210034000044,
                42.717008244000056
              ],
              [
                3.261139902000025,
                42.717578236000065
              ],
              [
                3.261051744000042,
                42.71826436900005
              ],
              [
                3.260977461000039,
                42.71881956200008
              ],
              [
                3.260882090000052,
                42.71950513200005
              ],
              [
                3.260821471000042,
                42.719928536000054
              ],
              [
                3.260743871000045,
                42.720455591000075
              ],
              [
                3.260676826000065,
                42.720898169000066
              ],
              [
                3.260603003000028,
                42.72137218900008
              ],
              [
                3.260539632000075,
                42.72176933800006
              ],
              [
                3.260479433000057,
                42.72213778100007
              ],
              [
                3.260429939000062,
                42.72243546900006
              ],
              [
                3.260428078000075,
                42.72244647600007
              ],
              [
                3.260428385000068,
                42.72247058900007
              ],
              [
                3.260432154000057,
                42.72290866700007
              ],
              [
                3.260432520000052,
                42.72301403900008
              ],
              [
                3.260433864000049,
                42.723554431000025
              ],
              [
                3.260432245000061,
                42.72412115600008
              ],
              [
                3.260427192000066,
                42.72473736100005
              ],
              [
                3.260420201000045,
                42.725267160000044
              ],
              [
                3.260406240000066,
                42.726034593000065
              ],
              [
                3.260392612000032,
                42.72661129100004
              ],
              [
                3.260374765000051,
                42.72722515800007
              ],
              [
                3.260360460000072,
                42.727656755000055
              ],
              [
                3.26033048000005,
                42.72846224600005
              ],
              [
                3.260319480000021,
                42.72873843200006
              ],
              [
                3.260308086000066,
                42.729006930000025
              ],
              [
                3.260289752000062,
                42.72940389000007
              ],
              [
                3.260259112000028,
                42.73001748300004
              ],
              [
                3.26023010800003,
                42.73054554400005
              ],
              [
                3.260184157000026,
                42.731312399000046
              ],
              [
                3.260146484000074,
                42.731888681000044
              ],
              [
                3.260103013000048,
                42.73250242900008
              ],
              [
                3.260063089000028,
                42.73302900900006
              ],
              [
                3.260024654000063,
                42.73350464600003
              ],
              [
                3.260008901000049,
                42.73369532000004
              ],
              [
                3.259997346000034,
                42.733830141000055
              ],
              [
                3.259971974000052,
                42.73412182900006
              ],
              [
                3.259940940000035,
                42.73446570300007
              ],
              [
                3.259880850000059,
                42.73510828000008
              ],
              [
                3.259841365000057,
                42.735513798000056
              ],
              [
                3.259787811000024,
                42.73604285600004
              ],
              [
                3.259753899000032,
                42.736367941000026
              ],
              [
                3.259725083000035,
                42.73663621400004
              ],
              [
                3.259680279000065,
                42.73703894400006
              ],
              [
                3.259629780000068,
                42.73747773900004
              ],
              [
                3.259574600000064,
                42.737939521000044
              ],
              [
                3.259511709000037,
                42.73844710800006
              ],
              [
                3.259452392000071,
                42.73890936300006
              ],
              [
                3.259382261000042,
                42.739437688000066
              ],
              [
                3.259324244000027,
                42.73986177900008
              ],
              [
                3.259227680000038,
                42.74054727500004
              ],
              [
                3.259146591000047,
                42.74110195600008
              ],
              [
                3.25904280900005,
                42.74178690600007
              ],
              [
                3.258960204000061,
                42.74231442000007
              ],
              [
                3.258976689000065,
                42.742579927000065
              ],
              [
                3.258998993000034,
                42.742961292000075
              ],
              [
                3.259028064000063,
                42.74349102300005
              ],
              [
                3.259055070000045,
                42.74403387400008
              ],
              [
                3.25908580600003,
                42.744722712000055
              ],
              [
                3.259107753000023,
                42.745280372000025
              ],
              [
                3.259131240000045,
                42.745969339000055
              ],
              [
                3.25914184800007,
                42.74631322000005
              ],
              [
                3.259152088000064,
                42.74668426000005
              ],
              [
                3.259161618000064,
                42.747084218000055
              ],
              [
                3.259171190000075,
                42.74756154500005
              ],
              [
                3.259178930000076,
                42.74806842700008
              ],
              [
                3.259185480000042,
                42.74869276100003
              ],
              [
                3.259187871000051,
                42.74901278100003
              ],
              [
                3.259188315000074,
                42.74934207100006
              ],
              [
                3.259187374000021,
                42.749877584000046
              ],
              [
                3.259184244000039,
                42.75036797000007
              ],
              [
                3.259177589000046,
                42.75097249500004
              ],
              [
                3.259179150000023,
                42.75115384900005
              ],
              [
                3.259185641000045,
                42.75209516800004
              ],
              [
                3.259186376000059,
                42.75222465600007
              ],
              [
                3.259186902000067,
                42.75246445100004
              ],
              [
                3.259186875000069,
                42.752856026000075
              ],
              [
                3.259185230000071,
                42.753269904000035
              ],
              [
                3.259181436000063,
                42.75375153200008
              ],
              [
                3.259175988000038,
                42.75420111100004
              ],
              [
                3.259167239000021,
                42.75473591100007
              ],
              [
                3.25915847300007,
                42.755165368000064
              ],
              [
                3.259141475000035,
                42.75586016800003
              ],
              [
                3.259129440000038,
                42.75628308900008
              ],
              [
                3.259117299000025,
                42.756657235000034
              ],
              [
                3.259075180000025,
                42.75766159500006
              ],
              [
                3.259033293000073,
                42.75859942300008
              ],
              [
                3.259029361000046,
                42.75867287500006
              ],
              [
                3.258980048000069,
                42.75947922100005
              ],
              [
                3.258980025000028,
                42.75947971700003
              ],
              [
                3.258965143000069,
                42.75977921800006
              ],
              [
                3.258947222000074,
                42.760120405000066
              ],
              [
                3.258918626000025,
                42.76061993400003
              ],
              [
                3.258900169000071,
                42.76091775300006
              ],
              [
                3.258852348000062,
                42.76161508700005
              ],
              [
                3.258834565000029,
                42.76185161500007
              ],
              [
                3.25879541200004,
                42.762342044000036
              ],
              [
                3.258793503000049,
                42.76236458200003
              ],
              [
                3.25878896100005,
                42.76241807900004
              ],
              [
                3.258770839000022,
                42.76266046500007
              ],
              [
                3.258730024000045,
                42.76317304400004
              ],
              [
                3.258714649000069,
                42.76335144700005
              ],
              [
                3.258684306000021,
                42.76369674600005
              ],
              [
                3.258648970000024,
                42.76408275800003
              ],
              [
                3.258603269000048,
                42.764562753000064
              ],
              [
                3.258578809000028,
                42.76481338000008
              ],
              [
                3.258585244000074,
                42.76509672800006
              ],
              [
                3.258591457000023,
                42.76541152300007
              ],
              [
                3.258599649000075,
                42.76590006300006
              ],
              [
                3.258604806000051,
                42.76629572400003
              ],
              [
                3.258608619000029,
                42.76670563700003
              ],
              [
                3.258646063000072,
                42.76711705100007
              ],
              [
                3.258679355000027,
                42.76749799000004
              ],
              [
                3.258723690000068,
                42.76802715900004
              ],
              [
                3.258766338000044,
                42.768569478000074
              ],
              [
                3.258816922000051,
                42.76925769500008
              ],
              [
                3.25885598900004,
                42.769831656000065
              ],
              [
                3.258925633000047,
                42.77094359500006
              ],
              [
                3.258949646000076,
                42.77135221300006
              ],
              [
                3.25897873100007,
                42.77188195800005
              ],
              [
                3.258996505000027,
                42.772226078000074
              ],
              [
                3.259080943000072,
                42.772614582000074
              ],
              [
                3.259159231000069,
                42.77298119900007
              ],
              [
                3.259230689000049,
                42.77332112400006
              ],
              [
                3.259371657000031,
                42.77400245800004
              ],
              [
                3.259482869000067,
                42.77455431900006
              ],
              [
                3.259616670000071,
                42.775236464000045
              ],
              [
                3.259719374000042,
                42.775774401000035
              ],
              [
                3.259816921000038,
                42.77629968900004
              ],
              [
                3.259840181000072,
                42.776425774000074
              ],
              [
                3.259885793000024,
                42.77667803300005
              ],
              [
                3.260054526000033,
                42.77762397600003
              ],
              [
                3.260120675000053,
                42.778002584000035
              ],
              [
                3.260210655000037,
                42.778528606000066
              ],
              [
                3.260284383000055,
                42.778970636000054
              ],
              [
                3.260361387000046,
                42.77944441300008
              ],
              [
                3.260424426000043,
                42.779841617000045
              ],
              [
                3.260481539000068,
                42.78021035300003
              ],
              [
                3.260533364000025,
                42.780552208000074
              ],
              [
                3.260634981000067,
                42.78123733900003
              ],
              [
                3.260714323000059,
                42.78179219000003
              ],
              [
                3.260808733000033,
                42.782477920000076
              ],
              [
                3.260870594000039,
                42.78294222100004
              ],
              [
                3.260919070000057,
                42.78331861300006
              ],
              [
                3.260957924000024,
                42.78362736200006
              ],
              [
                3.260981904000062,
                42.783822489000045
              ],
              [
                3.261029933000032,
                42.784225959000025
              ],
              [
                3.261079577000032,
                42.78465691500003
              ],
              [
                3.261128542000051,
                42.78509808600006
              ],
              [
                3.261179427000059,
                42.78557460300004
              ],
              [
                3.261216941000043,
                42.785937653000076
              ],
              [
                3.261253909000061,
                42.78630778300004
              ],
              [
                3.261286342000062,
                42.786643223000056
              ],
              [
                3.261294037000027,
                42.78672622700003
              ],
              [
                3.261357247000035,
                42.78741386400003
              ],
              [
                3.261394591000055,
                42.78783875700003
              ],
              [
                3.261438966000071,
                42.78836793500005
              ],
              [
                3.261474373000055,
                42.78881252900004
              ],
              [
                3.261510308000027,
                42.78928896000008
              ],
              [
                3.261538918000042,
                42.78968831700007
              ],
              [
                3.26156407000002,
                42.790058986000076
              ],
              [
                3.26158523700002,
                42.790385823000065
              ],
              [
                3.26165381200002,
                42.79149781900003
              ],
              [
                3.261678895000045,
                42.791933691000054
              ],
              [
                3.261698706000061,
                42.792304536000074
              ],
              [
                3.261716867000075,
                42.792667849000054
              ],
              [
                3.261739066000075,
                42.793144736000045
              ],
              [
                3.261756164000076,
                42.79354445200005
              ],
              [
                3.261770630000058,
                42.79391543200006
              ],
              [
                3.261782923000055,
                42.79425929800004
              ],
              [
                3.26180531600005,
                42.794948317000035
              ],
              [
                3.261817285000063,
                42.795367714000065
              ],
              [
                3.261826405000022,
                42.79573878600007
              ],
              [
                3.261834102000023,
                42.796102845000064
              ],
              [
                3.261842564000062,
                42.796580798000036
              ],
              [
                3.261848551000071,
                42.79702342300004
              ],
              [
                3.261852594000061,
                42.79745592300003
              ],
              [
                3.261854372000073,
                42.79771258300008
              ],
              [
                3.261854901000049,
                42.797980736000056
              ],
              [
                3.261854669000058,
                42.79839527100006
              ],
              [
                3.261852671000042,
                42.798826682000026
              ],
              [
                3.261848515000054,
                42.79930427700003
              ],
              [
                3.26184409800004,
                42.79966811000003
              ],
              [
                3.261838319000049,
                42.80003922100008
              ],
              [
                3.261830126000064,
                42.80045866900008
              ],
              [
                3.261813936000067,
                42.80114778600006
              ],
              [
                3.26180473900007,
                42.801491707000025
              ],
              [
                3.26179361100003,
                42.801862752000034
              ],
              [
                3.261780110000075,
                42.802262546000065
              ],
              [
                3.261762201000067,
                42.80273953400007
              ],
              [
                3.261747308000054,
                42.80310293200006
              ],
              [
                3.261730832000069,
                42.80347386900007
              ],
              [
                3.261709669000027,
                42.80390985900004
              ],
              [
                3.261651087000075,
                42.80502218000004
              ],
              [
                3.261632856000062,
                42.80534911700005
              ],
              [
                3.261611033000065,
                42.805719906000036
              ],
              [
                3.261586009000041,
                42.80611940000006
              ],
              [
                3.261554351000029,
                42.80659600300004
              ],
              [
                3.261528984000051,
                42.80695908700005
              ],
              [
                3.26150181600002,
                42.80732968400008
              ],
              [
                3.261465858000065,
                42.80779247100003
              ],
              [
                3.261396348000062,
                42.808639209000034
              ],
              [
                3.261385768000025,
                42.80876621800007
              ],
              [
                3.261356338000041,
                42.80910182100007
              ],
              [
                3.26132268300006,
                42.80947213600007
              ],
              [
                3.261288216000025,
                42.80983742500007
              ],
              [
                3.26124126000002,
                42.81031739300005
              ],
              [
                3.261184626000045,
                42.810866891000046
              ],
              [
                3.261150372000031,
                42.81118317800008
              ],
              [
                3.261153831000058,
                42.81120389300003
              ],
              [
                3.261252641000056,
                42.81181748600005
              ],
              [
                3.261295654000037,
                42.812094771000034
              ],
              [
                3.261410813000055,
                42.812874828000076
              ],
              [
                3.261410831000035,
                42.812874958000066
              ],
              [
                3.261462591000054,
                42.81321087800006
              ],
              [
                3.261492047000047,
                42.81340613400005
              ],
              [
                3.26157063900007,
                42.81394564900006
              ],
              [
                3.261600122000061,
                42.81415550400004
              ],
              [
                3.261682692000022,
                42.81476887400004
              ],
              [
                3.261714858000062,
                42.81501871300003
              ],
              [
                3.261789726000075,
                42.81562777400006
              ],
              [
                3.261823856000035,
                42.815889199000026
              ],
              [
                3.261843966000072,
                42.81604624700003
              ],
              [
                3.261954053000068,
                42.81696955800004
              ],
              [
                3.262009078000062,
                42.817467882000074
              ],
              [
                3.26204658100005,
                42.817818112000054
              ],
              [
                3.262049248000039,
                42.81784381400007
              ],
              [
                3.26208646300006,
                42.818083899000044
              ],
              [
                3.262131814000043,
                42.81838197800005
              ],
              [
                3.262210484000036,
                42.818908977000035
              ],
              [
                3.262254153000072,
                42.81920723300004
              ],
              [
                3.262307144000033,
                42.819576374000064
              ],
              [
                3.262363425000046,
                42.819979283000066
              ],
              [
                3.26242922900002,
                42.82046375400006
              ],
              [
                3.262435829000026,
                42.820512508000036
              ],
              [
                3.262461004000045,
                42.82068185000003
              ],
              [
                3.262557377000064,
                42.821337259000074
              ],
              [
                3.262605871000062,
                42.82167447300003
              ],
              [
                3.262637073000064,
                42.82189643800007
              ],
              [
                3.262691977000031,
                42.82223392000003
              ],
              [
                3.262717072000044,
                42.82238961500008
              ],
              [
                3.26272209800004,
                42.82240070600005
              ],
              [
                3.262910998000052,
                42.82282190500007
              ],
              [
                3.263131519000069,
                42.82331874600004
              ],
              [
                3.263413509000031,
                42.82396435700008
              ],
              [
                3.263602362000029,
                42.82440382300007
              ],
              [
                3.263833908000038,
                42.82495017300005
              ],
              [
                3.264042881000023,
                42.82544056000006
              ],
              [
                3.264187598000035,
                42.825784449000025
              ],
              [
                3.264364876000059,
                42.82621037100006
              ],
              [
                3.264530814000068,
                42.82661349400007
              ],
              [
                3.26464689200003,
                42.82689759300007
              ],
              [
                3.264781492000054,
                42.82722950400006
              ],
              [
                3.264929260000031,
                42.827597457000024
              ],
              [
                3.265163152000071,
                42.82818562400007
              ],
              [
                3.265308257000072,
                42.828554154000074
              ],
              [
                3.265517912000064,
                42.829091977000076
              ],
              [
                3.265629420000039,
                42.82938028500007
              ],
              [
                3.265786848000062,
                42.829790564000064
              ],
              [
                3.265957971000034,
                42.830242146000046
              ],
              [
                3.266218322000043,
                42.83093793300003
              ],
              [
                3.266310508000061,
                42.83118602600007
              ],
              [
                3.266408026000022,
                42.831452342000034
              ],
              [
                3.266594854000061,
                42.83196647300008
              ],
              [
                3.266797243000042,
                42.832532634000074
              ],
              [
                3.266994700000055,
                42.83309426400007
              ],
              [
                3.267173014000036,
                42.83360927200005
              ],
              [
                3.267395737000072,
                42.83426260700003
              ],
              [
                3.267503023000074,
                42.834580377000066
              ],
              [
                3.267579481000041,
                42.83480905700003
              ],
              [
                3.267691418000027,
                42.835147377000055
              ],
              [
                3.267862742000034,
                42.83567068700006
              ],
              [
                3.267981891000034,
                42.836038873000064
              ],
              [
                3.26820182900002,
                42.83672651900008
              ],
              [
                3.268318348000037,
                42.837095161000036
              ],
              [
                3.268482192000022,
                42.83761977000006
              ],
              [
                3.268633752000028,
                42.838112970000054
              ],
              [
                3.268832294000049,
                42.838769769000066
              ],
              [
                3.268927814000051,
                42.839089175000026
              ],
              [
                3.268995896000035,
                42.83931932400003
              ],
              [
                3.269093526000063,
                42.83965316300004
              ],
              [
                3.269241683000075,
                42.84016567900005
              ],
              [
                3.269437445000051,
                42.84085964500008
              ],
              [
                3.269453988000066,
                42.84091990500008
              ],
              [
                3.269500601000061,
                42.84109008000007
              ],
              [
                3.269599380000045,
                42.84145558400007
              ],
              [
                3.269765456000073,
                42.84204645800003
              ],
              [
                3.26977505800005,
                42.842081405000044
              ],
              [
                3.26983634000004,
                42.842304710000064
              ],
              [
                3.270094529000062,
                42.843280175000075
              ],
              [
                3.270102293000036,
                42.843310631000065
              ],
              [
                3.270139632000053,
                42.843450303000054
              ],
              [
                3.27035290300006,
                42.844273344000044
              ],
              [
                3.270520495000028,
                42.84494120200003
              ],
              [
                3.27061757000007,
                42.84533414800006
              ],
              [
                3.270693081000047,
                42.84564469700007
              ],
              [
                3.27076362400004,
                42.84593832400003
              ],
              [
                3.270816521000029,
                42.84616118800005
              ],
              [
                3.270901558000048,
                42.846524971000065
              ],
              [
                3.271004757000071,
                42.846973321000064
              ],
              [
                3.271085848000041,
                42.847331094000026
              ],
              [
                3.271158368000044,
                42.84765609800007
              ],
              [
                3.271224980000056,
                42.847958650000066
              ],
              [
                3.271304788000066,
                42.84832609000006
              ],
              [
                3.271402360000025,
                42.848784806000026
              ],
              [
                3.271576960000061,
                42.84962333800007
              ],
              [
                3.271697481000047,
                42.85021877100007
              ],
              [
                3.271831600000041,
                42.85090094700007
              ],
              [
                3.271934551000072,
                42.85143891000007
              ],
              [
                3.272032335000063,
                42.85196422300004
              ],
              [
                3.272055652000063,
                42.852090314000066
              ],
              [
                3.272106205000057,
                42.852369628000076
              ],
              [
                3.272302987000046,
                42.85347337800005
              ],
              [
                3.27240149000005,
                42.854043517000036
              ],
              [
                3.272515916000032,
                42.854727636000064
              ],
              [
                3.272590527000034,
                42.855185826000024
              ],
              [
                3.272648930000059,
                42.85555448400004
              ],
              [
                3.272719859000063,
                42.856015101000025
              ],
              [
                3.272845969000059,
                42.85685833200006
              ],
              [
                3.272932080000032,
                42.85745713500006
              ],
              [
                3.273026791000063,
                42.85814316500006
              ],
              [
                3.273091180000051,
                42.85862571800004
              ],
              [
                3.273142801000063,
                42.85902646300008
              ],
              [
                3.273188628000071,
                42.85939216200006
              ],
              [
                3.273219628000049,
                42.85964663900006
              ],
              [
                3.273274209000022,
                42.86011165100007
              ],
              [
                3.273340530000041,
                42.86069890200008
              ],
              [
                3.273399571000027,
                42.861247053000056
              ],
              [
                3.27347299500002,
                42.86196349700003
              ],
              [
                3.273517632000051,
                42.86241825800005
              ],
              [
                3.273521242000072,
                42.862456888000054
              ],
              [
                3.273574616000076,
                42.86303022900006
              ],
              [
                3.273624140000038,
                42.863594757000044
              ],
              [
                3.273706814000036,
                42.86459853800005
              ],
              [
                3.27374327800004,
                42.865066504000026
              ],
              [
                3.273785444000055,
                42.86564035200007
              ],
              [
                3.273822304000021,
                42.86617951900007
              ],
              [
                3.273867694000046,
                42.86689709700005
              ],
              [
                3.273896667000031,
                42.867391791000045
              ],
              [
                3.273927658000048,
                42.867966943000056
              ],
              [
                3.273953095000024,
                42.868486448000056
              ],
              [
                3.273978541000076,
                42.86906414400005
              ],
              [
                3.273993130000065,
                42.86942303100005
              ],
              [
                3.274003210000046,
                42.86969358700003
              ],
              [
                3.274015192000036,
                42.87004686300003
              ],
              [
                3.274033993000046,
                42.870661753000036
              ],
              [
                3.274046324000039,
                42.871134023000025
              ],
              [
                3.274062614000059,
                42.871886595000035
              ],
              [
                3.274071393000042,
                42.872413238000036
              ],
              [
                3.274078934000045,
                42.87305823200006
              ],
              [
                3.274081961000036,
                42.87342715900007
              ],
              [
                3.274082531000033,
                42.87372267300003
              ],
              [
                3.274081972000033,
                42.87436861900005
              ],
              [
                3.27407955700005,
                42.87483034100006
              ],
              [
                3.274076412000056,
                42.875158243000044
              ],
              [
                3.274072598000032,
                42.875463842000045
              ],
              [
                3.274066881000067,
                42.87583579900007
              ],
              [
                3.274057711000069,
                42.87629996000004
              ],
              [
                3.274037230000033,
                42.87714816300007
              ],
              [
                3.27403401600003,
                42.87727498400005
              ],
              [
                3.274036147000061,
                42.877282240000056
              ],
              [
                3.274042736000069,
                42.87730470100007
              ],
              [
                3.274087420000058,
                42.87744730700007
              ],
              [
                3.274186921000023,
                42.87776634200003
              ],
              [
                3.274280096000041,
                42.878068066000026
              ],
              [
                3.274394337000047,
                42.87844171900008
              ],
              [
                3.274528073000056,
                42.87888568200003
              ],
              [
                3.27487644100006,
                42.88005968500005
              ],
              [
                3.274951161000047,
                42.88031368700007
              ],
              [
                3.275084317000051,
                42.88077032000007
              ],
              [
                3.275176097000042,
                42.881088566000074
              ],
              [
                3.275269534000074,
                42.881416201000036
              ],
              [
                3.275287398000046,
                42.881478979000065
              ],
              [
                3.275312424000049,
                42.881561084000055
              ],
              [
                3.275422528000036,
                42.88192330600003
              ],
              [
                3.275510681000071,
                42.88221617700003
              ],
              [
                3.275788459000069,
                42.88314821900008
              ],
              [
                3.275874955000063,
                42.88344135800003
              ],
              [
                3.275980955000023,
                42.88380424300004
              ],
              [
                3.276093699000057,
                42.88419550200007
              ],
              [
                3.276226458000053,
                42.88466261600007
              ],
              [
                3.276348534000022,
                42.88509887200007
              ],
              [
                3.276348588000076,
                42.885099068000045
              ],
              [
                3.27649180800006,
                42.885619029000054
              ],
              [
                3.276607858000034,
                42.88604701500003
              ],
              [
                3.276794794000068,
                42.886747480000054
              ],
              [
                3.276914081000029,
                42.88720218800006
              ],
              [
                3.277019121000023,
                42.88760963100003
              ],
              [
                3.277122400000053,
                42.88801663500004
              ],
              [
                3.277255836000052,
                42.88855099300008
              ],
              [
                3.277379264000047,
                42.88905537200003
              ],
              [
                3.277497623000045,
                42.88954911400003
              ],
              [
                3.277599235000025,
                42.88998066500005
              ],
              [
                3.277681530000052,
                42.89033661700006
              ],
              [
                3.277749019000055,
                42.89063224800003
              ],
              [
                3.277857991000076,
                42.89111575600003
              ],
              [
                3.277927426000076,
                42.89142809200007
              ],
              [
                3.278013748000035,
                42.89182182600007
              ],
              [
                3.278080211000031,
                42.892129203000025
              ],
              [
                3.278195249000021,
                42.89266874600003
              ],
              [
                3.278259960000071,
                42.89297660400007
              ],
              [
                3.278321551000033,
                42.893273873000055
              ],
              [
                3.278409770000053,
                42.893708573000026
              ],
              [
                3.278541593000057,
                42.89437199400004
              ],
              [
                3.278632143000038,
                42.894838365000055
              ],
              [
                3.278733969000029,
                42.89537536800003
              ],
              [
                3.278788504000033,
                42.89566733500004
              ],
              [
                3.278789523000057,
                42.89567287800003
              ],
              [
                3.278842710000049,
                42.895962188000055
              ],
              [
                3.278919606000045,
                42.89639012600003
              ],
              [
                3.279035780000072,
                42.897051926000074
              ],
              [
                3.279115109000031,
                42.89751573500007
              ],
              [
                3.591544008000028,
                42.80340877900005
              ],
              [
                3.591504594000071,
                42.80333751900008
              ],
              [
                3.591412890000072,
                42.80316910100004
              ],
              [
                3.59136766000006,
                42.80308470800003
              ],
              [
                3.59118925000007,
                42.802746443000046
              ],
              [
                3.591145522000033,
                42.80266218600008
              ],
              [
                3.591059305000044,
                42.802493328000025
              ],
              [
                3.591017305000037,
                42.802409717000046
              ],
              [
                3.590974862000053,
                42.80232230400003
              ],
              [
                3.590892251000071,
                42.80214913000003
              ],
              [
                3.590851592000035,
                42.802062371000034
              ],
              [
                3.590692477000061,
                42.80171670400006
              ],
              [
                3.590653351000071,
                42.80163015000005
              ],
              [
                3.59065333500007,
                42.801630114000034
              ],
              [
                3.590576359000067,
                42.80145666900006
              ],
              [
                3.590576346000034,
                42.80145663900004
              ],
              [
                3.590538498000058,
                42.80136975200003
              ],
              [
                3.590241823000042,
                42.80067562700003
              ],
              [
                3.590170209000064,
                42.80050145900003
              ],
              [
                3.590032157000053,
                42.80015201000003
              ],
              [
                3.589965720000066,
                42.799976729000036
              ],
              [
                3.589710454000056,
                42.79927373000004
              ],
              [
                3.589649229000031,
                42.79909743300004
              ],
              [
                3.589532015000032,
                42.79874388400003
              ],
              [
                3.589476027000046,
                42.79856663900006
              ],
              [
                3.589262655000027,
                42.797856111000044
              ],
              [
                3.589236712000059,
                42.79776743300005
              ],
              [
                3.589186134000045,
                42.797589869000035
              ],
              [
                3.589161501000035,
                42.79750098400007
              ],
              [
                3.58906560500003,
                42.79714509300004
              ],
              [
                3.58904242400007,
                42.79705656200008
              ],
              [
                3.588997364000022,
                42.79687932100006
              ],
              [
                3.588975746000074,
                42.79679170000003
              ],
              [
                3.588954544000046,
                42.79670009900008
              ],
              [
                3.588914015000057,
                42.79651890800005
              ],
              [
                3.58889442900005,
                42.796428235000064
              ],
              [
                3.588819252000064,
                42.79606742400006
              ],
              [
                3.588801126000021,
                42.795977135000044
              ],
              [
                3.588801121000074,
                42.79597711100007
              ],
              [
                3.588766218000046,
                42.795796419000055
              ],
              [
                3.588749441000061,
                42.79570602200005
              ],
              [
                3.588749437000047,
                42.79570600100004
              ],
              [
                3.58862098700007,
                42.79498450400007
              ],
              [
                3.588620983000055,
                42.794984483000064
              ],
              [
                3.58859153700007,
                42.794803813000044
              ],
              [
                3.588537999000039,
                42.79444201500007
              ],
              [
                3.588513910000074,
                42.794260896000026
              ],
              [
                3.588428319000059,
                42.79353593500008
              ],
              [
                3.58840960200007,
                42.793354484000076
              ],
              [
                3.58837754700005,
                42.79299131700003
              ],
              [
                3.588364209000076,
                42.792809601000044
              ],
              [
                3.588321640000061,
                42.79208258300008
              ],
              [
                3.588317003000043,
                42.79199194600005
              ],
              [
                3.588317002000053,
                42.791991919000054
              ],
              [
                3.588309068000058,
                42.79181062300006
              ],
              [
                3.588309067000068,
                42.791810602000055
              ],
              [
                3.588305769000044,
                42.79171994600006
              ],
              [
                3.588295254000059,
                42.79135721700004
              ],
              [
                3.588293303000057,
                42.79126707100005
              ],
              [
                3.588290723000057,
                42.79108678400007
              ],
              [
                3.588290094000058,
                42.79099776000004
              ],
              [
                3.588290814000061,
                42.79090480700006
              ],
              [
                3.588293627000041,
                42.79072116200007
              ],
              [
                3.58829571900003,
                42.79062934800004
              ],
              [
                3.588306765000027,
                42.790264387000036
              ],
              [
                3.588310203000049,
                42.79017317100005
              ],
              [
                3.588310204000038,
                42.790173150000044
              ],
              [
                3.588318436000066,
                42.78999072700003
              ],
              [
                3.588323231000061,
                42.78989951700004
              ],
              [
                3.588366858000029,
                42.789172533000055
              ],
              [
                3.588380460000053,
                42.78899082700008
              ],
              [
                3.588413041000024,
                42.78862768500005
              ],
              [
                3.588432020000027,
                42.78844625000005
              ],
              [
                3.588518656000076,
                42.787721359000045
              ],
              [
                3.588543002000051,
                42.787540284000045
              ],
              [
                3.588543005000076,
                42.78754026200005
              ],
              [
                3.588597055000037,
                42.787178538000035
              ],
              [
                3.588597059000051,
                42.78717851300007
              ],
              [
                3.588626764000026,
                42.78699786200008
              ],
              [
                3.588756242000045,
                42.786276444000066
              ],
              [
                3.588773046000028,
                42.786186576000034
              ],
              [
                3.588807981000059,
                42.786006978000046
              ],
              [
                3.588826112000049,
                42.78591725200005
              ],
              [
                3.588901274000023,
                42.78555866500005
              ],
              [
                3.588920605000055,
                42.78546963500003
              ],
              [
                3.58896057100003,
                42.785291735000044
              ],
              [
                3.588980947000039,
                42.78520394900005
              ],
              [
                3.589003560000037,
                42.78511253900007
              ],
              [
                3.589049618000047,
                42.78493206400003
              ],
              [
                3.589073322000047,
                42.784841914000026
              ],
              [
                3.589170231000026,
                42.78448392200005
              ],
              [
                3.589195123000025,
                42.784394519000045
              ],
              [
                3.589246236000065,
                42.78421591600005
              ],
              [
                3.589272454000024,
                42.78412671900003
              ],
              [
                3.589486786000066,
                42.78341635600003
              ],
              [
                3.589543013000025,
                42.78323915000004
              ],
              [
                3.589660699000035,
                42.78288569100005
              ],
              [
                3.58972215600005,
                42.782709443000044
              ],
              [
                3.589978338000037,
                42.782006644000035
              ],
              [
                3.590045003000057,
                42.78183141000005
              ],
              [
                3.59018350100007,
                42.78148206800006
              ],
              [
                3.590255336000041,
                42.781307954000056
              ],
              [
                3.590552881000065,
                42.78061405200003
              ],
              [
                3.590590614000064,
                42.78052769100003
              ],
              [
                3.590667354000061,
                42.780355274000044
              ],
              [
                3.590706361000059,
                42.78026921800006
              ],
              [
                3.590864916000044,
                42.77992564700003
              ],
              [
                3.590904955000042,
                42.779840404000026
              ],
              [
                3.590986282000074,
                42.77967023800005
              ],
              [
                3.59102708100005,
                42.77958630300003
              ],
              [
                3.591070858000023,
                42.779499248000036
              ],
              [
                3.591158713000027,
                42.77932748000006
              ],
              [
                3.591203277000034,
                42.77924178100005
              ],
              [
                3.591383059000066,
                42.77890166600008
              ],
              [
                3.591428643000029,
                42.77881680400003
              ],
              [
                3.591521054000054,
                42.778647480000075
              ],
              [
                3.591521067000031,
                42.778647456000044
              ],
              [
                3.591567889000032,
                42.778563001000066
              ],
              [
                3.591567905000034,
                42.77856297200003
              ],
              [
                3.591946373000042,
                42.77789083700003
              ],
              [
                3.591946389000043,
                42.77789080900004
              ],
              [
                3.592043505000049,
                42.77772351500005
              ],
              [
                3.59224269200007,
                42.777390480000065
              ],
              [
                3.592344756000045,
                42.77722475500008
              ],
              [
                3.592762659000073,
                42.776565392000066
              ],
              [
                3.592869601000075,
                42.77640135100006
              ],
              [
                3.593088316000035,
                42.77607502300003
              ],
              [
                3.593200091000028,
                42.775912736000066
              ],
              [
                3.593656622000026,
                42.77526742200007
              ],
              [
                3.593714148000061,
                42.77518717500004
              ],
              [
                3.593830377000074,
                42.77502715300005
              ],
              [
                3.593889068000067,
                42.77494739400004
              ],
              [
                3.593889083000022,
                42.77494737400008
              ],
              [
                3.594126226000071,
                42.77462924400004
              ],
              [
                3.594126240000037,
                42.77462922600006
              ],
              [
                3.594185800000048,
                42.77455033900003
              ],
              [
                3.594306069000027,
                42.77439305400003
              ],
              [
                3.594366119000028,
                42.77431549600004
              ],
              [
                3.594429644000058,
                42.774235488000045
              ],
              [
                3.594556551000039,
                42.77407767300008
              ],
              [
                3.594556565000062,
                42.77407765600003
              ],
              [
                3.594620595000038,
                42.773999021000066
              ],
              [
                3.594620612000028,
                42.773999
              ],
              [
                3.594877723000025,
                42.773687137000024
              ],
              [
                3.594877740000072,
                42.77368711400004
              ],
              [
                3.594942592000052,
                42.77360941300003
              ],
              [
                3.595073465000041,
                42.773454514000036
              ],
              [
                3.595139476000043,
                42.77337732800004
              ],
              [
                3.595670575000042,
                42.77276377100003
              ],
              [
                3.595807787000069,
                42.772609061000026
              ],
              [
                3.596086830000047,
                42.77230191500007
              ],
              [
                3.596228654000072,
                42.772149487000036
              ],
              [
                3.596530806000032,
                42.77183233000005
              ],
              [
                3.596616599000072,
                42.77173368200005
              ],
              [
                3.596616632000064,
                42.77173364500004
              ],
              [
                3.596745375000069,
                42.77158893600006
              ],
              [
                3.597006945000032,
                42.77130147400004
              ],
              [
                3.597139756000047,
                42.771158738000054
              ],
              [
                3.597676613000033,
                42.77059439900006
              ],
              [
                3.597670265000033,
                42.77048906400006
              ],
              [
                3.597666822000065,
                42.77042668900003
              ],
              [
                3.597666821000075,
                42.77042666300008
              ],
              [
                3.597660570000073,
                42.77030187300005
              ],
              [
                3.59765776100005,
                42.77023946300005
              ],
              [
                3.597637829000064,
                42.769740228000046
              ],
              [
                3.597635664000052,
                42.76967812400005
              ],
              [
                3.597635663000062,
                42.769678087000045
              ],
              [
                3.597631959000068,
                42.769553829000074
              ],
              [
                3.597631957000033,
                42.76955379700007
              ],
              [
                3.597630421000076,
                42.76949164600006
              ],
              [
                3.59763042000003,
                42.76949162300008
              ],
              [
                3.597625526000058,
                42.76924303800007
              ],
              [
                3.597625526000058,
                42.76924301300005
              ],
              [
                3.597624623000058,
                42.76918143600005
              ],
              [
                3.597623433000024,
                42.76905824000005
              ],
              [
                3.597623147000036,
                42.768997762000026
              ],
              [
                3.597623866000049,
                42.768904822000025
              ],
              [
                3.597626677000051,
                42.768721192000044
              ],
              [
                3.59762667800004,
                42.76872116900006
              ],
              [
                3.59762876800005,
                42.76862936100008
              ],
              [
                3.597639809000043,
                42.76826440100007
              ],
              [
                3.597643247000065,
                42.76817319000003
              ],
              [
                3.597643249000043,
                42.76817315300008
              ],
              [
                3.597651478000046,
                42.76799074200005
              ],
              [
                3.597651478000046,
                42.76799071600004
              ],
              [
                3.597656271000062,
                42.76789951400008
              ],
              [
                3.597699882000029,
                42.76717252800006
              ],
              [
                3.59771347800006,
                42.76699082400006
              ],
              [
                3.597746048000033,
                42.766627681000045
              ],
              [
                3.597765021000043,
                42.766446243000075
              ],
              [
                3.597851627000068,
                42.76572134700007
              ],
              [
                3.597875966000061,
                42.765540255000076
              ],
              [
                3.597930002000055,
                42.76517849900006
              ],
              [
                3.597959696000032,
                42.764997847000075
              ],
              [
                3.597959702000026,
                42.76499781600006
              ],
              [
                3.598089129000073,
                42.76427642600004
              ],
              [
                3.59808913400002,
                42.76427639600007
              ],
              [
                3.598105926000073,
                42.76418656300007
              ],
              [
                3.598140844000056,
                42.76400698800006
              ],
              [
                3.598140848000071,
                42.76400696600007
              ],
              [
                3.598158971000032,
                42.76391724300004
              ],
              [
                3.598234105000074,
                42.76355866100005
              ],
              [
                3.598253431000046,
                42.76346962200006
              ],
              [
                3.598293385000034,
                42.76329171300006
              ],
              [
                3.598316171000022,
                42.763193906000026
              ],
              [
                3.598330105000059,
                42.76313653600005
              ],
              [
                3.598330120000071,
                42.76313647600006
              ],
              [
                3.598352823000027,
                42.76304423400006
              ],
              [
                3.598352844000033,
                42.76304414900005
              ],
              [
                3.598366604000034,
                42.76298894900003
              ],
              [
                3.598407821000023,
                42.76282567100003
              ],
              [
                3.598421708000046,
                42.76277132600006
              ],
              [
                3.59842171300005,
                42.76277130500006
              ],
              [
                3.598445115000061,
                42.762680827000054
              ],
              [
                3.598445128000037,
                42.762680776000025
              ],
              [
                3.598459605000073,
                42.76262548300008
              ],
              [
                3.598459663000028,
                42.762625263000075
              ],
              [
                3.598488517000021,
                42.76251653800006
              ],
              [
                3.598488571000075,
                42.76251633900006
              ],
              [
                3.598519231000068,
                42.76240272300004
              ],
              [
                3.598566117000075,
                42.76223205700006
              ],
              [
                3.598566129000062,
                42.76223201200003
              ],
              [
                3.598592163000035,
                42.76213872100004
              ],
              [
                3.598592192000069,
                42.76213861900004
              ],
              [
                3.598605072000055,
                42.762092976000076
              ],
              [
                3.598605099000054,
                42.76209288000007
              ],
              [
                3.598689835000073,
                42.76179553600008
              ],
              [
                3.598689849000039,
                42.761795489000065
              ],
              [
                3.59872819800006,
                42.761662958000045
              ],
              [
                3.598728212000026,
                42.76166291100003
              ],
              [
                3.598893953000072,
                42.761098857000036
              ],
              [
                3.598912382000037,
                42.76103727700007
              ],
              [
                3.598949678000054,
                42.76091485300003
              ],
              [
                3.598968637000041,
                42.76085370100003
              ],
              [
                3.598968647000049,
                42.760853670000074
              ],
              [
                3.599045514000068,
                42.760609946000045
              ],
              [
                3.599045520000061,
                42.760609927000075
              ],
              [
                3.599065041000074,
                42.760549068000046
              ],
              [
                3.599104711000052,
                42.76042743000005
              ],
              [
                3.599104723000039,
                42.76042739400003
              ],
              [
                3.599124863000043,
                42.760366641000076
              ],
              [
                3.599124871000072,
                42.760366618000035
              ],
              [
                3.599288501000046,
                42.75988094000007
              ],
              [
                3.599288509000075,
                42.75988091700003
              ],
              [
                3.599309259000051,
                42.75982030200004
              ],
              [
                3.599309276000042,
                42.759820252000054
              ],
              [
                3.599351409000064,
                42.75969908800005
              ],
              [
                3.599351426000055,
                42.759699039000054
              ],
              [
                3.599372800000026,
                42.75963851700004
              ],
              [
                3.599372809000045,
                42.75963849100003
              ],
              [
                3.59945956100006,
                42.75939657500004
              ],
              [
                3.599459571000068,
                42.75939654600006
              ],
              [
                3.599481569000034,
                42.75933612000006
              ],
              [
                3.599526184000069,
                42.75921538000006
              ],
              [
                3.599548797000068,
                42.75915507500008
              ],
              [
                3.599610076000033,
                42.758994037000036
              ],
              [
                3.599610093000024,
                42.75899399200006
              ],
              [
                3.599626839000052,
                42.75895028200006
              ],
              [
                3.599626870000066,
                42.75895020100006
              ],
              [
                3.59965498300005,
                42.75887732900003
              ],
              [
                3.599655012000028,
                42.75887725200005
              ],
              [
                3.59967197900005,
                42.75883357500004
              ],
              [
                3.599672006000048,
                42.75883350600003
              ],
              [
                3.599723312000037,
                42.75870233300003
              ],
              [
                3.599740517000043,
                42.75865864200006
              ],
              [
                3.599769357000071,
                42.75858590200005
              ],
              [
                3.599769381000044,
                42.75858584200006
              ],
              [
                3.599786804000075,
                42.75854219200005
              ],
              [
                3.599910390000048,
                42.758234609000056
              ],
              [
                3.59991040400007,
                42.758234575000074
              ],
              [
                3.59997779300005,
                42.75806481400008
              ],
              [
                3.599977832000036,
                42.758064717000025
              ],
              [
                3.600002440000026,
                42.758003150000036
              ],
              [
                3.600002480000057,
                42.75800304900008
              ],
              [
                3.600039729000059,
                42.75791051200008
              ],
              [
                3.600039754000022,
                42.757910450000054
              ],
              [
                3.600064745000054,
                42.75784880400005
              ],
              [
                3.60006476600006,
                42.75784875200003
              ],
              [
                3.600249396000038,
                42.75739643600008
              ],
              [
                3.600273111000035,
                42.75733909100006
              ],
              [
                3.600273122000033,
                42.757339064000064
              ],
              [
                3.600320986000042,
                42.757224793000034
              ],
              [
                3.60032099600005,
                42.75722477000005
              ],
              [
                3.60034519900006,
                42.75716771400005
              ],
              [
                3.600443167000037,
                42.75693963900005
              ],
              [
                3.600467941000034,
                42.75688267600003
              ],
              [
                3.60051803600004,
                42.75676889500005
              ],
              [
                3.600543361000064,
                42.75671206700008
              ],
              [
                3.600748134000071,
                42.75625807400007
              ],
              [
                3.600773883000045,
                42.75620165700008
              ],
              [
                3.600773894000042,
                42.756201634000035
              ],
              [
                3.60082595700004,
                42.756088899000076
              ],
              [
                3.600852272000054,
                42.75603258000007
              ],
              [
                3.600958581000043,
                42.75580766100006
              ],
              [
                3.60095859200004,
                42.75580763800008
              ],
              [
                3.600985193000042,
                42.75575199300005
              ],
              [
                3.600985215000037,
                42.75575194700008
              ],
              [
                3.601038951000021,
                42.75564079700007
              ],
              [
                3.601038969000058,
                42.75564075900007
              ],
              [
                3.601065608000056,
                42.75558625700006
              ],
              [
                3.601102655000034,
                42.75551236700005
              ],
              [
                3.601176692000024,
                42.755366811000044
              ],
              [
                3.601214165000044,
                42.75529417200005
              ],
              [
                3.601214175000052,
                42.75529415200003
              ],
              [
                3.60136489000007,
                42.75500604900003
              ],
              [
                3.60140302800005,
                42.75493413800007
              ],
              [
                3.601480199000036,
                42.754790591000074
              ],
              [
                3.601519233000033,
                42.754718952000076
              ],
              [
                3.601656236000053,
                42.754468186000054
              ],
              [
                3.601656252000055,
                42.75446814400004
              ],
              [
                3.601666090000037,
                42.75442676400007
              ],
              [
                3.601666121000051,
                42.754426634000026
              ],
              [
                3.601686176000044,
                42.75434396800006
              ],
              [
                3.601686212000061,
                42.75434382100008
              ],
              [
                3.601753311000039,
                42.75407031800006
              ],
              [
                3.601753319000068,
                42.75407028700005
              ],
              [
                3.601762984000061,
                42.75403142300007
              ],
              [
                3.60178245000003,
                42.75395418200003
              ],
              [
                3.60179230500006,
                42.753915584000026
              ],
              [
                3.601792317000047,
                42.75391553800006
              ],
              [
                3.601832091000063,
                42.75376175300005
              ],
              [
                3.60183210200006,
                42.75376171100004
              ],
              [
                3.601842161000036,
                42.75372330700003
              ],
              [
                3.601862544000028,
                42.75364646000003
              ],
              [
                3.601872858000036,
                42.75360805500003
              ],
              [
                3.601944886000069,
                42.753343106000045
              ],
              [
                3.601991582000039,
                42.75309703000005
              ],
              [
                3.601991586000054,
                42.753097008000054
              ],
              [
                3.602005736000024,
                42.75302474700004
              ],
              [
                3.602035381000064,
                42.75287790400006
              ],
              [
                3.602050647000056,
                42.75280453100004
              ],
              [
                3.602115381000033,
                42.75250237500006
              ],
              [
                3.602131910000026,
                42.75242743800004
              ],
              [
                3.60213191400004,
                42.75242741900007
              ],
              [
                3.602165898000067,
                42.752277658000025
              ],
              [
                3.602183091000029,
                42.75220391800008
              ],
              [
                3.60220135000003,
                42.75212963200005
              ],
              [
                3.602238228000033,
                42.75198336200003
              ],
              [
                3.602257104000046,
                42.751910311000074
              ],
              [
                3.602257111000029,
                42.751910286000054
              ],
              [
                3.602333824000027,
                42.751620434000074
              ],
              [
                3.602333831000067,
                42.751620409000054
              ],
              [
                3.602353445000062,
                42.751548005000075
              ],
              [
                3.602393548000066,
                42.75140331100005
              ],
              [
                3.602414034000049,
                42.75133102800004
              ],
              [
                3.602580724000063,
                42.750755611000045
              ],
              [
                3.602601986000025,
                42.75068376300004
              ],
              [
                3.602601992000075,
                42.750683742000035
              ],
              [
                3.602645385000073,
                42.75054016000007
              ],
              [
                3.602645392000056,
                42.75054013600004
              ],
              [
                3.602667523000036,
                42.750468399000056
              ],
              [
                3.602757752000059,
                42.750181775000044
              ],
              [
                3.60278072400007,
                42.75011023600007
              ],
              [
                3.602780738000035,
                42.75011019300007
              ],
              [
                3.602827546000071,
                42.74996723500004
              ],
              [
                3.60282756600003,
                42.74996717300007
              ],
              [
                3.60285140000002,
                42.749895767000055
              ],
              [
                3.602851409000039,
                42.74989573900007
              ],
              [
                3.602909435000072,
                42.74972513400007
              ],
              [
                3.602909444000034,
                42.749725107000074
              ],
              [
                3.602927538000074,
                42.749672632000056
              ],
              [
                3.602927561000058,
                42.74967256700006
              ],
              [
                3.602964241000052,
                42.749567616000036
              ],
              [
                3.602964255000074,
                42.74956757500007
              ],
              [
                3.602982834000045,
                42.74951512400003
              ],
              [
                3.603058074000046,
                42.749305493000065
              ],
              [
                3.60307711300004,
                42.74925313800003
              ],
              [
                3.603077127000063,
                42.74925309900004
              ],
              [
                3.603115657000046,
                42.74914850600004
              ],
              [
                3.603115673000048,
                42.74914846400003
              ],
              [
                3.603135159000033,
                42.74909623700006
              ],
              [
                3.603135168000051,
                42.74909621300003
              ],
              [
                3.603293,
                42.74867850100003
              ],
              [
                3.603293009000026,
                42.748678478000045
              ],
              [
                3.603333385000042,
                42.74857424800007
              ],
              [
                3.603333396000039,
                42.748574219000034
              ],
              [
                3.603415988000052,
                42.74836613600007
              ],
              [
                3.60341599700007,
                42.74836611400008
              ],
              [
                3.603458210000042,
                42.748262271000044
              ],
              [
                3.603630723000038,
                42.74784770800005
              ],
              [
                3.60367476700003,
                42.747744269000066
              ],
              [
                3.603764674000047,
                42.74753782300007
              ],
              [
                3.603764683000065,
                42.74753780300006
              ],
              [
                3.60381054100003,
                42.74743480600006
              ],
              [
                3.603810549000059,
                42.74743478800008
              ],
              [
                3.603997614000036,
                42.74702368100003
              ],
              [
                3.603997623000055,
                42.74702366100007
              ],
              [
                3.604021120000027,
                42.74697257100007
              ],
              [
                3.604068566000024,
                42.746870493000074
              ],
              [
                3.604092511000033,
                42.74681951500003
              ],
              [
                3.604189185000052,
                42.74661583300008
              ],
              [
                3.604213335000054,
                42.746565470000064
              ],
              [
                3.604262073000029,
                42.74646485300008
              ],
              [
                3.604286175000027,
                42.74641558600007
              ],
              [
                3.604314392000049,
                42.74635910300003
              ],
              [
                3.604314412000065,
                42.746359064000046
              ],
              [
                3.604370384000049,
                42.74624826000007
              ],
              [
                3.60437040100004,
                42.746248226000034
              ],
              [
                3.604400512000041,
                42.74618927900008
              ],
              [
                3.604418340000052,
                42.74615229200003
              ],
              [
                3.604516152000031,
                42.74594610200006
              ],
              [
                3.604540599000075,
                42.74589509600003
              ],
              [
                3.604589933000057,
                42.745793226000046
              ],
              [
                3.604618100000039,
                42.74573574200008
              ],
              [
                3.604639512000062,
                42.745692656000074
              ],
              [
                3.604673846000026,
                42.74562395700008
              ],
              [
                3.604673867000031,
                42.74562391400008
              ],
              [
                3.604694843000061,
                42.74558217500004
              ],
              [
                3.604694881000057,
                42.745582100000036
              ],
              [
                3.604766230000052,
                42.745440991000066
              ],
              [
                3.604766257000051,
                42.74544093700007
              ],
              [
                3.604820403000076,
                42.74533487600007
              ],
              [
                3.604820414000073,
                42.74533485400008
              ],
              [
                3.604914916000041,
                42.745151512000064
              ],
              [
                3.604914927000038,
                42.74515149000007
              ],
              [
                3.604968664000069,
                42.74504929900007
              ],
              [
                3.604968686000063,
                42.74504925700006
              ],
              [
                3.60507685500005,
                42.74484749700008
              ],
              [
                3.605076876000055,
                42.74484745900003
              ],
              [
                3.60513184000007,
                42.74474685600006
              ],
              [
                3.605131868000058,
                42.74474680600008
              ],
              [
                3.605355304000057,
                42.74434539500004
              ],
              [
                3.605355324000072,
                42.74434536000007
              ],
              [
                3.605412063000074,
                42.744245284000044
              ],
              [
                3.605527333000055,
                42.74404563100006
              ],
              [
                3.605585850000068,
                42.74394607600004
              ],
              [
                3.606060786000057,
                42.743152260000045
              ],
              [
                3.606121051000059,
                42.74305327900004
              ],
              [
                3.606243328000062,
                42.74285589400006
              ],
              [
                3.606305337000038,
                42.742757494000045
              ],
              [
                3.606556806000071,
                42.74236514200004
              ],
              [
                3.606620546000045,
                42.74226734300004
              ],
              [
                3.606749740000055,
                42.74207237400003
              ],
              [
                3.606815196000071,
                42.74197520000007
              ],
              [
                3.607124924000061,
                42.74152279300006
              ],
              [
                3.607161337000036,
                42.74147007200003
              ],
              [
                3.607234667000057,
                42.741364823000026
              ],
              [
                3.607271586000024,
                42.74131229300008
              ],
              [
                3.607420258000047,
                42.741102580000074
              ],
              [
                3.607457673000056,
                42.74105025600005
              ],
              [
                3.60753300600004,
                42.740945804000035
              ],
              [
                3.607533020000062,
                42.740945785000065
              ],
              [
                3.607570924000072,
                42.74089367500005
              ],
              [
                3.607570943000042,
                42.74089364900004
              ],
              [
                3.607876272000055,
                42.74047744000006
              ],
              [
                3.607876291000025,
                42.74047741500004
              ],
              [
                3.607914551000022,
                42.740425697000035
              ],
              [
                3.607991580000032,
                42.74032244400007
              ],
              [
                3.608030340000028,
                42.74027092000006
              ],
              [
                3.608186360000047,
                42.74006523600008
              ],
              [
                3.608225286000049,
                42.74001433800004
              ],
              [
                3.608225310000023,
                42.74001430700008
              ],
              [
                3.60830362300004,
                42.73991274100007
              ],
              [
                3.608303647000071,
                42.739912711000045
              ],
              [
                3.608342376000053,
                42.73986288200007
              ],
              [
                3.608365142000025,
                42.739833959000066
              ],
              [
                3.608365204000052,
                42.73983388000005
              ],
              [
                3.608388388000037,
                42.73980456100003
              ],
              [
                3.608504722000021,
                42.73963558100007
              ],
              [
                3.608591088000026,
                42.73951266600005
              ],
              [
                3.608991624000055,
                42.738954026000044
              ],
              [
                3.60904199700002,
                42.738884564000045
              ],
              [
                3.609143625000058,
                42.73874600100004
              ],
              [
                3.60919487700005,
                42.738676904000044
              ],
              [
                3.609402530000068,
                42.738399650000076
              ],
              [
                3.609402544000034,
                42.73839962100004
              ],
              [
                3.609410988000036,
                42.73836936500004
              ],
              [
                3.609410999000033,
                42.738369326000054
              ],
              [
                3.609430564000036,
                42.73829810900003
              ],
              [
                3.609483633000025,
                42.73810786700005
              ],
              [
                3.60952078400004,
                42.737979875000065
              ],
              [
                3.609597797000049,
                42.737724359000026
              ],
              [
                3.609637656000075,
                42.73759684600003
              ],
              [
                3.609637666000026,
                42.73759681400003
              ],
              [
                3.609802529000035,
                42.73708768400007
              ],
              [
                3.609845108000059,
                42.736960613000065
              ],
              [
                3.609932961000027,
                42.73670699000007
              ],
              [
                3.609978236000075,
                42.736580435000064
              ],
              [
                3.610341713000025,
                42.73559580300008
              ],
              [
                3.610373209000045,
                42.73549686300004
              ],
              [
                3.610446778000039,
                42.735272733000045
              ],
              [
                3.61048461200005,
                42.73516085800003
              ],
              [
                3.610639831000071,
                42.73471501900008
              ],
              [
                3.610679688000062,
                42.73460373300003
              ],
              [
                3.610761471000046,
                42.73438159800003
              ],
              [
                3.610803400000066,
                42.73427074500006
              ],
              [
                3.611146590000033,
                42.73338699300007
              ],
              [
                3.611190542000031,
                42.73327668500008
              ],
              [
                3.611280503000046,
                42.73305653600005
              ],
              [
                3.611326511000073,
                42.73294669200004
              ],
              [
                3.611514625000041,
                42.73250830300003
              ],
              [
                3.611562682000056,
                42.73239893700003
              ],
              [
                3.611660838000034,
                42.73218069500007
              ],
              [
                3.61171093400003,
                42.73207182600004
              ],
              [
                3.611881593000021,
                42.73170920900003
              ],
              [
                3.611881622000055,
                42.731709145000025
              ],
              [
                3.611903428000062,
                42.73166310000005
              ],
              [
                3.611903464000022,
                42.731663025000046
              ],
              [
                3.611940051000033,
                42.73158624600006
              ],
              [
                3.611940118000064,
                42.731586105000076
              ],
              [
                3.611962234000032,
                42.73153998500004
              ],
              [
                3.611962247000065,
                42.73153995900003
              ],
              [
                3.612028886000076,
                42.73140184600004
              ],
              [
                3.612028910000049,
                42.731401797000046
              ],
              [
                3.612050874000033,
                42.73135655200008
              ],
              [
                3.612050884000041,
                42.731356531000074
              ],
              [
                3.612087606000046,
                42.731281341000056
              ],
              [
                3.612087623000036,
                42.73128130600003
              ],
              [
                3.61210888200003,
                42.731238028000064
              ],
              [
                3.612155967000035,
                42.73114418500006
              ],
              [
                3.612243750000061,
                42.73097241900007
              ],
              [
                3.612288288000059,
                42.730886705000046
              ],
              [
                3.612467928000058,
                42.73054659300004
              ],
              [
                3.612513458000024,
                42.73046176400004
              ],
              [
                3.612513471000057,
                42.73046174000007
              ],
              [
                3.61260580000004,
                42.730292432000056
              ],
              [
                3.612605813000073,
                42.730292408000025
              ],
              [
                3.612652610000055,
                42.73020793300003
              ],
              [
                3.613030797000022,
                42.72953576200007
              ],
              [
                3.613127854000027,
                42.72936843600007
              ],
              [
                3.613326892000032,
                42.729035390000035
              ],
              [
                3.613428872000043,
                42.72886967200003
              ],
              [
                3.613846454000054,
                42.72821029700003
              ],
              [
                3.61395331500006,
                42.72804625100008
              ],
              [
                3.614171859000066,
                42.72771992100007
              ],
              [
                3.614283542000067,
                42.727557639000054
              ],
              [
                3.61473971700002,
                42.726912320000054
              ],
              [
                3.614797195000051,
                42.72683207700004
              ],
              [
                3.614913339000054,
                42.72667204700008
              ],
              [
                3.614971997000055,
                42.72659226800005
              ],
              [
                3.614972021000028,
                42.726592236000045
              ],
              [
                3.615208972000062,
                42.72627411600007
              ],
              [
                3.615208993000067,
                42.726274088000025
              ],
              [
                3.615268489000073,
                42.726195225000026
              ],
              [
                3.615388663000033,
                42.726037940000026
              ],
              [
                3.615448668000056,
                42.725960377000035
              ],
              [
                3.615506218000064,
                42.72588775400004
              ],
              [
                3.615620964000072,
                42.725744614000064
              ],
              [
                3.615620980000074,
                42.72574459400005
              ],
              [
                3.615678818000049,
                42.72567325700004
              ],
              [
                3.615678843000069,
                42.725673226000026
              ],
              [
                3.615910820000067,
                42.72539031900004
              ],
              [
                3.615910849000045,
                42.72539028500006
              ],
              [
                3.615969312000061,
                42.72531977600005
              ],
              [
                3.615969328000062,
                42.72531975700008
              ],
              [
                3.616087225000058,
                42.72517914000008
              ],
              [
                3.616146643000036,
                42.72510905000007
              ],
              [
                3.616194870000072,
                42.72505278300008
              ],
              [
                3.616216332000022,
                42.72500077500007
              ],
              [
                3.616327710000064,
                42.72473486600006
              ],
              [
                3.616327719000026,
                42.72473484500006
              ],
              [
                3.616355945000066,
                42.72466844100006
              ],
              [
                3.616413137000052,
                42.724535831000026
              ],
              [
                3.61641314700006,
                42.72453580700005
              ],
              [
                3.616442110000037,
                42.724469611000075
              ],
              [
                3.616676839000036,
                42.72394065900005
              ],
              [
                3.616706434000037,
                42.72387489400006
              ],
              [
                3.616706446000023,
                42.72387486800005
              ],
              [
                3.616766383000027,
                42.72374350300004
              ],
              [
                3.616766399000028,
                42.723743469000055
              ],
              [
                3.616796742000076,
                42.72367787100006
              ],
              [
                3.616919603000042,
                42.72341582200005
              ],
              [
                3.616950449000058,
                42.723350897000046
              ],
              [
                3.617012869000064,
                42.72322123500004
              ],
              [
                3.617043955000042,
                42.72315748400007
              ],
              [
                3.61706840100004,
                42.72310845700008
              ],
              [
                3.617116722000048,
                42.72301248400004
              ],
              [
                3.617141079000021,
                42.72296455900005
              ],
              [
                3.617141094000033,
                42.72296452900008
              ],
              [
                3.617238300000054,
                42.72277503000004
              ],
              [
                3.617238318000034,
                42.722774996000055
              ],
              [
                3.617262801000038,
                42.72272770100005
              ],
              [
                3.617262811000046,
                42.72272768200003
              ],
              [
                3.617312195000068,
                42.722633149000046
              ],
              [
                3.61733708600002,
                42.72258592900005
              ],
              [
                3.617536698000038,
                42.72221063100005
              ],
              [
                3.617536708000046,
                42.72221061300007
              ],
              [
                3.61758737200006,
                42.722117024000056
              ],
              [
                3.617690252000045,
                42.72193026300005
              ],
              [
                3.617742465000049,
                42.72183709800004
              ],
              [
                3.617954316000066,
                42.72146545800007
              ],
              [
                3.618008038000028,
                42.72137278900004
              ],
              [
                3.618096060000028,
                42.72122345100007
              ],
              [
                3.618115078000073,
                42.72118743800007
              ],
              [
                3.618160611000064,
                42.72110259200008
              ],
              [
                3.618160628000055,
                42.721102561000066
              ],
              [
                3.618252940000048,
                42.72093325900005
              ],
              [
                3.618252952000034,
                42.72093323800004
              ],
              [
                3.618299732000025,
                42.72084878000004
              ],
              [
                3.618677862000027,
                42.72017660800003
              ],
              [
                3.618774892000033,
                42.72000930400003
              ],
              [
                3.618973880000055,
                42.71967628900006
              ],
              [
                3.619028545000049,
                42.71958744300008
              ],
              [
                3.619050366000067,
                42.71954865300006
              ],
              [
                3.619050379000043,
                42.71954863000008
              ],
              [
                3.619147400000031,
                42.71938134000004
              ],
              [
                3.619147411000029,
                42.71938132100007
              ],
              [
                3.619346406000034,
                42.71904829400006
              ],
              [
                3.619448373000068,
                42.71888257100005
              ],
              [
                3.619865883000045,
                42.718223203000036
              ],
              [
                3.619972724000036,
                42.71805916100004
              ],
              [
                3.620191228000067,
                42.71773283700003
              ],
              [
                3.620302891000051,
                42.717570558000034
              ],
              [
                3.620758994000028,
                42.716925237000055
              ],
              [
                3.62081646200005,
                42.71684499400004
              ],
              [
                3.620932587000027,
                42.71668496400008
              ],
              [
                3.620991243000049,
                42.71660517600003
              ],
              [
                3.62122818000006,
                42.716287022000074
              ],
              [
                3.621287679000034,
                42.71620814100004
              ],
              [
                3.621407834000024,
                42.71605085500005
              ],
              [
                3.621467834000043,
                42.71597328800004
              ],
              [
                3.621526736000021,
                42.715898966000054
              ],
              [
                3.621644240000023,
                42.715752440000074
              ],
              [
                3.621703493000041,
                42.71567940600005
              ],
              [
                3.621703506000074,
                42.71567939100004
              ],
              [
                3.621941173000039,
                42.71538980500003
              ],
              [
                3.62194119000003,
                42.71538978400008
              ],
              [
                3.622001104000049,
                42.715317612000035
              ],
              [
                3.622038414000031,
                42.71527317400006
              ],
              [
                3.622296757000072,
                42.71489808100006
              ],
              [
                3.622296773000073,
                42.71489805700003
              ],
              [
                3.622331655000039,
                42.71484783300008
              ],
              [
                3.622331674000066,
                42.71484780600008
              ],
              [
                3.622401911000054,
                42.71474751300008
              ],
              [
                3.622401925000077,
                42.71474749300006
              ],
              [
                3.622437271000024,
                42.71469743800003
              ],
              [
                3.622579618000032,
                42.71449750800008
              ],
              [
                3.622615432000032,
                42.71444761500004
              ],
              [
                3.622615447000044,
                42.714447594000035
              ],
              [
                3.62268752600005,
                42.714348001000076
              ],
              [
                3.62272379500007,
                42.71429829200008
              ],
              [
                3.623015770000052,
                42.71390134500007
              ],
              [
                3.623052341000061,
                42.713852022000026
              ],
              [
                3.623052354000038,
                42.713852004000046
              ],
              [
                3.623125931000061,
                42.71375356300007
              ],
              [
                3.62312595800006,
                42.71375352700005
              ],
              [
                3.623162956000044,
                42.71370441800008
              ],
              [
                3.623311926000042,
                42.713508242000046
              ],
              [
                3.623349067000049,
                42.71345971300008
              ],
              [
                3.623423786000046,
                42.71336283900007
              ],
              [
                3.623460717000057,
                42.71331532100004
              ],
              [
                3.623481406000053,
                42.71328901500004
              ],
              [
                3.623481451000032,
                42.71328895700003
              ],
              [
                3.623521592000031,
                42.713238130000036
              ],
              [
                3.623521610000068,
                42.71323810500007
              ],
              [
                3.623541671000055,
                42.71321280700005
              ],
              [
                3.623541746000058,
                42.713212713000075
              ],
              [
                3.623621201000049,
                42.71311291200004
              ],
              [
                3.623621273000026,
                42.71311282200003
              ],
              [
                3.623641218000046,
                42.71308787100003
              ],
              [
                3.623681214000044,
                42.71303803100005
              ],
              [
                3.623681249000072,
                42.713037987000064
              ],
              [
                3.623701270000026,
                42.713013138000065
              ],
              [
                3.623860855000032,
                42.712815842000055
              ],
              [
                3.623880867000025,
                42.71279119800005
              ],
              [
                3.623920990000045,
                42.71274197900004
              ],
              [
                3.623921009000071,
                42.71274195500007
              ],
              [
                3.623941111000022,
                42.71271739200006
              ],
              [
                3.623941162000051,
                42.71271733000003
              ],
              [
                3.624021824000067,
                42.712619149000034
              ],
              [
                3.62402187400005,
                42.71261908900004
              ],
              [
                3.624042060000022,
                42.71259461400007
              ],
              [
                3.624042093000071,
                42.712594574000036
              ],
              [
                3.624082646000033,
                42.71254559600004
              ],
              [
                3.624082660000056,
                42.712545576000025
              ],
              [
                3.624102974000039,
                42.71252113800006
              ],
              [
                3.624102995000044,
                42.71252111200005
              ],
              [
                3.624262533000035,
                42.712329907000026
              ],
              [
                3.62426255400004,
                42.71232988100007
              ],
              [
                3.624317418000032,
                42.712264797000046
              ],
              [
                3.624317443000052,
                42.71226476800007
              ],
              [
                3.624427954000055,
                42.71213500500005
              ],
              [
                3.624427981000053,
                42.71213497400004
              ],
              [
                3.624483608000048,
                42.71207031800003
              ],
              [
                3.624483627000075,
                42.712070296000036
              ],
              [
                3.624707888000046,
                42.711812258000066
              ],
              [
                3.624707913000066,
                42.71181223000008
              ],
              [
                3.624764388000074,
                42.71174790100008
              ],
              [
                3.624878139000032,
                42.71161962700006
              ],
              [
                3.624935410000035,
                42.711555686000054
              ],
              [
                3.625396679000062,
                42.71104580400004
              ],
              [
                3.625513595000029,
                42.71091910100006
              ],
              [
                3.625750570000037,
                42.71066729200004
              ],
              [
                3.62587062700004,
                42.71054218900008
              ],
              [
                3.62635696500007,
                42.71004514900005
              ],
              [
                3.626480112000024,
                42.70992169700003
              ],
              [
                3.626729463000061,
                42.70967647700007
              ],
              [
                3.626855652000074,
                42.70955472400004
              ],
              [
                3.626855685000066,
                42.70955469300003
              ],
              [
                3.626896011000042,
                42.709516517000054
              ],
              [
                3.626955857000041,
                42.70945731300003
              ],
              [
                3.626955883000051,
                42.70945728800007
              ],
              [
                3.627034844000036,
                42.709380113000066
              ],
              [
                3.627554650000036,
                42.70887812800004
              ],
              [
                3.627554667000027,
                42.70887811000006
              ],
              [
                3.627594794000061,
                42.708837
              ],
              [
                3.627594815000066,
                42.70883697900007
              ],
              [
                3.628038274000062,
                42.70839049600005
              ],
              [
                3.628038289000074,
                42.70839048100004
              ],
              [
                3.628150413000071,
                42.70827953300005
              ],
              [
                3.628377152000041,
                42.708059012000035
              ],
              [
                3.628377173000047,
                42.708058992000076
              ],
              [
                3.628491764000046,
                42.707949443000075
              ],
              [
                3.628491792000034,
                42.707949416000076
              ],
              [
                3.628955072000053,
                42.70751403100007
              ],
              [
                3.628955101000031,
                42.70751400300003
              ],
              [
                3.629013144000055,
                42.70745991700005
              ],
              [
                3.629129852000062,
                42.70735208200006
              ],
              [
                3.629188501000044,
                42.70729834900004
              ],
              [
                3.629424305000043,
                42.707084131000045
              ],
              [
                3.629483188000052,
                42.70703108400005
              ],
              [
                3.629483212000025,
                42.707031062000055
              ],
              [
                3.629601543000035,
                42.70692535000006
              ],
              [
                3.62960156500003,
                42.70692533000005
              ],
              [
                3.629668366000033,
                42.70686621900006
              ],
              [
                3.629668412000058,
                42.70686617900003
              ],
              [
                3.629715463000025,
                42.706825019000064
              ],
              [
                3.629715505000036,
                42.70682498200006
              ],
              [
                3.629791768000075,
                42.70675855700006
              ],
              [
                3.629791922000038,
                42.70675842300005
              ],
              [
                3.629831545000059,
                42.70672404600003
              ],
              [
                3.629831607000028,
                42.70672399100005
              ],
              [
                3.629988124000022,
                42.70658255600006
              ],
              [
                3.629988163000064,
                42.70658252100003
              ],
              [
                3.630038537000075,
                42.70653730600003
              ],
              [
                3.630038575000071,
                42.70653727200005
              ],
              [
                3.630139792000023,
                42.706447068000045
              ],
              [
                3.630139814000074,
                42.706447049000076
              ],
              [
                3.630189889000064,
                42.70640273500004
              ],
              [
                3.630271032000053,
                42.706332227000075
              ],
              [
                3.630432863000067,
                42.706193179000024
              ],
              [
                3.630432886000051,
                42.706193160000055
              ],
              [
                3.630514319000042,
                42.70612396200005
              ],
              [
                3.630840578000061,
                42.70584977900006
              ],
              [
                3.630922638000072,
                42.70578157400007
              ],
              [
                3.630922663000035,
                42.705781554000055
              ],
              [
                3.631087820000062,
                42.705645781000044
              ],
              [
                3.631170912000073,
                42.70557821800003
              ],
              [
                3.631837795000024,
                42.705041891000064
              ],
              [
                3.632006530000069,
                42.70490912400004
              ],
              [
                3.632347893000031,
                42.70464632900007
              ],
              [
                3.632520524000029,
                42.704516298000044
              ],
              [
                3.633218465000027,
                42.70400193000006
              ],
              [
                3.633394891000023,
                42.70387471200007
              ],
              [
                3.633751467000025,
                42.70362313900006
              ],
              [
                3.633931620000055,
                42.70349878300004
              ],
              [
                3.634659297000042,
                42.70300734600005
              ],
              [
                3.634750515000064,
                42.702946412000074
              ],
              [
                3.634750550000035,
                42.70294638900003
              ],
              [
                3.634819234000076,
                42.70290100600005
              ],
              [
                3.634959397000046,
                42.702666098000066
              ],
              [
                3.635061925000059,
                42.702499257000056
              ],
              [
                3.635481822000031,
                42.70183544400004
              ],
              [
                3.635589289000052,
                42.70167030500005
              ],
              [
                3.635809108000046,
                42.70134181000003
              ],
              [
                3.635885544000075,
                42.70123067500003
              ],
              [
                3.636144821000073,
                42.700816357000065
              ],
              [
                3.636177796000027,
                42.70076413900006
              ],
              [
                3.636244242000032,
                42.70065985900004
              ],
              [
                3.636278614000048,
                42.700606408000056
              ],
              [
                3.636402210000028,
                42.70041595300006
              ],
              [
                3.636402223000061,
                42.700415934000034
              ],
              [
                3.636480358000028,
                42.70029313900005
              ],
              [
                3.636480409000058,
                42.700293059000046
              ],
              [
                3.636506682000061,
                42.700252060000025
              ],
              [
                3.636506741000062,
                42.70025196900008
              ],
              [
                3.636568288000035,
                42.700156598000035
              ],
              [
                3.636568321000027,
                42.70015654700006
              ],
              [
                3.636599315000069,
                42.70010891100003
              ],
              [
                3.636840569000071,
                42.699741095000036
              ],
              [
                3.636901649000038,
                42.69964940800003
              ],
              [
                3.63702532800005,
                42.69946659100003
              ],
              [
                3.63708792500006,
                42.699375462000035
              ],
              [
                3.637341312000046,
                42.69901211700005
              ],
              [
                3.637405422000029,
                42.69892155400004
              ],
              [
                3.637535126000046,
                42.698741031000054
              ],
              [
                3.63753514900003,
                42.698741
              ],
              [
                3.637600730000031,
                42.69865106000003
              ],
              [
                3.637600765000059,
                42.698651013000074
              ],
              [
                3.637866100000053,
                42.69829240100006
              ],
              [
                3.637866135000024,
                42.698292354000046
              ],
              [
                3.637899305000076,
                42.69824784600007
              ],
              [
                3.637966065000057,
                42.69815890800004
              ],
              [
                3.637999637000064,
                42.698114504000046
              ],
              [
                3.63813463200006,
                42.697937222000064
              ],
              [
                3.638134645000036,
                42.69793720600006
              ],
              [
                3.638168255000039,
                42.69789337700007
              ],
              [
                3.638235836000035,
                42.697805867000056
              ],
              [
                3.638269146000027,
                42.69776303000003
              ],
              [
                3.638331377000043,
                42.697684536000054
              ],
              [
                3.638455665000038,
                42.69752971100007
              ],
              [
                3.638518378000072,
                42.697452541000075
              ],
              [
                3.638633998000046,
                42.69731199100005
              ],
              [
                3.63865607300005,
                42.69728280800007
              ],
              [
                3.638766647000068,
                42.697138316000064
              ],
              [
                3.638821768000071,
                42.69706710600008
              ],
              [
                3.638873400000023,
                42.697001843000066
              ],
              [
                3.638976133000028,
                42.69687332600006
              ],
              [
                3.639027893000048,
                42.69680923300007
              ],
              [
                3.639235113000041,
                42.696555226000044
              ],
              [
                3.639287309000053,
                42.69649188300008
              ],
              [
                3.639392450000059,
                42.696365557000036
              ],
              [
                3.639445397000031,
                42.69630257000006
              ],
              [
                3.63955687400005,
                42.69617125800005
              ],
              [
                3.639474542000073,
                42.696045498000046
              ],
              [
                3.639117132000024,
                42.695500440000046
              ],
              [
                3.639029442000037,
                42.69536355300005
              ],
              [
                3.638857442000074,
                42.69508862400005
              ],
              [
                3.63877313200004,
                42.69495057900008
              ],
              [
                3.638442783000073,
                42.69439630100004
              ],
              [
                3.638397584000074,
                42.69431941700003
              ],
              [
                3.638308236000057,
                42.694165318000046
              ],
              [
                3.63830822400007,
                42.69416529700004
              ],
              [
                3.638264073000073,
                42.69408808000003
              ],
              [
                3.63808958900006,
                42.693778577000046
              ],
              [
                3.638089577000073,
                42.69377855500005
              ],
              [
                3.638046518000067,
                42.693701082000075
              ],
              [
                3.638046478000035,
                42.69370101000004
              ],
              [
                3.637961401000041,
                42.693545716000074
              ],
              [
                3.637961340000061,
                42.693545603000075
              ],
              [
                3.63791935100005,
                42.69346783800006
              ],
              [
                3.637919299000032,
                42.69346774100006
              ],
              [
                3.637888187000044,
                42.69340926600006
              ],
              [
                3.637888116000056,
                42.693409132000056
              ],
              [
                3.637873074000026,
                42.693381146000036
              ],
              [
                3.637697463000052,
                42.693053331000044
              ],
              [
                3.637697439000021,
                42.693053286000065
              ],
              [
                3.637668957000074,
                42.692999573000066
              ],
              [
                3.637668911000048,
                42.692999486000076
              ],
              [
                3.637612537000052,
                42.692892080000036
              ],
              [
                3.63761250400006,
                42.69289201600003
              ],
              [
                3.637584582000045,
                42.69283826700007
              ],
              [
                3.637473873000033,
                42.69262293200006
              ],
              [
                3.637473860000057,
                42.69262290700004
              ],
              [
                3.637446684000054,
                42.69256949800007
              ],
              [
                3.637392818000023,
                42.69246252200003
              ],
              [
                3.637366615000076,
                42.692409945000065
              ],
              [
                3.637349540000059,
                42.69237508300006
              ],
              [
                3.637349515000039,
                42.692375034000065
              ],
              [
                3.637316559000055,
                42.692307276000065
              ],
              [
                3.637316543000054,
                42.69230724200003
              ],
              [
                3.637300182000047,
                42.69227337500007
              ],
              [
                3.637300168000024,
                42.692273347000025
              ],
              [
                3.637235968000027,
                42.69213954000003
              ],
              [
                3.637235951000036,
                42.69213950500006
              ],
              [
                3.637220004000028,
                42.692106040000056
              ],
              [
                3.637219993000031,
                42.69210601800006
              ],
              [
                3.637188274000039,
                42.69203900100007
              ],
              [
                3.637172517000067,
                42.69200548100008
              ],
              [
                3.637172507000059,
                42.692005460000075
              ],
              [
                3.637048106000066,
                42.69173899100008
              ],
              [
                3.637048097000047,
                42.69173897100006
              ],
              [
                3.637032641000076,
                42.69170563400007
              ],
              [
                3.637032612000041,
                42.691705572000046
              ],
              [
                3.637001920000046,
                42.69163891200003
              ],
              [
                3.637001893000047,
                42.69163885300003
              ],
              [
                3.636986673000024,
                42.691605569000046
              ],
              [
                3.636986654000054,
                42.691605527000036
              ],
              [
                3.636925990000066,
                42.69147192600008
              ],
              [
                3.636925976000043,
                42.69147189500006
              ],
              [
                3.636910901000022,
                42.691438463000054
              ],
              [
                3.636880943000051,
                42.69137154600003
              ],
              [
                3.636865920000048,
                42.69133775100005
              ],
              [
                3.636865911000029,
                42.69133773000004
              ],
              [
                3.636753113000054,
                42.691082093000034
              ],
              [
                3.636753068000075,
                42.69108199000004
              ],
              [
                3.636721902000033,
                42.69101083600003
              ],
              [
                3.636721860000023,
                42.691010739000035
              ],
              [
                3.636675269000023,
                42.69090353900003
              ],
              [
                3.63664364300007,
                42.69083019100003
              ],
              [
                3.636643634000052,
                42.69083017100007
              ],
              [
                3.636622572000022,
                42.690783528000054
              ],
              [
                3.636587734000045,
                42.690707004000046
              ],
              [
                3.636519073000045,
                42.69055373000003
              ],
              [
                3.636519060000069,
                42.690553700000066
              ],
              [
                3.636485245000074,
                42.69047697000008
              ],
              [
                3.636485228000026,
                42.690476931000035
              ],
              [
                3.63635196000007,
                42.69016947500006
              ],
              [
                3.636351944000069,
                42.690169438000055
              ],
              [
                3.636319142000048,
                42.69009247900004
              ],
              [
                3.636319129000071,
                42.69009244800003
              ],
              [
                3.636254514000029,
                42.68993825100006
              ],
              [
                3.636222711000073,
                42.68986103100008
              ],
              [
                3.635972378000076,
                42.689242474000025
              ],
              [
                3.635911814000053,
                42.689087362000066
              ],
              [
                3.635794762000046,
                42.68877629000008
              ],
              [
                3.635738275000051,
                42.68862033200003
              ],
              [
                3.635520585000052,
                42.68799509400003
              ],
              [
                3.635468203000073,
                42.68783836700004
              ],
              [
                3.635367562000056,
                42.68752419600003
              ],
              [
                3.635319302000028,
                42.687366749000034
              ],
              [
                3.635134575000052,
                42.68673576200007
              ],
              [
                3.635112072000027,
                42.68665705700005
              ],
              [
                3.635068094000076,
                42.68649948900003
              ],
              [
                3.635046621000072,
                42.686420628000064
              ],
              [
                3.635003404000031,
                42.686257854000075
              ],
              [
                3.634806583000056,
                42.68621142000006
              ],
              [
                3.634806556000058,
                42.68621141400007
              ],
              [
                3.634699922000038,
                42.68618582500005
              ],
              [
                3.634486982000055,
                42.686133864000055
              ],
              [
                3.634486955000057,
                42.68613385700007
              ],
              [
                3.634380674000056,
                42.68610749100003
              ],
              [
                3.634380645000022,
                42.68610748400005
              ],
              [
                3.63395618200002,
                42.686000447000026
              ],
              [
                3.633956149000028,
                42.686000439000054
              ],
              [
                3.633850500000051,
                42.68597336500005
              ],
              [
                3.633850443000028,
                42.68597335000004
              ],
              [
                3.633639437000056,
                42.68591841400007
              ],
              [
                3.633639401000039,
                42.68591840500005
              ],
              [
                3.633526030000041,
                42.685888383000076
              ],
              [
                3.633525983000027,
                42.68588837000004
              ],
              [
                3.633476137000059,
                42.685874917000035
              ],
              [
                3.633475844000031,
                42.68587483700003
              ],
              [
                3.633394526000075,
                42.68585278300003
              ],
              [
                3.633394136000049,
                42.68585267700007
              ],
              [
                3.633345659000042,
                42.68583946700005
              ],
              [
                3.633345446000021,
                42.68583940900004
              ],
              [
                3.63320017500007,
                42.68579963600007
              ],
              [
                3.63320012500003,
                42.68579962200005
              ],
              [
                3.633151729000076,
                42.68578631100007
              ],
              [
                3.633071027000028,
                42.685764008000035
              ],
              [
                3.633070876000033,
                42.685763966000025
              ],
              [
                3.633022635000032,
                42.685750573000064
              ],
              [
                3.633022541000059,
                42.685750547000055
              ],
              [
                3.632594729000061,
                42.685631227000044
              ],
              [
                3.632594653000069,
                42.68563120500005
              ],
              [
                3.632436288000065,
                42.685586028000046
              ],
              [
                3.632436209000048,
                42.68558600500006
              ],
              [
                3.632120329000031,
                42.68549387400003
              ],
              [
                3.632120258000043,
                42.685493853000025
              ],
              [
                3.631962807000036,
                42.685446917000036
              ],
              [
                3.631962752000049,
                42.685446901000034
              ],
              [
                3.631334778000053,
                42.68525564000004
              ],
              [
                3.631334751000054,
                42.685255632000064
              ],
              [
                3.631178227000021,
                42.68520693900007
              ],
              [
                3.631178205000026,
                42.68520693200003
              ],
              [
                3.630866125000068,
                42.68510780500003
              ],
              [
                3.630710558000033,
                42.685057365000034
              ],
              [
                3.629808130000072,
                42.68475877700007
              ],
              [
                3.62970253800006,
                42.68472445300006
              ],
              [
                3.629702447000057,
                42.684724423000034
              ],
              [
                3.629618841000024,
                42.68469694700008
              ],
              [
                3.629618790000052,
                42.68469693000003
              ],
              [
                3.629451818000064,
                42.684641458000044
              ],
              [
                3.629451786000061,
                42.68464144600006
              ],
              [
                3.629368474000046,
                42.684613468000066
              ],
              [
                3.62936843600005,
                42.68461345500003
              ],
              [
                3.629035678000037,
                42.68450050300004
              ],
              [
                3.628952638000044,
                42.68447201400005
              ],
              [
                3.628952617000039,
                42.68447200700007
              ],
              [
                3.628868447000059,
                42.68444282300004
              ],
              [
                3.628611045000071,
                42.684368937000045
              ],
              [
                3.628496264000034,
                42.68433545500005
              ],
              [
                3.628496225000049,
                42.684335444000055
              ],
              [
                3.628267144000063,
                42.68426755200005
              ],
              [
                3.628267101000063,
                42.68426753800003
              ],
              [
                3.62815279900002,
                42.68423312600004
              ],
              [
                3.627241610000056,
                42.68395450700007
              ],
              [
                3.627014786000075,
                42.683883
              ],
              [
                3.626563316000045,
                42.68373635200004
              ],
              [
                3.626338684000075,
                42.683661217000065
              ],
              [
                3.626338662000023,
                42.683661210000025
              ],
              [
                3.625444834000064,
                42.683353520000026
              ],
              [
                3.625222462000067,
                42.683274779000044
              ],
              [
                3.624780093000027,
                42.68311373300003
              ],
              [
                3.624560108000026,
                42.683031431000074
              ],
              [
                3.624560080000037,
                42.68303142100007
              ],
              [
                3.62368533800003,
                42.682695254000066
              ],
              [
                3.623685309000052,
                42.68269524300007
              ],
              [
                3.623576437000054,
                42.682652844000074
              ],
              [
                3.623576405000051,
                42.68265283200003
              ],
              [
                3.623359268000058,
                42.68256715200005
              ],
              [
                3.62335923400002,
                42.682567138000024
              ],
              [
                3.623251,
                42.68252387000007
              ],
              [
                3.623250980000023,
                42.68252386200004
              ],
              [
                3.622819240000069,
                42.68234901200003
              ],
              [
                3.622711953000021,
                42.68230500100003
              ],
              [
                3.622711922000065,
                42.682304988000055
              ],
              [
                3.622498023000048,
                42.68221611700005
              ],
              [
                3.622498002000043,
                42.682216108000034
              ],
              [
                3.622392040000022,
                42.68217152500006
              ],
              [
                3.622284437000076,
                42.68212509600005
              ],
              [
                3.622071236000068,
                42.68203193700003
              ],
              [
                3.621964991000027,
                42.681984930000056
              ],
              [
                3.621542716000022,
                42.681795770000065
              ],
              [
                3.621542694000027,
                42.68179576000006
              ],
              [
                3.621437466000032,
                42.68174804000006
              ],
              [
                3.621437443000048,
                42.68174802900006
              ],
              [
                3.621227717000068,
                42.68165175100006
              ],
              [
                3.621123233000048,
                42.68160320000004
              ],
              [
                3.621123208000029,
                42.681603188000054
              ],
              [
                3.620291545000043,
                42.681212026000026
              ],
              [
                3.620291520000023,
                42.68121201400004
              ],
              [
                3.620085033000066,
                42.68111254100006
              ],
              [
                3.62008499600006,
                42.68111252300008
              ],
              [
                3.619674975000066,
                42.68091025600006
              ],
              [
                3.619674941000028,
                42.68091023900007
              ],
              [
                3.619471415000021,
                42.68080744900004
              ],
              [
                3.618663666000032,
                42.680389870000056
              ],
              [
                3.618463232000067,
                42.68028382700004
              ],
              [
                3.618065535000028,
                42.680068531000074
              ],
              [
                3.617868275000035,
                42.67995928000005
              ],
              [
                3.617086004000043,
                42.67951609200003
              ],
              [
                3.616986402000066,
                42.67945900900003
              ],
              [
                3.61698638200005,
                42.67945899700004
              ],
              [
                3.616788018000022,
                42.67934399500007
              ],
              [
                3.616684256000042,
                42.679283112000064
              ],
              [
                3.616595973000074,
                42.67924295100005
              ],
              [
                3.616497210000034,
                42.679198331000066
              ],
              [
                3.616300301000024,
                42.67910834400004
              ],
              [
                3.616202144000056,
                42.679062972000054
              ],
              [
                3.615421015000038,
                42.67869776800006
              ],
              [
                3.615226966000023,
                42.67860497600003
              ],
              [
                3.614841474000059,
                42.67841647900008
              ],
              [
                3.614650046000065,
                42.678320780000035
              ],
              [
                3.614650023000024,
                42.67832076900004
              ],
              [
                3.613889837000045,
                42.677932302000045
              ],
              [
                3.613889809000057,
                42.67793228800008
              ],
              [
                3.613701083000024,
                42.67783372300005
              ],
              [
                3.613701064000054,
                42.67783371300004
              ],
              [
                3.613326356000073,
                42.677633736000075
              ],
              [
                3.613140397000052,
                42.67753233900004
              ],
              [
                3.613140375000057,
                42.67753232700005
              ],
              [
                3.612402372000076,
                42.677121234000026
              ],
              [
                3.612402349000035,
                42.67712122200004
              ],
              [
                3.612310437000076,
                42.67706947500005
              ],
              [
                3.612127308000026,
                42.67696527700008
              ],
              [
                3.612036113000045,
                42.67691283800008
              ],
              [
                3.612036079000063,
                42.67691281800006
              ],
              [
                3.611672806000058,
                42.67670171100008
              ],
              [
                3.611672751000071,
                42.676701679000075
              ],
              [
                3.61158234100003,
                42.67664858400008
              ],
              [
                3.611582308000038,
                42.67664856500005
              ],
              [
                3.61140215100005,
                42.67654164800007
              ],
              [
                3.611402117000068,
                42.67654162800005
              ],
              [
                3.611312111000075,
                42.67648765000007
              ],
              [
                3.611312075000058,
                42.676487628000075
              ],
              [
                3.610853060000068,
                42.67620942600007
              ],
              [
                3.610853033000069,
                42.67620941000007
              ],
              [
                3.610758469000075,
                42.67615178500006
              ],
              [
                3.610758303000068,
                42.67615168300006
              ],
              [
                3.610616777000075,
                42.676064964000034
              ],
              [
                3.610616697000069,
                42.67606491500004
              ],
              [
                3.610524803000033,
                42.676008301000024
              ],
              [
                3.610524769000051,
                42.676008280000076
              ],
              [
                3.610462488000053,
                42.675969536000025
              ],
              [
                3.610462454000071,
                42.67596951500008
              ],
              [
                3.610338101000025,
                42.67589157300006
              ],
              [
                3.610275639000065,
                42.675852133000035
              ],
              [
                3.610275608000052,
                42.675852113000076
              ],
              [
                3.61005209800004,
                42.67570994100004
              ],
              [
                3.610052071000041,
                42.675709924000046
              ],
              [
                3.609996343000034,
                42.67567424200007
              ],
              [
                3.60988519700004,
                42.67560260400006
              ],
              [
                3.609829792000028,
                42.67556665800004
              ],
              [
                3.609829771000022,
                42.67556664400007
              ],
              [
                3.609389283000041,
                42.67527897000008
              ],
              [
                3.609389262000036,
                42.67527895600006
              ],
              [
                3.609279781000055,
                42.675206511000056
              ],
              [
                3.609279743000059,
                42.675206486000036
              ],
              [
                3.609062065000046,
                42.67506055200005
              ],
              [
                3.60906202700005,
                42.67506052600004
              ],
              [
                3.608953847000066,
                42.67498704700006
              ],
              [
                3.608523643000069,
                42.674690998000074
              ],
              [
                3.608416736000038,
                42.674616462000074
              ],
              [
                3.608416710000029,
                42.67461644400004
              ],
              [
                3.60820424000002,
                42.67446636600005
              ],
              [
                3.60809867100005,
                42.67439082100003
              ],
              [
                3.607679056000052,
                42.67408660700005
              ],
              [
                3.607622927000023,
                42.674045629000034
              ],
              [
                3.607622889000027,
                42.674045601000046
              ],
              [
                3.607510999000056,
                42.67396334000006
              ],
              [
                3.607510963000038,
                42.67396331400005
              ],
              [
                3.607455198000025,
                42.67392202700006
              ],
              [
                3.607232916000044,
                42.67375630500004
              ],
              [
                3.60717756400004,
                42.673714748000066
              ],
              [
                3.607177541000055,
                42.67371473000003
              ],
              [
                3.607067192000045,
                42.67363130100006
              ],
              [
                3.607012207000025,
                42.67358943700003
              ],
              [
                3.607012185000031,
                42.67358942100003
              ],
              [
                3.60660180800005,
                42.67327476100007
              ],
              [
                3.606601774000069,
                42.67327473600005
              ],
              [
                3.606541108000044,
                42.673227980000036
              ],
              [
                3.606541074000063,
                42.673227954000026
              ],
              [
                3.606440202000044,
                42.67314980800006
              ],
              [
                3.606440128000031,
                42.67314974900006
              ],
              [
                3.606379791000052,
                42.67310276300003
              ],
              [
                3.606379724000021,
                42.67310271100007
              ],
              [
                3.606226267000068,
                42.67298260700005
              ],
              [
                3.606226182000057,
                42.67298254100007
              ],
              [
                3.606194060000064,
                42.672957291000046
              ],
              [
                3.606193960000041,
                42.672957213000075
              ],
              [
                3.606129749000047,
                42.672906528000055
              ],
              [
                3.606129660000022,
                42.67290645700007
              ],
              [
                3.606097649000048,
                42.67288108300005
              ],
              [
                3.606097582000075,
                42.67288103000004
              ],
              [
                3.605969595000033,
                42.67277915500006
              ],
              [
                3.605969558000027,
                42.67277912600008
              ],
              [
                3.605937624000035,
                42.67275360100007
              ],
              [
                3.605937605000065,
                42.672753585000066
              ],
              [
                3.605873899000073,
                42.67270245100008
              ],
              [
                3.605873852000059,
                42.67270241400007
              ],
              [
                3.605842109000037,
                42.67267682800008
              ],
              [
                3.605842086000052,
                42.67267680900005
              ],
              [
                3.605288654000049,
                42.67222885500007
              ],
              [
                3.605288631000064,
                42.672228836000045
              ],
              [
                3.605210300000067,
                42.67216477100004
              ],
              [
                3.605210253000052,
                42.672164732000056
              ],
              [
                3.605054496000037,
                42.67203600600004
              ],
              [
                3.605054454000026,
                42.67203597200006
              ],
              [
                3.604977039000062,
                42.67197132300004
              ],
              [
                3.604669080000065,
                42.67171144800005
              ],
              [
                3.604592918000037,
                42.67164650500007
              ],
              [
                3.604441505000068,
                42.67151604500003
              ],
              [
                3.604358380000065,
                42.67144358300004
              ],
              [
                3.604308594000031,
                42.67139958000007
              ],
              [
                3.604228110000065,
                42.67132811400006
              ],
              [
                3.604180090000057,
                42.67128528000006
              ],
              [
                3.604180067000073,
                42.67128525900006
              ],
              [
                3.604045765000023,
                42.671164934000046
              ],
              [
                3.604045708000058,
                42.67116488100004
              ],
              [
                3.603896991000056,
                42.671028740000054
              ],
              [
                3.603896952000071,
                42.67102870400004
              ],
              [
                3.603603364000037,
                42.670754094000074
              ],
              [
                3.603603344000021,
                42.67075407500005
              ],
              [
                3.603458507000028,
                42.67061563900006
              ],
              [
                3.603458491000026,
                42.67061562400005
              ],
              [
                3.602887148000036,
                42.67005752100005
              ],
              [
                3.602746267000043,
                42.66991686100005
              ],
              [
                3.602468529000021,
                42.669633386000044
              ],
              [
                3.602331673000037,
                42.66949057200003
              ],
              [
                3.601458471000058,
                42.668558758000074
              ],
              [
                3.601276388000031,
                42.66839150800007
              ],
              [
                3.601202544000046,
                42.66832294400007
              ],
              [
                3.601055822000035,
                42.66818523500007
              ],
              [
                3.600982946000045,
                42.66811609200005
              ],
              [
                3.600405501000068,
                42.66756224000005
              ],
              [
                3.600333789000047,
                42.667492706000075
              ],
              [
                3.600333767000052,
                42.66749268500007
              ],
              [
                3.600191361000043,
                42.66735309200004
              ],
              [
                3.600191339000048,
                42.667353071000036
              ],
              [
                3.600120643000025,
                42.66728301100005
              ],
              [
                3.599839780000025,
                42.66700160900007
              ],
              [
                3.599770063000051,
                42.66693098600007
              ],
              [
                3.59963162400004,
                42.66678919300006
              ],
              [
                3.599565713000061,
                42.666720965000025
              ],
              [
                3.599402110000028,
                42.66654985000008
              ],
              [
                3.599372770000059,
                42.66652004000008
              ],
              [
                3.59887831900005,
                42.666015310000034
              ],
              [
                3.598808821000034,
                42.665943979000076
              ],
              [
                3.598808774000076,
                42.665943930000026
              ],
              [
                3.598704829000042,
                42.66583664600006
              ],
              [
                3.598635904000048,
                42.66576511000005
              ],
              [
                3.598635872000045,
                42.66576507700006
              ],
              [
                3.59837714400004,
                42.66549537800006
              ],
              [
                3.598377128000038,
                42.66549536100007
              ],
              [
                3.598287733000063,
                42.66540441200004
              ],
              [
                3.598247803000049,
                42.66536350200005
              ],
              [
                3.598088780000069,
                42.66519953100004
              ],
              [
                3.59804919000004,
                42.66515844700007
              ],
              [
                3.597970348000047,
                42.665076104000036
              ],
              [
                3.597931095000035,
                42.66503484300006
              ],
              [
                3.597475065000026,
                42.66455239700008
              ],
              [
                3.59740572000004,
                42.66447818300003
              ],
              [
                3.597405707000064,
                42.66447816900006
              ],
              [
                3.597268082000028,
                42.66432916300005
              ],
              [
                3.597199812000042,
                42.664254381000035
              ],
              [
                3.597199793000073,
                42.66425436000003
              ],
              [
                3.596928958000035,
                42.66395420300006
              ],
              [
                3.596928933000072,
                42.66395417500007
              ],
              [
                3.596861790000048,
                42.66387888300005
              ],
              [
                3.596861766000075,
                42.66387885700004
              ],
              [
                3.596728562000067,
                42.66372771400006
              ],
              [
                3.59672854300004,
                42.663727693000055
              ],
              [
                3.596662499000047,
                42.66365186000007
              ],
              [
                3.596138655000061,
                42.663043162000065
              ],
              [
                3.596073797000031,
                42.662966889000074
              ],
              [
                3.596073783000065,
                42.66296687300007
              ],
              [
                3.59594519500007,
                42.66281382600005
              ],
              [
                3.595945178000022,
                42.66281380600003
              ],
              [
                3.59588145400005,
                42.662737038000046
              ],
              [
                3.595881440000028,
                42.662737021000055
              ],
              [
                3.595628801000032,
                42.66242895000005
              ],
              [
                3.595566334000068,
                42.66235184200008
              ],
              [
                3.595442632000072,
                42.662197261000074
              ],
              [
                3.59538174100004,
                42.66212022900004
              ],
              [
                3.595012395000026,
                42.661646458000064
              ],
              [
                3.59501238200005,
                42.66164644100007
              ],
              [
                3.594925697000065,
                42.66153321100006
              ],
              [
                3.594925684000032,
                42.66153319400007
              ],
              [
                3.594754764000072,
                42.66130581300007
              ],
              [
                3.594670502000042,
                42.66119162500007
              ],
              [
                3.594338397000058,
                42.660733099000026
              ],
              [
                3.594256572000063,
                42.66061797700007
              ],
              [
                3.594095365000044,
                42.660386806000076
              ],
              [
                3.594015984000066,
                42.66027075900007
              ],
              [
                3.59339119200007,
                42.65933939300004
              ],
              [
                3.593314274000022,
                42.65922244700005
              ],
              [
                3.593162919000065,
                42.658987688000025
              ],
              [
                3.593088486000056,
                42.658869881000044
              ],
              [
                3.593088472000034,
                42.65886985800006
              ],
              [
                3.592795774000024,
                42.658397007000076
              ],
              [
                3.592795752000029,
                42.65839697100006
              ],
              [
                3.592723836000062,
                42.65827835300007
              ],
              [
                3.592723822000039,
                42.658278331000076
              ],
              [
                3.592582470000025,
                42.658040225000036
              ],
              [
                3.592513050000036,
                42.65792076500003
              ],
              [
                3.592513020000069,
                42.65792071300007
              ],
              [
                3.592444941000053,
                42.657800990000055
              ],
              [
                3.59244491000004,
                42.65780093600006
              ],
              [
                3.592421705000049,
                42.65775982100007
              ],
              [
                3.592375535000031,
                42.65767739900008
              ],
              [
                3.592352593000044,
                42.65763612600006
              ],
              [
                3.592261448000045,
                42.657470913000054
              ],
              [
                3.592238810000026,
                42.65742956200006
              ],
              [
                3.592193829000053,
                42.65734676400007
              ],
              [
                3.592171493000023,
                42.657305328000064
              ],
              [
                3.591994003000025,
                42.65697348200007
              ],
              [
                3.591971963000049,
                42.65693195000006
              ],
              [
                3.591971944000022,
                42.65693191400004
              ],
              [
                3.591928190000033,
                42.65684880800006
              ],
              [
                3.591928176000067,
                42.656848782000054
              ],
              [
                3.591906464000033,
                42.656807214000025
              ],
              [
                3.591906453000036,
                42.65680719300008
              ],
              [
                3.591820117000054,
                42.65664057600003
              ],
              [
                3.591798700000027,
                42.65659891200005
              ],
              [
                3.591798677000043,
                42.65659886700007
              ],
              [
                3.59175612100006,
                42.65651540300007
              ],
              [
                3.591756110000063,
                42.656515382000066
              ],
              [
                3.591734976000055,
                42.65647359600007
              ],
              [
                3.591734963000022,
                42.65647357000006
              ],
              [
                3.591701899000043,
                42.656407657000045
              ],
              [
                3.591567548000057,
                42.656148606000045
              ],
              [
                3.59156753000002,
                42.656148571000074
              ],
              [
                3.591541861000053,
                42.656098763000045
              ],
              [
                3.591541834000054,
                42.65609871100003
              ],
              [
                3.591499247000058,
                42.65601554500006
              ],
              [
                3.59149922000006,
                42.65601549200005
              ],
              [
                3.591473797000049,
                42.65596552100004
              ],
              [
                3.591473776000043,
                42.65596547900003
              ],
              [
                3.591398025000046,
                42.65581561600004
              ],
              [
                3.591397985000071,
                42.65581553800007
              ],
              [
                3.591373259000022,
                42.655766303000064
              ],
              [
                3.591373241000042,
                42.65576626700005
              ],
              [
                3.591332339000076,
                42.65568429800004
              ],
              [
                3.591332329000068,
                42.65568428000006
              ],
              [
                3.591308824000066,
                42.65563687800005
              ],
              [
                3.591308802000071,
                42.655636833000074
              ],
              [
                3.591291607000073,
                42.65560182100006
              ],
              [
                3.591259239000067,
                42.655535358000066
              ],
              [
                3.59119613200005,
                42.65540452700003
              ],
              [
                3.591196120000063,
                42.65540450300006
              ],
              [
                3.591158674000042,
                42.655326047000074
              ],
              [
                3.591048385000022,
                42.65509249400003
              ],
              [
                3.591048368000031,
                42.65509245700008
              ],
              [
                3.591012007000074,
                42.655014632000075
              ],
              [
                3.591011990000027,
                42.65501459500007
              ],
              [
                3.590951947000065,
                42.654884699000036
              ],
              [
                3.590951909000069,
                42.65488461700005
              ],
              [
                3.590916223000022,
                42.65480657400008
              ],
              [
                3.590916209000056,
                42.65480654300006
              ],
              [
                3.590811058000043,
                42.65457413100006
              ],
              [
                3.590774345000057,
                42.65449152900004
              ],
              [
                3.590702101000034,
                42.654326076000075
              ],
              [
                3.590702087000068,
                42.65432604400007
              ],
              [
                3.590666558000066,
                42.65424320300008
              ],
              [
                3.590526752000073,
                42.65391121000005
              ],
              [
                3.590492383000026,
                42.65382807100008
              ],
              [
                3.590424827000049,
                42.653661545000034
              ],
              [
                3.590391636000049,
                42.653578148000065
              ],
              [
                3.590130892000047,
                42.65291014700006
              ],
              [
                3.590096793000043,
                42.65282092800004
              ],
              [
                3.590029940000022,
                42.65264221100006
              ],
              [
                3.589997188000041,
                42.65255272300004
              ],
              [
                3.589868884000055,
                42.65219424800006
              ],
              [
                3.589837479000039,
                42.65210448600004
              ],
              [
                3.589776033000021,
                42.65192474300005
              ],
              [
                3.589776026000038,
                42.65192472100006
              ],
              [
                3.589745987000072,
                42.65183474600008
              ],
              [
                3.589745976000074,
                42.65183471200004
              ],
              [
                3.589648411000042,
                42.651535324000065
              ],
              [
                3.589608582000039,
                42.651414601000056
              ],
              [
                3.589608530000021,
                42.65141444400007
              ],
              [
                3.58958967600006,
                42.65135687600008
              ],
              [
                3.58958965000005,
                42.65135679700006
              ],
              [
                3.58950623800007,
                42.65110015400006
              ],
              [
                3.589506225000036,
                42.651100118000045
              ],
              [
                3.589491722000048,
                42.65105493500005
              ],
              [
                3.589463197000043,
                42.65096495600005
              ],
              [
                3.58946319100005,
                42.65096493600004
              ],
              [
                3.589449111000022,
                42.65091996000007
              ],
              [
                3.589449103000049,
                42.65091993400006
              ],
              [
                3.589393408000035,
                42.65073975700005
              ],
              [
                3.589393401000052,
                42.65073973300008
              ],
              [
                3.58937964100005,
                42.650694644000055
              ],
              [
                3.589352470000051,
                42.65060443900006
              ],
              [
                3.589352461000033,
                42.65060440900004
              ],
              [
                3.589339050000035,
                42.65055929600004
              ],
              [
                3.58919558100007,
                42.65007022900005
              ],
              [
                3.589183985000034,
                42.650030223000044
              ],
              [
                3.589161053000055,
                42.64995015100004
              ],
              [
                3.589149721000069,
                42.64991009900007
              ],
              [
                3.589149715000076,
                42.64991007900005
              ],
              [
                3.589104921000057,
                42.64974979500005
              ],
              [
                3.589093857000023,
                42.64970970500008
              ],
              [
                3.589093849000051,
                42.649709674000064
              ],
              [
                3.589071990000036,
                42.64962946900005
              ],
              [
                3.589061194000067,
                42.64958935100003
              ],
              [
                3.588975869000024,
                42.649268136000046
              ],
              [
                3.588965405000067,
                42.64922822600005
              ],
              [
                3.58894474300007,
                42.64914838200008
              ],
              [
                3.588934551000023,
                42.649108469000055
              ],
              [
                3.588934542000061,
                42.64910843400003
              ],
              [
                3.588894279000044,
                42.64894862600005
              ],
              [
                3.588894272000061,
                42.64894859900005
              ],
              [
                3.588884470000039,
                42.64890916600007
              ],
              [
                3.588865120000037,
                42.64883025200004
              ],
              [
                3.588853793000055,
                42.648783268000045
              ],
              [
                3.588853786000072,
                42.64878324000006
              ],
              [
                3.588842230000068,
                42.64873423000006
              ],
              [
                3.588842225000064,
                42.648734207000075
              ],
              [
                3.58882395400002,
                42.648655793000046
              ],
              [
                3.588823940000054,
                42.648655733000055
              ],
              [
                3.588813152000057,
                42.648608900000056
              ],
              [
                3.588781642000072,
                42.648470522000025
              ],
              [
                3.588781624000035,
                42.648470442000075
              ],
              [
                3.588771243000053,
                42.64842432300003
              ],
              [
                3.588771214000076,
                42.648424196000065
              ],
              [
                3.588754135000045,
                42.648347433000026
              ],
              [
                3.58875409500007,
                42.648347251000075
              ],
              [
                3.588743988000033,
                42.64830128500006
              ],
              [
                3.588743976000046,
                42.64830123100006
              ],
              [
                3.58867678200005,
                42.64799205400004
              ],
              [
                3.588676776000057,
                42.64799202800003
              ],
              [
                3.588660010000069,
                42.64791241300003
              ],
              [
                3.588627510000038,
                42.64775302100003
              ],
              [
                3.588611784000022,
                42.647673274000056
              ],
              [
                3.588611779000075,
                42.64767325100007
              ],
              [
                3.588550963000046,
                42.64735405500005
              ],
              [
                3.588536281000074,
                42.64727419900004
              ],
              [
                3.58853627600007,
                42.64727417000006
              ],
              [
                3.588507960000072,
                42.64711437100004
              ],
              [
                3.588494326000045,
                42.64703442000007
              ],
              [
                3.58838944200005,
                42.64639449800006
              ],
              [
                3.588376852000067,
                42.64631443700006
              ],
              [
                3.588352719000056,
                42.64615422900005
              ],
              [
                3.588341178000064,
                42.646074087000045
              ],
              [
                3.588297113000067,
                42.64575337200006
              ],
              [
                3.588292968000076,
                42.64572226200005
              ],
              [
                3.588292964000061,
                42.64572223400006
              ],
              [
                3.588286811000046,
                42.64568250800005
              ],
              [
                3.588275620000047,
                42.645608682000045
              ],
              [
                3.588270135000073,
                42.645571751000034
              ],
              [
                3.588270131000058,
                42.64557172600007
              ],
              [
                3.588248646000068,
                42.645424037000055
              ],
              [
                3.588243385000055,
                42.64538709900006
              ],
              [
                3.588243377000026,
                42.64538704100005
              ],
              [
                3.588233087000049,
                42.645313206000026
              ],
              [
                3.588233081000055,
                42.64531316600005
              ],
              [
                3.588227991000053,
                42.645275824000066
              ],
              [
                3.58822798500006,
                42.64527577600006
              ],
              [
                3.588201345000073,
                42.64507568600004
              ],
              [
                3.588201340000069,
                42.64507565100007
              ],
              [
                3.588191462000054,
                42.64499974200004
              ],
              [
                3.588191451000057,
                42.64499965600004
              ],
              [
                3.588176945000043,
                42.64488544400007
              ],
              [
                3.588167530000021,
                42.644809449000036
              ],
              [
                3.588167527000053,
                42.64480942400007
              ]
            ]
          ]
        ]
      }
    },
    {
      "type": "Feature",
      "properties": {
        "info": false,
        "cara": false,
        "regl": false,
        "tech": false,
        "projet": "Erosion de la côte Vermeille",
        "OBJECTID": 12,
        "ZONE": "B",
        "surface": 1398.21729612,
        "SHAPE_Leng": 1.9242291408,
        "SHAPE_Area": 0.15419191792
      },
      "geometry": {
        "type": "MultiPolygon",
        "coordinates": [
          [
            [
              [
                3.813148217000048,
                43.236738442000046
              ],
              [
                4.07232941500007,
                42.94455130600005
              ],
              [
                4.109471539000026,
                42.90473296000005
              ],
              [
                4.049164515000029,
                42.90472724500006
              ],
              [
                4.049164553000026,
                42.89756647200005
              ],
              [
                4.049015412000074,
                42.89797654900008
              ],
              [
                4.048948873000029,
                42.89815181800003
              ],
              [
                4.048810612000068,
                42.898501241000076
              ],
              [
                4.048810603000049,
                42.89850126300007
              ],
              [
                4.048738888000059,
                42.89867540000006
              ],
              [
                4.048738876000073,
                42.89867542800005
              ],
              [
                4.048441745000048,
                42.89936951300007
              ],
              [
                4.04844173400005,
                42.899369541000056
              ],
              [
                4.048403823000058,
                42.89945643500005
              ],
              [
                4.048326711000072,
                42.899629911000034
              ],
              [
                4.048287514000037,
                42.89971648300008
              ],
              [
                4.048128147000057,
                42.90006215000005
              ],
              [
                4.048087421000048,
                42.90014891100003
              ],
              [
                4.048004673000037,
                42.900322096000025
              ],
              [
                4.047962160000054,
                42.900409515000035
              ],
              [
                4.047920107000039,
                42.90049309800003
              ],
              [
                4.047920097000031,
                42.90049311800004
              ],
              [
                4.047833756000045,
                42.90066194900004
              ],
              [
                4.047833746000038,
                42.900661968000065
              ],
              [
                4.047789947000069,
                42.90074622700007
              ],
              [
                4.047611255000049,
                42.90108448700005
              ],
              [
                4.047565959000053,
                42.90116886800007
              ],
              [
                4.04756594600002,
                42.901168892000044
              ],
              [
                4.047474111000042,
                42.90133728100005
              ],
              [
                4.04747409600003,
                42.90133730900004
              ],
              [
                4.047427559000027,
                42.90142131400006
              ],
              [
                4.047049231000074,
                42.902093739000065
              ],
              [
                4.046952133000048,
                42.90226112200003
              ],
              [
                4.046752985000069,
                42.90259430100008
              ],
              [
                4.046650936000049,
                42.902760095000076
              ],
              [
                4.046233057000052,
                42.90341974300003
              ],
              [
                4.046126110000046,
                42.90358385900004
              ],
              [
                4.045907377000049,
                42.90391032800005
              ],
              [
                4.045795589000022,
                42.90407268400003
              ],
              [
                4.045338946000072,
                42.90471830400003
              ],
              [
                4.045281092000039,
                42.90479901900005
              ],
              [
                4.045164187000069,
                42.904959974000064
              ],
              [
                4.045105139000043,
                42.90504021300006
              ],
              [
                4.044866568000032,
                42.90536020300004
              ],
              [
                4.04480600200003,
                42.905440389000034
              ],
              [
                4.044683673000065,
                42.90560026700007
              ],
              [
                4.044621248000055,
                42.90568080300005
              ],
              [
                4.044559971000069,
                42.905757891000064
              ],
              [
                4.044559956000057,
                42.905757909000044
              ],
              [
                4.044434940000031,
                42.90591326500004
              ],
              [
                4.04441078800005,
                42.90594291100007
              ],
              [
                4.044291730000054,
                42.90611869900005
              ],
              [
                4.044250448000071,
                42.90617903900005
              ],
              [
                4.044167210000069,
                42.906299483000055
              ],
              [
                4.044125263000069,
                42.90635957600006
              ],
              [
                4.044125248000057,
                42.90635959700006
              ],
              [
                4.043770316000064,
                42.906862990000036
              ],
              [
                4.043719922000037,
                42.906933912000056
              ],
              [
                4.043719908000071,
                42.90693393200007
              ],
              [
                4.043635395000024,
                42.90705195000004
              ],
              [
                4.043635375000065,
                42.90705197800003
              ],
              [
                4.04358436800004,
                42.90712265800005
              ],
              [
                4.043584348000024,
                42.90712268600004
              ],
              [
                4.04343037700005,
                42.907334400000025
              ],
              [
                4.043430345000047,
                42.90733444400007
              ],
              [
                4.043378697000037,
                42.907404918000054
              ],
              [
                4.043292120000046,
                42.90752215200007
              ],
              [
                4.04329208300004,
                42.90752220200005
              ],
              [
                4.043248625000047,
                42.90758064700003
              ],
              [
                4.043248598000048,
                42.90758068300005
              ],
              [
                4.043226513000036,
                42.90761022400005
              ],
              [
                4.043226358000027,
                42.90761043200007
              ],
              [
                4.042928207000045,
                42.90801159200004
              ],
              [
                4.04292816800006,
                42.908011644000055
              ],
              [
                4.042880646000071,
                42.90807515900008
              ],
              [
                4.042880602000025,
                42.90807521800008
              ],
              [
                4.042800958000043,
                42.90818094000008
              ],
              [
                4.042752925000059,
                42.90824426800003
              ],
              [
                4.042752906000032,
                42.90824429300005
              ],
              [
                4.042607905000068,
                42.908434165000074
              ],
              [
                4.042558880000058,
                42.90849792300003
              ],
              [
                4.042558851000024,
                42.908497960000034
              ],
              [
                4.042476530000044,
                42.90860429000003
              ],
              [
                4.042476514000043,
                42.908604310000044
              ],
              [
                4.04242563300005,
                42.908669574000044
              ],
              [
                4.04242560800003,
                42.908669606000046
              ],
              [
                4.042355573000066,
                42.90875788300008
              ],
              [
                4.042230542000027,
                42.90891325100006
              ],
              [
                4.042167457000062,
                42.90899068200008
              ],
              [
                4.041911480000067,
                42.90930105100006
              ],
              [
                4.041846904000067,
                42.90937839500003
              ],
              [
                4.041716621000035,
                42.90953255000005
              ],
              [
                4.041650907000076,
                42.909609370000055
              ],
              [
                4.041119392000041,
                42.91022326500007
              ],
              [
                4.040984207000065,
                42.910375704000046
              ],
              [
                4.040709333000052,
                42.910678388000065
              ],
              [
                4.040569646000051,
                42.91082863100007
              ],
              [
                4.040002189000063,
                42.91142489200007
              ],
              [
                4.039858077000076,
                42.91157285300005
              ],
              [
                4.039565493000055,
                42.91186643200007
              ],
              [
                4.039417032000074,
                42.91201203800006
              ],
              [
                4.039417015000026,
                42.91201205400006
              ],
              [
                4.038814709000064,
                42.91258953300007
              ],
              [
                4.038814691000027,
                42.912589550000064
              ],
              [
                4.038738662000071,
                42.912661624000066
              ],
              [
                4.038585528000056,
                42.912805165000066
              ],
              [
                4.038508427000068,
                42.91287662700006
              ],
              [
                4.03819793100007,
                42.91316120400006
              ],
              [
                4.03811941500004,
                42.91323236000005
              ],
              [
                4.037961310000071,
                42.913374049000026
              ],
              [
                4.037961292000034,
                42.91337406500003
              ],
              [
                4.037880950000044,
                42.913445255000056
              ],
              [
                4.037802209000063,
                42.91351349800004
              ],
              [
                4.037642207000033,
                42.91365066900005
              ],
              [
                4.03756170500003,
                42.91371893200005
              ],
              [
                4.03756168600006,
                42.91371894800005
              ],
              [
                4.037236154000027,
                42.913991983000074
              ],
              [
                4.037236132000032,
                42.913992001000054
              ],
              [
                4.037154256000065,
                42.91405992400007
              ],
              [
                4.037154224000062,
                42.91405995000008
              ],
              [
                4.03698945800005,
                42.914195147000044
              ],
              [
                4.036989432000041,
                42.91419516800005
              ],
              [
                4.036906557000066,
                42.914262431000054
              ],
              [
                4.036238002000061,
                42.91479912600005
              ],
              [
                4.036068829000044,
                42.91493199300004
              ],
              [
                4.035726569000076,
                42.915194986000074
              ],
              [
                4.035553468000046,
                42.91532512200007
              ],
              [
                4.035149561000026,
                42.915622222000025
              ],
              [
                4.035125716000039,
                42.91564136300008
              ],
              [
                4.034956521000026,
                42.91577424600007
              ],
              [
                4.034614250000061,
                42.91603724500004
              ],
              [
                4.034441161000075,
                42.91616737100003
              ],
              [
                4.033741362000058,
                42.916682112000046
              ],
              [
                4.033564456000022,
                42.91680942800008
              ],
              [
                4.033206908000068,
                42.91706118600007
              ],
              [
                4.033026267000025,
                42.91718562900007
              ],
              [
                4.032296562000056,
                42.917677437000066
              ],
              [
                4.032204683000032,
                42.91773868400003
              ],
              [
                4.032020010000053,
                42.91786044400004
              ],
              [
                4.031927224000071,
                42.91792095000005
              ],
              [
                4.031927185000029,
                42.91792097500007
              ],
              [
                4.031554310000047,
                42.91816146300005
              ],
              [
                4.031554270000072,
                42.918161489000056
              ],
              [
                4.031460257000049,
                42.918221456000026
              ],
              [
                4.031271262000075,
                42.91834067600007
              ],
              [
                4.031175558000029,
                42.91840037500003
              ],
              [
                4.031081629000028,
                42.91845768300004
              ],
              [
                4.030891415000042,
                42.91857247000007
              ],
              [
                4.030795881000074,
                42.91862948700003
              ],
              [
                4.030410572000051,
                42.918856908000066
              ],
              [
                4.030313826000054,
                42.918913376000035
              ],
              [
                4.030119485000057,
                42.91902554600006
              ],
              [
                4.030021889000068,
                42.919081247000065
              ],
              [
                4.029236594000054,
                42.91952441800004
              ],
              [
                4.029038588000049,
                42.91963365600003
              ],
              [
                4.028639357000031,
                42.919848943000034
              ],
              [
                4.02843813000004,
                42.919954991000054
              ],
              [
                4.027627256000073,
                42.92037255500003
              ],
              [
                4.027422950000073,
                42.92047533900006
              ],
              [
                4.02701130600002,
                42.92067761800007
              ],
              [
                4.02680398900003,
                42.920777103000034
              ],
              [
                4.026803959000063,
                42.92077711700006
              ],
              [
                4.025969087000021,
                42.92116826100005
              ],
              [
                4.025969057000054,
                42.92116827500007
              ],
              [
                4.025864167000066,
                42.921216826000034
              ],
              [
                4.025864119000062,
                42.92121684800003
              ],
              [
                4.025653611000052,
                42.92131310900004
              ],
              [
                4.02565357900005,
                42.92131312400005
              ],
              [
                4.025547977000031,
                42.92136082800005
              ],
              [
                4.025124054000059,
                42.92154998900003
              ],
              [
                4.025017407000064,
                42.92159699000007
              ],
              [
                4.025017380000065,
                42.921597002000055
              ],
              [
                4.024803370000029,
                42.921690151000064
              ],
              [
                4.024803347000045,
                42.92169016100007
              ],
              [
                4.024695320000035,
                42.92173659100007
              ],
              [
                4.024588937000033,
                42.92178117700007
              ],
              [
                4.024588908000055,
                42.92178118900006
              ],
              [
                4.024374188000024,
                42.921870055000056
              ],
              [
                4.024374153000053,
                42.92187006900008
              ],
              [
                4.024266479000062,
                42.921914067000046
              ],
              [
                4.02383306400003,
                42.92208891300004
              ],
              [
                4.023724389000051,
                42.92213218900008
              ],
              [
                4.023506384000029,
                42.92221787600005
              ],
              [
                4.023397055000032,
                42.92226028700003
              ],
              [
                4.022518904000037,
                42.92259645200005
              ],
              [
                4.02229806400004,
                42.922678751000035
              ],
              [
                4.021853996000061,
                42.92283978800003
              ],
              [
                4.021630767000033,
                42.92291852500006
              ],
              [
                4.020733482000026,
                42.92322620500005
              ],
              [
                4.020507966000025,
                42.92330134200006
              ],
              [
                4.020054749000053,
                42.92344798500005
              ],
              [
                4.019827048000025,
                42.92351949000005
              ],
              [
                4.018912338000064,
                42.92379809800008
              ],
              [
                4.018797585000073,
                42.92383251100006
              ],
              [
                4.018567578000045,
                42.92390041300007
              ],
              [
                4.018452364000041,
                42.92393389100005
              ],
              [
                4.018452315000047,
                42.92393390500007
              ],
              [
                4.017990374000021,
                42.92406598900004
              ],
              [
                4.017990327000064,
                42.924066002000075
              ],
              [
                4.01787433100003,
                42.92409863300003
              ],
              [
                4.017641854000033,
                42.92416296000005
              ],
              [
                4.017524899000023,
                42.924194785000054
              ],
              [
                4.017466377000062,
                42.92421017700008
              ],
              [
                4.017436191000058,
                42.92422374500006
              ],
              [
                4.017356108000058,
                42.92425940500004
              ],
              [
                4.017356035000034,
                42.924259437000046
              ],
              [
                4.017103424000027,
                42.92437086700005
              ],
              [
                4.017103404000068,
                42.92437087600007
              ],
              [
                4.017042310000022,
                42.92439770000004
              ],
              [
                4.017042163000042,
                42.92439776400005
              ],
              [
                4.016940099000067,
                42.92444236500006
              ],
              [
                4.016939968000031,
                42.92444242200003
              ],
              [
                4.016878650000024,
                42.92446908900007
              ],
              [
                4.016878574000032,
                42.92446912200006
              ],
              [
                4.01669419600006,
                42.92454892400008
              ],
              [
                4.016694084000051,
                42.924548972000025
              ],
              [
                4.016632213000037,
                42.92457562100003
              ],
              [
                4.016632042000026,
                42.924575695000044
              ],
              [
                4.016528369000071,
                42.924620134000065
              ],
              [
                4.016528347000076,
                42.92462014300003
              ],
              [
                4.01646482700005,
                42.924647236000055
              ],
              [
                4.016464768000048,
                42.924647261000075
              ],
              [
                4.016366730000072,
                42.92468849800008
              ],
              [
                4.016190490000042,
                42.924761766000074
              ],
              [
                4.016102143000069,
                42.924798113000065
              ],
              [
                4.015746589000059,
                42.92494286200008
              ],
              [
                4.01574656400004,
                42.92494287200003
              ],
              [
                4.015657474000022,
                42.924978759000055
              ],
              [
                4.015657440000041,
                42.92497877300008
              ],
              [
                4.015478811000037,
                42.92504996500003
              ],
              [
                4.015478772000051,
                42.92504998000004
              ],
              [
                4.015389262000042,
                42.92508527500007
              ],
              [
                4.015389206000066,
                42.92508529700007
              ],
              [
                4.014669956000034,
                42.92536585200003
              ],
              [
                4.014669901000048,
                42.92536587300003
              ],
              [
                4.014489243000071,
                42.92543482100007
              ],
              [
                4.014489224000044,
                42.92543482800005
              ],
              [
                4.014126162000025,
                42.925570365000056
              ],
              [
                4.01394379200002,
                42.92563694100005
              ],
              [
                4.013211247000072,
                42.925898363000044
              ],
              [
                4.013027282000053,
                42.92596252000004
              ],
              [
                4.01265782400003,
                42.92608839700006
              ],
              [
                4.012657804000071,
                42.92608840400004
              ],
              [
                4.012472328000058,
                42.92615011700008
              ],
              [
                4.01247230000007,
                42.92615012600004
              ],
              [
                4.011727474000054,
                42.92639205100005
              ],
              [
                4.011727446000066,
                42.92639206000007
              ],
              [
                4.01163206700005,
                42.92642265600006
              ],
              [
                4.011440940000057,
                42.92648320100005
              ],
              [
                4.011345255000037,
                42.926513131000036
              ],
              [
                4.011345177000067,
                42.926513155000066
              ],
              [
                4.010961498000029,
                42.926631642000075
              ],
              [
                4.01096142800003,
                42.92663166300008
              ],
              [
                4.01086529600002,
                42.92666096900007
              ],
              [
                4.010865257000034,
                42.926660982000044
              ],
              [
                4.010672555000042,
                42.926718968000046
              ],
              [
                4.01057594100007,
                42.926747660000046
              ],
              [
                4.009852856000066,
                42.92695956000006
              ],
              [
                4.009852585000033,
                42.926959639000074
              ],
              [
                4.009778049000033,
                42.926981383000054
              ],
              [
                4.009777619000033,
                42.92698150800004
              ],
              [
                4.009691348000047,
                42.927006532000064
              ],
              [
                4.009691244000066,
                42.92700656200003
              ],
              [
                4.009313116000044,
                42.927115600000036
              ],
              [
                4.009313063000036,
                42.92711561600004
              ],
              [
                4.009247560000063,
                42.92713433100005
              ],
              [
                4.009116930000062,
                42.92717131200004
              ],
              [
                4.009051534000037,
                42.92718965500006
              ],
              [
                4.009051499000066,
                42.92718966500007
              ],
              [
                4.008789654000054,
                42.92726243100003
              ],
              [
                4.008789629000034,
                42.92726243900006
              ],
              [
                4.008723856000074,
                42.92728054600008
              ],
              [
                4.008592122000039,
                42.92731647100004
              ],
              [
                4.008525687000031,
                42.927334416000065
              ],
              [
                4.008453032000034,
                42.92735364600003
              ],
              [
                4.00830656100004,
                42.927392
              ],
              [
                4.008306537000067,
                42.92739200600005
              ],
              [
                4.008233235000034,
                42.92741099400007
              ],
              [
                4.008233203000032,
                42.92741100200004
              ],
              [
                4.007938582000065,
                42.927486481000074
              ],
              [
                4.00793853700003,
                42.92748649200007
              ],
              [
                4.007864804000064,
                42.92750517500008
              ],
              [
                4.007864780000034,
                42.92750518100007
              ],
              [
                4.007717134000075,
                42.927542172000074
              ],
              [
                4.007717093000053,
                42.927542182000025
              ],
              [
                4.007643218000055,
                42.927560483000036
              ],
              [
                4.007643164000058,
                42.92756049600007
              ],
              [
                4.007050086000049,
                42.92770574700006
              ],
              [
                4.007050032000052,
                42.92770576000004
              ],
              [
                4.00693211600003,
                42.92773411200005
              ],
              [
                4.006932045000042,
                42.927734129000044
              ],
              [
                4.006875798000067,
                42.92774740400006
              ],
              [
                4.006612075000021,
                42.92781342300003
              ],
              [
                4.00648977000003,
                42.92784347200006
              ],
              [
                4.006489739000074,
                42.927843480000035
              ],
              [
                4.006244697000056,
                42.92790254800008
              ],
              [
                4.00612194200005,
                42.927931571000045
              ],
              [
                4.005177592000052,
                42.92815050000007
              ],
              [
                4.004940633000047,
                42.928203352000025
              ],
              [
                4.004465201000073,
                42.92830524200008
              ],
              [
                4.004226728000049,
                42.928354280000065
              ],
              [
                4.003270266000072,
                42.92854271500005
              ],
              [
                4.003030396000042,
                42.928587916000026
              ],
              [
                4.003030375000037,
                42.92858792000004
              ],
              [
                4.002549366000039,
                42.92867446100007
              ],
              [
                4.002549343000055,
                42.92867446500003
              ],
              [
                4.002308203000041,
                42.92871580600007
              ],
              [
                4.00134145800007,
                42.92887338600008
              ],
              [
                4.001220373000024,
                42.92889261400006
              ],
              [
                4.001220337000063,
                42.928892620000056
              ],
              [
                4.000977913000042,
                42.92893009800008
              ],
              [
                4.00097788100004,
                42.92893010300003
              ],
              [
                4.000856549000048,
                42.92894835300007
              ],
              [
                4.000370574000044,
                42.92901942100008
              ],
              [
                4.000248809000027,
                42.929036720000056
              ],
              [
                4.000005032000047,
                42.92907033900008
              ],
              [
                3.99988275000004,
                42.929086693000045
              ],
              [
                3.999761146000026,
                42.929101951000064
              ],
              [
                3.999517212000057,
                42.92913155700006
              ],
              [
                3.999395143000072,
                42.92914587200005
              ],
              [
                3.998905937000075,
                42.92920122900006
              ],
              [
                3.998783523000043,
                42.929214579000075
              ],
              [
                3.998538513000028,
                42.929240297000035
              ],
              [
                3.998415933000047,
                42.92925266200007
              ],
              [
                3.998415904000069,
                42.929252665000035
              ],
              [
                3.997434163000037,
                42.92934769400006
              ],
              [
                3.997434135000049,
                42.929347696000036
              ],
              [
                3.996949479000023,
                42.92938684500007
              ],
              [
                3.99694944700002,
                42.929386847000046
              ],
              [
                3.995978260000072,
                42.929449807000026
              ],
              [
                3.99597822800007,
                42.92944980900006
              ],
              [
                3.99571564300004,
                42.92946266100006
              ],
              [
                3.995434166000052,
                42.929489905000025
              ],
              [
                3.995434136000029,
                42.92948990900004
              ],
              [
                3.995188291000034,
                42.92951170200007
              ],
              [
                3.994695996000075,
                42.92955134300007
              ],
              [
                3.994449555000074,
                42.92956918900006
              ],
              [
                3.993463074000033,
                42.92963264400004
              ],
              [
                3.993216153000049,
                42.92964653300004
              ],
              [
                3.992721970000048,
                42.92967034800006
              ],
              [
                3.992474698000024,
                42.92968027400008
              ],
              [
                3.991485386000022,
                42.929712032000054
              ],
              [
                3.991237891000026,
                42.92971798800005
              ],
              [
                3.990742759000057,
                42.92972593200005
              ],
              [
                3.990495129000067,
                42.929727918000026
              ],
              [
                3.989504872000055,
                42.929727918000026
              ],
              [
                3.989257241000075,
                42.92972593200005
              ],
              [
                3.988762120000047,
                42.92971798800005
              ],
              [
                3.988762099000041,
                42.92971798800005
              ],
              [
                3.988514616000032,
                42.929712032000054
              ],
              [
                3.987525303000041,
                42.92968027400008
              ],
              [
                3.987278031000073,
                42.92967034800006
              ],
              [
                3.986783847000027,
                42.92964653300004
              ],
              [
                3.986536926000042,
                42.92963264400004
              ],
              [
                3.985550445000058,
                42.92956918900006
              ],
              [
                3.985304005000046,
                42.92955134300007
              ],
              [
                3.984811710000031,
                42.92951170200007
              ],
              [
                3.984565882000027,
                42.929489911000076
              ],
              [
                3.984565853000049,
                42.92948990800005
              ],
              [
                3.983584108000059,
                42.929394880000075
              ],
              [
                3.98358408100006,
                42.92939487700005
              ],
              [
                3.983461483000042,
                42.92938250900005
              ],
              [
                3.98321648600006,
                42.92935679300007
              ],
              [
                3.983216460000051,
                42.92935679000004
              ],
              [
                3.98309408800003,
                42.92934344500003
              ],
              [
                3.983094048000055,
                42.92934344100007
              ],
              [
                3.982604873000071,
                42.92928808700003
              ],
              [
                3.982604836000064,
                42.929288083000074
              ],
              [
                3.982482753000056,
                42.92927376700004
              ],
              [
                3.98223882700006,
                42.92924416200003
              ],
              [
                3.982238794000068,
                42.929244158000074
              ],
              [
                3.982117233000054,
                42.92922890400007
              ],
              [
                3.981994960000065,
                42.929212551000035
              ],
              [
                3.981751174000067,
                42.92917893200007
              ],
              [
                3.981629413000064,
                42.929161634000025
              ],
              [
                3.981629390000023,
                42.929161631000056
              ],
              [
                3.981143436000025,
                42.92909056600007
              ],
              [
                3.981143404000022,
                42.929090561000066
              ],
              [
                3.981022066000037,
                42.92907231000004
              ],
              [
                3.981022035000024,
                42.929072305000034
              ],
              [
                3.980779606000056,
                42.92903482600008
              ],
              [
                3.980779576000032,
                42.92903482100007
              ],
              [
                3.980658515000073,
                42.929015597000046
              ],
              [
                3.980658479000056,
                42.92901559100005
              ],
              [
                3.979691768000066,
                42.92885801600005
              ],
              [
                3.979691732000049,
                42.928858010000056
              ],
              [
                3.979450609000025,
                42.92881667200004
              ],
              [
                3.979450571000029,
                42.928816665000056
              ],
              [
                3.978969578000033,
                42.92873012600006
              ],
              [
                3.978969548000066,
                42.92873012100006
              ],
              [
                3.978729697000063,
                42.92868492400004
              ],
              [
                3.977773239000044,
                42.92849649000004
              ],
              [
                3.977534770000034,
                42.92844745200006
              ],
              [
                3.977059341000029,
                42.92834556300005
              ],
              [
                3.976822381000034,
                42.92829271200003
              ],
              [
                3.975878028000068,
                42.92807378300006
              ],
              [
                3.97576028800006,
                42.92804596700006
              ],
              [
                3.975525202000028,
                42.92798938800007
              ],
              [
                3.975407865000022,
                42.92796062700006
              ],
              [
                3.97540783300002,
                42.92796061900003
              ],
              [
                3.974939434000021,
                42.927843719000066
              ],
              [
                3.974939403000064,
                42.92784371100004
              ],
              [
                3.974822784000025,
                42.927814083000044
              ],
              [
                3.974822747000076,
                42.927814074000025
              ],
              [
                3.974589928000057,
                42.92775388500007
              ],
              [
                3.974589901000058,
                42.92775387800003
              ],
              [
                3.974474216000033,
                42.92772345100008
              ],
              [
                3.974357302000044,
                42.927691640000035
              ],
              [
                3.974357244000032,
                42.92769162400003
              ],
              [
                3.97412483100004,
                42.92762731800008
              ],
              [
                3.974124761000041,
                42.92762729900005
              ],
              [
                3.97400876100005,
                42.92759466900003
              ],
              [
                3.973546750000025,
                42.92746257300007
              ],
              [
                3.973431529000038,
                42.927429096000026
              ],
              [
                3.973431481000034,
                42.92742908200006
              ],
              [
                3.973286701000063,
                42.927386342000034
              ],
              [
                3.973134688000073,
                42.92738858900003
              ],
              [
                3.971252739000022,
                42.92739449900006
              ],
              [
                3.971017226000072,
                42.92739344000006
              ],
              [
                3.970546284000022,
                42.92738773100007
              ],
              [
                3.970310862000076,
                42.92738308100007
              ],
              [
                3.97031084200006,
                42.92738308100007
              ],
              [
                3.969369721000021,
                42.927357304000054
              ],
              [
                3.969369659000051,
                42.927357302000075
              ],
              [
                3.969134476000022,
                42.927349063000065
              ],
              [
                3.969134311000062,
                42.92734905700007
              ],
              [
                3.968664270000033,
                42.92732899300006
              ],
              [
                3.968663919000051,
                42.92732897700006
              ],
              [
                3.968429309000044,
                42.92731716700007
              ],
              [
                3.968428999000025,
                42.92731714900003
              ],
              [
                3.968376668000076,
                42.92731411400007
              ],
              [
                3.968376359000047,
                42.92731409600003
              ],
              [
                3.968335652000064,
                42.92731168000006
              ],
              [
                3.968335204000027,
                42.92731165300006
              ],
              [
                3.968253632000028,
                42.92730670200007
              ],
              [
                3.968253337000021,
                42.92730668400003
              ],
              [
                3.96821262800006,
                42.92730415900007
              ],
              [
                3.968212547000064,
                42.92730415400007
              ],
              [
                3.968048639000074,
                42.92729376600005
              ],
              [
                3.968048574000022,
                42.92729376200003
              ],
              [
                3.968007648000025,
                42.92729111400007
              ],
              [
                3.968007514000021,
                42.92729110500005
              ],
              [
                3.967925679000075,
                42.92728569900004
              ],
              [
                3.967925579000052,
                42.927285692000055
              ],
              [
                3.967884702000049,
                42.92728293700003
              ],
              [
                3.967884671000036,
                42.92728293500005
              ],
              [
                3.967556946000059,
                42.92726040500003
              ],
              [
                3.967556916000035,
                42.92726040300005
              ],
              [
                3.967489077000039,
                42.92725558800004
              ],
              [
                3.967489035000028,
                42.92725558500007
              ],
              [
                3.967353378000041,
                42.927245655000036
              ],
              [
                3.967353330000037,
                42.92724565000003
              ],
              [
                3.967285549000053,
                42.927240538000035
              ],
              [
                3.967285501000049,
                42.92724053400008
              ],
              [
                3.967014318000054,
                42.92721947200005
              ],
              [
                3.966941254000062,
                42.92721362200007
              ],
              [
                3.96694121400003,
                42.92721361900004
              ],
              [
                3.966401278000035,
                42.92717617400007
              ],
              [
                3.96640123800006,
                42.92717617100004
              ],
              [
                3.966192251000052,
                42.92716026700003
              ],
              [
                3.96619221900005,
                42.927160265000055
              ],
              [
                3.965774644000021,
                42.927125613000044
              ],
              [
                3.965566068000044,
                42.92710686600003
              ],
              [
                3.964584334000051,
                42.92701183500003
              ],
              [
                3.964461780000022,
                42.926999471000045
              ],
              [
                3.96446172900005,
                42.92699946600004
              ],
              [
                3.964216763000024,
                42.92697375200004
              ],
              [
                3.96421672200006,
                42.92697374800008
              ],
              [
                3.964094314000022,
                42.92696039700007
              ],
              [
                3.964094283000065,
                42.92696039400005
              ],
              [
                3.963605121000057,
                42.926905039000076
              ],
              [
                3.96360508500004,
                42.92690503500006
              ],
              [
                3.963483049000047,
                42.92689072400003
              ],
              [
                3.963239129000044,
                42.92686111900008
              ],
              [
                3.963117537000073,
                42.92684586100006
              ],
              [
                3.962995287000069,
                42.92682951100005
              ],
              [
                3.962995265000075,
                42.926829508000026
              ],
              [
                3.962751533000073,
                42.926795895000055
              ],
              [
                3.96275149500002,
                42.92679589000005
              ],
              [
                3.962629780000043,
                42.926778597000066
              ],
              [
                3.962629736000054,
                42.92677859100007
              ],
              [
                3.962590283000054,
                42.92677282100004
              ],
              [
                3.962495874000069,
                42.92676590100007
              ],
              [
                3.962495808000028,
                42.926765895000074
              ],
              [
                3.962389814000062,
                42.92675775600003
              ],
              [
                3.962389743000074,
                42.926757751000025
              ],
              [
                3.962177780000047,
                42.92674073400008
              ],
              [
                3.962177722000035,
                42.92674072900007
              ],
              [
                3.962071771000069,
                42.926731852000046
              ],
              [
                3.96164820100006,
                42.92669488100006
              ],
              [
                3.961542386000076,
                42.92668527400008
              ],
              [
                3.961542358000031,
                42.92668527100005
              ],
              [
                3.961330819000068,
                42.926665323000066
              ],
              [
                3.961225106000029,
                42.92665498300005
              ],
              [
                3.960380161000046,
                42.926569364000045
              ],
              [
                3.960274644000037,
                42.92655830100006
              ],
              [
                3.960274617000039,
                42.92655829700004
              ],
              [
                3.960063776000027,
                42.92653544700005
              ],
              [
                3.960063748000039,
                42.92653544400008
              ],
              [
                3.959958419000031,
                42.926523657000075
              ],
              [
                3.959537301000069,
                42.92647504300004
              ],
              [
                3.959432223000022,
                42.926462541000035
              ],
              [
                3.959222239000042,
                42.926436814000056
              ],
              [
                3.959117591000052,
                42.92642362300006
              ],
              [
                3.959014701000058,
                42.926409929000044
              ],
              [
                3.958809636000069,
                42.92638192000004
              ],
              [
                3.958707220000065,
                42.92636757200006
              ],
              [
                3.95870719200002,
                42.926367568000046
              ],
              [
                3.958298326000033,
                42.92630885900007
              ],
              [
                3.958196179000026,
                42.926293834000035
              ],
              [
                3.957992109000031,
                42.92626309900004
              ],
              [
                3.957992083000022,
                42.926263094000035
              ],
              [
                3.957890169000052,
                42.926247387000046
              ],
              [
                3.957890127000042,
                42.92624738100005
              ],
              [
                3.957076142000062,
                42.92611905200005
              ],
              [
                3.957076099000062,
                42.926119045000064
              ],
              [
                3.956873002000066,
                42.92608559000007
              ],
              [
                3.956872974000021,
                42.92608558500007
              ],
              [
                3.956467589000056,
                42.92601593200004
              ],
              [
                3.956265333000033,
                42.92597973900007
              ],
              [
                3.955458290000024,
                42.92582954400007
              ],
              [
                3.955458256000043,
                42.92582953800007
              ],
              [
                3.955256923000036,
                42.92579062100003
              ],
              [
                3.954855262000024,
                42.925710077000076
              ],
              [
                3.954654950000076,
                42.92566845500005
              ],
              [
                3.953855930000032,
                42.92549659400004
              ],
              [
                3.953756199000054,
                42.925474777000034
              ],
              [
                3.953756158000033,
                42.92547476800007
              ],
              [
                3.95355696300004,
                42.92543045900004
              ],
              [
                3.953556907000063,
                42.92543044700005
              ],
              [
                3.953457454000045,
                42.92540796000003
              ],
              [
                3.953457420000063,
                42.92540795200006
              ],
              [
                3.953060090000065,
                42.92531663900007
              ],
              [
                3.953060058000062,
                42.92531663200003
              ],
              [
                3.952960880000035,
                42.92529347200008
              ],
              [
                3.952960856000061,
                42.92529346600003
              ],
              [
                3.952762747000065,
                42.92524646800007
              ],
              [
                3.952663837000046,
                42.92522263400008
              ],
              [
                3.952663818000076,
                42.925222629000075
              ],
              [
                3.952209155000048,
                42.925111368000046
              ],
              [
                3.952171832000033,
                42.925102183000035
              ],
              [
                3.952171767000038,
                42.925102167000034
              ],
              [
                3.952097078000065,
                42.92508367800008
              ],
              [
                3.952097021000043,
                42.925083664000056
              ],
              [
                3.952059664000046,
                42.92507436200003
              ],
              [
                3.951910355000052,
                42.92503697500007
              ],
              [
                3.951910313000042,
                42.92503696500006
              ],
              [
                3.951873048000039,
                42.92502758100005
              ],
              [
                3.951872879000064,
                42.92502753800005
              ],
              [
                3.951798478000057,
                42.92500869600008
              ],
              [
                3.951798329000042,
                42.92500865800008
              ],
              [
                3.951761225000041,
                42.92499920700004
              ],
              [
                3.951463317000048,
                42.92492290900003
              ],
              [
                3.951426214000037,
                42.92491335400007
              ],
              [
                3.951426107000032,
                42.924913325000034
              ],
              [
                3.95135207200002,
                42.924894152000036
              ],
              [
                3.951351935000048,
                42.924894116000075
              ],
              [
                3.951315016000024,
                42.924884502000054
              ],
              [
                3.951166923000073,
                42.92484572600006
              ],
              [
                3.951130166000041,
                42.92483604900008
              ],
              [
                3.951130095000053,
                42.92483603000005
              ],
              [
                3.951056699000048,
                42.92481660100003
              ],
              [
                3.951056652000034,
                42.924816589000045
              ],
              [
                3.951020480000068,
                42.92480696400003
              ],
              [
                3.950903513000071,
                42.92477513700004
              ],
              [
                3.950903481000068,
                42.92477512800008
              ],
              [
                3.950671042000067,
                42.92471081100007
              ],
              [
                3.950671002000036,
                42.92471080000007
              ],
              [
                3.950555042000076,
                42.92467818000006
              ],
              [
                3.950093049000031,
                42.92454608200006
              ],
              [
                3.949977790000048,
                42.92451259200004
              ],
              [
                3.949747780000052,
                42.924444691000076
              ],
              [
                3.949633031000076,
                42.92441027800004
              ],
              [
                3.94871831100005,
                42.924131670000065
              ],
              [
                3.948490605000075,
                42.924060164000025
              ],
              [
                3.94803736800003,
                42.923913517000074
              ],
              [
                3.94781183300006,
                42.92383837400007
              ],
              [
                3.946914518000028,
                42.92353068400007
              ],
              [
                3.946914494000055,
                42.92353067600004
              ],
              [
                3.946691269000041,
                42.92345194100005
              ],
              [
                3.946247182000036,
                42.92329089700007
              ],
              [
                3.94624716200002,
                42.92329089000003
              ],
              [
                3.946026325000048,
                42.92320859200004
              ],
              [
                3.946026295000024,
                42.92320858100004
              ],
              [
                3.945770185000072,
                42.92311054000004
              ],
              [
                3.945770153000069,
                42.92311052800005
              ],
              [
                3.945729234000055,
                42.923095412000066
              ],
              [
                3.94572921200006,
                42.92309540400004
              ],
              [
                3.945515687000068,
                42.92301548100005
              ],
              [
                3.945409248000033,
                42.922975120000046
              ],
              [
                3.945409213000062,
                42.92297510700007
              ],
              [
                3.944560157000069,
                42.92264896000006
              ],
              [
                3.944560122000041,
                42.92264894700003
              ],
              [
                3.944454410000048,
                42.92260781700003
              ],
              [
                3.944243597000025,
                42.92252474500003
              ],
              [
                3.944138506000058,
                42.92248280800004
              ],
              [
                3.943719309000073,
                42.922313415000076
              ],
              [
                3.943615169000054,
                42.922270808000064
              ],
              [
                3.943615138000041,
                42.92227079500003
              ],
              [
                3.943407444000059,
                42.92218476700003
              ],
              [
                3.943407420000028,
                42.922184757000025
              ],
              [
                3.94330453200007,
                42.92214161900006
              ],
              [
                3.943196511000053,
                42.92209519200003
              ],
              [
                3.942982475000065,
                42.92200203200008
              ],
              [
                3.942875797000056,
                42.92195501700007
              ],
              [
                3.942451863000031,
                42.92176585300007
              ],
              [
                3.94234623400007,
                42.921718138000074
              ],
              [
                3.942346199000042,
                42.92171812200007
              ],
              [
                3.942135676000021,
                42.92162185400008
              ],
              [
                3.942135633000021,
                42.921621834000064
              ],
              [
                3.942030756000065,
                42.92157328800005
              ],
              [
                3.942030725000052,
                42.921573274000025
              ],
              [
                3.941195848000064,
                42.921182129000044
              ],
              [
                3.94119581800004,
                42.92118211500008
              ],
              [
                3.940988524000034,
                42.921082642000044
              ],
              [
                3.940576883000062,
                42.92088036600006
              ],
              [
                3.940372565000075,
                42.92077757700008
              ],
              [
                3.940372538000076,
                42.92077756400005
              ],
              [
                3.939561684000068,
                42.92036001200006
              ],
              [
                3.939360469000064,
                42.92025396900004
              ],
              [
                3.938961239000037,
                42.920038685000065
              ],
              [
                3.938763229000074,
                42.91992944500004
              ],
              [
                3.937977931000034,
                42.91948627600004
              ],
              [
                3.937880358000029,
                42.91943058800007
              ],
              [
                3.937880337000024,
                42.919430576000025
              ],
              [
                3.937686024000072,
                42.91931842400004
              ],
              [
                3.937685996000027,
                42.91931840800004
              ],
              [
                3.937589248000052,
                42.919261938000034
              ],
              [
                3.93720393500007,
                42.91903451600007
              ],
              [
                3.93710844800006,
                42.91897752800003
              ],
              [
                3.937108399000067,
                42.91897749900005
              ],
              [
                3.936918221000042,
                42.91886273400007
              ],
              [
                3.936918183000046,
                42.91886271100003
              ],
              [
                3.936824252000065,
                42.91880540300008
              ],
              [
                3.936746519000053,
                42.918757017000075
              ],
              [
                3.936593150000022,
                42.91866067700005
              ],
              [
                3.936516763000043,
                42.91861226300006
              ],
              [
                3.936516738000023,
                42.918612247000056
              ],
              [
                3.936213868000038,
                42.918418545000065
              ],
              [
                3.936213838000072,
                42.91841852600004
              ],
              [
                3.936138438000057,
                42.91836987200003
              ],
              [
                3.935988158000043,
                42.918272029000036
              ],
              [
                3.935913306000032,
                42.91822286000007
              ],
              [
                3.935913285000026,
                42.91822284600005
              ],
              [
                3.935318498000072,
                42.91782863800006
              ],
              [
                3.935318477000067,
                42.91782862400004
              ],
              [
                3.935244470000043,
                42.917779136000036
              ],
              [
                3.935244429000022,
                42.91777910900004
              ],
              [
                3.935096950000059,
                42.917679615000054
              ],
              [
                3.935096888000032,
                42.91767957400003
              ],
              [
                3.935023439000076,
                42.91762958100003
              ],
              [
                3.935023417000025,
                42.91762956600007
              ],
              [
                3.934730817000059,
                42.91742864100007
              ],
              [
                3.934730751000075,
                42.917428596000036
              ],
              [
                3.934657949000041,
                42.917378158000076
              ],
              [
                3.934657884000046,
                42.91737811300004
              ],
              [
                3.934512844000039,
                42.917276739000044
              ],
              [
                3.934512758000039,
                42.917276679000054
              ],
              [
                3.934440609000035,
                42.917225803000065
              ],
              [
                3.934440500000051,
                42.91722572600003
              ],
              [
                3.934296074000031,
                42.917122981000034
              ],
              [
                3.934295965000047,
                42.91712290300006
              ],
              [
                3.934243244000072,
                42.91708515300007
              ],
              [
                3.934243156000036,
                42.91708509000006
              ],
              [
                3.934137933000045,
                42.91700925400005
              ],
              [
                3.934137874000044,
                42.91700921100005
              ],
              [
                3.934085452000033,
                42.916971183000044
              ],
              [
                3.934085401000061,
                42.91697114600004
              ],
              [
                3.93387619400005,
                42.916818395000064
              ],
              [
                3.933824050000055,
                42.91678007400003
              ],
              [
                3.933720122000068,
                42.91670319800005
              ],
              [
                3.933720104000031,
                42.916703185000074
              ],
              [
                3.933668326000031,
                42.91666463400003
              ],
              [
                3.933255376000034,
                42.91635517700007
              ],
              [
                3.93315281200006,
                42.916277310000055
              ],
              [
                3.932949077000046,
                42.91612061100005
              ],
              [
                3.932847904000027,
                42.91604177600004
              ],
              [
                3.932446046000052,
                42.915724537000074
              ],
              [
                3.932346266000025,
                42.91564473400007
              ],
              [
                3.932148142000074,
                42.915484194000044
              ],
              [
                3.932049795000069,
                42.91540345400006
              ],
              [
                3.931659291000074,
                42.915078641000036
              ],
              [
                3.931610876000036,
                42.91503810700004
              ],
              [
                3.931610840000076,
                42.91503807700008
              ],
              [
                3.931514352000022,
                42.914956765000056
              ],
              [
                3.931514307000043,
                42.91495672700006
              ],
              [
                3.931466260000036,
                42.91491597100003
              ],
              [
                3.931466219000072,
                42.914915937000046
              ],
              [
                3.93127462800004,
                42.914752355000076
              ],
              [
                3.931274593000069,
                42.91475232500005
              ],
              [
                3.931227246000049,
                42.91471163600005
              ],
              [
                3.931132901000069,
                42.91463002900008
              ],
              [
                3.931086669000024,
                42.914589782000064
              ],
              [
                3.931006328000024,
                42.91451859400007
              ],
              [
                3.930848212000058,
                42.914376900000036
              ],
              [
                3.930769679000036,
                42.914305728000045
              ],
              [
                3.930459176000056,
                42.91402115000005
              ],
              [
                3.930382092000059,
                42.91394970400006
              ],
              [
                3.930382074000022,
                42.91394968800006
              ],
              [
                3.930228943000031,
                42.91380615300005
              ],
              [
                3.93015291100005,
                42.913734076000026
              ],
              [
                3.930152885000041,
                42.91373405200005
              ],
              [
                3.929550575000064,
                42.91315658100007
              ],
              [
                3.929550550000044,
                42.913156557000036
              ],
              [
                3.929402100000061,
                42.91301096500007
              ],
              [
                3.929402080000045,
                42.91301094500005
              ],
              [
                3.929109510000046,
                42.912717385000064
              ],
              [
                3.929109495000034,
                42.91271737000005
              ],
              [
                3.92896539000003,
                42.91256941800003
              ],
              [
                3.928397924000024,
                42.91197315900007
              ],
              [
                3.928258232000076,
                42.91182291400003
              ],
              [
                3.927983349000044,
                42.91152022500006
              ],
              [
                3.927848151000035,
                42.91136777400004
              ],
              [
                3.927729226000054,
                42.91123042000004
              ],
              [
                3.927582510000036,
                42.91107888000005
              ],
              [
                3.927454063000027,
                42.91094339000006
              ],
              [
                3.927200869000046,
                42.91067059200003
              ],
              [
                3.92707611000003,
                42.910533272000066
              ],
              [
                3.92658463500004,
                42.90998053900006
              ],
              [
                3.926523650000036,
                42.90991120500007
              ],
              [
                3.926402615000029,
                42.90977209400006
              ],
              [
                3.926342567000063,
                42.909702320000065
              ],
              [
                3.926104277000036,
                42.90942237200005
              ],
              [
                3.926045179000027,
                42.90935217300006
              ],
              [
                3.926045156000043,
                42.90935214600006
              ],
              [
                3.925927921000039,
                42.90921133300003
              ],
              [
                3.925927901000023,
                42.90921130900006
              ],
              [
                3.925869761000058,
                42.90914069400003
              ],
              [
                3.925502132000076,
                42.90868913200006
              ],
              [
                3.925466990000075,
                42.90864576900003
              ],
              [
                3.925466940000035,
                42.90864570800005
              ],
              [
                3.925408537000067,
                42.908573311000055
              ],
              [
                3.925408487000027,
                42.90857324900003
              ],
              [
                3.925373535000062,
                42.908529721000036
              ],
              [
                3.925373505000039,
                42.90852968400003
              ],
              [
                3.925269122000032,
                42.908399089000056
              ],
              [
                3.925269109000055,
                42.908399072000066
              ],
              [
                3.925234991000025,
                42.90835619100005
              ],
              [
                3.925234910000029,
                42.90835608800006
              ],
              [
                3.925178341000048,
                42.90828466600004
              ],
              [
                3.925178248000066,
                42.90828454900003
              ],
              [
                3.925145627000063,
                42.908243180000056
              ],
              [
                3.925145593000025,
                42.90824313600007
              ],
              [
                3.925101528000027,
                42.90818663500005
              ],
              [
                3.925025487000028,
                42.90808822900004
              ],
              [
                3.924987696000073,
                42.90803893400005
              ],
              [
                3.924987674000022,
                42.90803890600006
              ],
              [
                3.924838737000073,
                42.90784308000008
              ],
              [
                3.924838717000057,
                42.90784305500006
              ],
              [
                3.924801734000027,
                42.907794042000035
              ],
              [
                3.924801719000072,
                42.907794023000065
              ],
              [
                3.924728161000075,
                42.90769576200006
              ],
              [
                3.924728136000056,
                42.90769572800008
              ],
              [
                3.924691576000043,
                42.90764649700003
              ],
              [
                3.92440214100003,
                42.907253626000056
              ],
              [
                3.924330679000036,
                42.907155052000064
              ],
              [
                3.92433066600006,
                42.90715503400003
              ],
              [
                3.92418953300006,
                42.90695717700004
              ],
              [
                3.924119861000065,
                42.90685789100007
              ],
              [
                3.923844850000023,
                42.906459459000075
              ],
              [
                3.923777008000059,
                42.90635951500008
              ],
              [
                3.92364314200006,
                42.90615895800005
              ],
              [
                3.923643131000063,
                42.90615894100006
              ],
              [
                3.923577110000053,
                42.906058330000064
              ],
              [
                3.923316722000038,
                42.90565462700005
              ],
              [
                3.923284416000058,
                42.90560410300003
              ],
              [
                3.923284396000042,
                42.90560407300006
              ],
              [
                3.923220227000058,
                42.905502840000054
              ],
              [
                3.923220212000047,
                42.90550281600008
              ],
              [
                3.923188347000064,
                42.90545210200003
              ],
              [
                3.923061830000051,
                42.905248964000066
              ],
              [
                3.923030432000076,
                42.905198100000064
              ],
              [
                3.922998558000074,
                42.90514644700005
              ],
              [
                3.922998539000048,
                42.905146417000026
              ],
              [
                3.922962916000074,
                42.90508983500007
              ],
              [
                3.922852996000074,
                42.90491361000005
              ],
              [
                3.922825731000046,
                42.904869561000055
              ],
              [
                3.922825685000021,
                42.90486948700004
              ],
              [
                3.922771463000061,
                42.90478120600005
              ],
              [
                3.92277142100005,
                42.90478113700004
              ],
              [
                3.922744464000061,
                42.90473690400006
              ],
              [
                3.922530227000038,
                42.90438261800006
              ],
              [
                3.922477366000066,
                42.904293815000074
              ],
              [
                3.92239164700004,
                42.90414750100007
              ],
              [
                3.922207220000075,
                42.904053558000044
              ],
              [
                3.922152758000038,
                42.90402564300007
              ],
              [
                3.922152679000021,
                42.90402560100006
              ],
              [
                3.922043937000069,
                42.903969516000075
              ],
              [
                3.922043831000053,
                42.90396946100003
              ],
              [
                3.921989619000044,
                42.90394132500006
              ],
              [
                3.921989519000022,
                42.903941273000044
              ],
              [
                3.921727477000047,
                42.90380442600008
              ],
              [
                3.921727377000025,
                42.90380437400006
              ],
              [
                3.921634342000061,
                42.90375526500003
              ],
              [
                3.921634313000027,
                42.903755250000074
              ],
              [
                3.921448859000066,
                42.90365631100008
              ],
              [
                3.921356481000032,
                42.90360650200006
              ],
              [
                3.920988332000036,
                42.90340589200008
              ],
              [
                3.920896644000038,
                42.903355400000066
              ],
              [
                3.920713957000032,
                42.90325373200005
              ],
              [
                3.920622961000049,
                42.90320255800003
              ],
              [
                3.919898012000033,
                42.902790578000065
              ],
              [
                3.919807935000051,
                42.90273885200003
              ],
              [
                3.919807916000025,
                42.90273884100003
              ],
              [
                3.919628461000059,
                42.90263471700007
              ],
              [
                3.919628441000043,
                42.902634705000025
              ],
              [
                3.919539060000034,
                42.90258230300003
              ],
              [
                3.919183004000047,
                42.90237139300007
              ],
              [
                3.919094758000028,
                42.90231858100003
              ],
              [
                3.919094722000068,
                42.90231855900004
              ],
              [
                3.918918925000071,
                42.902212269000074
              ],
              [
                3.918832099000042,
                42.90215923800008
              ],
              [
                3.91879052400003,
                42.90213346100006
              ],
              [
                3.918709057000058,
                42.902082706000044
              ],
              [
                3.91866839000005,
                42.90205724800006
              ],
              [
                3.918507576000025,
                42.90195609800003
              ],
              [
                3.918467441000075,
                42.901930734000075
              ],
              [
                3.91838733000003,
                42.90187986600006
              ],
              [
                3.918347393000033,
                42.90185438800006
              ],
              [
                3.918029831000069,
                42.90165084000006
              ],
              [
                3.917990213000053,
                42.90162532700003
              ],
              [
                3.917911167000057,
                42.901574184000026
              ],
              [
                3.917871682000055,
                42.90154851600005
              ],
              [
                3.917714175000071,
                42.90144565000003
              ],
              [
                3.917674932000068,
                42.901419901000054
              ],
              [
                3.917674887000032,
                42.90141987100003
              ],
              [
                3.917596469000046,
                42.90136817500007
              ],
              [
                3.917557335000026,
                42.90134225700007
              ],
              [
                3.917557298000077,
                42.90134223200005
              ],
              [
                3.917196347000072,
                42.90110204900003
              ],
              [
                3.917196310000065,
                42.90110202400007
              ],
              [
                3.91712439500003,
                42.90105375600007
              ],
              [
                3.917124364000074,
                42.90105373500006
              ],
              [
                3.916981057000044,
                42.90095671600005
              ],
              [
                3.916909694000026,
                42.90090798500006
              ],
              [
                3.916909673000021,
                42.90090797100004
              ],
              [
                3.916625318000058,
                42.90071211800006
              ],
              [
                3.916625289000024,
                42.90071209800004
              ],
              [
                3.916554481000048,
                42.90066290500005
              ],
              [
                3.916413426000076,
                42.90056406600007
              ],
              [
                3.916343195000024,
                42.900514427000076
              ],
              [
                3.915783753000028,
                42.900115612000036
              ],
              [
                3.915645032000043,
                42.90001500600005
              ],
              [
                3.915369979000047,
                42.899812068000074
              ],
              [
                3.915233646000047,
                42.899709736000034
              ],
              [
                3.914693172000057,
                42.89929702200004
              ],
              [
                3.914559234000023,
                42.89919297000006
              ],
              [
                3.914293822000047,
                42.89898319900004
              ],
              [
                3.914162349000037,
                42.898877482000046
              ],
              [
                3.913641492000068,
                42.89845136500003
              ],
              [
                3.913576879000061,
                42.89839804600007
              ],
              [
                3.913576858000056,
                42.89839802900008
              ],
              [
                3.913448275000064,
                42.898291003000054
              ],
              [
                3.913448235000033,
                42.89829097100005
              ],
              [
                3.913384284000074,
                42.89823727900006
              ],
              [
                3.913384243000053,
                42.898237245000075
              ],
              [
                3.91312959000004,
                42.89802159000004
              ],
              [
                3.913129554000022,
                42.89802155900003
              ],
              [
                3.913066604000051,
                42.89796778900006
              ],
              [
                3.912941276000026,
                42.89785981000006
              ],
              [
                3.912879667000027,
                42.89780627600004
              ],
              [
                3.912820485000054,
                42.89775397900007
              ],
              [
                3.912820469000053,
                42.89775396500005
              ],
              [
                3.912704197000039,
                42.89765036000006
              ],
              [
                3.912646376000055,
                42.89759841400007
              ],
              [
                3.912646337000069,
                42.897598379000044
              ],
              [
                3.912417566000045,
                42.89739115400005
              ],
              [
                3.912417521000066,
                42.89739111400007
              ],
              [
                3.912360634000038,
                42.89733916200004
              ],
              [
                3.912360597000031,
                42.897339128000056
              ],
              [
                3.912247337000053,
                42.897234841000056
              ],
              [
                3.912247318000027,
                42.897234823000076
              ],
              [
                3.912190963000057,
                42.89718250400006
              ],
              [
                3.911743923000074,
                42.89676404800008
              ],
              [
                3.911633283000072,
                42.89665876400005
              ],
              [
                3.911414309000065,
                42.89644691700005
              ],
              [
                3.911305982000044,
                42.89634036100006
              ],
              [
                3.911305969000068,
                42.89634034800008
              ],
              [
                3.910877325000058,
                42.89591162200003
              ],
              [
                3.910771312000065,
                42.89580379700004
              ],
              [
                3.910561642000062,
                42.89558691700006
              ],
              [
                3.910457982000025,
                42.895477861000074
              ],
              [
                3.910048164000045,
                42.89503929400007
              ],
              [
                3.909997234000059,
                42.894984323000074
              ],
              [
                3.909895952000056,
                42.89487406000006
              ],
              [
                3.909845610000048,
                42.894818781000026
              ],
              [
                3.909845586000074,
                42.89481875300004
              ],
              [
                3.909645462000071,
                42.89459709300007
              ],
              [
                3.909645437000052,
                42.89459706500003
              ],
              [
                3.909595740000043,
                42.894541539000045
              ],
              [
                3.909595725000031,
                42.894541522000054
              ],
              [
                3.909496875000059,
                42.89443011700007
              ],
              [
                3.909496853000064,
                42.89443009200005
              ],
              [
                3.909447717000035,
                42.89437422800006
              ],
              [
                3.909132907000071,
                42.89401316200008
              ],
              [
                3.909097177000035,
                42.893971917000044
              ],
              [
                3.909097163000069,
                42.893971900000054
              ],
              [
                3.909026002000076,
                42.89388921900007
              ],
              [
                3.908990580000022,
                42.893847795000056
              ],
              [
                3.908990556000049,
                42.89384776700007
              ],
              [
                3.908849576000023,
                42.893681816000026
              ],
              [
                3.908849556000064,
                42.89368179200005
              ],
              [
                3.908814488000075,
                42.89364024200006
              ],
              [
                3.908744649000027,
                42.89355695000006
              ],
              [
                3.908709891000058,
                42.893515223000065
              ],
              [
                3.908433219000074,
                42.89318087500004
              ],
              [
                3.908399012000075,
                42.89313926300008
              ],
              [
                3.908398977000047,
                42.89313922000008
              ],
              [
                3.908330858000056,
                42.89305580900003
              ],
              [
                3.908330808000073,
                42.89305574800005
              ],
              [
                3.908296908000068,
                42.893013961000065
              ],
              [
                3.908296890000031,
                42.89301393900007
              ],
              [
                3.908161901000028,
                42.89284643600007
              ],
              [
                3.908161885000027,
                42.892846416000054
              ],
              [
                3.908128633000047,
                42.892804881000075
              ],
              [
                3.908062452000024,
                42.89272166600006
              ],
              [
                3.908030194000048,
                42.89268084200006
              ],
              [
                3.907984024000029,
                42.89262146400006
              ],
              [
                3.90798400400007,
                42.89262143800005
              ],
              [
                3.907893615000035,
                42.89250408000004
              ],
              [
                3.907893591000061,
                42.89250404900008
              ],
              [
                3.907848710000053,
                42.89244522300004
              ],
              [
                3.907671768000057,
                42.89221108700008
              ],
              [
                3.907627843000057,
                42.89215241100004
              ],
              [
                3.907540648000065,
                42.89203481700008
              ],
              [
                3.907497378000073,
                42.891975900000034
              ],
              [
                3.907155060000036,
                42.891505281000036
              ],
              [
                3.907112600000062,
                42.89144634300004
              ],
              [
                3.90711258400006,
                42.89144631800008
              ],
              [
                3.907028303000061,
                42.89132818600007
              ],
              [
                3.907028274000027,
                42.891328145000045
              ],
              [
                3.906986447000065,
                42.891268944000046
              ],
              [
                3.906820412000059,
                42.891031620000035
              ],
              [
                3.906779259000075,
                42.89097221600008
              ],
              [
                3.906779218000054,
                42.89097215600003
              ],
              [
                3.906697519000033,
                42.890853046000075
              ],
              [
                3.906697491000045,
                42.89085300700003
              ],
              [
                3.906656953000038,
                42.89079331100004
              ],
              [
                3.906656940000062,
                42.89079329200007
              ],
              [
                3.906526678000034,
                42.89059953900005
              ],
              [
                3.906526666000047,
                42.89059952100007
              ],
              [
                3.906492191000041,
                42.89054779400004
              ],
              [
                3.906423714000027,
                42.89044414500006
              ],
              [
                3.906423702000041,
                42.890444126000034
              ],
              [
                3.906389716000035,
                42.89039222700006
              ],
              [
                3.90638970200007,
                42.89039220600006
              ],
              [
                3.906254688000047,
                42.89018419700005
              ],
              [
                3.906221187000028,
                42.89013212200007
              ],
              [
                3.906221170000038,
                42.89013209500007
              ],
              [
                3.906154642000047,
                42.89002775000006
              ],
              [
                3.906131728000048,
                42.88999441300007
              ],
              [
                3.906078630000025,
                42.88992855600003
              ],
              [
                3.906056374000059,
                42.88990080900004
              ],
              [
                3.905967634000035,
                42.88978969100003
              ],
              [
                3.905945876000033,
                42.88976232700003
              ],
              [
                3.905945853000048,
                42.88976229800005
              ],
              [
                3.90590246000005,
                42.88970748500003
              ],
              [
                3.905902438000055,
                42.88970745800003
              ],
              [
                3.905881464000061,
                42.88968085000005
              ],
              [
                3.905819054000062,
                42.88960031400006
              ],
              [
                3.905696760000069,
                42.889440438000065
              ],
              [
                3.905636213000037,
                42.88936025700008
              ],
              [
                3.905397704000052,
                42.88904026600005
              ],
              [
                3.905338669000059,
                42.888960025000074
              ],
              [
                3.90522179200002,
                42.888799067000036
              ],
              [
                3.905163953000056,
                42.88871835200007
              ],
              [
                3.904707428000052,
                42.88807273000003
              ],
              [
                3.90459566200002,
                42.88791036500004
              ],
              [
                3.904376984000066,
                42.88758389000003
              ],
              [
                3.904270071000042,
                42.88741978200005
              ],
              [
                3.903852296000025,
                42.88676013000003
              ],
              [
                3.903750276000039,
                42.886594339000055
              ],
              [
                3.903551180000022,
                42.88626116000006
              ],
              [
                3.903454104000048,
                42.88609377100005
              ],
              [
                3.903075873000034,
                42.885421343000075
              ],
              [
                3.903029338000067,
                42.885337320000076
              ],
              [
                3.90293751400003,
                42.885168907000036
              ],
              [
                3.902892224000027,
                42.88508451400003
              ],
              [
                3.902713580000068,
                42.88474625600003
              ],
              [
                3.902669807000052,
                42.88466202500007
              ],
              [
                3.902669796000055,
                42.88466200400006
              ],
              [
                3.902583477000064,
                42.88449317300007
              ],
              [
                3.902583467000056,
                42.88449315300005
              ],
              [
                3.902541414000041,
                42.884409548000065
              ],
              [
                3.902519863000066,
                42.88436560500003
              ],
              [
                3.902519836000067,
                42.88436555000004
              ],
              [
                3.902478063000046,
                42.88427962000003
              ],
              [
                3.90247802600004,
                42.88427954600007
              ],
              [
                3.902457319000064,
                42.88423657900006
              ],
              [
                3.902375952000057,
                42.88406626900007
              ],
              [
                3.902355770000042,
                42.88402365700006
              ],
              [
                3.902355742000054,
                42.884023597000066
              ],
              [
                3.902315713000064,
                42.88393834000004
              ],
              [
                3.902315694000038,
                42.88393829900008
              ],
              [
                3.902295842000058,
                42.88389564200003
              ],
              [
                3.90213906300005,
                42.883555767000075
              ],
              [
                3.902119618000029,
                42.883513237000045
              ],
              [
                3.902081045000045,
                42.88342811200005
              ],
              [
                3.902061931000048,
                42.883385548000035
              ],
              [
                3.902061913000068,
                42.88338550800006
              ],
              [
                3.901986026000031,
                42.88321498700003
              ],
              [
                3.90198601000003,
                42.88321495000008
              ],
              [
                3.90196719000005,
                42.88317227200008
              ],
              [
                3.901967162000062,
                42.883172208000076
              ],
              [
                3.901929864000067,
                42.88308684300006
              ],
              [
                3.901929820000021,
                42.883086742000046
              ],
              [
                3.901911357000074,
                42.883044091000045
              ],
              [
                3.901911339000037,
                42.88304405000008
              ],
              [
                3.901859308000041,
                42.88292273400003
              ],
              [
                3.901859291000051,
                42.88292269300007
              ],
              [
                3.901831634000075,
                42.882857269000056
              ],
              [
                3.901831620000053,
                42.882857235000074
              ],
              [
                3.901777017000029,
                42.88272617600006
              ],
              [
                3.90175007800002,
                42.882660550000026
              ],
              [
                3.901643782000065,
                42.88239771800005
              ],
              [
                3.901617571000031,
                42.88233191900008
              ],
              [
                3.901565893000054,
                42.882200182000076
              ],
              [
                3.901565885000025,
                42.88220016300005
              ],
              [
                3.901541778000023,
                42.88213939700006
              ],
              [
                3.901016334000076,
                42.88215059000004
              ],
              [
                3.900613941000074,
                42.88215258400004
              ],
              [
                3.90061391100005,
                42.88215258400004
              ],
              [
                3.900544006000075,
                42.882152018000056
              ],
              [
                3.900355614000034,
                42.88215717300005
              ],
              [
                3.900355558000058,
                42.88215717400004
              ],
              [
                3.900071632000049,
                42.88216232700006
              ],
              [
                3.900071610000055,
                42.88216232700006
              ],
              [
                3.899503620000075,
                42.882167398000036
              ],
              [
                3.899219568000035,
                42.88216731800003
              ],
              [
                3.89861511700002,
                42.88216157700003
              ],
              [
                3.898452879000047,
                42.882159183000056
              ],
              [
                3.898128472000053,
                42.88215268500005
              ],
              [
                3.898128449000069,
                42.88215268400006
              ],
              [
                3.897966298000028,
                42.88214858300006
              ],
              [
                3.897966266000026,
                42.88214858200007
              ],
              [
                3.897317856000029,
                42.882128762000036
              ],
              [
                3.897155782000027,
                42.88212295300008
              ],
              [
                3.896831761000044,
                42.88210962900007
              ],
              [
                3.896669810000049,
                42.882102115000066
              ],
              [
                3.895375548000061,
                42.88203521300005
              ],
              [
                3.895213772000034,
                42.88202599400006
              ],
              [
                3.894890424000039,
                42.882005854000056
              ],
              [
                3.89489039700004,
                42.88200585200008
              ],
              [
                3.894728844000042,
                42.881994933000044
              ],
              [
                3.894728809000071,
                42.881994931000065
              ],
              [
                3.894083076000072,
                42.88194785700006
              ],
              [
                3.894082981000054,
                42.881947850000074
              ],
              [
                3.893921749000071,
                42.88193523800004
              ],
              [
                3.89392162300004,
                42.88193522800003
              ],
              [
                3.893599322000057,
                42.88190830100007
              ],
              [
                3.893599168000037,
                42.881908288000034
              ],
              [
                3.893438206000042,
                42.881893982000065
              ],
              [
                3.893438071000048,
                42.88189396900003
              ],
              [
                3.893237295000063,
                42.881875052000055
              ],
              [
                3.893237160000069,
                42.88187503900008
              ],
              [
                3.893170979000047,
                42.88186865700004
              ],
              [
                3.893170853000072,
                42.881868645000054
              ],
              [
                3.893038402000059,
                42.881855580000035
              ],
              [
                3.893038291000039,
                42.88185556900004
              ],
              [
                3.892972159000067,
                42.88184890000008
              ],
              [
                3.89297203600006,
                42.881848888000036
              ],
              [
                3.892707195000071,
                42.88182159300004
              ],
              [
                3.892707132000055,
                42.88182158700005
              ],
              [
                3.892640999000037,
                42.88181462600005
              ],
              [
                3.892640932000063,
                42.88181461900007
              ],
              [
                3.892508638000038,
                42.88180039900004
              ],
              [
                3.892508589000045,
                42.88180039400004
              ],
              [
                3.892442456000026,
                42.88179313900008
              ],
              [
                3.891913595000062,
                42.88173394800003
              ],
              [
                3.891847620000021,
                42.88172641800003
              ],
              [
                3.891847569000049,
                42.881726412000035
              ],
              [
                3.891715624000028,
                42.881711059000054
              ],
              [
                3.891715595000051,
                42.88171105600003
              ],
              [
                3.891649639000036,
                42.88170323400004
              ],
              [
                3.89164960100004,
                42.88170322900004
              ],
              [
                3.891385946000071,
                42.88167137800008
              ],
              [
                3.891385910000054,
                42.881671374000064
              ],
              [
                3.89132019300007,
                42.88166328800003
              ],
              [
                3.891188751000072,
                42.881646825000075
              ],
              [
                3.891188726000053,
                42.88164682200005
              ],
              [
                3.891123291000042,
                42.88163848000005
              ],
              [
                3.891001110000047,
                42.88162212700007
              ],
              [
                3.891001071000062,
                42.88162212100008
              ],
              [
                3.890757519000033,
                42.88158850800005
              ],
              [
                3.890757479000058,
                42.88158850200006
              ],
              [
                3.890635853000049,
                42.88157121000006
              ],
              [
                3.890150248000054,
                42.88150014100006
              ],
              [
                3.890028971000049,
                42.88148188500003
              ],
              [
                3.889786695000055,
                42.88144440000008
              ],
              [
                3.889665698000044,
                42.881425172000036
              ],
              [
                3.889665679000075,
                42.88142516900007
              ],
              [
                3.888699685000063,
                42.88126758800007
              ],
              [
                3.888458723000042,
                42.88122624600004
              ],
              [
                3.887978066000073,
                42.88113970100005
              ],
              [
                3.887738371000069,
                42.88109449900003
              ],
              [
                3.886782645000039,
                42.880906063000054
              ],
              [
                3.886544351000055,
                42.88085702300003
              ],
              [
                3.886069285000076,
                42.88075513100006
              ],
              [
                3.885832510000057,
                42.880702281000026
              ],
              [
                3.884888882000041,
                42.88048335000008
              ],
              [
                3.884771220000061,
                42.88045553100005
              ],
              [
                3.884536325000056,
                42.88039895400004
              ],
              [
                3.884536301000026,
                42.88039894800005
              ],
              [
                3.884419083000068,
                42.88037019400008
              ],
              [
                3.884419060000027,
                42.88037018800003
              ],
              [
                3.883951013000058,
                42.88025328400005
              ],
              [
                3.883950992000052,
                42.880253279000044
              ],
              [
                3.883834451000041,
                42.88022364900007
              ],
              [
                3.883834411000066,
                42.880223639000064
              ],
              [
                3.883601773000066,
                42.880163449000065
              ],
              [
                3.883601746000068,
                42.880163442000025
              ],
              [
                3.883486148000031,
                42.88013301500007
              ],
              [
                3.883406166000043,
                42.88011135200003
              ],
              [
                3.883247392000044,
                42.880067850000046
              ],
              [
                3.883247371000039,
                42.88006784400005
              ],
              [
                3.883168092000062,
                42.880045874000075
              ],
              [
                3.882852401000036,
                42.879957395000076
              ],
              [
                3.882773622000059,
                42.879935068000066
              ],
              [
                3.88277358800002,
                42.87993505800006
              ],
              [
                3.882616221000035,
                42.87988996400003
              ],
              [
                3.882616191000068,
                42.87988995500007
              ],
              [
                3.882537607000074,
                42.87986718700006
              ],
              [
                3.882537584000033,
                42.879867180000076
              ],
              [
                3.881910926000046,
                42.87968363500005
              ],
              [
                3.881910903000062,
                42.879683628000066
              ],
              [
                3.881754710000052,
                42.87963688600007
              ],
              [
                3.881443227000034,
                42.879541681000035
              ],
              [
                3.881287952000037,
                42.879493223000054
              ],
              [
                3.880668980000053,
                42.87929604100003
              ],
              [
                3.880514723000033,
                42.879245894000064
              ],
              [
                3.880514702000028,
                42.879245887000025
              ],
              [
                3.880207227000028,
                42.87914391400005
              ],
              [
                3.880054010000038,
                42.87909208900004
              ],
              [
                3.87944329000004,
                42.87888145000005
              ],
              [
                3.879367065000054,
                42.878854904000036
              ],
              [
                3.879214889000025,
                42.878801399000054
              ],
              [
                3.879127185000073,
                42.878770227000075
              ],
              [
                3.879127162000032,
                42.878770219000046
              ],
              [
                3.879010464000032,
                42.87873014200005
              ],
              [
                3.878858717000071,
                42.87867727200006
              ],
              [
                3.878858668000021,
                42.87867725500007
              ],
              [
                3.878556331000027,
                42.878569896000045
              ],
              [
                3.878556275000051,
                42.87856987600003
              ],
              [
                3.878405679000025,
                42.878515384000025
              ],
              [
                3.878405647000022,
                42.87851537200004
              ],
              [
                3.877805379000051,
                42.87829409700004
              ],
              [
                3.877655855000057,
                42.87823795600008
              ],
              [
                3.877357965000044,
                42.87812405500006
              ],
              [
                3.877357934000031,
                42.87812404300007
              ],
              [
                3.877209590000064,
                42.87806629200003
              ],
              [
                3.877209548000053,
                42.87806627600003
              ],
              [
                3.87661848700003,
                42.87783203500004
              ],
              [
                3.876618445000076,
                42.87783201800005
              ],
              [
                3.87654486200006,
                42.87780259800007
              ],
              [
                3.876544824000064,
                42.87780258300006
              ],
              [
                3.876397994000058,
                42.87774335800003
              ],
              [
                3.876397935000057,
                42.87774333400006
              ],
              [
                3.876324717000045,
                42.87771354300003
              ],
              [
                3.876032182000074,
                42.87759347300005
              ],
              [
                3.87595952700002,
                42.87756339400005
              ],
              [
                3.87595948400002,
                42.87756337600007
              ],
              [
                3.875814526000056,
                42.87750284600003
              ],
              [
                3.875814491000028,
                42.87750283100007
              ],
              [
                3.875729996000075,
                42.87746718600005
              ],
              [
                3.875654685000029,
                42.87743500900007
              ],
              [
                3.875654656000052,
                42.87743499700008
              ],
              [
                3.875531301000024,
                42.87738198300008
              ],
              [
                3.875457506000032,
                42.877350086000035
              ],
              [
                3.875457425000036,
                42.877350050000075
              ],
              [
                3.875237829000071,
                42.877254580000056
              ],
              [
                3.875237761000051,
                42.87725455100008
              ],
              [
                3.875164737000034,
                42.87722262200003
              ],
              [
                3.875043100000028,
                42.87716913300005
              ],
              [
                3.874974677000068,
                42.87713888400003
              ],
              [
                3.874974626000039,
                42.87713886100005
              ],
              [
                3.87481660100002,
                42.877068733000044
              ],
              [
                3.874816560000056,
                42.877068715000064
              ],
              [
                3.874627330000067,
                42.87698588500007
              ],
              [
                3.874518479000074,
                42.876937629000054
              ],
              [
                3.874518427000055,
                42.87693760600007
              ],
              [
                3.874102693000054,
                42.876750955000034
              ],
              [
                3.874102642000025,
                42.87675093200005
              ],
              [
                3.873999032000029,
                42.87670385000007
              ],
              [
                3.873792500000036,
                42.87660886800006
              ],
              [
                3.873689605000038,
                42.87656098000008
              ],
              [
                3.873689585000022,
                42.87656097100006
              ],
              [
                3.872869334000029,
                42.87617466700004
              ],
              [
                3.872665629000039,
                42.87607644500008
              ],
              [
                3.872261140000035,
                42.875876805000075
              ],
              [
                3.87206035600002,
                42.87577538800008
              ],
              [
                3.871263421000037,
                42.87536351500006
              ],
              [
                3.871065646000034,
                42.87525894800007
              ],
              [
                3.870673200000056,
                42.875046714000064
              ],
              [
                3.870478534000029,
                42.87493905000008
              ],
              [
                3.870478515000059,
                42.87493904000007
              ],
              [
                3.869706409000059,
                42.874502379000035
              ],
              [
                3.869706389000044,
                42.87450236800004
              ],
              [
                3.869610458000068,
                42.87444751000004
              ],
              [
                3.869453308000061,
                42.87435664600008
              ],
              [
                3.869151320000071,
                42.874312445000044
              ],
              [
                3.869151272000067,
                42.87431243800006
              ],
              [
                3.869030046000034,
                42.87429418600004
              ],
              [
                3.869030010000074,
                42.87429418100004
              ],
              [
                3.868787773000065,
                42.87425669800007
              ],
              [
                3.868666775000065,
                42.87423746700006
              ],
              [
                3.867700884000044,
                42.87407988600006
              ],
              [
                3.867459944000075,
                42.87403854200005
              ],
              [
                3.867459920000044,
                42.874038538000036
              ],
              [
                3.866979339000068,
                42.87395199600007
              ],
              [
                3.866979313000058,
                42.87395199100007
              ],
              [
                3.866739680000023,
                42.87390679500004
              ],
              [
                3.86578406600006,
                42.873718359000065
              ],
              [
                3.865545802000042,
                42.87366932000003
              ],
              [
                3.865070795000065,
                42.87356743000004
              ],
              [
                3.864834046000055,
                42.87351457900007
              ],
              [
                3.86389052800007,
                42.87329564800007
              ],
              [
                3.863772879000066,
                42.87326782900004
              ],
              [
                3.863772839000035,
                42.873267819000034
              ],
              [
                3.863538003000031,
                42.873211250000054
              ],
              [
                3.86353796800006,
                42.873211241000035
              ],
              [
                3.863420802000064,
                42.87318249600003
              ],
              [
                3.863420775000066,
                42.873182489000044
              ],
              [
                3.862952781000047,
                42.87306558500006
              ],
              [
                3.862952759000052,
                42.87306558000006
              ],
              [
                3.862836207000043,
                42.87303594400004
              ],
              [
                3.862603553000042,
                42.87297574300004
              ],
              [
                3.862487948000023,
                42.87294531100008
              ],
              [
                3.862371083000028,
                42.872913485000026
              ],
              [
                3.862138834000064,
                42.87284916700003
              ],
              [
                3.862138806000075,
                42.872849159000054
              ],
              [
                3.862022960000047,
                42.872816543000056
              ],
              [
                3.862022908000029,
                42.872816527000055
              ],
              [
                3.861561361000042,
                42.87268444700004
              ],
              [
                3.86156130300003,
                42.87268443000005
              ],
              [
                3.86144620500005,
                42.872650959000055
              ],
              [
                3.861446141000044,
                42.87265094000003
              ],
              [
                3.861216367000054,
                42.87258305000006
              ],
              [
                3.86121632000004,
                42.87258303600004
              ],
              [
                3.861101673000064,
                42.872548626000025
              ],
              [
                3.86018771800002,
                42.87227001600007
              ],
              [
                3.859960207000029,
                42.87219851100008
              ],
              [
                3.859507360000066,
                42.87205186500006
              ],
              [
                3.859282029000042,
                42.87197672600007
              ],
              [
                3.859282007000047,
                42.87197671900003
              ],
              [
                3.858385486000032,
                42.87166904400004
              ],
              [
                3.858385451000061,
                42.87166903100007
              ],
              [
                3.858162439000068,
                42.87159030500004
              ],
              [
                3.85816241200007,
                42.87159029500003
              ],
              [
                3.857718736000038,
                42.871429266000064
              ],
              [
                3.857718714000043,
                42.871429258000035
              ],
              [
                3.857498074000034,
                42.871346963000065
              ],
              [
                3.856620647000057,
                42.871010795000075
              ],
              [
                3.856511419000071,
                42.87096838800005
              ],
              [
                3.856293594000022,
                42.87088270000004
              ],
              [
                3.856185004000054,
                42.87083942100003
              ],
              [
                3.856184975000076,
                42.87083941000003
              ],
              [
                3.855751945000065,
                42.87066457200007
              ],
              [
                3.85575192400006,
                42.87066456400004
              ],
              [
                3.855644351000024,
                42.87062057000003
              ],
              [
                3.855644330000075,
                42.87062056100007
              ],
              [
                3.855429781000055,
                42.87053169300003
              ],
              [
                3.855429756000035,
                42.87053168300008
              ],
              [
                3.855323459000033,
                42.87048709600003
              ],
              [
                3.855215534000024,
                42.87044067100004
              ],
              [
                3.85500169900007,
                42.87034752000005
              ],
              [
                3.855001669000046,
                42.870347507000076
              ],
              [
                3.854895117000069,
                42.87030050800007
              ],
              [
                3.85489509000007,
                42.87030049600003
              ],
              [
                3.854471544000035,
                42.870111346000044
              ],
              [
                3.854471515000057,
                42.87011133300007
              ],
              [
                3.854365972000039,
                42.87006361600004
              ],
              [
                3.854155587000037,
                42.869967331000055
              ],
              [
                3.85405075500006,
                42.86991876600007
              ],
              [
                3.85321654300003,
                42.86952760400004
              ],
              [
                3.85300939900003,
                42.86942811900008
              ],
              [
                3.852598098000044,
                42.86922583900008
              ],
              [
                3.852393945000074,
                42.86912304800006
              ],
              [
                3.851583743000049,
                42.86870547900003
              ],
              [
                3.85138269600003,
                42.86859943700006
              ],
              [
                3.850983794000058,
                42.868384148000075
              ],
              [
                3.850785940000037,
                42.86827490300004
              ],
              [
                3.850001296000073,
                42.867831728000056
              ],
              [
                3.849903795000046,
                42.86777603400003
              ],
              [
                3.849903765000022,
                42.86777601700004
              ],
              [
                3.849709615000052,
                42.867663864000065
              ],
              [
                3.849709596000025,
                42.86766385300007
              ],
              [
                3.849612947000026,
                42.86760739500005
              ],
              [
                3.849227958000029,
                42.86737997200004
              ],
              [
                3.849132500000053,
                42.86732295300004
              ],
              [
                3.848942438000051,
                42.867208162000054
              ],
              [
                3.848848582000073,
                42.867150851000076
              ],
              [
                3.848752965000074,
                42.86709115700006
              ],
              [
                3.84856411800007,
                42.866971930000034
              ],
              [
                3.848470147000057,
                42.86691194100007
              ],
              [
                3.848470113000076,
                42.866911919000074
              ],
              [
                3.848097544000041,
                42.86667142500005
              ],
              [
                3.848097514000074,
                42.86667140600008
              ],
              [
                3.848004831000026,
                42.86661091500008
              ],
              [
                3.847820324000054,
                42.86648916400003
              ],
              [
                3.847728526000026,
                42.866427919000046
              ],
              [
                3.846999424000046,
                42.86593610800003
              ],
              [
                3.846818927000072,
                42.86581165900003
              ],
              [
                3.846461676000047,
                42.86555990100004
              ],
              [
                3.846284916000059,
                42.865432586000054
              ],
              [
                3.845585694000022,
                42.86491783900004
              ],
              [
                3.845412764000059,
                42.86478772300006
              ],
              [
                3.845070802000066,
                42.86452474300006
              ],
              [
                3.845070785000075,
                42.86452473000003
              ],
              [
                3.844901759000038,
                42.86439187000008
              ],
              [
                3.844233748000022,
                42.86385517000008
              ],
              [
                3.844150937000052,
                42.86378790300006
              ],
              [
                3.844150909000064,
                42.863787881000064
              ],
              [
                3.843986270000073,
                42.86365267800005
              ],
              [
                3.843986244000064,
                42.863652656000056
              ],
              [
                3.843904414000065,
                42.86358471600005
              ],
              [
                3.843579126000066,
                42.86331166000008
              ],
              [
                3.843498688000068,
                42.86324339500004
              ],
              [
                3.843338814000049,
                42.863106222000056
              ],
              [
                3.843260134000047,
                42.863037976000044
              ],
              [
                3.843203190000054,
                42.862987643000054
              ],
              [
                3.843091347000041,
                42.862887992000026
              ],
              [
                3.843091313000059,
                42.86288796000008
              ],
              [
                3.843035686000064,
                42.862838004000025
              ],
              [
                3.843035666000048,
                42.862837986000045
              ],
              [
                3.842815576000021,
                42.862638762000074
              ],
              [
                3.842815551000058,
                42.86263874000008
              ],
              [
                3.842760808000037,
                42.86258879400003
              ],
              [
                3.842760754000039,
                42.86258874500004
              ],
              [
                3.84265179700003,
                42.86248855000008
              ],
              [
                3.842651766000074,
                42.862488522000035
              ],
              [
                3.842597556000044,
                42.862438276000034
              ],
              [
                3.84216722900004,
                42.86203625100006
              ],
              [
                3.842113684000026,
                42.86198583200007
              ],
              [
                3.842007145000025,
                42.86188471100007
              ],
              [
                3.842007112000033,
                42.86188468000006
              ],
              [
                3.841954136000027,
                42.861833998000066
              ],
              [
                3.84195409900002,
                42.86183396300004
              ],
              [
                3.84174316900004,
                42.86163055600008
              ],
              [
                3.841743137000037,
                42.861630526000056
              ],
              [
                3.841690687000039,
                42.86157954300006
              ],
              [
                3.841586272000029,
                42.86147723500005
              ],
              [
                3.84153432200003,
                42.86142592500005
              ],
              [
                3.841237404000026,
                42.86113029900008
              ],
              [
                3.841189972000052,
                42.86108272200005
              ],
              [
                3.841189950000057,
                42.861082700000054
              ],
              [
                3.841095568000071,
                42.860987323000074
              ],
              [
                3.841095544000041,
                42.860987299000044
              ],
              [
                3.84104859200005,
                42.86093949700006
              ],
              [
                3.840861627000038,
                42.86074772400008
              ],
              [
                3.840815118000023,
                42.86069966100007
              ],
              [
                3.840722562000053,
                42.860603293000054
              ],
              [
                3.84067651700002,
                42.860554990000026
              ],
              [
                3.840310043000045,
                42.860167630000035
              ],
              [
                3.840219348000062,
                42.86007030400003
              ],
              [
                3.840039836000074,
                42.859874715000046
              ],
              [
                3.839951019000068,
                42.85977645100007
              ],
              [
                3.839599597000074,
                42.85938161800004
              ],
              [
                3.839512676000027,
                42.85928243500007
              ],
              [
                3.839340762000063,
                42.85908318700007
              ],
              [
                3.839255764000029,
                42.85898311600005
              ],
              [
                3.838919673000021,
                42.85858112200003
              ],
              [
                3.83887809700002,
                42.85853099900004
              ],
              [
                3.838878074000036,
                42.85853097100005
              ],
              [
                3.838795374000028,
                42.858430475000034
              ],
              [
                3.83879534700003,
                42.85843044400008
              ],
              [
                3.838754221000045,
                42.85838006600005
              ],
              [
                3.838590710000062,
                42.85817816800005
              ],
              [
                3.838590697000029,
                42.85817815200005
              ],
              [
                3.838550417000022,
                42.85812801900005
              ],
              [
                3.838550405000035,
                42.85812800300005
              ],
              [
                3.83847028100007,
                42.85802748000003
              ],
              [
                3.838431107000076,
                42.85797794200005
              ],
              [
                3.838368735000074,
                42.85789741200006
              ],
              [
                3.838246502000061,
                42.85773753500007
              ],
              [
                3.838185980000048,
                42.85765734600005
              ],
              [
                3.83794759500006,
                42.85733735500003
              ],
              [
                3.83788859200007,
                42.85725711600003
              ],
              [
                3.837771779000036,
                42.85709616100007
              ],
              [
                3.837713969000049,
                42.85701544800003
              ],
              [
                3.837257678000071,
                42.85636982300008
              ],
              [
                3.837145973000077,
                42.85620746200004
              ],
              [
                3.837069791000033,
                42.85609366800003
              ],
              [
                3.837006617000043,
                42.85605798100005
              ],
              [
                3.836909137000021,
                42.85600228800007
              ],
              [
                3.836714993000044,
                42.85589011800005
              ],
              [
                3.836618331000068,
                42.85583364100006
              ],
              [
                3.836233413000059,
                42.85560621600007
              ],
              [
                3.836137980000046,
                42.85554920100003
              ],
              [
                3.836137953000048,
                42.85554918500003
              ],
              [
                3.835947956000041,
                42.85543441000004
              ],
              [
                3.835947933000057,
                42.85543439600008
              ],
              [
                3.835854118000043,
                42.855377100000055
              ],
              [
                3.835758519000024,
                42.85531740500005
              ],
              [
                3.835569717000055,
                42.85519818400007
              ],
              [
                3.835475784000039,
                42.85513820700004
              ],
              [
                3.83547575700004,
                42.85513819000005
              ],
              [
                3.835103249000042,
                42.854897691000076
              ],
              [
                3.835103225000069,
                42.854897675000075
              ],
              [
                3.835010533000059,
                42.854837168000074
              ],
              [
                3.835010504000024,
                42.85483714900005
              ],
              [
                3.834826055000065,
                42.854715412000076
              ],
              [
                3.834826016000022,
                42.854715386000066
              ],
              [
                3.834734265000066,
                42.85465416000005
              ],
              [
                3.834005302000037,
                42.854162348000045
              ],
              [
                3.833824846000027,
                42.85403790400005
              ],
              [
                3.833824829000037,
                42.854037893000054
              ],
              [
                3.833467658000075,
                42.85378614100006
              ],
              [
                3.833290937000072,
                42.85365882900004
              ],
              [
                3.832591851000075,
                42.853144085000054
              ],
              [
                3.832418949000044,
                42.85301396400007
              ],
              [
                3.832077044000073,
                42.852750978000074
              ],
              [
                3.831908044000045,
                42.85261811200007
              ],
              [
                3.83124016000005,
                42.85208141100003
              ],
              [
                3.831157340000061,
                42.85201412600003
              ],
              [
                3.830992709000043,
                42.851878903000056
              ],
              [
                3.83091089200002,
                42.85181096000008
              ],
              [
                3.830585664000068,
                42.851537903000064
              ],
              [
                3.830505267000035,
                42.85146966000008
              ],
              [
                3.830505238000057,
                42.85146963400007
              ],
              [
                3.830341798000063,
                42.85132934100005
              ],
              [
                3.830266730000062,
                42.85128294000003
              ],
              [
                3.830266706000032,
                42.85128292500008
              ],
              [
                3.830182789000048,
                42.85123161200005
              ],
              [
                3.830087200000037,
                42.85117191900008
              ],
              [
                3.829898413000024,
                42.851052699000036
              ],
              [
                3.829804471000045,
                42.85099271300004
              ],
              [
                3.829804453000065,
                42.85099270200004
              ],
              [
                3.829431968000051,
                42.850752201000034
              ],
              [
                3.829431945000067,
                42.85075218600008
              ],
              [
                3.829339255000036,
                42.850691676000054
              ],
              [
                3.829154794000033,
                42.850569922000034
              ],
              [
                3.829154775000063,
                42.85056990900006
              ],
              [
                3.829063019000046,
                42.85050867600006
              ],
              [
                3.828334104000021,
                42.85001686500004
              ],
              [
                3.828153654000062,
                42.849892416000046
              ],
              [
                3.827796498000055,
                42.849640658000055
              ],
              [
                3.827619797000068,
                42.84951335200003
              ],
              [
                3.827619781000067,
                42.84951334100003
              ],
              [
                3.826920743000073,
                42.84899859700005
              ],
              [
                3.826812723000046,
                42.84891729900005
              ],
              [
                3.826745917000039,
                42.84893725300003
              ],
              [
                3.826616978000061,
                42.84897508900008
              ],
              [
                3.826616951000062,
                42.84897509700005
              ],
              [
                3.826100009000072,
                42.84912409800006
              ],
              [
                3.826099979000048,
                42.84912410700008
              ],
              [
                3.825970305000055,
                42.84916081000006
              ],
              [
                3.825710426000057,
                42.84923302400006
              ],
              [
                3.825710330000049,
                42.849233050000066
              ],
              [
                3.82558001700005,
                42.849268590000065
              ],
              [
                3.825579858000026,
                42.849268633000065
              ],
              [
                3.825477595000052,
                42.84929597400003
              ],
              [
                3.825477277000061,
                42.84929605800005
              ],
              [
                3.825361416000021,
                42.84932651100007
              ],
              [
                3.825361212000075,
                42.84932656400008
              ],
              [
                3.82512884700003,
                42.84938659100004
              ],
              [
                3.82512876200002,
                42.849386613000036
              ],
              [
                3.825012341000047,
                42.84941616500004
              ],
              [
                3.825012300000026,
                42.849416175000044
              ],
              [
                3.824545770000043,
                42.84953251600007
              ],
              [
                3.824545744000034,
                42.84953252200006
              ],
              [
                3.824428906000037,
                42.84956113900006
              ],
              [
                3.824194781000074,
                42.849617444000046
              ],
              [
                3.824194760000069,
                42.84961744900005
              ],
              [
                3.824077502000023,
                42.849645130000056
              ],
              [
                3.824077480000028,
                42.84964513500006
              ],
              [
                3.823138283000048,
                42.84986271400004
              ],
              [
                3.823138261000054,
                42.84986271900004
              ],
              [
                3.822907182000051,
                42.84991426700003
              ],
              [
                3.82244356700005,
                42.85001373100005
              ],
              [
                3.822211037000045,
                42.85006164600003
              ],
              [
                3.821278476000032,
                42.85024594600003
              ],
              [
                3.821044631000063,
                42.850290200000074
              ],
              [
                3.821044608000022,
                42.85029020400003
              ],
              [
                3.820575699000074,
                42.85037503400008
              ],
              [
                3.820575653000049,
                42.85037504200005
              ],
              [
                3.820340609000027,
                42.85041561400004
              ],
              [
                3.820340560000034,
                42.85041562200007
              ],
              [
                3.819859188000066,
                42.85049474400006
              ],
              [
                3.819859138000027,
                42.85049475200003
              ],
              [
                3.819521353000027,
                42.85055100100004
              ],
              [
                3.819418616000064,
                42.85056792900008
              ],
              [
                3.819418270000028,
                42.850567985000055
              ],
              [
                3.819332864000046,
                42.85058192100007
              ],
              [
                3.819332429000042,
                42.85058199200006
              ],
              [
                3.819261259000029,
                42.85059342100004
              ],
              [
                3.819261077000021,
                42.850593451000066
              ],
              [
                3.819195975000071,
                42.85060447500007
              ],
              [
                3.81919595100004,
                42.850604479000026
              ],
              [
                3.818850295000061,
                42.85066208000006
              ],
              [
                3.818850258000055,
                42.85066208600006
              ],
              [
                3.818677149000052,
                42.850689887000044
              ],
              [
                3.818677088000072,
                42.85068989600006
              ],
              [
                3.817957512000021,
                42.850801130000036
              ],
              [
                3.817867401000058,
                42.850814779000075
              ],
              [
                3.817687031000048,
                42.850841538000054
              ],
              [
                3.817596773000048,
                42.85085464700006
              ],
              [
                3.817235466000056,
                42.85090600600006
              ],
              [
                3.817144935000044,
                42.85091859400006
              ],
              [
                3.816963738000027,
                42.85094322800006
              ],
              [
                3.816872810000064,
                42.85095530700005
              ],
              [
                3.816808095000056,
                42.85096356200006
              ],
              [
                3.816678079000042,
                42.85097986200003
              ],
              [
                3.816613038000071,
                42.850987872000076
              ],
              [
                3.816352234000021,
                42.85101941900007
              ],
              [
                3.816287,
                42.85102716600005
              ],
              [
                3.816156473000035,
                42.85104238000008
              ],
              [
                3.816091179000068,
                42.85104984700007
              ],
              [
                3.81556815700003,
                42.851108511000064
              ],
              [
                3.815568117000055,
                42.85110851500008
              ],
              [
                3.815502740000056,
                42.85111570500004
              ],
              [
                3.815502700000025,
                42.851115709000055
              ],
              [
                3.815371809000055,
                42.851129815000036
              ],
              [
                3.815306335000059,
                42.85113672700004
              ],
              [
                3.81530630900005,
                42.851136731000054
              ],
              [
                3.815044338000064,
                42.85116381500006
              ],
              [
                3.815044215000057,
                42.85116382700005
              ],
              [
                3.81497881100006,
                42.851170446000026
              ],
              [
                3.814978681000071,
                42.85117045900006
              ],
              [
                3.814847705000034,
                42.85118342700008
              ],
              [
                3.814847592000035,
                42.85118343800008
              ],
              [
                3.814782126000068,
                42.85118977700006
              ],
              [
                3.814782093000076,
                42.85118978000003
              ],
              [
                3.814675015000034,
                42.85119991500005
              ],
              [
                3.814674980000063,
                42.85119991800008
              ],
              [
                3.814518903000021,
                42.851213879000056
              ],
              [
                3.814518761000045,
                42.85121389100004
              ],
              [
                3.814206431000059,
                42.85124021400003
              ],
              [
                3.814206247000072,
                42.85124022900004
              ],
              [
                3.814050070000064,
                42.851252584000065
              ],
              [
                3.814049898000064,
                42.85125259700004
              ],
              [
                3.813424253000051,
                42.85129886300007
              ],
              [
                3.813424151000049,
                42.85129887000005
              ],
              [
                3.813267674000031,
                42.851309634000074
              ],
              [
                3.813267585000062,
                42.85130964100006
              ],
              [
                3.812954328000046,
                42.85132957800005
              ],
              [
                3.812954292000029,
                42.85132958000003
              ],
              [
                3.812797562000071,
                42.85133875100007
              ],
              [
                3.811543398000026,
                42.85140568300005
              ],
              [
                3.811386472000038,
                42.85141325200004
              ],
              [
                3.811072500000023,
                42.851426788000026
              ],
              [
                3.810915469000065,
                42.85143275300004
              ],
              [
                3.81091544100002,
                42.85143275400003
              ],
              [
                3.810287132000042,
                42.851453407000065
              ],
              [
                3.810287096000025,
                42.851453408000054
              ],
              [
                3.810129994000022,
                42.851457768000046
              ],
              [
                3.810129945000028,
                42.851457769000035
              ],
              [
                3.809815612000023,
                42.85146488700008
              ],
              [
                3.809815578000041,
                42.851464888000066
              ],
              [
                3.809658361000061,
                42.851467644000024
              ],
              [
                3.80888176000002,
                42.85147729300007
              ],
              [
                3.808834079000064,
                42.85147781100005
              ],
              [
                3.808833943000025,
                42.85147781200004
              ],
              [
                3.808738480000045,
                42.851478701000076
              ],
              [
                3.808738309000034,
                42.851478703000055
              ],
              [
                3.80869055900007,
                42.851479073000064
              ],
              [
                3.80869049000006,
                42.85147907400005
              ],
              [
                3.80849927600002,
                42.85148026200005
              ],
              [
                3.80849921500004,
                42.85148026200005
              ],
              [
                3.808204125000032,
                42.85147926800005
              ],
              [
                3.808204075000049,
                42.85147926800005
              ],
              [
                3.807613934000074,
                42.851471624000055
              ],
              [
                3.80731892700004,
                42.851464974000066
              ],
              [
                3.807318907000024,
                42.851464974000066
              ],
              [
                3.806330855000056,
                42.85143322000005
              ],
              [
                3.805837285000052,
                42.85140940700006
              ],
              [
                3.805004010000061,
                42.851355745000035
              ],
              [
                3.804578306000053,
                42.85134144600005
              ],
              [
                3.804124497000032,
                42.85131948000003
              ],
              [
                3.802314199000023,
                42.85120496500008
              ],
              [
                3.802314147000061,
                42.851204962000054
              ],
              [
                3.801862030000052,
                42.85116962500007
              ],
              [
                3.801861985000073,
                42.851169621000054
              ],
              [
                3.800960008000061,
                42.85108562500005
              ],
              [
                3.800959953000074,
                42.85108562000005
              ],
              [
                3.800509021000039,
                42.85103682700003
              ],
              [
                3.800508953000076,
                42.85103682000005
              ],
              [
                3.800369684000032,
                42.85101963100004
              ],
              [
                3.800369576000037,
                42.851019618000066
              ],
              [
                3.800274011000056,
                42.85100767900008
              ],
              [
                3.800273894000043,
                42.851007663000075
              ],
              [
                3.800130013000057,
                42.850989456000036
              ],
              [
                3.800129783000045,
                42.85098942700006
              ],
              [
                3.800034854000046,
                42.850977261000025
              ],
              [
                3.800034803000074,
                42.85097725300005
              ],
              [
                3.799952751000035,
                42.850966448000065
              ],
              [
                3.799952712000049,
                42.85096644300006
              ],
              [
                3.799788116000059,
                42.85094429600008
              ],
              [
                3.799788094000064,
                42.850944293000055
              ],
              [
                3.799705452000069,
                42.85093294100005
              ],
              [
                3.799705433000042,
                42.85093293800003
              ],
              [
                3.799400735000063,
                42.850890218000075
              ],
              [
                3.79940070300006,
                42.85089021400006
              ],
              [
                3.799324572000046,
                42.85087934200004
              ],
              [
                3.799172426000041,
                42.850857215000076
              ],
              [
                3.799172402000067,
                42.85085721200005
              ],
              [
                3.799096431000066,
                42.850845965000076
              ],
              [
                3.799096370000029,
                42.85084595600006
              ],
              [
                3.798489194000069,
                42.85075447400004
              ],
              [
                3.798489134000022,
                42.85075446500008
              ],
              [
                3.798337570000058,
                42.85073083200007
              ],
              [
                3.798337523000043,
                42.85073082400004
              ],
              [
                3.798034766000058,
                42.850682025000026
              ],
              [
                3.797883594000041,
                42.85065686000007
              ],
              [
                3.797279993000075,
                42.850553182000056
              ],
              [
                3.797279971000023,
                42.85055317800004
              ],
              [
                3.797129319000021,
                42.85052650000006
              ],
              [
                3.797129292000022,
                42.850526495000054
              ],
              [
                3.796828478000066,
                42.85047162300003
              ],
              [
                3.796678325000073,
                42.85044343000004
              ],
              [
                3.796078799000043,
                42.85032764300007
              ],
              [
                3.796003919000043,
                42.85031297900008
              ],
              [
                3.795854276000057,
                42.85028327100008
              ],
              [
                3.795779540000069,
                42.850268233000065
              ],
              [
                3.795779515000049,
                42.85026822800006
              ],
              [
                3.795480855000051,
                42.850207322000074
              ],
              [
                3.795480826000073,
                42.85020731600008
              ],
              [
                3.795406253000067,
                42.85019190600008
              ],
              [
                3.795406172000071,
                42.85019188900003
              ],
              [
                3.795257193000054,
                42.850160698000025
              ],
              [
                3.795257143000072,
                42.850160688000074
              ],
              [
                3.795182757000021,
                42.850144912000076
              ],
              [
                3.795182736000072,
                42.85014490800006
              ],
              [
                3.794643187000077,
                42.85002900600006
              ],
              [
                3.794599593000044,
                42.850019572000065
              ],
              [
                3.794599492000032,
                42.85001955000007
              ],
              [
                3.794512481000027,
                42.85000058000003
              ],
              [
                3.794512343000065,
                42.85000055000006
              ],
              [
                3.794468951000056,
                42.84999102000006
              ],
              [
                3.794468924000057,
                42.84999101400007
              ],
              [
                3.794294937000075,
                42.84995252200008
              ],
              [
                3.794294899000022,
                42.84995251400005
              ],
              [
                3.79425145700003,
                42.849942834000046
              ],
              [
                3.79416457700006,
                42.84992333400004
              ],
              [
                3.794164557000045,
                42.849923329000035
              ],
              [
                3.794121133000033,
                42.84991351200006
              ],
              [
                3.794121078000046,
                42.84991350000007
              ],
              [
                3.79377396700005,
                42.84983446800004
              ],
              [
                3.793773912000063,
                42.849834455000064
              ],
              [
                3.79373060100005,
                42.84982452400004
              ],
              [
                3.793643940000038,
                42.84980451300004
              ],
              [
                3.793643910000071,
                42.849804506000055
              ],
              [
                3.793600599000058,
                42.849794434000046
              ],
              [
                3.29505367500002,
                43.000877926000044
              ],
              [
                3.295152736000034,
                43.000956495000025
              ],
              [
                3.295580269000027,
                43.00129778100006
              ],
              [
                3.29592137700007,
                43.001571840000054
              ],
              [
                3.296254602000033,
                43.00184092500007
              ],
              [
                3.296690743000056,
                43.00219490400008
              ],
              [
                3.297055153000031,
                43.002492317000076
              ],
              [
                3.29739229300003,
                43.002769013000034
              ],
              [
                3.29766412400005,
                43.00299304500004
              ],
              [
                3.298526798000069,
                43.003707002000056
              ],
              [
                3.298641739000061,
                43.00380229600006
              ],
              [
                3.298870932000057,
                43.00399333000007
              ],
              [
                3.299347460000035,
                43.00439193400007
              ],
              [
                3.299833622000051,
                43.00480170000003
              ],
              [
                3.300447775000066,
                43.00532329600003
              ],
              [
                3.300981569000044,
                43.00578048700004
              ],
              [
                3.301730107000026,
                43.00642704400008
              ],
              [
                3.302137599000048,
                43.00678131800004
              ],
              [
                3.302462616000071,
                43.00706573700006
              ],
              [
                3.302780515000052,
                43.007345359000055
              ],
              [
                3.303196590000027,
                43.00771321900004
              ],
              [
                3.303580472000021,
                43.00805474300006
              ],
              [
                3.30395416600004,
                43.008389290000025
              ],
              [
                3.304302911000036,
                43.00870329700007
              ],
              [
                3.304471033000027,
                43.00885554300004
              ],
              [
                3.304736397000056,
                43.00909691000004
              ],
              [
                3.305059103000076,
                43.00939172600005
              ],
              [
                3.305372757000043,
                43.00967977800008
              ],
              [
                3.305777448000072,
                43.01005338900006
              ],
              [
                3.306115433000059,
                43.010367200000076
              ],
              [
                3.306427986000074,
                43.010659058000044
              ],
              [
                3.30667991200005,
                43.01089531300005
              ],
              [
                3.307124028000032,
                43.01131359000004
              ],
              [
                3.307336735000035,
                43.01151465000004
              ],
              [
                3.307442724000055,
                43.01161538700006
              ],
              [
                3.307883845000049,
                43.01203540800003
              ],
              [
                3.308333614000048,
                43.01246701700006
              ],
              [
                3.308901451000054,
                43.01301619900005
              ],
              [
                3.309372429000064,
                43.01347549400003
              ],
              [
                3.310279853000054,
                43.014367778000064
              ],
              [
                3.310612009000067,
                43.01469632800007
              ],
              [
                3.311040928000068,
                43.01512311300007
              ],
              [
                3.311478160000036,
                43.01556161900004
              ],
              [
                3.31203004300005,
                43.01611950800003
              ],
              [
                3.312474394000049,
                43.01657236700004
              ],
              [
                3.313020363000021,
                43.017133354000066
              ],
              [
                3.313356259000045,
                43.01748065100003
              ],
              [
                3.313772777000054,
                43.01791401200006
              ],
              [
                3.314121344000057,
                43.01827906300008
              ],
              [
                3.314493258000027,
                43.01867113800006
              ],
              [
                3.314827757000046,
                43.01902602900003
              ],
              [
                3.315147778000039,
                43.01936774100005
              ],
              [
                3.315457694000031,
                43.01970065200004
              ],
              [
                3.315618559000029,
                43.01987449500007
              ],
              [
                3.315807065000058,
                43.02007896100008
              ],
              [
                3.315863044000025,
                43.02013997100005
              ],
              [
                3.316153841000073,
                43.020457253000075
              ],
              [
                3.316387532000022,
                43.02071340800006
              ],
              [
                3.316628,
                43.020978213000035
              ],
              [
                3.316915404000042,
                43.02129653000003
              ],
              [
                3.317312963000063,
                43.02173938900006
              ],
              [
                3.317630804000032,
                43.022095732000025
              ],
              [
                3.318142971000043,
                43.02267365600005
              ],
              [
                3.318555101000072,
                43.02314265900003
              ],
              [
                3.319061180000062,
                43.02372349700005
              ],
              [
                3.319457706000037,
                43.02418239800005
              ],
              [
                3.319842404000042,
                43.02463134100003
              ],
              [
                3.32011822000004,
                43.024955119000026
              ],
              [
                3.320804662000057,
                43.02576568300003
              ],
              [
                3.321078144000069,
                43.026090527000065
              ],
              [
                3.321456350000062,
                43.02654243600006
              ],
              [
                3.321841486000039,
                43.027006537000034
              ],
              [
                3.322327105000056,
                43.02759671500007
              ],
              [
                3.322748108000042,
                43.02811322500003
              ],
              [
                3.323328418000074,
                43.028831970000056
              ],
              [
                3.32368015000003,
                43.02927113700008
              ],
              [
                3.323823872000048,
                43.02945265500006
              ],
              [
                3.324145119000036,
                43.02985974600006
              ],
              [
                3.324608605000037,
                43.03045356600006
              ],
              [
                3.324809111000036,
                43.03071330900008
              ],
              [
                3.324980616000062,
                43.030936404000045
              ],
              [
                3.325235142000054,
                43.03126303600004
              ],
              [
                3.325389524000059,
                43.031462359000045
              ],
              [
                3.325836247000041,
                43.032045409000034
              ],
              [
                3.326131976000056,
                43.032435613000075
              ],
              [
                3.32629707500007,
                43.03265569900003
              ],
              [
                3.370957910000072,
                43.060576868000055
              ],
              [
                3.405715150000049,
                43.06720007600006
              ],
              [
                3.405772718000037,
                43.06721109400007
              ],
              [
                3.407198549000043,
                43.067522342000075
              ],
              [
                3.408593580000058,
                43.06790127700003
              ],
              [
                3.409951841000066,
                43.068346278000035
              ],
              [
                3.411267520000024,
                43.06885544000005
              ],
              [
                3.412534985000036,
                43.06942658600008
              ],
              [
                3.413748813000041,
                43.07005727200004
              ],
              [
                3.414903806000041,
                43.07074479800008
              ],
              [
                3.415438823000045,
                43.071096166000075
              ],
              [
                3.463120848000074,
                43.10339217000006
              ],
              [
                3.46384748600002,
                43.10329786200003
              ],
              [
                3.464620517000071,
                43.10319985900003
              ],
              [
                3.465548255000044,
                43.103085029000056
              ],
              [
                3.46627993200002,
                43.10299654200003
              ],
              [
                3.466994466000074,
                43.102912152000044
              ],
              [
                3.467568566000068,
                43.102845622000075
              ],
              [
                3.468498286000056,
                43.10273993800007
              ],
              [
                3.469251357000076,
                43.10265651900005
              ],
              [
                3.470182235000038,
                43.10255610000007
              ],
              [
                3.470970462000025,
                43.10247345500005
              ],
              [
                3.471771385000068,
                43.102391898000064
              ],
              [
                3.471889256000054,
                43.10237994900007
              ],
              [
                3.472710696000036,
                43.10229962600005
              ],
              [
                3.473487809000062,
                43.10222607600008
              ],
              [
                3.474263095000026,
                43.10215499000003
              ],
              [
                3.475197153000067,
                43.10207210200008
              ],
              [
                3.476013336000051,
                43.102002206000066
              ],
              [
                3.477164008000045,
                43.10190722900006
              ],
              [
                3.477980947000049,
                43.10184232600005
              ],
              [
                3.478916739000056,
                43.10177087400007
              ],
              [
                3.479654588000074,
                43.10171659300005
              ],
              [
                3.480374976000064,
                43.10166560400006
              ],
              [
                3.480930863000026,
                43.10162742400007
              ],
              [
                3.482444136000026,
                43.101526652000075
              ],
              [
                3.483225685000036,
                43.10147690400004
              ],
              [
                3.484163325000054,
                43.101419977000035
              ],
              [
                3.484902573000056,
                43.10137714800004
              ],
              [
                3.485624267000048,
                43.10133734000004
              ],
              [
                3.485970727000051,
                43.10131868000008
              ],
              [
                3.486143990000073,
                43.101309686000036
              ],
              [
                3.486865920000071,
                43.10127267900003
              ],
              [
                3.487274409000065,
                43.10125236400006
              ],
              [
                3.487779932000024,
                43.101227996000034
              ],
              [
                3.48832477600007,
                43.101202846000035
              ],
              [
                3.488974994000046,
                43.10117415700006
              ],
              [
                3.489481694000062,
                43.10115276000005
              ],
              [
                3.49000273300004,
                43.10113174600008
              ],
              [
                3.49062578500002,
                43.10110806800003
              ],
              [
                3.491179354000053,
                43.10108831900004
              ],
              [
                3.491802073000031,
                43.101067552000075
              ],
              [
                3.49231771500007,
                43.101051555000026
              ],
              [
                3.492954072000032,
                43.10103332400007
              ],
              [
                3.493894333000071,
                43.10100861700005
              ],
              [
                3.494655539000064,
                43.100990774000024
              ],
              [
                3.49559597800004,
                43.10097139800007
              ],
              [
                3.496065377000036,
                43.10096254600006
              ],
              [
                3.496571851000056,
                43.100953881000066
              ],
              [
                3.497117637000031,
                43.10094565400004
              ],
              [
                3.497768888000053,
                43.10093715900007
              ],
              [
                3.498265104000041,
                43.10093160400004
              ],
              [
                3.498771675000057,
                43.100926868000045
              ],
              [
                3.499404396000045,
                43.10092244300006
              ],
              [
                3.50114097200003,
                43.10091438100005
              ],
              [
                3.501773718000038,
                43.10091293000005
              ],
              [
                3.502280330000076,
                43.10091296200005
              ],
              [
                3.502776603000029,
                43.10091391000003
              ],
              [
                3.50342794900007,
                43.100916357000074
              ],
              [
                3.503974135000021,
                43.10091951900006
              ],
              [
                3.504481109000039,
                43.10092348500007
              ],
              [
                3.504893400000071,
                43.10092734300008
              ],
              [
                3.505625455000029,
                43.10093531500007
              ],
              [
                3.506204449000052,
                43.10094286900005
              ],
              [
                3.50701224200003,
                43.100955148000025
              ],
              [
                3.507595370000047,
                43.10096527800005
              ],
              [
                3.508080034000045,
                43.100974750000034
              ],
              [
                3.508590755000057,
                43.10098570400004
              ],
              [
                3.509249255000043,
                43.10100108100005
              ],
              [
                3.510007915000074,
                43.10102094300004
              ],
              [
                3.51078022400003,
                43.10104334700003
              ],
              [
                3.511317785000074,
                43.101060019000045
              ],
              [
                3.511980476000076,
                43.10108190100004
              ],
              [
                3.512580983000021,
                43.10110307600007
              ],
              [
                3.513532234000024,
                43.101138752000054
              ],
              [
                3.514188346000026,
                43.101164967000045
              ],
              [
                3.514619310000057,
                43.101183244000026
              ],
              [
                3.514729533000036,
                43.101187964000076
              ],
              [
                3.515055904000064,
                43.10120247300006
              ],
              [
                3.51557996300005,
                43.10122641000004
              ],
              [
                3.515997791000075,
                43.101246149000076
              ],
              [
                3.516397447000031,
                43.10126565400003
              ],
              [
                3.516808381000033,
                43.10128634300003
              ],
              [
                3.517547233000073,
                43.101324678000026
              ],
              [
                3.518186430000071,
                43.10135937600006
              ],
              [
                3.51909514700003,
                43.10141088200004
              ],
              [
                3.519682839000041,
                43.10144549000006
              ],
              [
                3.52008021100005,
                43.10146976800007
              ],
              [
                3.520488866000051,
                43.10149536400007
              ],
              [
                3.521680394000043,
                43.10157182300003
              ],
              [
                3.522088901000075,
                43.10159866400005
              ],
              [
                3.52248598500006,
                43.101625365000075
              ],
              [
                3.523072719000027,
                43.101666117000036
              ],
              [
                3.523979502000032,
                43.101731105000056
              ],
              [
                3.524722478000058,
                43.10178643800003
              ],
              [
                3.525771421000059,
                43.10186750400004
              ],
              [
                3.52670777000003,
                43.101943188000064
              ],
              [
                3.527348443000051,
                43.10199724900008
              ],
              [
                3.528281975000027,
                43.10207933500004
              ],
              [
                3.52865464100006,
                43.102113959000064
              ],
              [
                3.528677788000039,
                43.10211614200006
              ],
              [
                3.529375638000033,
                43.102178123000044
              ],
              [
                3.529603881000071,
                43.102199201000076
              ],
              [
                3.530182400000058,
                43.10225312800003
              ],
              [
                3.530869082000038,
                43.102318937000064
              ],
              [
                3.531253178000043,
                43.10235675500007
              ],
              [
                3.531957327000043,
                43.10242798400003
              ],
              [
                3.532539406000069,
                43.102488436000044
              ],
              [
                3.533280526000055,
                43.102567513000054
              ],
              [
                3.533678587000054,
                43.10261112000006
              ],
              [
                3.53368256400006,
                43.102611556000056
              ],
              [
                3.534226725000053,
                43.102669449000075
              ],
              [
                3.534852147000038,
                43.102737294000065
              ],
              [
                3.535925123000027,
                43.10285812500007
              ],
              [
                3.53658193800004,
                43.10293481100007
              ],
              [
                3.537104873000033,
                43.10299692400008
              ],
              [
                3.538604171000031,
                43.10317803300006
              ],
              [
                3.53919148600005,
                43.103250313000046
              ],
              [
                3.539690864000022,
                43.10331291000006
              ],
              [
                3.540179841000054,
                43.10337513300004
              ],
              [
                3.540821334000043,
                43.103457984000045
              ],
              [
                3.541358707000029,
                43.10352851400006
              ],
              [
                3.541857155000059,
                43.10359498100007
              ],
              [
                3.542259831000024,
                43.10364931100003
              ],
              [
                3.542971317000024,
                43.10374642600004
              ],
              [
                3.543373682000038,
                43.10380198100006
              ],
              [
                3.543871361000072,
                43.103871482000045
              ],
              [
                3.543981043000031,
                43.10388684600008
              ],
              [
                3.54440737300007,
                43.10394746600008
              ],
              [
                3.54504659600002,
                43.10403942800008
              ],
              [
                3.545696402000033,
                43.10413457800007
              ],
              [
                3.546488827000076,
                43.10425264400004
              ],
              [
                3.547300838000069,
                43.10437624100007
              ],
              [
                3.547850033000032,
                43.10446160500004
              ],
              [
                3.548209591000045,
                43.104518006000035
              ],
              [
                3.549033081000061,
                43.104648359000066
              ],
              [
                3.549552974000051,
                43.10473173200006
              ],
              [
                3.550471340000058,
                43.104880912000056
              ],
              [
                3.551272762000053,
                43.105013668000026
              ],
              [
                3.552401195000073,
                43.105204222000054
              ],
              [
                3.553017368000042,
                43.10530980000004
              ],
              [
                3.553510336000045,
                43.10539549300006
              ],
              [
                3.553992955000069,
                43.105480329000045
              ],
              [
                3.55462600200002,
                43.10559284500005
              ],
              [
                3.555156203000024,
                43.105688222000026
              ],
              [
                3.555647908000026,
                43.10577773400007
              ],
              [
                3.556045082000026,
                43.10585068000006
              ],
              [
                3.557307823000031,
                43.10608463800003
              ],
              [
                3.557812716000058,
                43.10617922500006
              ],
              [
                3.558513479000055,
                43.106311953000045
              ],
              [
                3.55868162500002,
                43.10634391600007
              ],
              [
                3.559230791000061,
                43.106449929000064
              ],
              [
                3.560139983000056,
                43.10662749800008
              ],
              [
                3.560875183000064,
                43.10677331800008
              ],
              [
                3.561782444000073,
                43.10695602800007
              ],
              [
                3.562234958000033,
                43.10704800700006
              ],
              [
                3.562722860000065,
                43.10714809900003
              ],
              [
                3.563247837000063,
                43.10725694700005
              ],
              [
                3.56387348100003,
                43.10738803900006
              ],
              [
                3.564374022000038,
                43.10749396800003
              ],
              [
                3.564732026000058,
                43.10757048500005
              ],
              [
                3.566079442000046,
                43.10786614700004
              ],
              [
                3.566430697000044,
                43.107942954000066
              ],
              [
                3.566768480000064,
                43.108017318000066
              ],
              [
                3.567589121000026,
                43.108200845000056
              ],
              [
                3.567810319000046,
                43.10825108800003
              ],
              [
                3.568618459000049,
                43.10843744500005
              ],
              [
                3.568975508000051,
                43.10852102000007
              ],
              [
                3.569301020000069,
                43.10859767000005
              ],
              [
                3.569391776000032,
                43.10861862300004
              ],
              [
                3.569920018000062,
                43.108740785000066
              ],
              [
                3.570994092000035,
                43.10899414700003
              ],
              [
                3.571467077000023,
                43.10910791600003
              ],
              [
                3.571728730000075,
                43.109171150000066
              ],
              [
                3.57187433100006,
                43.109206595000046
              ],
              [
                3.572296176000066,
                43.109309557000074
              ],
              [
                3.572725847000072,
                43.10941523400004
              ],
              [
                3.573387676000038,
                43.10957925300005
              ],
              [
                3.573779205000051,
                43.109676956000044
              ],
              [
                3.575208014000054,
                43.110035949000064
              ],
              [
                3.57573846300005,
                43.11017046300003
              ],
              [
                3.576459911000029,
                43.11035509900006
              ],
              [
                3.576978329000042,
                43.11048896500006
              ],
              [
                3.577405433000024,
                43.11060023500005
              ],
              [
                3.577807670000027,
                43.110705747000054
              ],
              [
                3.578304765000041,
                43.11083703400004
              ],
              [
                3.578924507000067,
                43.11100243300007
              ],
              [
                3.580055151000067,
                43.111307328000066
              ],
              [
                3.580672094000022,
                43.11147541100007
              ],
              [
                3.581165153000029,
                43.11161111900003
              ],
              [
                3.581648036000047,
                43.11174508600004
              ],
              [
                3.582281259000069,
                43.11192215300008
              ],
              [
                3.58285083800007,
                43.11208290700006
              ],
              [
                3.583397239000021,
                43.11223854600007
              ],
              [
                3.583921783000051,
                43.11238922600006
              ],
              [
                3.584190338000042,
                43.11246702100004
              ],
              [
                3.584599275000073,
                43.11258625800008
              ],
              [
                3.585084362000032,
                43.11272861900005
              ],
              [
                3.585475103000022,
                43.11284400300008
              ],
              [
                3.585555567000029,
                43.11286794100005
              ],
              [
                3.586159119000058,
                43.11304772200003
              ],
              [
                3.586664375000055,
                43.11319942000006
              ],
              [
                3.587132715000052,
                43.11334114600004
              ],
              [
                3.587566368000068,
                43.11347326400005
              ],
              [
                3.588434386000074,
                43.11373949500006
              ],
              [
                3.58913590700007,
                43.11395699800005
              ],
              [
                3.59000112700005,
                43.11422815000003
              ],
              [
                3.590681970000048,
                43.114443745000074
              ],
              [
                3.591345369000067,
                43.11465599300004
              ],
              [
                3.591822466000053,
                43.11480973700003
              ],
              [
                3.593013506000034,
                43.11519630200007
              ],
              [
                3.59338759000002,
                43.11531839500003
              ],
              [
                3.593850041000053,
                43.11547017500004
              ],
              [
                3.594347736000032,
                43.11563473700005
              ],
              [
                3.594940829000052,
                43.11583229400003
              ],
              [
                3.595392196000034,
                43.11598364900004
              ],
              [
                3.595852433000061,
                43.11613900700007
              ],
              [
                3.596426407000024,
                43.11633440000003
              ],
              [
                3.597475210000027,
                43.116694437000035
              ],
              [
                3.598047465000036,
                43.11689252600007
              ],
              [
                3.598504945000059,
                43.11705220600004
              ],
              [
                3.598952904000043,
                43.117209579000075
              ],
              [
                3.599540207000075,
                43.117417240000066
              ],
              [
                3.599618074000034,
                43.11744480400006
              ],
              [
                3.600069942000061,
                43.117605980000064
              ],
              [
                3.600578210000037,
                43.117788450000035
              ],
              [
                3.601071764000039,
                43.11796689200003
              ],
              [
                3.601328645000024,
                43.11806042100005
              ],
              [
                3.601719907000074,
                43.11820367400003
              ],
              [
                3.602186303000053,
                43.11837538300006
              ],
              [
                3.602639340000053,
                43.11854324800004
              ],
              [
                3.60322002700002,
                43.11875978900008
              ],
              [
                3.60370600400006,
                43.118942256000025
              ],
              [
                3.604156346000025,
                43.11911250000003
              ],
              [
                3.604519906000064,
                43.119250640000075
              ],
              [
                3.605161832000022,
                43.11949579000003
              ],
              [
                3.605623409000032,
                43.11967320300005
              ],
              [
                3.606263597000066,
                43.11992085300005
              ],
              [
                3.606800478000025,
                43.12013009400005
              ],
              [
                3.607374757000059,
                43.12035558000008
              ],
              [
                3.607855346000065,
                43.120545537000055
              ],
              [
                3.608300679000024,
                43.12072272900008
              ],
              [
                3.608660175000068,
                43.12086647600006
              ],
              [
                3.609802430000059,
                43.12132547200008
              ],
              [
                3.610161112000071,
                43.12147031100005
              ],
              [
                3.610604427000055,
                43.12165020800006
              ],
              [
                3.611459730000036,
                43.12200137800005
              ],
              [
                3.611801678000063,
                43.12214408300008
              ],
              [
                3.612468464000074,
                43.12241854600006
              ],
              [
                3.613270838000062,
                43.122755494000046
              ],
              [
                3.613344218000066,
                43.122786646000066
              ],
              [
                3.613637741000048,
                43.122909744000026
              ],
              [
                3.61424214300007,
                43.12316530500004
              ],
              [
                3.614680171000032,
                43.123352037000075
              ],
              [
                3.615151425000022,
                43.12355421700005
              ],
              [
                3.615712811000037,
                43.12379659800007
              ],
              [
                3.61614955500005,
                43.123986278000075
              ],
              [
                3.616597907000028,
                43.12418214400003
              ],
              [
                3.617132936000075,
                43.124417563000065
              ],
              [
                3.617607316000033,
                43.12462779700007
              ],
              [
                3.618139853000059,
                43.12486549500005
              ],
              [
                3.618579907000026,
                43.12506331600008
              ],
              [
                3.619008310000027,
                43.12525700500004
              ],
              [
                3.619561955000052,
                43.12550875100004
              ],
              [
                3.620025162000047,
                43.12572067900004
              ],
              [
                3.620454279000057,
                43.12591822300004
              ],
              [
                3.620800623000036,
                43.12607840000004
              ],
              [
                3.621412009000039,
                43.12636245600004
              ],
              [
                3.621757444000025,
                43.12652368600004
              ],
              [
                3.622184309000033,
                43.12672383800003
              ],
              [
                3.622643461000052,
                43.12694044600005
              ],
              [
                3.623190331000046,
                43.127200009000035
              ],
              [
                3.623699725000051,
                43.127443424000035
              ],
              [
                3.624304923000068,
                43.127734573000055
              ],
              [
                3.624770928000032,
                43.12796014700007
              ],
              [
                3.626036821000071,
                43.12857668800007
              ],
              [
                3.626531955000075,
                43.12881942000007
              ],
              [
                3.62695231500004,
                43.129026846000045
              ],
              [
                3.627363398000057,
                43.12923080000007
              ],
              [
                3.627902017000054,
                43.12949948200003
              ],
              [
                3.628352583000037,
                43.12972558000007
              ],
              [
                3.628769926000075,
                43.129936256000065
              ],
              [
                3.629156106000039,
                43.130132196000034
              ],
              [
                3.629928588000041,
                43.13052613600007
              ],
              [
                3.630552235000039,
                43.13084680400004
              ],
              [
                3.631320585000026,
                43.13124513300005
              ],
              [
                3.631839468000067,
                43.131515981000064
              ],
              [
                3.632259005000037,
                43.131736474000036
              ],
              [
                3.632764580000071,
                43.13200396700006
              ],
              [
                3.633213051000041,
                43.13224283200003
              ],
              [
                3.633716729000071,
                43.13251289300007
              ],
              [
                3.634137032000069,
                43.13273975300007
              ],
              [
                3.634545051000032,
                43.13296117300007
              ],
              [
                3.635067717000027,
                43.13324633800005
              ],
              [
                3.635504850000075,
                43.133486220000066
              ],
              [
                3.635909664000053,
                43.13370965300004
              ],
              [
                3.635959221000064,
                43.13373702300004
              ],
              [
                3.636236307000047,
                43.13389072100006
              ],
              [
                3.636812766000048,
                43.134211651000044
              ],
              [
                3.637138382000046,
                43.134393712000076
              ],
              [
                3.637540650000062,
                43.13461960400008
              ],
              [
                3.63797319300005,
                43.134863893000045
              ],
              [
                3.638488187000064,
                43.135156419000054
              ],
              [
                3.638877783000055,
                43.135378865000064
              ],
              [
                3.63927389600002,
                43.135606202000076
              ],
              [
                3.63986072900002,
                43.135945640000045
              ],
              [
                3.640312016000053,
                43.13620871900008
              ],
              [
                3.641034613000045,
                43.13663404400006
              ],
              [
                3.641371960000072,
                43.136834530000044
              ],
              [
                3.641625134000037,
                43.13698173100005
              ],
              [
                3.642071710000039,
                43.13724293000007
              ],
              [
                3.642574925000076,
                43.13753901100006
              ],
              [
                3.643419560000041,
                43.13804162800005
              ],
              [
                3.643843058000073,
                43.138296497000056
              ],
              [
                3.64456485900007,
                43.13873512600003
              ],
              [
                3.64498734700004,
                43.13899436400004
              ],
              [
                3.645334125000034,
                43.139208143000076
              ],
              [
                3.645812506000027,
                43.13950019600003
              ],
              [
                3.645975910000061,
                43.13960059800007
              ],
              [
                3.646683384000028,
                43.14003947200007
              ],
              [
                3.647029219000046,
                43.140256065000074
              ],
              [
                3.647344771000064,
                43.14045453700004
              ],
              [
                3.647474516000045,
                43.140536637000025
              ],
              [
                3.647893774000067,
                43.14080239900005
              ],
              [
                3.648364450000031,
                43.141102670000066
              ],
              [
                3.648757093000029,
                43.14135476600006
              ],
              [
                3.649138122000068,
                43.14160068100006
              ],
              [
                3.649626037000075,
                43.14191721900005
              ],
              [
                3.650033946000065,
                43.14218333400004
              ],
              [
                3.650411548000022,
                43.14243105500003
              ],
              [
                3.650716145000047,
                43.142631720000054
              ],
              [
                3.651253535000023,
                43.14298722800004
              ],
              [
                3.651556901000049,
                43.143188758000065
              ],
              [
                3.651931556000022,
                43.14343868700007
              ],
              [
                3.652329633000022,
                43.14370570500006
              ],
              [
                3.652794667000023,
                43.14401935700005
              ],
              [
                3.653244750000056,
                43.14432482600006
              ],
              [
                3.653696203000038,
                43.14463314600005
              ],
              [
                3.654136875000063,
                43.144935958000076
              ],
              [
                3.65455819400006,
                43.145227256000055
              ],
              [
                3.654955789000041,
                43.145503688000076
              ],
              [
                3.655269797000074,
                43.14572322400005
              ],
              [
                3.655573600000025,
                43.14593653700007
              ],
              [
                3.657397390000028,
                43.147222543000055
              ],
              [
                3.657892377000053,
                43.14757401700007
              ],
              [
                3.658343156000058,
                43.147896348000074
              ],
              [
                3.658590102000062,
                43.14807354900006
              ],
              [
                3.658725162000053,
                43.148170992000075
              ],
              [
                3.658912687000054,
                43.14830654800005
              ],
              [
                3.659266050000042,
                43.14856327900003
              ],
              [
                3.659862660000044,
                43.14899893100005
              ],
              [
                3.66031087600004,
                43.14932833800003
              ],
              [
                3.660566643000038,
                43.14951752600007
              ],
              [
                3.66093293900002,
                43.14978991000004
              ],
              [
                3.661228716000039,
                43.15001102400004
              ],
              [
                3.661657724000065,
                43.15033374700005
              ],
              [
                3.661843438000062,
                43.15047432700004
              ],
              [
                3.662219701000026,
                43.15076072200003
              ],
              [
                3.662656853000044,
                43.151095303000034
              ],
              [
                3.663070824000044,
                43.15141408100004
              ],
              [
                3.663468822000027,
                43.151722437000046
              ],
              [
                3.663880145000064,
                43.15204306900006
              ],
              [
                3.664311729000076,
                43.15238155700007
              ],
              [
                3.664905789000045,
                43.15285164000005
              ],
              [
                3.665806537000037,
                43.15357078100004
              ],
              [
                3.665916350000032,
                43.15365859800005
              ],
              [
                3.666901862000032,
                43.15444799900007
              ],
              [
                3.667162576000067,
                43.15465765500005
              ],
              [
                3.667454269000075,
                43.15489315100007
              ],
              [
                3.667821501000049,
                43.155191297000044
              ],
              [
                3.668208426000035,
                43.15550719300006
              ],
              [
                3.66837870400002,
                43.15564657600004
              ],
              [
                3.668537725000022,
                43.15577740400005
              ],
              [
                3.668826442000068,
                43.156015515000036
              ],
              [
                3.669252865000033,
                43.156369522000034
              ],
              [
                3.669789875000049,
                43.15681828500004
              ],
              [
                3.670196223000062,
                43.157160016000034
              ],
              [
                3.670527869000068,
                43.15744070000005
              ],
              [
                3.670795260000034,
                43.15766795500008
              ],
              [
                3.671266895000031,
                43.15807048400006
              ],
              [
                3.67153307500007,
                43.15829862000004
              ],
              [
                3.671861636000074,
                43.15858141000007
              ],
              [
                3.672270882000021,
                43.15893594900007
              ],
              [
                3.672830583000064,
                43.15942400700004
              ],
              [
                3.67327356900006,
                43.15981305400004
              ],
              [
                3.673650380000026,
                43.16014635600004
              ],
              [
                3.67410559700005,
                43.160552007000035
              ],
              [
                3.674463563000074,
                43.16087337400006
              ],
              [
                3.674889267000026,
                43.161258245000056
              ],
              [
                3.675434410000037,
                43.16175456900004
              ],
              [
                3.675863021000055,
                43.16214759400003
              ],
              [
                3.676216839000062,
                43.16247436700007
              ],
              [
                3.676634877000026,
                43.16286318300007
              ],
              [
                3.676761001000045,
                43.162981322000064
              ],
              [
                3.676798648000045,
                43.16301618700004
              ],
              [
                3.677151830000071,
                43.163345228000026
              ],
              [
                3.677469549000023,
                43.16364462700005
              ],
              [
                3.677636512000049,
                43.16380281900007
              ],
              [
                3.678110360000062,
                43.16425546500005
              ],
              [
                3.678998706000073,
                43.165101427000025
              ],
              [
                3.679118961000029,
                43.165217717000075
              ],
              [
                3.679291393000028,
                43.16538496700008
              ],
              [
                3.680205982000075,
                43.16627474300003
              ],
              [
                3.68067566700006,
                43.166735491000054
              ],
              [
                3.680724663000035,
                43.166783957000064
              ],
              [
                3.681399194000051,
                43.167335714000046
              ],
              [
                3.681490231000055,
                43.16741028400003
              ],
              [
                3.681795424000029,
                43.167661803000044
              ],
              [
                3.682131351000066,
                43.167939954000076
              ],
              [
                3.682459485000038,
                43.168213036000054
              ],
              [
                3.682888922000075,
                43.16857224600005
              ],
              [
                3.683247694000045,
                43.16887403100003
              ],
              [
                3.683579583000039,
                43.16915477200007
              ],
              [
                3.683886347000055,
                43.16941551300005
              ],
              [
                3.684499286000062,
                43.16993901300003
              ],
              [
                3.684871085000054,
                43.17025843300007
              ],
              [
                3.685198900000046,
                43.17054173100007
              ],
              [
                3.685519561000035,
                43.170820270000036
              ],
              [
                3.685939266000048,
                43.171186714000044
              ],
              [
                3.686327479000056,
                43.17152778900004
              ],
              [
                3.686705543000073,
                43.171862033000025
              ],
              [
                3.687061032000031,
                43.172178141000074
              ],
              [
                3.68723450300007,
                43.17233329000004
              ],
              [
                3.687508363000063,
                43.17257932800004
              ],
              [
                3.687842471000067,
                43.172880846000055
              ],
              [
                3.688111310000068,
                43.17312454000006
              ],
              [
                3.688391090000039,
                43.17337928100005
              ],
              [
                3.688654181000061,
                43.17361987700008
              ],
              [
                3.688978845000065,
                43.173918085000025
              ],
              [
                3.689344435000066,
                43.17425595000003
              ],
              [
                3.689942827000039,
                43.17481236800006
              ],
              [
                3.690160775000038,
                43.17501577500008
              ],
              [
                3.690311091000069,
                43.17515694200006
              ],
              [
                3.690767876000052,
                43.17558702500003
              ],
              [
                3.691095698000026,
                43.17589742000007
              ],
              [
                3.69136800900003,
                43.176156709000054
              ],
              [
                3.691625079000062,
                43.17640257700003
              ],
              [
                3.69194244800002,
                43.17670747000005
              ],
              [
                3.692320840000036,
                43.177073395000036
              ],
              [
                3.693322714000033,
                43.178048680000074
              ],
              [
                3.693672326000069,
                43.17839111700005
              ],
              [
                3.694251520000023,
                43.17896194100007
              ],
              [
                3.694597411000075,
                43.17930494400008
              ],
              [
                3.694842270000038,
                43.17954926800007
              ],
              [
                3.695092028000033,
                43.179799606000074
              ],
              [
                3.695399494000071,
                43.180109179000056
              ],
              [
                3.695644445000028,
                43.180356912000036
              ],
              [
                3.695880567000074,
                43.180596784000045
              ],
              [
                3.696122707000029,
                43.18084386600003
              ],
              [
                3.696558003000064,
                43.181290028000035
              ],
              [
                3.696933908000062,
                43.18167801300007
              ],
              [
                3.69746617200002,
                43.18223123900003
              ],
              [
                3.697940913000025,
                43.18272911300005
              ],
              [
                3.698386363000054,
                43.183200484000054
              ],
              [
                3.69878350700003,
                43.18362395300005
              ],
              [
                3.698824596000065,
                43.18366813700004
              ],
              [
                3.699138586000061,
                43.18400604800007
              ],
              [
                3.699513071000069,
                43.184412020000025
              ],
              [
                3.700037823000059,
                43.18498507900006
              ],
              [
                3.700493177000055,
                43.185486869000044
              ],
              [
                3.701130625000076,
                43.18619572400007
              ],
              [
                3.701580112000045,
                43.18670013600007
              ],
              [
                3.702091469000038,
                43.18727924500007
              ],
              [
                3.702492156000062,
                43.18773679100008
              ],
              [
                3.702880914000048,
                43.188184421000074
              ],
              [
                3.703179480000074,
                43.18853036300004
              ],
              [
                3.703988401000061,
                43.189473547000034
              ],
              [
                3.704403380000031,
                43.189961709000045
              ],
              [
                3.704897880000033,
                43.190548619000026
              ],
              [
                3.705285249000042,
                43.19101227700003
              ],
              [
                3.705660978000026,
                43.19146583500003
              ],
              [
                3.705930322000029,
                43.19179292100006
              ],
              [
                3.706302746000063,
                43.192247904000055
              ],
              [
                3.706512713000052,
                43.19250563000003
              ],
              [
                3.706771613000058,
                43.19282492700006
              ],
              [
                3.706917086000033,
                43.193004932000065
              ],
              [
                3.707073453000021,
                43.19319975500008
              ],
              [
                3.707200904000047,
                43.193323228000054
              ],
              [
                3.707985949000033,
                43.19408546100004
              ],
              [
                3.708298949000039,
                43.19439104300005
              ],
              [
                3.708732135000048,
                43.19481630200005
              ],
              [
                3.709094504000063,
                43.19517434200003
              ],
              [
                3.709481133000054,
                43.19555882900005
              ],
              [
                3.709803946000022,
                43.19588172400006
              ],
              [
                3.710102390000031,
                43.19618198900008
              ],
              [
                3.710342892000028,
                43.19642501800007
              ],
              [
                3.710766776000071,
                43.19685523700008
              ],
              [
                3.711005897000064,
                43.19709899700007
              ],
              [
                3.711300920000042,
                43.19740106900008
              ],
              [
                3.711617594000074,
                43.19772721700008
              ],
              [
                3.711993969000048,
                43.19811713800004
              ],
              [
                3.712283692000028,
                43.19841892100004
              ],
              [
                3.712579745000028,
                43.198728981000045
              ],
              [
                3.712935703000028,
                43.19910430500005
              ],
              [
                3.713250734000042,
                43.19943873400007
              ],
              [
                3.713547159000029,
                43.199755208000056
              ],
              [
                3.713603732000024,
                43.19981602000007
              ],
              [
                3.713897615000064,
                43.20013227100003
              ],
              [
                3.714256969000076,
                43.200521697000056
              ],
              [
                3.714326630000073,
                43.200597721000065
              ],
              [
                3.714631885000074,
                43.20081449700007
              ],
              [
                3.71504088000006,
                43.20110663200006
              ],
              [
                3.715059835000034,
                43.201120255000035
              ],
              [
                3.715760347000071,
                43.20162379200008
              ],
              [
                3.716193346000068,
                43.201936964000026
              ],
              [
                3.716731057000061,
                43.20232827800004
              ],
              [
                3.717183109000075,
                43.20265939400008
              ],
              [
                3.717665464000049,
                43.203015006000044
              ],
              [
                3.71807812000003,
                43.203321050000056
              ],
              [
                3.718455599000038,
                43.203602680000074
              ],
              [
                3.718746637000038,
                43.20382073700006
              ],
              [
                3.718902710000066,
                43.20393816700005
              ],
              [
                3.719166911000059,
                43.204134217000046
              ],
              [
                3.719590930000038,
                43.20445079900003
              ],
              [
                3.719824502000051,
                43.20462626500006
              ],
              [
                3.720164343000022,
                43.20488283100008
              ],
              [
                3.720544455000038,
                43.20517122500007
              ],
              [
                3.721001521000062,
                43.20552033900003
              ],
              [
                3.721651414000064,
                43.206020075000026
              ],
              [
                3.722175270000037,
                43.20642602800007
              ],
              [
                3.722819600000037,
                43.20692922500007
              ],
              [
                3.723216403000038,
                43.20724095000003
              ],
              [
                3.723708935000047,
                43.207630177000055
              ],
              [
                3.724121283000045,
                43.207958062000046
              ],
              [
                3.724561597000047,
                43.20831036100003
              ],
              [
                3.724929505000034,
                43.20860637100003
              ],
              [
                3.725269893000075,
                43.20888177000006
              ],
              [
                3.725569244000042,
                43.20912507300005
              ],
              [
                3.726585057000023,
                43.20995446200004
              ],
              [
                3.726676219000069,
                43.21002899600006
              ],
              [
                3.727107171000057,
                43.21038418400008
              ],
              [
                3.727730541000028,
                43.21090138000005
              ],
              [
                3.728146367000022,
                43.211248613000066
              ],
              [
                3.728479590000063,
                43.21152867100005
              ],
              [
                3.728854970000043,
                43.21184602100004
              ],
              [
                3.729469642000026,
                43.21236873300006
              ],
              [
                3.729848074000074,
                43.21269247400005
              ],
              [
                3.730317670000034,
                43.21309661400005
              ],
              [
                3.730654743000059,
                43.21338826200008
              ],
              [
                3.730934766000075,
                43.21363185400003
              ],
              [
                3.731205339000041,
                43.21386824900003
              ],
              [
                3.731540104000032,
                43.214162001000034
              ],
              [
                3.731819882000025,
                43.214408613000046
              ],
              [
                3.732002875000035,
                43.21457064400005
              ],
              [
                3.732352788000071,
                43.21488224700005
              ],
              [
                3.73271141500004,
                43.215203435000035
              ],
              [
                3.73308327500007,
                43.21553851600004
              ],
              [
                3.733493434000025,
                43.21591037500008
              ],
              [
                3.733874682000021,
                43.21625821600003
              ],
              [
                3.734326507000048,
                43.21667307000007
              ],
              [
                3.734688015000074,
                43.217007015000036
              ],
              [
                3.735271004000026,
                43.217548830000055
              ],
              [
                3.735448683000072,
                43.21771445600007
              ],
              [
                3.735740612000029,
                43.21798876200006
              ],
              [
                3.736317879000069,
                43.21853388400007
              ],
              [
                3.736770651000029,
                43.218964785000026
              ],
              [
                3.737210376000064,
                43.219386548000045
              ],
              [
                3.737525880000021,
                43.21969083100004
              ],
              [
                3.738311684000053,
                43.22045286000008
              ],
              [
                3.738624987000037,
                43.22075836000005
              ],
              [
                3.739058594000028,
                43.221183506000045
              ],
              [
                3.739421317000051,
                43.221541451000064
              ],
              [
                3.73980832500007,
                43.22192583800006
              ],
              [
                3.740131455000039,
                43.22224865000004
              ],
              [
                3.740430192000076,
                43.222548836000044
              ],
              [
                3.740670932000057,
                43.22279180400005
              ],
              [
                3.741095236000035,
                43.22322191200004
              ],
              [
                3.741334644000062,
                43.22346566300007
              ],
              [
                3.741630031000057,
                43.22376773000008
              ],
              [
                3.74195377500007,
                43.224100786000065
              ],
              [
                3.742342976000032,
                43.224503592000076
              ],
              [
                3.742703969000047,
                43.22487974100005
              ],
              [
                3.743100947000073,
                43.22529620000006
              ],
              [
                3.743559792000042,
                43.22578178600003
              ],
              [
                3.744005748000063,
                43.22625788500005
              ],
              [
                3.744122162000053,
                43.22638244700005
              ],
              [
                3.744344945000023,
                43.22662239400006
              ],
              [
                3.744693935000043,
                43.226999901000056
              ],
              [
                3.744944849000035,
                43.227272656000025
              ],
              [
                3.745226143000025,
                43.22757994300008
              ],
              [
                3.74547844500006,
                43.22785694000004
              ],
              [
                3.745968087000051,
                43.22839720200005
              ],
              [
                3.746218924000061,
                43.228675363000036
              ],
              [
                3.746496666000041,
                43.22898491300003
              ],
              [
                3.746744614000022,
                43.22926264700004
              ],
              [
                3.747087606000036,
                43.22964877700008
              ],
              [
                3.74742111300003,
                43.23002680600007
              ],
              [
                3.74789293200007,
                43.23056528700005
              ],
              [
                3.748359724000068,
                43.23110324800007
              ],
              [
                3.748874699000055,
                43.231702573000064
              ],
              [
                3.749249212000052,
                43.23214192000006
              ],
              [
                3.749679170000036,
                43.23265036600003
              ],
              [
                3.750000656000054,
                43.233033197000054
              ],
              [
                3.750341147000029,
                43.233441507000066
              ],
              [
                3.750617631000068,
                43.23377508600004
              ],
              [
                3.750678549000042,
                43.23384903500005
              ],
              [
                3.750987617000021,
                43.23409902600008
              ],
              [
                3.751495551000062,
                43.23451180300003
              ],
              [
                3.751535883000031,
                43.234543838000036
              ],
              [
                3.751876809000066,
                43.23481601800006
              ],
              [
                3.752242548000027,
                43.235109512000065
              ],
              [
                3.75231006100006,
                43.235163743000044
              ],
              [
                3.753092267000056,
                43.23529356500006
              ],
              [
                3.753547912000045,
                43.235370018000026
              ],
              [
                3.754039249000073,
                43.23545335600005
              ],
              [
                3.754568351000046,
                43.235544222000044
              ],
              [
                3.755199252000068,
                43.23565391200003
              ],
              [
                3.75578766600006,
                43.235757611000054
              ],
              [
                3.756487638000067,
                43.23588263100004
              ],
              [
                3.756991295000034,
                43.235973614000045
              ],
              [
                3.758249293000063,
                43.23620342600003
              ],
              [
                3.758752316000027,
                43.23629634500003
              ],
              [
                3.759450494000021,
                43.23642674100006
              ],
              [
                3.75964966600003,
                43.23646410100008
              ],
              [
                3.760028140000031,
                43.236535987000025
              ],
              [
                3.760132555000041,
                43.23655598100004
              ],
              [
                3.813148217000048,
                43.236738442000046
              ]
            ]
          ]
        ]
      }
    }
  ]
}