{
  "type": "FeatureCollection",
  "name": "us_med_pnmgl_nettoyage_plages-2021_pol_2154",
  "crs": {
    "type": "name",
    "properties": {
      "name": "urn:ogc:def:crs:IGNF::LAMB93"
    }
  },
  "features": [
    {
      "type": "Feature",
      "properties": {
        "nom": "Plage du Bourdigou Sud",
        "info": true,
        "cara": false,
        "regl": false,
        "tech": false,
        "projet": "Pratique de nettoyage des plages",
        "id": null,
        "Nom": "Plage du Bourdigou Sud",
        "Surf": 60534,
        "Commune": "Torreilles",
        "Mai-Juin": "Non-nettoyée",
        "Juill-Aoû": "Non-nettoyée",
        "Septembre": "Non-nettoyée",
        "Juin_MecaF": "Jamais",
        "JA_MecaF": "Jamais",
        "Sept_MecaF": "Jamais",
        "Juin_ManF": "Jamais",
        "JA_ManF": "Jamais",
        "Sept_ManF": "Jamais"
      },
      "geometry": {
        "type": "MultiPolygon",
        "coordinates": [
          [
            [
              [
                703177.6523167776,
                6182643.994450602
              ],
              [
                703099.1906708066,
                6182644.803824389
              ],
              [
                703110.8075649915,
                6182662.705267889
              ],
              [
                703121.8531365118,
                6182687.843465142
              ],
              [
                703121.4722547352,
                6182717.93312549
              ],
              [
                703119.5678458523,
                6182736.596332543
              ],
              [
                703127.56636316,
                6182759.068357359
              ],
              [
                703128.7090084896,
                6182780.016855069
              ],
              [
                703124.1384271709,
                6182840.957939319
              ],
              [
                703123.7575453945,
                6182864.572609466
              ],
              [
                703128.328126713,
                6182889.710806718
              ],
              [
                703139.7545800098,
                6182952.175418075
              ],
              [
                703147.372215541,
                6182991.025359284
              ],
              [
                703152.7045604127,
                6183010.0694481125
              ],
              [
                703151.1810333065,
                6183047.395862215
              ],
              [
                703144.7060431051,
                6183089.673739414
              ],
              [
                703140.1354617864,
                6183114.811936666
              ],
              [
                703138.2310529037,
                6183138.4266068125
              ],
              [
                703140.8972253395,
                6183154.804523204
              ],
              [
                703147.372215541,
                6183168.516267161
              ],
              [
                703156.5133781784,
                6183184.894183553
              ],
              [
                703157.2751417315,
                6183209.270617252
              ],
              [
                703153.0854421894,
                6183228.314706081
              ],
              [
                703147.7530973175,
                6183242.788213589
              ],
              [
                703140.8972253395,
                6183260.689657087
              ],
              [
                703143.1825159988,
                6183287.732263223
              ],
              [
                703150.8001515301,
                6183315.917514688
              ],
              [
                703158.6082279491,
                6183339.675015494
              ],
              [
                703171.3677674638,
                6183373.002170943
              ],
              [
                703175.7479078942,
                6183394.521991318
              ],
              [
                703172.8912945702,
                6183408.805057935
              ],
              [
                703166.7971861452,
                6183424.230769887
              ],
              [
                703164.7023363742,
                6183438.323395619
              ],
              [
                703165.8449817038,
                6183475.4593688315
              ],
              [
                703164.8927772625,
                6183481.743918145
              ],
              [
                703150.9905924181,
                6183498.693157202
              ],
              [
                703139.9450208979,
                6183505.168147403
              ],
              [
                703124.900190724,
                6183503.835061185
              ],
              [
                703118.806082299,
                6183509.167406057
              ],
              [
                703119.7582867404,
                6183522.8791500125
              ],
              [
                703126.2332769419,
                6183530.306344655
              ],
              [
                703134.0413533613,
                6183544.589411276
              ],
              [
                703134.6126760262,
                6183554.682778356
              ],
              [
                703132.5178262551,
                6183561.157768557
              ],
              [
                703134.8031169145,
                6183575.440835178
              ],
              [
                703141.2781071159,
                6183588.962138245
              ],
              [
                703161.6552821617,
                6183615.052539939
              ],
              [
                703166.7971861452,
                6183617.3378305985
              ],
              [
                703200.6956642588,
                6183612.0054857265
              ],
              [
                703209.075063343,
                6183611.6246039495
              ],
              [
                703216.6926988742,
                6183616.956948821
              ],
              [
                703219.35887131,
                6183626.098111459
              ],
              [
                703219.5493121983,
                6183634.0966287665
              ],
              [
                703215.5500535445,
                6183634.287069655
              ],
              [
                703211.5507948906,
                6183631.2400154425
              ],
              [
                703209.6463860079,
                6183619.813562145
              ],
              [
                703207.5515362368,
                6183616.766507933
              ],
              [
                703197.2677282698,
                6183616.956948821
              ],
              [
                703195.7442011635,
                6183622.860616358
              ],
              [
                703202.7905140298,
                6183634.287069655
              ],
              [
                703211.7412357789,
                6183642.095146074
              ],
              [
                703236.8794330317,
                6183642.6664687395
              ],
              [
                703236.4985512551,
                6183600.5790324295
              ],
              [
                703234.4037014841,
                6183595.246687558
              ],
              [
                703234.4037014841,
                6183590.866547127
              ],
              [
                703242.7831005683,
                6183591.628310679
              ],
              [
                703245.0683912276,
                6183583.629793372
              ],
              [
                703240.6882507972,
                6183560.015123226
              ],
              [
                703236.6889921434,
                6183533.162957978
              ],
              [
                703236.3081103669,
                6183501.549770525
              ],
              [
                703233.4514970428,
                6183476.982895937
              ],
              [
                703226.786065953,
                6183430.324878309
              ],
              [
                703214.5978491033,
                6183387.475678445
              ],
              [
                703207.1706544604,
                6183358.147781651
              ],
              [
                703205.4566864659,
                6183333.009584397
              ],
              [
                703202.79051403,
                6183285.3993623275
              ],
              [
                703203.7427184714,
                6183257.214110862
              ],
              [
                703200.8861051473,
                6183230.552386504
              ],
              [
                703191.7449425099,
                6183203.509780368
              ],
              [
                703192.506706063,
                6183187.893627528
              ],
              [
                703195.3633193873,
                6183158.375289845
              ],
              [
                703196.5059647169,
                6183122.001080184
              ],
              [
                703195.172878499,
                6183102.385668691
              ],
              [
                703196.8868464935,
                6183095.339355824
              ],
              [
                703197.6486100466,
                6183089.435688287
              ],
              [
                703196.3155238286,
                6183084.484225192
              ],
              [
                703197.4581691583,
                6183076.104826108
              ],
              [
                703202.4096322536,
                6183055.91809195
              ],
              [
                703209.8368268964,
                6183032.68430358
              ],
              [
                703210.4081495613,
                6183024.685786272
              ],
              [
                703207.1706544606,
                6183011.354924093
              ],
              [
                703201.8383095888,
                6182999.738029907
              ],
              [
                703196.6964056053,
                6182981.265263745
              ],
              [
                703195.3633193873,
                6182968.124842454
              ],
              [
                703198.2199327116,
                6182954.032216721
              ],
              [
                703198.0294918233,
                6182937.654300329
              ],
              [
                703195.3633193873,
                6182917.467566171
              ],
              [
                703198.6008144881,
                6182899.947004449
              ],
              [
                703196.505964717,
                6182883.949969834
              ],
              [
                703190.6022971804,
                6182876.141893414
              ],
              [
                703187.1743611913,
                6182867.000730776
              ],
              [
                703187.1743611913,
                6182857.4786863625
              ],
              [
                703190.9831789569,
                6182850.241932608
              ],
              [
                703191.3640607335,
                6182840.529447306
              ],
              [
                703188.5074474093,
                6182829.293434897
              ],
              [
                703182.9846616492,
                6182822.056681143
              ],
              [
                703179.9376074368,
                6182817.105218047
              ],
              [
                703182.9846616492,
                6182802.44126965
              ],
              [
                703184.8890705322,
                6182770.447200418
              ],
              [
                703180.5089301018,
                6182751.022229814
              ],
              [
                703181.8420163197,
                6182741.309744512
              ],
              [
                703181.6515754315,
                6182716.933310812
              ],
              [
                703175.7479078948,
                6182682.273069146
              ],
              [
                703177.8427576659,
                6182659.801044329
              ],
              [
                703177.6523167776,
                6182643.994450602
              ]
            ]
          ]
        ]
      }
    },
    {
      "type": "Feature",
      "properties": {
        "nom": "Leucate-Plage",
        "info": true,
        "cara": false,
        "regl": false,
        "tech": false,
        "projet": "Pratique de nettoyage des plages",
        "id": null,
        "Nom": "Leucate-Plage",
        "Surf": 93752,
        "Commune": "Leucate",
        "Mai-Juin": "Mixte dominante manuelle",
        "Juill-Aoû": "Mixte dominante mécanique",
        "Septembre": "Mixte dominante mécanique",
        "Juin_MecaF": "2 jours sur 7",
        "JA_MecaF": "7 jours sur 7",
        "Sept_MecaF": "7 jours sur 7",
        "Juin_ManF": "3 jours sur 7",
        "JA_ManF": "7 jours sur 7",
        "Sept_ManF": "3 jours sur 7"
      },
      "geometry": {
        "type": "MultiPolygon",
        "coordinates": [
          [
            [
              [
                704786.9651081434,
                6201281.936344064
              ],
              [
                704788.2664542107,
                6201282.888548498
              ],
              [
                704789.7265010208,
                6201282.507666722
              ],
              [
                704790.6787054623,
                6201281.238060799
              ],
              [
                704791.1865478309,
                6201279.143211029
              ],
              [
                704789.9804222052,
                6201271.525575497
              ],
              [
                704786.9968482889,
                6201259.972161609
              ],
              [
                704784.4576364452,
                6201241.372434854
              ],
              [
                704778.934850685,
                6201206.712193187
              ],
              [
                704773.9833875897,
                6201185.001931923
              ],
              [
                704769.9206486398,
                6201173.131116554
              ],
              [
                704764.3978628796,
                6201156.372318385
              ],
              [
                704764.1439416952,
                6201146.977234563
              ],
              [
                704763.7630599187,
                6201136.693426596
              ],
              [
                704762.3664934046,
                6201127.933145735
              ],
              [
                704760.0812027452,
                6201119.426786059
              ],
              [
                704757.0341485328,
                6201112.951795857
              ],
              [
                704754.1140549125,
                6201106.984648025
              ],
              [
                704752.9714095828,
                6201097.843485387
              ],
              [
                704752.4635672143,
                6201092.130258739
              ],
              [
                704751.8287642533,
                6201080.069002481
              ],
              [
                704748.2738676721,
                6201063.691086089
              ],
              [
                704741.6719168784,
                6201045.408760814
              ],
              [
                704733.5464389784,
                6201018.366154677
              ],
              [
                704727.9601729222,
                6200991.704430318
              ],
              [
                704720.342537391,
                6200949.807434897
              ],
              [
                704714.248428966,
                6200918.06728685
              ],
              [
                704709.1700052787,
                6200890.135956569
              ],
              [
                704706.630793435,
                6200862.966389841
              ],
              [
                704705.6151086976,
                6200854.586990757
              ],
              [
                704703.0758968538,
                6200839.351719694
              ],
              [
                704700.6636456023,
                6200831.353202387
              ],
              [
                704692.6651282945,
                6200797.200803089
              ],
              [
                704687.7136651992,
                6200781.203768473
              ],
              [
                704681.4925961824,
                6200759.366546616
              ],
              [
                704679.9690690761,
                6200748.067053912
              ],
              [
                704678.0646601934,
                6200732.704822257
              ],
              [
                704671.7166305841,
                6200718.104354156
              ],
              [
                704662.4485073542,
                6200706.931822042
              ],
              [
                704655.9735171527,
                6200690.299984466
              ],
              [
                704650.5142116888,
                6200672.9063833365
              ],
              [
                704646.578433331,
                6200656.27454576
              ],
              [
                704643.7853003029,
                6200640.404471736
              ],
              [
                704641.2460884594,
                6200617.551565142
              ],
              [
                704638.4529554312,
                6200597.1109098
              ],
              [
                704634.6441376656,
                6200585.049653542
              ],
              [
                704630.2005169392,
                6200570.449185441
              ],
              [
                704627.407383911,
                6200552.674702534
              ],
              [
                704631.9779652297,
                6200526.520820544
              ],
              [
                704633.5014923359,
                6200508.23849527
              ],
              [
                704631.9779652297,
                6200492.241460654
              ],
              [
                704627.1534627266,
                6200471.927765904
              ],
              [
                704622.0750390391,
                6200457.708179579
              ],
              [
                704615.2191670612,
                6200437.394484829
              ],
              [
                704604.173595541,
                6200402.226400796
              ],
              [
                704596.1750782334,
                6200362.233814258
              ],
              [
                704591.0966545459,
                6200328.081414959
              ],
              [
                704586.3991126352,
                6200312.0843803445
              ],
              [
                704579.5432406572,
                6200287.200104276
              ],
              [
                704567.228063215,
                6200237.939394508
              ],
              [
                704557.5790582089,
                6200211.785512517
              ],
              [
                704548.4378955715,
                6200192.741423689
              ],
              [
                704536.2496787215,
                6200161.001275643
              ],
              [
                704527.3624372688,
                6200124.563585685
              ],
              [
                704523.6805800954,
                6200100.694994354
              ],
              [
                704518.8560775924,
                6200070.224452229
              ],
              [
                704516.8247081173,
                6200054.227417614
              ],
              [
                704517.5864716704,
                6200032.771077535
              ],
              [
                704520.2526441063,
                6200012.2034616005
              ],
              [
                704519.8717623297,
                6199996.841229946
              ],
              [
                704515.1742204187,
                6199981.478998291
              ],
              [
                704510.8575602843,
                6199964.212357755
              ],
              [
                704507.8105060718,
                6199952.024140905
              ],
              [
                704505.5252154125,
                6199941.613372345
              ],
              [
                704505.5252154125,
                6199931.964367339
              ],
              [
                704504.2556094907,
                6199924.346731808
              ],
              [
                704503.4938459375,
                6199917.236938645
              ],
              [
                704501.4624764625,
                6199906.064406533
              ],
              [
                704499.4311069875,
                6199898.446771002
              ],
              [
                704497.3997375126,
                6199882.449736387
              ],
              [
                704493.3369985626,
                6199872.038967827
              ],
              [
                704492.3213138251,
                6199856.295854396
              ],
              [
                704483.0531905957,
                6199828.999327076
              ],
              [
                704466.929195388,
                6199781.769986781
              ],
              [
                704461.7238111084,
                6199766.661676312
              ],
              [
                704455.5027420913,
                6199742.79308498
              ],
              [
                704453.2174514319,
                6199733.271040566
              ],
              [
                704451.4400031413,
                6199717.527927135
              ],
              [
                704448.9007912976,
                6199702.927459034
              ],
              [
                704442.2988405039,
                6199686.041700273
              ],
              [
                704434.5542443808,
                6199672.837798685
              ],
              [
                704428.3331753637,
                6199658.237330584
              ],
              [
                704424.2704364137,
                6199644.779507812
              ],
              [
                704420.9694610169,
                6199630.17903971
              ],
              [
                704418.9380915419,
                6199613.928083911
              ],
              [
                704416.0179979214,
                6199604.406039496
              ],
              [
                704407.1307564685,
                6199581.553132903
              ],
              [
                704400.655766267,
                6199560.096792824
              ],
              [
                704395.1964608029,
                6199540.16397985
              ],
              [
                704396.7199879092,
                6199519.723324508
              ],
              [
                704400.1479238982,
                6199503.726289893
              ],
              [
                704403.4488992951,
                6199490.903270082
              ],
              [
                704403.0680175185,
                6199473.763590137
              ],
              [
                704400.9096874513,
                6199452.053328872
              ],
              [
                704398.7513573841,
                6199434.1518853735
              ],
              [
                704395.1964608029,
                6199414.599954177
              ],
              [
                704388.5945100093,
                6199386.414702712
              ],
              [
                704384.0239286906,
                6199357.975530064
              ],
              [
                704379.7072685562,
                6199352.262303415
              ],
              [
                704369.0425788126,
                6199330.171160375
              ],
              [
                704360.409258544,
                6199302.366790686
              ],
              [
                704352.2837806441,
                6199276.974672249
              ],
              [
                704342.2538938613,
                6199256.534016907
              ],
              [
                704333.7475341848,
                6199230.2531743245
              ],
              [
                704329.049992274,
                6199216.160548592
              ],
              [
                704323.2098050334,
                6199184.928242914
              ],
              [
                704319.7818690444,
                6199152.553291907
              ],
              [
                704316.0365315749,
                6199135.032730185
              ],
              [
                704313.9416818039,
                6199121.765348302
              ],
              [
                704311.1485487757,
                6199103.609983619
              ],
              [
                704308.1014945633,
                6199082.915407093
              ],
              [
                704304.4831176858,
                6199057.840690137
              ],
              [
                704301.880425546,
                6199041.145372264
              ],
              [
                704298.8968516295,
                6199025.211817945
              ],
              [
                704296.1671988975,
                6199011.627034581
              ],
              [
                704296.4211200818,
                6198997.724849736
              ],
              [
                704295.8497974173,
                6198989.5993718365
              ],
              [
                704294.5167111993,
                6198982.1086968975
              ],
              [
                704290.4539722494,
                6198974.2371401815
              ],
              [
                704287.9782407016,
                6198963.762891327
              ],
              [
                704283.9155017517,
                6198946.242329606
              ],
              [
                704280.5510460588,
                6198930.75313736
              ],
              [
                704275.282181483,
                6198910.502922907
              ],
              [
                704270.0767972034,
                6198895.013730658
              ],
              [
                704268.1723883206,
                6198888.602220753
              ],
              [
                704262.5226419683,
                6198875.080917685
              ],
              [
                704259.7295089402,
                6198861.05177225
              ],
              [
                704255.6667699902,
                6198841.118959276
              ],
              [
                704252.8736369621,
                6198824.741042884
              ],
              [
                704247.4143314981,
                6198803.03078162
              ],
              [
                704242.7167895873,
                6198794.651382537
              ],
              [
                704235.0991540562,
                6198766.720052255
              ],
              [
                704224.0535825359,
                6198730.40932289
              ],
              [
                704217.4516317423,
                6198705.778968007
              ],
              [
                704212.7540898314,
                6198684.703509704
              ],
              [
                704211.7384050939,
                6198664.897657323
              ],
              [
                704212.8810504238,
                6198653.852085802
              ],
              [
                704210.0879173958,
                6198634.55407579
              ],
              [
                704203.7398877864,
                6198617.16047466
              ],
              [
                704201.5815577193,
                6198599.766873531
              ],
              [
                704195.6144098865,
                6198586.816893128
              ],
              [
                704189.5203014613,
                6198569.804173775
              ],
              [
                704183.4261930364,
                6198544.412055338
              ],
              [
                704181.6487447458,
                6198528.541981315
              ],
              [
                704182.5374688911,
                6198517.369449203
              ],
              [
                704180.8869811927,
                6198513.814552621
              ],
              [
                704166.6673948679,
                6198520.035621638
              ],
              [
                704163.4933800632,
                6198525.494927103
              ],
              [
                704163.2394588788,
                6198532.477759672
              ],
              [
                704165.1438677616,
                6198551.902730277
              ],
              [
                704167.6830796053,
                6198563.71006535
              ],
              [
                704169.7144490805,
                6198590.244829116
              ],
              [
                704204.6286119318,
                6198674.67362292
              ],
              [
                704204.755572524,
                6198687.750563916
              ],
              [
                704212.246247463,
                6198722.156884398
              ],
              [
                704223.2918189832,
                6198763.926919228
              ],
              [
                704221.3874101003,
                6198773.702884827
              ],
              [
                704221.2604495081,
                6198777.257781408
              ],
              [
                704223.6727007597,
                6198778.654347922
              ],
              [
                704228.2432820784,
                6198789.192077073
              ],
              [
                704229.6398485925,
                6198797.190594381
              ],
              [
                704220.3717253628,
                6198799.095003264
              ],
              [
                704226.2119126034,
                6198832.231717824
              ],
              [
                704230.1476909613,
                6198840.230235132
              ],
              [
                704241.4471836658,
                6198843.912092306
              ],
              [
                704247.1604103141,
                6198882.762033516
              ],
              [
                704253.8893217,
                6198917.80315696
              ],
              [
                704257.4442182813,
                6198931.387940322
              ],
              [
                704260.8721542703,
                6198945.480566055
              ],
              [
                704261.2530360469,
                6198966.809945542
              ],
              [
                704265.6331764773,
                6199012.642719321
              ],
              [
                704270.3307183881,
                6199057.01544629
              ],
              [
                704277.9483539193,
                6199124.812402517
              ],
              [
                704282.7728564225,
                6199159.345683591
              ],
              [
                704285.946871227,
                6199200.861797237
              ],
              [
                704286.2007924113,
                6199233.617630022
              ],
              [
                704289.2478466238,
                6199249.106822268
              ],
              [
                704297.1194033392,
                6199289.988132952
              ],
              [
                704318.4487828265,
                6199374.797808533
              ],
              [
                704319.2105463797,
                6199384.192892354
              ],
              [
                704315.4017286141,
                6199395.61934565
              ],
              [
                704313.3703591392,
                6199419.99577935
              ],
              [
                704316.6713345359,
                6199472.049622146
              ],
              [
                704320.9879946703,
                6199497.1878194
              ],
              [
                704333.4301327046,
                6199537.8152089
              ],
              [
                704360.0918570637,
                6199610.944509999
              ],
              [
                704389.2927932665,
                6199693.976737289
              ],
              [
                704395.6408228758,
                6199717.083565067
              ],
              [
                704400.9731677476,
                6199752.3786096955
              ],
              [
                704408.8447244632,
                6199812.050088024
              ],
              [
                704418.6206900616,
                6199865.246576147
              ],
              [
                704431.3167492802,
                6199925.425896843
              ],
              [
                704429.7932221739,
                6199936.979310732
              ],
              [
                704423.4451925646,
                6199946.755276331
              ],
              [
                704424.9687196711,
                6199957.293005481
              ],
              [
                704434.7446852695,
                6200018.868892692
              ],
              [
                704442.8701631695,
                6200044.007089945
              ],
              [
                704450.3608381085,
                6200084.253597667
              ],
              [
                704445.7902567898,
                6200150.52702679
              ],
              [
                704448.5833898179,
                6200162.715243639
              ],
              [
                704454.9314194272,
                6200177.188751149
              ],
              [
                704459.5020007459,
                6200207.405372089
              ],
              [
                704455.8201435724,
                6200221.117116045
              ],
              [
                704445.282414421,
                6200228.099948616
              ],
              [
                704435.4429685267,
                6200226.893822994
              ],
              [
                704433.0307172752,
                6200249.365847811
              ],
              [
                704450.9321607739,
                6200296.150826032
              ],
              [
                704463.8821411768,
                6200330.8110676985
              ],
              [
                704466.4213530206,
                6200328.525777039
              ],
              [
                704468.801864124,
                6200334.112043095
              ],
              [
                704465.0565266545,
                6200334.112043095
              ],
              [
                704486.9572288068,
                6200390.482546026
              ],
              [
                704489.4329603545,
                6200388.324215959
              ],
              [
                704491.9721721982,
                6200393.973962312
              ],
              [
                704488.4807559131,
                6200393.529600238
              ],
              [
                704504.9221526012,
                6200438.600610465
              ],
              [
                704506.9535220761,
                6200434.9187532915
              ],
              [
                704511.016261026,
                6200445.202561258
              ],
              [
                704506.9535220761,
                6200443.805994744
              ],
              [
                704541.8676849275,
                6200536.487227039
              ],
              [
                704544.4703770673,
                6200533.249731939
              ],
              [
                704547.644391872,
                6200542.454374872
              ],
              [
                704544.0260149947,
                6200541.311729543
              ],
              [
                704569.7990152085,
                6200608.473882808
              ],
              [
                704572.0843058678,
                6200606.379033037
              ],
              [
                704575.1948403764,
                6200614.63147153
              ],
              [
                704571.3225423148,
                6200614.314070049
              ],
              [
                704589.0335449247,
                6200660.083363534
              ],
              [
                704606.4271460542,
                6200704.900452576
              ],
              [
                704608.966357898,
                6200702.488201324
              ],
              [
                704612.7751756635,
                6200712.010245738
              ],
              [
                704608.966357898,
                6200711.883285147
              ],
              [
                704636.2628852181,
                6200783.616019731
              ],
              [
                704658.1001070741,
                6200839.732601478
              ],
              [
                704674.4780234663,
                6200892.421247236
              ],
              [
                704680.5721318912,
                6200920.098656333
              ],
              [
                704688.1897674224,
                6200949.299592536
              ],
              [
                704696.3152453223,
                6200976.977001633
              ],
              [
                704711.042674016,
                6201022.936736004
              ],
              [
                704719.1681519159,
                6201053.661199314
              ],
              [
                704727.8014721845,
                6201095.050352367
              ],
              [
                704732.6259746876,
                6201129.075791072
              ],
              [
                704739.7357678501,
                6201167.163968728
              ],
              [
                704738.7200831126,
                6201191.540402427
              ],
              [
                704737.7043983751,
                6201210.838412439
              ],
              [
                704741.2592949563,
                6201219.979575077
              ],
              [
                704754.9710389124,
                6201236.230530878
              ],
              [
                704786.9651081434,
                6201281.936344064
              ]
            ]
          ]
        ]
      }
    },
    {
      "type": "Feature",
      "properties": {
        "nom": "Lido de Canet Nord",
        "info": true,
        "cara": false,
        "regl": false,
        "tech": false,
        "projet": "Pratique de nettoyage des plages",
        "id": null,
        "Nom": "Lido de Canet Nord",
        "Surf": 79311,
        "Commune": "Canet-en-Roussillon",
        "Mai-Juin": "Non-nettoyée",
        "Juill-Aoû": "Non-nettoyée",
        "Septembre": "Non-nettoyée",
        "Juin_MecaF": "Jamais",
        "JA_MecaF": "Jamais",
        "Sept_MecaF": "Jamais",
        "Juin_ManF": "Jamais",
        "JA_ManF": "Jamais",
        "Sept_ManF": "Jamais"
      },
      "geometry": {
        "type": "MultiPolygon",
        "coordinates": [
          [
            [
              [
                702790.2003295777,
                6174681.803742408
              ],
              [
                702878.9457835156,
                6174677.32838153
              ],
              [
                702884.659010164,
                6174660.950465138
              ],
              [
                702886.9443008233,
                6174648.190925623
              ],
              [
                702884.659010164,
                6174637.335794992
              ],
              [
                702880.8501923984,
                6174628.004191466
              ],
              [
                702876.374831524,
                6174612.1023772955
              ],
              [
                702874.7560839736,
                6174602.485112438
              ],
              [
                702873.0421159791,
                6174584.964550716
              ],
              [
                702872.4707933143,
                6174575.15684497
              ],
              [
                702866.6623462217,
                6174552.208717931
              ],
              [
                702862.3774262355,
                6174539.544398861
              ],
              [
                702858.5686084698,
                6174515.358406049
              ],
              [
                702855.9976564781,
                6174510.502163398
              ],
              [
                702853.3314840421,
                6174501.36100076
              ],
              [
                702851.8079569358,
                6174480.888605273
              ],
              [
                702850.5700911621,
                6174464.891570658
              ],
              [
                702848.1895800586,
                6174442.229104951
              ],
              [
                702845.9042893993,
                6174420.328402799
              ],
              [
                702845.9042893993,
                6174408.5210677255
              ],
              [
                702847.9991391703,
                6174398.237259759
              ],
              [
                702846.8564938407,
                6174385.858602021
              ],
              [
                702843.9998805164,
                6174370.242449182
              ],
              [
                702845.5234076227,
                6174357.482909667
              ],
              [
                702849.7131071648,
                6174343.390283935
              ],
              [
                702854.2836884835,
                6174316.3476778
              ],
              [
                702866.281464445,
                6174288.543308112
              ],
              [
                702870.2807230989,
                6174278.259500145
              ],
              [
                702872.7564546465,
                6174268.927896619
              ],
              [
                702872.7564546465,
                6174260.548497534
              ],
              [
                702865.9005826685,
                6174244.551462916
              ],
              [
                702860.3777969084,
                6174227.030901195
              ],
              [
                702856.9498609194,
                6174207.796371478
              ],
              [
                702855.6167747015,
                6174189.894927979
              ],
              [
                702857.330742696,
                6174170.469957375
              ],
              [
                702856.3785382545,
                6174153.520718318
              ],
              [
                702850.8557524945,
                6174133.333984163
              ],
              [
                702848.5704618351,
                6174126.287671296
              ],
              [
                702844.7616440696,
                6174111.43328201
              ],
              [
                702844.7616440696,
                6174098.864183384
              ],
              [
                702848.7609027234,
                6174089.151698082
              ],
              [
                702848.5704618351,
                6174074.297308796
              ],
              [
                702846.0947302876,
                6174047.064261772
              ],
              [
                702846.0947302876,
                6174029.924581827
              ],
              [
                702851.0461933828,
                6173983.266564197
              ],
              [
                702850.2844298297,
                6173975.648928666
              ],
              [
                702849.1417845001,
                6173965.936443363
              ],
              [
                702850.0939889414,
                6173956.985721614
              ],
              [
                702853.1410431539,
                6173949.558526971
              ],
              [
                702853.7123658187,
                6173942.321773217
              ],
              [
                702852.569720489,
                6173931.657083472
              ],
              [
                702848.7609027234,
                6173925.182093271
              ],
              [
                702845.1425258461,
                6173910.518144874
              ],
              [
                702844.7616440696,
                6173888.427001833
              ],
              [
                702843.9998805164,
                6173865.193213464
              ],
              [
                702841.1432671922,
                6173847.482210853
              ],
              [
                702833.5256316611,
                6173810.346237639
              ],
              [
                702827.0506414595,
                6173789.016858151
              ],
              [
                702824.3844690236,
                6173775.876436858
              ],
              [
                702826.2888779064,
                6173771.496296428
              ],
              [
                702826.4793187947,
                6173761.212488461
              ],
              [
                702826.2888779064,
                6173750.547798717
              ],
              [
                702828.9550503423,
                6173737.597818314
              ],
              [
                702828.5741685657,
                6173713.030943725
              ],
              [
                702838.2866538679,
                6173682.369960712
              ],
              [
                702843.4285578515,
                6173663.325871885
              ],
              [
                702843.809439628,
                6173640.853847068
              ],
              [
                702837.0487880941,
                6173621.143215132
              ],
              [
                702830.9546796691,
                6173596.4811201
              ],
              [
                702825.6223347974,
                6173581.626730815
              ],
              [
                702824.0035872469,
                6173575.056520169
              ],
              [
                702824.8605712441,
                6173568.676750411
              ],
              [
                702825.2414530207,
                6173556.583754006
              ],
              [
                702823.7179259143,
                6173535.730476741
              ],
              [
                702823.7179259143,
                6173529.731588759
              ],
              [
                702819.8138877047,
                6173506.402579946
              ],
              [
                702818.671242375,
                6173494.595244873
              ],
              [
                702813.9102201681,
                6173479.169532922
              ],
              [
                702810.0061819586,
                6173455.935744554
              ],
              [
                702806.6734664136,
                6173428.988358864
              ],
              [
                702806.1021437489,
                6173419.180653118
              ],
              [
                702805.7212619723,
                6173411.753458475
              ],
              [
                702805.9117028606,
                6173403.2788389465
              ],
              [
                702812.1010317297,
                6173378.902405246
              ],
              [
                702816.385951716,
                6173371.475210603
              ],
              [
                702818.8616832636,
                6173367.952054171
              ],
              [
                702823.908366803,
                6173360.33441864
              ],
              [
                702827.2410823479,
                6173345.194368021
              ],
              [
                702826.9554210155,
                6173340.052464037
              ],
              [
                702824.8605712445,
                6173333.577473835
              ],
              [
                702825.0510121328,
                6173322.531902315
              ],
              [
                702827.6219641245,
                6173309.962803689
              ],
              [
                702829.9072547839,
                6173301.01208194
              ],
              [
                702832.9543089963,
                6173292.156580634
              ],
              [
                702839.2388583095,
                6173276.34998691
              ],
              [
                702840.286283195,
                6173265.209194946
              ],
              [
                702841.9050307454,
                6173253.782741649
              ],
              [
                702843.61899874,
                6173241.594524798
              ],
              [
                702844.7616440697,
                6173220.836467976
              ],
              [
                702848.1895800587,
                6173197.793120494
              ],
              [
                702852.3792796008,
                6173180.272558773
              ],
              [
                702865.0435986713,
                6173152.468189085
              ],
              [
                702872.8516750907,
                6173137.518579355
              ],
              [
                702874.1847613087,
                6173132.281454927
              ],
              [
                702849.4274458325,
                6173117.522286085
              ],
              [
                702841.4289285247,
                6173143.041365115
              ],
              [
                702835.5252609882,
                6173171.0361756915
              ],
              [
                702823.7179259149,
                6173234.929093711
              ],
              [
                702814.4815428334,
                6173277.3021913525
              ],
              [
                702810.2918432914,
                6173307.5822925875
              ],
              [
                702806.3878050817,
                6173338.528936933
              ],
              [
                702798.484508218,
                6173356.525600878
              ],
              [
                702796.6753197794,
                6173362.429268414
              ],
              [
                702795.723115338,
                6173372.427415049
              ],
              [
                702797.056201556,
                6173381.0924754655
              ],
              [
                702796.4848788911,
                6173395.375542087
              ],
              [
                702796.8657606677,
                6173402.7075162865
              ],
              [
                702789.5337864688,
                6173451.269942799
              ],
              [
                702783.534898488,
                6173491.738631558
              ],
              [
                702784.867984706,
                6173528.5889434405
              ],
              [
                702790.2003295778,
                6173549.442220707
              ],
              [
                702791.1525340191,
                6173558.869044678
              ],
              [
                702792.9617224577,
                6173598.195088108
              ],
              [
                702791.1525340191,
                6173611.621170729
              ],
              [
                702775.5363811803,
                6173646.090971508
              ],
              [
                702776.67902651,
                6173652.375520822
              ],
              [
                702781.6304896052,
                6173659.993156352
              ],
              [
                702784.1062211529,
                6173666.658587442
              ],
              [
                702781.6304896052,
                6173677.89459985
              ],
              [
                702772.4893269679,
                6173701.509269997
              ],
              [
                702767.5378638727,
                6173707.984260198
              ],
              [
                702762.967282554,
                6173716.554100171
              ],
              [
                702766.9665412079,
                6173721.696004154
              ],
              [
                702771.5371225266,
                6173725.123940143
              ],
              [
                702777.2503491748,
                6173729.694521462
              ],
              [
                702781.6304896052,
                6173732.17025301
              ],
              [
                702782.3922531585,
                6173747.405524071
              ],
              [
                702780.4878442757,
                6173757.879772926
              ],
              [
                702778.9643171694,
                6173772.353280435
              ],
              [
                702779.9165216108,
                6173781.875324849
              ],
              [
                702783.3444575998,
                6173794.444423475
              ],
              [
                702790.3907704662,
                6173814.059834968
              ],
              [
                702790.7716522425,
                6173888.712663174
              ],
              [
                702787.3437162534,
                6173907.566311113
              ],
              [
                702780.1069624989,
                6173922.611141287
              ],
              [
                702774.7746176271,
                6173932.704508365
              ],
              [
                702780.6782851638,
                6174038.39920136
              ],
              [
                702774.5841767389,
                6174038.970524024
              ],
              [
                702767.8235252051,
                6174039.446626249
              ],
              [
                702765.2525732134,
                6174045.445514229
              ],
              [
                702765.7286754341,
                6174053.920133757
              ],
              [
                702770.2992567528,
                6174059.442919518
              ],
              [
                702775.1554994038,
                6174061.061667068
              ],
              [
                702779.8213011667,
                6174064.013500837
              ],
              [
                702787.1532753655,
                6174077.249142571
              ],
              [
                702794.5804700083,
                6174086.009423433
              ],
              [
                702796.9609811113,
                6174090.103902528
              ],
              [
                702795.6278948936,
                6174135.809715715
              ],
              [
                702793.5330451225,
                6174199.416972401
              ],
              [
                702796.2944380026,
                6174259.120190876
              ],
              [
                702797.6275242205,
                6174311.586655595
              ],
              [
                702799.341492215,
                6174367.766717641
              ],
              [
                702801.1506806538,
                6174394.999764664
              ],
              [
                702798.9606104385,
                6174417.662230367
              ],
              [
                702785.629748259,
                6174438.039405412
              ],
              [
                702790.5812113542,
                6174603.913419102
              ],
              [
                702788.295920695,
                6174618.9582492765
              ],
              [
                702790.2003295777,
                6174681.803742408
              ]
            ]
          ]
        ]
      }
    },
    {
      "type": "Feature",
      "properties": {
        "nom": "Lido de Canet Sud",
        "info": true,
        "cara": false,
        "regl": false,
        "tech": false,
        "projet": "Pratique de nettoyage des plages",
        "id": null,
        "Nom": "Lido de Canet Sud",
        "Surf": 91023,
        "Commune": "Canet-en-Roussillon",
        "Mai-Juin": "Non-nettoyée",
        "Juill-Aoû": "Non-nettoyée",
        "Septembre": "Non-nettoyée",
        "Juin_MecaF": "Jamais",
        "JA_MecaF": "Jamais",
        "Sept_MecaF": "Jamais",
        "Juin_ManF": "Jamais",
        "JA_ManF": "Jamais",
        "Sept_ManF": "Jamais"
      },
      "geometry": {
        "type": "MultiPolygon",
        "coordinates": [
          [
            [
              [
                702947.3140624079,
                6172984.118443848
              ],
              [
                702951.2181006172,
                6172985.641970981
              ],
              [
                702948.1710464048,
                6172975.167722126
              ],
              [
                702945.8857557453,
                6172964.122150606
              ],
              [
                702944.7431104158,
                6172950.410406649
              ],
              [
                702946.6475192985,
                6172935.746458252
              ],
              [
                702949.3136917345,
                6172929.27146805
              ],
              [
                702948.361487293,
                6172917.654573865
              ],
              [
                702945.6953148571,
                6172905.847238792
              ],
              [
                702939.9820882088,
                6172886.231827299
              ],
              [
                702934.2688615604,
                6172870.806115349
              ],
              [
                702928.5556349121,
                6172846.810563425
              ],
              [
                702928.5556349121,
                6172832.717937692
              ],
              [
                702928.5556349121,
                6172814.626053305
              ],
              [
                702927.6034304707,
                6172795.201082701
              ],
              [
                702926.8416669177,
                6172767.396713012
              ],
              [
                702922.4615264873,
                6172754.637173498
              ],
              [
                702921.3188811576,
                6172738.259257106
              ],
              [
                702924.36593537,
                6172730.451180686
              ],
              [
                702927.9843122474,
                6172719.215168278
              ],
              [
                702927.9843122474,
                6172708.169596758
              ],
              [
                702925.127698923,
                6172694.648293689
              ],
              [
                702923.6041718168,
                6172680.365227069
              ],
              [
                702923.9850535934,
                6172659.988052023
              ],
              [
                702926.460785141,
                6172642.086608524
              ],
              [
                702931.0313664597,
                6172627.803541903
              ],
              [
                702935.7923886667,
                6172612.758711726
              ],
              [
                702937.3159157729,
                6172596.7616771115
              ],
              [
                702938.0776793261,
                6172572.766125188
              ],
              [
                702940.5534108736,
                6172529.916925326
              ],
              [
                702933.1262162308,
                6172509.539750281
              ],
              [
                702928.7460758004,
                6172496.399328989
              ],
              [
                702930.6504846831,
                6172481.544939703
              ],
              [
                702929.126957577,
                6172466.880991306
              ],
              [
                702923.7946127052,
                6172438.124417176
              ],
              [
                702922.6519673755,
                6172419.651651013
              ],
              [
                702923.9850535934,
                6172393.1803675415
              ],
              [
                702926.8416669177,
                6172375.850246709
              ],
              [
                702929.1269575768,
                6172366.328202291
              ],
              [
                702929.3173984651,
                6172344.237059251
              ],
              [
                702931.4122482361,
                6172332.620165066
              ],
              [
                702936.1732704431,
                6172320.05106644
              ],
              [
                702941.6960562032,
                6172304.815795378
              ],
              [
                702943.4100241978,
                6172277.773189242
              ],
              [
                702940.1725290971,
                6172251.111464883
              ],
              [
                702936.9350339962,
                6172230.924730726
              ],
              [
                702934.649743337,
                6172202.549038371
              ],
              [
                702933.1262162307,
                6172181.60054066
              ],
              [
                702932.7453344542,
                6172157.604988738
              ],
              [
                702935.7923886667,
                6172131.324146153
              ],
              [
                702935.7923886667,
                6172122.373424404
              ],
              [
                702931.9835709011,
                6172113.232261767
              ],
              [
                702925.1276989231,
                6172089.998473397
              ],
              [
                702922.8424082637,
                6172067.145566803
              ],
              [
                702920.7475584927,
                6172045.625746428
              ],
              [
                702924.36593537,
                6172035.34193846
              ],
              [
                702935.2210660018,
                6172004.871396336
              ],
              [
                702939.0298837674,
                6171987.731716391
              ],
              [
                702937.3159157729,
                6171963.35528269
              ],
              [
                702934.0784206721,
                6171951.928829393
              ],
              [
                702933.6975388956,
                6171940.692816985
              ],
              [
                702935.2210660018,
                6171929.266363689
              ],
              [
                702934.8401842252,
                6171917.268587727
              ],
              [
                702931.6026891245,
                6171900.509789558
              ],
              [
                702929.5078393534,
                6171887.369368266
              ],
              [
                702924.1754944817,
                6171873.848065198
              ],
              [
                702922.8424082637,
                6171861.088525684
              ],
              [
                702923.9850535934,
                6171834.426801325
              ],
              [
                702928.7460758004,
                6171804.146700088
              ],
              [
                702934.4593024488,
                6171788.625767695
              ],
              [
                702930.4600437949,
                6171775.294905515
              ],
              [
                702925.6038011438,
                6171762.059263781
              ],
              [
                702922.8424082637,
                6171747.0144336065
              ],
              [
                702922.1758651548,
                6171730.636517215
              ],
              [
                702918.84314961,
                6171715.686907482
              ],
              [
                702916.1769771741,
                6171709.592799057
              ],
              [
                702913.7012456266,
                6171697.975904873
              ],
              [
                702912.1777185203,
                6171678.741375157
              ],
              [
                702911.7968367437,
                6171659.506845441
              ],
              [
                702911.987277632,
                6171645.795101484
              ],
              [
                702910.4637505257,
                6171632.464239305
              ],
              [
                702906.2740509836,
                6171605.2311922815
              ],
              [
                702904.2744216566,
                6171598.089658971
              ],
              [
                702903.2269967711,
                6171586.663205675
              ],
              [
                702903.5126581035,
                6171574.5702092685
              ],
              [
                702908.1784598664,
                6171537.7198973885
              ],
              [
                702909.1306643079,
                6171513.914786354
              ],
              [
                702912.1777185203,
                6171491.633202425
              ],
              [
                702915.2247727327,
                6171482.396819341
              ],
              [
                702915.9865362858,
                6171475.731388251
              ],
              [
                702913.8916865148,
                6171458.591708306
              ],
              [
                702915.2247727327,
                6171445.070405238
              ],
              [
                702923.0328491521,
                6171426.216757298
              ],
              [
                702936.5541522199,
                6171395.555774285
              ],
              [
                702939.0298837676,
                6171382.986675659
              ],
              [
                702935.6019477785,
                6171371.560222362
              ],
              [
                702929.6982802419,
                6171358.038919294
              ],
              [
                702929.1269575771,
                6171340.327916685
              ],
              [
                702927.9843122474,
                6171307.952965678
              ],
              [
                702928.9365166888,
                6171277.482423552
              ],
              [
                702926.2703442529,
                6171262.247152491
              ],
              [
                702925.3181398115,
                6171231.776610366
              ],
              [
                702826.0984370183,
                6171204.353122453
              ],
              [
                702814.2911019451,
                6171207.400176666
              ],
              [
                702810.6727250678,
                6171213.494285091
              ],
              [
                702816.9572743811,
                6171224.539856611
              ],
              [
                702815.4337472748,
                6171228.7295561535
              ],
              [
                702786.1058504799,
                6171241.679536556
              ],
              [
                702780.9639464964,
                6171253.486871629
              ],
              [
                702812.9580157272,
                6171255.200839624
              ],
              [
                702882.0880581725,
                6171267.1986155845
              ],
              [
                702882.4689399491,
                6171295.764748827
              ],
              [
                702884.9446714966,
                6171369.655813478
              ],
              [
                702888.563048374,
                6171431.358661281
              ],
              [
                702885.1351123849,
                6171467.5424300525
              ],
              [
                702881.7071763959,
                6171502.583553496
              ],
              [
                702881.8976172842,
                6171527.912191637
              ],
              [
                702880.9454128428,
                6171619.895140674
              ],
              [
                702879.9932084014,
                6171665.410512971
              ],
              [
                702878.8505630718,
                6171746.728772266
              ],
              [
                702878.2792404068,
                6171795.100757888
              ],
              [
                702878.4696812952,
                6171873.752844746
              ],
              [
                702878.8505630718,
                6171935.074810772
              ],
              [
                702878.8505630718,
                6171999.44383101
              ],
              [
                702878.2792404069,
                6172049.339343738
              ],
              [
                702875.0417453062,
                6172136.942152346
              ],
              [
                702872.3755728704,
                6172225.878047172
              ],
              [
                702869.8998413228,
                6172325.288190854
              ],
              [
                702869.5189595462,
                6172340.333021028
              ],
              [
                702867.6145506635,
                6172373.184074256
              ],
              [
                702863.7105124537,
                6172414.128865234
              ],
              [
                702863.5200715654,
                6172489.353016103
              ],
              [
                702862.9487489006,
                6172556.959531441
              ],
              [
                702863.139189789,
                6172578.669792704
              ],
              [
                702862.9487489008,
                6172681.888754151
              ],
              [
                702862.5678671242,
                6172709.121801175
              ],
              [
                702901.2273674448,
                6172701.694606532
              ],
              [
                702897.4185496791,
                6172759.779077456
              ],
              [
                702891.3244412541,
                6172871.7583197635
              ],
              [
                702886.3729781589,
                6172962.027300808
              ],
              [
                702887.134741712,
                6172972.691990552
              ],
              [
                702933.2214366754,
                6172978.4052172
              ],
              [
                702947.3140624079,
                6172984.118443848
              ]
            ]
          ]
        ]
      }
    },
    {
      "type": "Feature",
      "properties": {
        "nom": "Plage de Saint-Cyprien Nord",
        "info": true,
        "cara": false,
        "regl": false,
        "tech": false,
        "projet": "Pratique de nettoyage des plages",
        "id": null,
        "Nom": "Plage de Saint-Cyprien Nord",
        "Surf": 112129,
        "Commune": "Saint-Cyprien",
        "Mai-Juin": "Mixte dominante manuelle",
        "Juill-Aoû": "Mixte dominante manuelle",
        "Septembre": "Mixte dominante manuelle",
        "Juin_MecaF": "3 jours sur 7",
        "JA_MecaF": "3 jours sur 7",
        "Sept_MecaF": "3 jours sur 7",
        "Juin_ManF": "7 jours sur 7",
        "JA_ManF": "7 jours sur 7",
        "Sept_ManF": "7 jours sur 7"
      },
      "geometry": {
        "type": "MultiPolygon",
        "coordinates": [
          [
            [
              [
                702827.5267436797,
                6171203.543748692
              ],
              [
                702925.6990215869,
                6171231.443338823
              ],
              [
                702929.9839415732,
                6171222.302176185
              ],
              [
                702935.9828295539,
                6171207.733448232
              ],
              [
                702937.9824588809,
                6171194.593026941
              ],
              [
                702934.8401842242,
                6171179.16731499
              ],
              [
                702928.8412962435,
                6171170.88313635
              ],
              [
                702924.5563762572,
                6171157.742715059
              ],
              [
                702923.6993922599,
                6171148.030229757
              ],
              [
                702927.1273282489,
                6171138.889067119
              ],
              [
                702926.8416669165,
                6171097.182512586
              ],
              [
                702931.9835709002,
                6171048.048763412
              ],
              [
                702931.6979095677,
                6170999.486336902
              ],
              [
                702931.9835709002,
                6170972.919832987
              ],
              [
                702933.983200227,
                6170950.066926393
              ],
              [
                702930.8409255706,
                6170927.214019799
              ],
              [
                702926.2703442519,
                6170885.793126598
              ],
              [
                702920.8427789359,
                6170828.946521447
              ],
              [
                702919.1288109414,
                6170802.951340198
              ],
              [
                702925.1276989221,
                6170770.100286969
              ],
              [
                702925.4133602545,
                6170752.960607024
              ],
              [
                702923.4137309276,
                6170724.680135115
              ],
              [
                702925.6990215868,
                6170679.25998326
              ],
              [
                702927.4129895814,
                6170657.835383329
              ],
              [
                702929.1269575758,
                6170627.840943425
              ],
              [
                702934.8401842242,
                6170572.4226449365
              ],
              [
                702937.9824588808,
                6170554.425980994
              ],
              [
                702940.2677495402,
                6170538.714607711
              ],
              [
                702945.4096535237,
                6170525.574186419
              ],
              [
                702947.9806055154,
                6170510.7197971335
              ],
              [
                702947.4092828506,
                6170483.010647889
              ],
              [
                702937.1254748836,
                6170450.159594662
              ],
              [
                702933.6975388946,
                6170433.305576049
              ],
              [
                702934.5545228919,
                6170418.736848095
              ],
              [
                702937.9824588809,
                6170392.456005513
              ],
              [
                702937.1254748836,
                6170353.034741639
              ],
              [
                702939.410765543,
                6170325.325592395
              ],
              [
                702943.9813468617,
                6170307.04326712
              ],
              [
                702957.6930908177,
                6170280.191101872
              ],
              [
                702977.4037227546,
                6170259.337824606
              ],
              [
                702964.5489627956,
                6170222.487512725
              ],
              [
                702964.2633014632,
                6170193.635718151
              ],
              [
                702970.262189444,
                6170148.786888962
              ],
              [
                702984.2595947325,
                6170117.649803728
              ],
              [
                703002.8275813396,
                6170099.08181712
              ],
              [
                702995.6860480295,
                6170081.942137175
              ],
              [
                702987.6875307218,
                6170065.373779895
              ],
              [
                702982.8312880707,
                6170043.949179963
              ],
              [
                702983.9739334004,
                6170026.523838686
              ],
              [
                702991.1154667108,
                6170003.099609428
              ],
              [
                703011.6830826448,
                6169974.819137518
              ],
              [
                703025.1091652685,
                6169946.5386656085
              ],
              [
                703008.5408079883,
                6169936.826180306
              ],
              [
                702996.2573706942,
                6169908.83136973
              ],
              [
                702993.1150960376,
                6169882.550527147
              ],
              [
                702997.400016024,
                6169853.127409908
              ],
              [
                703019.6815999525,
                6169808.564242051
              ],
              [
                703027.3944559278,
                6169782.283399468
              ],
              [
                703009.9691146504,
                6169735.434940952
              ],
              [
                703005.3985333316,
                6169703.7265330525
              ],
              [
                703010.5404373151,
                6169680.302303795
              ],
              [
                703023.3951972739,
                6169651.736170553
              ],
              [
                703040.2492158866,
                6169624.027021308
              ],
              [
                703028.5371012576,
                6169576.607240128
              ],
              [
                703025.3948266009,
                6169555.46830153
              ],
              [
                703028.5371012576,
                6169535.757669593
              ],
              [
                703038.8209092246,
                6169512.476271
              ],
              [
                703048.676225193,
                6169487.909396412
              ],
              [
                703060.2455091559,
                6169468.055933809
              ],
              [
                703052.2469918482,
                6169466.627627146
              ],
              [
                703054.3894518414,
                6169440.489615231
              ],
              [
                703059.1028638262,
                6169340.793810217
              ],
              [
                703060.6740011545,
                6169300.515562346
              ],
              [
                703045.1054585377,
                6169301.658207675
              ],
              [
                703039.1065705569,
                6169305.228974331
              ],
              [
                703036.6784492314,
                6169309.942386316
              ],
              [
                703034.5359892383,
                6169316.084104963
              ],
              [
                703030.5367305843,
                6169318.7978876205
              ],
              [
                703019.9672612849,
                6169347.078359529
              ],
              [
                703020.681414616,
                6169351.363279516
              ],
              [
                703017.1106479608,
                6169354.21989284
              ],
              [
                703011.9687439773,
                6169353.07724751
              ],
              [
                703000.6851213467,
                6169352.220263513
              ],
              [
                702991.8296200419,
                6169432.348267254
              ],
              [
                702993.6864187026,
                6169437.633001904
              ],
              [
                702993.1150960377,
                6169449.345116533
              ],
              [
                702998.542661354,
                6169450.487761863
              ],
              [
                702997.4000160244,
                6169478.196911107
              ],
              [
                702994.6862333664,
                6169493.336961725
              ],
              [
                702985.1165787302,
                6169584.1772654345
              ],
              [
                702982.1171347398,
                6169604.173558704
              ],
              [
                702978.5463680845,
                6169645.451621238
              ],
              [
                702975.2612627617,
                6169677.302859803
              ],
              [
                702969.2623747808,
                6169726.72227031
              ],
              [
                702968.5482214497,
                6169745.147426251
              ],
              [
                702965.263116127,
                6169769.999962172
              ],
              [
                702954.2651548289,
                6169766.1435341835
              ],
              [
                702953.1225094992,
                6169779.141124808
              ],
              [
                702956.5504454882,
                6169780.712262137
              ],
              [
                702963.6919787986,
                6169783.426044795
              ],
              [
                702962.1208414703,
                6169804.422152727
              ],
              [
                702954.2651548288,
                6169859.411959216
              ],
              [
                702950.1230655088,
                6169900.404360418
              ],
              [
                702945.2668228577,
                6169900.404360418
              ],
              [
                702941.6960562024,
                6169896.405101764
              ],
              [
                702940.2677495403,
                6169903.546635077
              ],
              [
                702930.2696029057,
                6169975.533290846
              ],
              [
                702930.9837562365,
                6169985.007725039
              ],
              [
                702937.7444077705,
                6169985.198165927
              ],
              [
                702937.5539668822,
                6169997.195941888
              ],
              [
                702937.1730851055,
                6170011.574228954
              ],
              [
                702935.459117111,
                6170023.381564028
              ],
              [
                702935.6495579993,
                6170033.951033327
              ],
              [
                702927.3653793592,
                6170118.316346835
              ],
              [
                702928.9841269096,
                6170120.792078383
              ],
              [
                702928.4128042448,
                6170127.647950361
              ],
              [
                702925.3657500322,
                6170132.9802952325
              ],
              [
                702923.8422229261,
                6170148.882109405
              ],
              [
                702921.080830046,
                6170170.592370668
              ],
              [
                702923.5565615937,
                6170174.210747546
              ],
              [
                702923.747002482,
                6170177.257801758
              ],
              [
                702920.3190664928,
                6170176.972140426
              ],
              [
                702920.1286256047,
                6170192.016970601
              ],
              [
                702915.0819420653,
                6170218.20259274
              ],
              [
                702913.9392967356,
                6170226.581991824
              ],
              [
                702910.6541914128,
                6170260.4804699365
              ],
              [
                702914.3677887343,
                6170262.099217487
              ],
              [
                702914.2725682902,
                6170266.479357919
              ],
              [
                702910.4637505247,
                6170267.050680583
              ],
              [
                702908.3689007536,
                6170277.810590771
              ],
              [
                702927.6986509139,
                6170280.000660987
              ],
              [
                702931.6026891236,
                6170281.619408537
              ],
              [
                702930.6504846822,
                6170297.2355613755
              ],
              [
                702925.1276989223,
                6170297.3307818165
              ],
              [
                702907.9880189771,
                6170443.208502235
              ],
              [
                702911.6063958545,
                6170454.444514643
              ],
              [
                702904.5600829881,
                6170476.9165394595
              ],
              [
                702873.3277773104,
                6170565.661993397
              ],
              [
                702867.0432279974,
                6170614.986183462
              ],
              [
                702875.708288414,
                6170622.222937217
              ],
              [
                702872.7564546457,
                6170642.600112262
              ],
              [
                702880.6597515093,
                6170651.4556135675
              ],
              [
                702882.0880581713,
                6170653.836124672
              ],
              [
                702880.0884288445,
                6170672.975433944
              ],
              [
                702876.5652724113,
                6170692.971727214
              ],
              [
                702871.1377070954,
                6170727.917630213
              ],
              [
                702867.9954324388,
                6170742.1054763915
              ],
              [
                702863.996173785,
                6170747.152159931
              ],
              [
                702863.0439693435,
                6170763.24441499
              ],
              [
                702864.3770555615,
                6170770.005066524
              ],
              [
                702858.9494902455,
                6170804.474867302
              ],
              [
                702853.1410431531,
                6170837.706802306
              ],
              [
                702850.8557524938,
                6170843.420028956
              ],
              [
                702843.9998805159,
                6170856.465229803
              ],
              [
                702843.2381169627,
                6170862.273676896
              ],
              [
                702846.189950731,
                6170867.796462655
              ],
              [
                702849.9035480524,
                6170877.604168402
              ],
              [
                702850.8557524937,
                6170886.8405514825
              ],
              [
                702844.2855418482,
                6170898.933547889
              ],
              [
                702841.7145898564,
                6170909.3125762995
              ],
              [
                702843.2381169626,
                6170917.215873163
              ],
              [
                702842.0002511889,
                6170925.976154024
              ],
              [
                702841.1432671914,
                6170937.688268655
              ],
              [
                702836.0013632078,
                6170963.969111238
              ],
              [
                702833.2399703278,
                6170979.204382299
              ],
              [
                702832.2877658864,
                6170990.059512931
              ],
              [
                702831.335561445,
                6171002.057288893
              ],
              [
                702833.4304112161,
                6171019.387409726
              ],
              [
                702834.001733881,
                6171031.766067464
              ],
              [
                702830.9546796684,
                6171050.048392739
              ],
              [
                702828.0980663443,
                6171067.56895446
              ],
              [
                702830.0024752271,
                6171090.612301943
              ],
              [
                702830.9546796685,
                6171104.895368564
              ],
              [
                702832.0973249981,
                6171117.46446719
              ],
              [
                702828.4789481208,
                6171134.604147135
              ],
              [
                702822.5752805844,
                6171158.40925817
              ],
              [
                702817.0524948243,
                6171176.12026078
              ],
              [
                702819.1473445954,
                6171186.213627859
              ],
              [
                702825.051012132,
                6171195.164349608
              ],
              [
                702827.5267436797,
                6171203.543748692
              ]
            ]
          ]
        ]
      }
    },
    {
      "type": "Feature",
      "properties": {
        "nom": "Plage de Saint-Cyprien Sud",
        "info": true,
        "cara": false,
        "regl": false,
        "tech": false,
        "projet": "Pratique de nettoyage des plages",
        "id": null,
        "Nom": "Plage de Saint-Cyprien Sud",
        "Surf": 120458,
        "Commune": "Saint-Cyprien",
        "Mai-Juin": "Mixte dominante manuelle",
        "Juill-Aoû": "Mixte dominante manuelle",
        "Septembre": "Mixte dominante manuelle",
        "Juin_MecaF": "3 jours sur 7",
        "JA_MecaF": "3 jours sur 7",
        "Sept_MecaF": "3 jours sur 7",
        "Juin_ManF": "7 jours sur 7",
        "JA_ManF": "7 jours sur 7",
        "Sept_ManF": "7 jours sur 7"
      },
      "geometry": {
        "type": "MultiPolygon",
        "coordinates": [
          [
            [
              [
                703314.4840950072,
                6168731.049696169
              ],
              [
                703315.769571003,
                6168726.764776178
              ],
              [
                703316.6265550003,
                6168715.052661548
              ],
              [
                703318.3405229948,
                6168700.769594927
              ],
              [
                703323.7680883107,
                6168683.629914982
              ],
              [
                703328.9099922943,
                6168670.489493691
              ],
              [
                703335.4802029398,
                6168658.49171773
              ],
              [
                703338.336816264,
                6168637.924101796
              ],
              [
                703341.7647522532,
                6168608.2153232265
              ],
              [
                703347.4779789015,
                6168586.790723296
              ],
              [
                703349.191946896,
                6168569.936704683
              ],
              [
                703346.9066562366,
                6168556.796283391
              ],
              [
                703339.7651229262,
                6168538.799619449
              ],
              [
                703335.7658642724,
                6168504.805920891
              ],
              [
                703331.1952829537,
                6168483.952643625
              ],
              [
                703328.0530082971,
                6168455.957833048
              ],
              [
                703326.9103629674,
                6168443.103073088
              ],
              [
                703328.9099922943,
                6168417.393553171
              ],
              [
                703334.6232189427,
                6168396.254614572
              ],
              [
                703336.0515256048,
                6168383.685515946
              ],
              [
                703334.3375576102,
                6168353.1197533775
              ],
              [
                703340.0507842586,
                6168295.416164229
              ],
              [
                703344.0500429125,
                6168264.279078995
              ],
              [
                703347.192317569,
                6168244.85410839
              ],
              [
                703368.6169175004,
                6168191.72110056
              ],
              [
                703373.7588214839,
                6168176.866711275
              ],
              [
                703375.4727894785,
                6168166.297241976
              ],
              [
                703373.4731601515,
                6168152.871159351
              ],
              [
                703370.330885495,
                6168140.302060725
              ],
              [
                703369.1882401652,
                6168118.020476797
              ],
              [
                703369.4739014977,
                6168096.0245542005
              ],
              [
                703373.7588214839,
                6168068.029743624
              ],
              [
                703375.7584508109,
                6168043.177207704
              ],
              [
                703376.6154348081,
                6168020.32430111
              ],
              [
                703379.4720481322,
                6167984.045311893
              ],
              [
                703387.4705654399,
                6167971.476213267
              ],
              [
                703390.6128400966,
                6167958.050130643
              ],
              [
                703390.3271787642,
                6167943.767064023
              ],
              [
                703387.4705654399,
                6167922.342464091
              ],
              [
                703386.3279201103,
                6167885.206490877
              ],
              [
                703385.1852747805,
                6167827.502901728
              ],
              [
                703390.327178764,
                6167785.225024531
              ],
              [
                703390.6128400965,
                6167750.374341975
              ],
              [
                703388.8988721019,
                6167712.667046096
              ],
              [
                703388.6132107695,
                6167686.100542181
              ],
              [
                703388.6132107695,
                6167648.964568967
              ],
              [
                703395.7547440799,
                6167632.110550354
              ],
              [
                703397.4687120744,
                6167618.68446773
              ],
              [
                703404.03892272,
                6167587.83304383
              ],
              [
                703402.610616058,
                6167568.408073225
              ],
              [
                703396.6117280772,
                6167547.269134626
              ],
              [
                703395.183421415,
                6167526.1301960265
              ],
              [
                703404.3245840527,
                6167509.847500078
              ],
              [
                703405.18156805,
                6167492.422158801
              ],
              [
                703404.0389227202,
                6167471.568881534
              ],
              [
                703407.4668587092,
                6167453.857878924
              ],
              [
                703410.0378107011,
                6167441.860102963
              ],
              [
                703413.46574669,
                6167427.577036342
              ],
              [
                703410.6091333659,
                6167412.722647056
              ],
              [
                703406.0385520472,
                6167401.29619376
              ],
              [
                703404.8959067175,
                6167388.727095134
              ],
              [
                703408.6095040389,
                6167374.444028513
              ],
              [
                703411.7517786952,
                6167362.446252552
              ],
              [
                703410.0378107006,
                6167338.736361961
              ],
              [
                703407.7525200413,
                6167315.312132703
              ],
              [
                703413.7514080221,
                6167288.459967456
              ],
              [
                703429.1771199728,
                6167259.893834213
              ],
              [
                703451.1730425688,
                6167237.897911617
              ],
              [
                703479.4535144783,
                6167233.898652963
              ],
              [
                703474.5972718272,
                6167217.9016183475
              ],
              [
                703468.0270611815,
                6167186.764533115
              ],
              [
                703469.1697065112,
                6167150.77120523
              ],
              [
                703475.168594492,
                6167126.204330642
              ],
              [
                703499.7354690799,
                6167095.35290674
              ],
              [
                703502.5920824041,
                6167087.354389433
              ],
              [
                703494.307903764,
                6167062.216192179
              ],
              [
                703491.4512904397,
                6167054.217674871
              ],
              [
                703489.1659997804,
                6167020.509637646
              ],
              [
                703492.0226131045,
                6166987.94424575
              ],
              [
                703502.5920824041,
                6166957.092821849
              ],
              [
                703516.0181650277,
                6166940.238803236
              ],
              [
                703529.4442476513,
                6166937.0965285795
              ],
              [
                703528.5872636541,
                6166916.243251313
              ],
              [
                703528.5872636541,
                6166888.819763401
              ],
              [
                703532.0151996431,
                6166849.969822193
              ],
              [
                703538.8710716211,
                6166818.832736958
              ],
              [
                703557.7247195607,
                6166797.6937983595
              ],
              [
                703569.7224955222,
                6166785.98168373
              ],
              [
                703564.2949302063,
                6166767.699358455
              ],
              [
                703565.1519142035,
                6166727.706771917
              ],
              [
                703506.3056797255,
                6166672.574134761
              ],
              [
                703498.0215010854,
                6166726.56412659
              ],
              [
                703487.4520317859,
                6166794.837185037
              ],
              [
                703483.7384344644,
                6166845.399240876
              ],
              [
                703473.168965165,
                6166903.1028300235
              ],
              [
                703468.0270611815,
                6166915.957589982
              ],
              [
                703455.1723012227,
                6166990.800859075
              ],
              [
                703448.7449212433,
                6167041.791406911
              ],
              [
                703443.1745252612,
                6167071.21452415
              ],
              [
                703440.1750812707,
                6167080.070025455
              ],
              [
                703437.4612986128,
                6167090.7823254205
              ],
              [
                703434.890346621,
                6167103.637085379
              ],
              [
                703431.6052412982,
                6167108.92182003
              ],
              [
                703429.1771199726,
                6167117.205998669
              ],
              [
                703429.7484426375,
                6167134.774170613
              ],
              [
                703427.6059826444,
                6167149.914221232
              ],
              [
                703420.0359573354,
                6167186.90736378
              ],
              [
                703419.6074653367,
                6167203.47572106
              ],
              [
                703418.1791586748,
                6167216.616142351
              ],
              [
                703412.7515933588,
                6167233.898652962
              ],
              [
                703398.7541880703,
                6167276.462191492
              ],
              [
                703392.6124694233,
                6167303.31435674
              ],
              [
                703382.3286614562,
                6167348.448847261
              ],
              [
                703369.616732164,
                6167402.153177758
              ],
              [
                703362.046706855,
                6167459.428274907
              ],
              [
                703360.9040615252,
                6167469.283590876
              ],
              [
                703365.9031348426,
                6167472.568696198
              ],
              [
                703367.1886108385,
                6167482.7096735
              ],
              [
                703359.6185855293,
                6167505.562580093
              ],
              [
                703361.9038761887,
                6167522.98792137
              ],
              [
                703341.621921587,
                6167573.692807874
              ],
              [
                703329.0528229607,
                6167604.8298931075
              ],
              [
                703325.0535643068,
                6167625.111847709
              ],
              [
                703324.0537496434,
                6167636.966793004
              ],
              [
                703323.0539349798,
                6167645.679463644
              ],
              [
                703323.4824269784,
                6167690.956784831
              ],
              [
                703323.7680883108,
                6167724.950483389
              ],
              [
                703326.0533789702,
                6167737.233920683
              ],
              [
                703326.0533789702,
                6167755.80190729
              ],
              [
                703330.3382989565,
                6167804.364333801
              ],
              [
                703330.0526376241,
                6167819.504384419
              ],
              [
                703324.3394109758,
                6167842.07162968
              ],
              [
                703320.6258136544,
                6167866.638504268
              ],
              [
                703319.4831683246,
                6167883.921014879
              ],
              [
                703312.6272963466,
                6167937.911006706
              ],
              [
                703289.060236422,
                6167984.0453118915
              ],
              [
                703303.7717950415,
                6168000.899330505
              ],
              [
                703307.4853923629,
                6168006.469726487
              ],
              [
                703309.3421910236,
                6168012.325783801
              ],
              [
                703305.485763036,
                6168042.463054371
              ],
              [
                703300.2010283862,
                6168083.741116906
              ],
              [
                703287.9175910923,
                6168184.008244584
              ],
              [
                703277.6337831252,
                6168223.143847127
              ],
              [
                703260.7797645126,
                6168247.710721715
              ],
              [
                703263.0650551718,
                6168247.710721715
              ],
              [
                703259.6371191829,
                6168288.845953584
              ],
              [
                703269.92092715,
                6168289.702937581
              ],
              [
                703265.0646844988,
                6168305.414310864
              ],
              [
                703257.9231511884,
                6168317.412086826
              ],
              [
                703275.3484924659,
                6168335.408750767
              ],
              [
                703281.3473804466,
                6168375.401337305
              ],
              [
                703279.0620897873,
                6168407.395406536
              ],
              [
                703275.6341537983,
                6168450.244606399
              ],
              [
                703269.6352658176,
                6168523.945230165
              ],
              [
                703261.3510871775,
                6168591.646965948
              ],
              [
                703250.4959565456,
                6168596.503208599
              ],
              [
                703247.353681889,
                6168642.780344451
              ],
              [
                703242.4974392379,
                6168656.492088407
              ],
              [
                703314.4840950072,
                6168731.049696169
              ]
            ]
          ]
        ]
      }
    },
    {
      "type": "Feature",
      "properties": {
        "nom": "Plage du Bocal du Tech",
        "info": true,
        "cara": false,
        "regl": false,
        "tech": false,
        "projet": "Pratique de nettoyage des plages",
        "id": null,
        "Nom": "Plage du Bocal du Tech",
        "Surf": 28414,
        "Commune": "Elne",
        "Mai-Juin": "Mécanique",
        "Juill-Aoû": "Mécanique",
        "Septembre": "Mécanique",
        "Juin_MecaF": "30 fois/an",
        "JA_MecaF": "30 fois/an",
        "Sept_MecaF": "30 fois/an",
        "Juin_ManF": "Jamais",
        "JA_ManF": "Jamais",
        "Sept_ManF": "Jamais"
      },
      "geometry": {
        "type": "MultiPolygon",
        "coordinates": [
          [
            [
              [
                703506.5913410583,
                6166672.431304098
              ],
              [
                703565.8660675349,
                6166726.706957259
              ],
              [
                703569.0083421915,
                6166691.570613371
              ],
              [
                703577.0068594991,
                6166642.722525528
              ],
              [
                703579.006488826,
                6166603.586922986
              ],
              [
                703579.2921501584,
                6166565.593965775
              ],
              [
                703580.4347954881,
                6166526.458363232
              ],
              [
                703580.1491341557,
                6166508.7473606225
              ],
              [
                703583.2914088123,
                6166482.1808567075
              ],
              [
                703593.0038941145,
                6166441.902608837
              ],
              [
                703598.1457980981,
                6166411.6225076
              ],
              [
                703606.429976738,
                6166362.488758423
              ],
              [
                703607.5726220678,
                6166336.207915841
              ],
              [
                703610.4292353919,
                6166304.785169275
              ],
              [
                703618.1420913673,
                6166276.219036033
              ],
              [
                703617.2851073699,
                6166255.080097434
              ],
              [
                703614.4284940457,
                6166235.083804165
              ],
              [
                703615.5711393754,
                6166211.94523624
              ],
              [
                703619.5703980293,
                6166175.951908355
              ],
              [
                703626.1406086747,
                6166125.389852516
              ],
              [
                703624.9979633451,
                6166102.536945922
              ],
              [
                703628.1402380017,
                6166037.691823464
              ],
              [
                703629.2828833314,
                6165988.84373562
              ],
              [
                703613.8571713808,
                6165986.844106293
              ],
              [
                703612.7145260512,
                6166011.125319549
              ],
              [
                703611.5718807215,
                6166033.692564811
              ],
              [
                703611.0005580566,
                6166050.546583422
              ],
              [
                703611.0005580566,
                6166059.68774606
              ],
              [
                703610.1435740594,
                6166069.11457003
              ],
              [
                703607.8582834001,
                6166079.112716665
              ],
              [
                703607.2869607352,
                6166093.110121953
              ],
              [
                703604.7160087434,
                6166102.822607256
              ],
              [
                703602.4307180841,
                6166112.535092558
              ],
              [
                703602.7163794165,
                6166119.676625868
              ],
              [
                703605.2873314082,
                6166127.675143176
              ],
              [
                703603.8590247462,
                6166146.243129783
              ],
              [
                703602.7163794165,
                6166161.383180401
              ],
              [
                703603.5733634139,
                6166173.380956363
              ],
              [
                703602.4307180842,
                6166182.093627002
              ],
              [
                703597.4316447669,
                6166190.09214431
              ],
              [
                703590.8614341214,
                6166195.376878959
              ],
              [
                703584.1483928096,
                6166201.804258939
              ],
              [
                703579.720642157,
                6166210.374098911
              ],
              [
                703575.7213835032,
                6166224.799996198
              ],
              [
                703574.0074155085,
                6166246.653088128
              ],
              [
                703572.4362781802,
                6166271.219962716
              ],
              [
                703570.7223101858,
                6166284.931706673
              ],
              [
                703563.7236075415,
                6166314.926146576
              ],
              [
                703562.1524702131,
                6166327.066753203
              ],
              [
                703561.0098248835,
                6166347.205877139
              ],
              [
                703557.8675502269,
                6166355.918547777
              ],
              [
                703550.7260169165,
                6166360.631959762
              ],
              [
                703541.7276849453,
                6166362.345927757
              ],
              [
                703531.0153849797,
                6166362.6315890895
              ],
              [
                703522.3027143409,
                6166367.487831741
              ],
              [
                703513.8757050346,
                6166368.487646404
              ],
              [
                703512.3045677063,
                6166376.200502379
              ],
              [
                703516.875149025,
                6166377.7716397075
              ],
              [
                703519.4461010167,
                6166382.770713025
              ],
              [
                703520.4459156801,
                6166386.627141013
              ],
              [
                703519.4461010166,
                6166392.34036766
              ],
              [
                703522.5883756732,
                6166401.910022296
              ],
              [
                703524.5880050001,
                6166424.762928889
              ],
              [
                703528.587263654,
                6166420.3351782365
              ],
              [
                703534.4433209685,
                6166410.479862268
              ],
              [
                703537.1571036265,
                6166402.767006293
              ],
              [
                703546.0126049315,
                6166402.767006293
              ],
              [
                703552.8684769095,
                6166405.766450284
              ],
              [
                703556.724904897,
                6166414.050628924
              ],
              [
                703558.4388728916,
                6166427.048219549
              ],
              [
                703556.2964128985,
                6166434.90390619
              ],
              [
                703554.0111222392,
                6166449.329803477
              ],
              [
                703550.7260169163,
                6166481.466703377
              ],
              [
                703546.2982662638,
                6166543.026720513
              ],
              [
                703542.5846689424,
                6166564.022828445
              ],
              [
                703539.2995636195,
                6166574.449467078
              ],
              [
                703527.7302796567,
                6166572.164176418
              ],
              [
                703512.8758903714,
                6166628.867950904
              ],
              [
                703506.5913410583,
                6166672.431304098
              ]
            ]
          ]
        ]
      }
    },
    {
      "type": "Feature",
      "properties": {
        "nom": "Plage Centrale d'Argelès",
        "info": true,
        "cara": false,
        "regl": false,
        "tech": false,
        "projet": "Pratique de nettoyage des plages",
        "id": null,
        "Nom": "Plage Centrale d'Argelès",
        "Surf": 306188,
        "Commune": "Argelès-sur-Mer",
        "Mai-Juin": "Mécanique",
        "Juill-Aoû": "Mécanique",
        "Septembre": "Mécanique",
        "Juin_MecaF": "7 jours sur 7",
        "JA_MecaF": "7 jours sur 7",
        "Sept_MecaF": "7 jours sur 7",
        "Juin_ManF": "Jamais",
        "JA_ManF": "Jamais",
        "Sept_ManF": "Jamais"
      },
      "geometry": {
        "type": "MultiPolygon",
        "coordinates": [
          [
            [
              [
                703768.7570288832,
                6164033.706161216
              ],
              [
                703771.6850575395,
                6164035.991451873
              ],
              [
                703774.2560095313,
                6164035.420129209
              ],
              [
                703777.5411148542,
                6164033.420499882
              ],
              [
                703781.2547121756,
                6164027.278781235
              ],
              [
                703784.6826481646,
                6164017.137803934
              ],
              [
                703783.1115108363,
                6163999.141139992
              ],
              [
                703781.540373508,
                6163984.715242704
              ],
              [
                703779.1122521824,
                6163968.432546756
              ],
              [
                703774.2560095313,
                6163954.720802801
              ],
              [
                703771.3993962071,
                6163942.437365507
              ],
              [
                703773.1133642015,
                6163926.297500225
              ],
              [
                703774.2560095312,
                6163913.728401598
              ],
              [
                703775.1129935285,
                6163888.590204345
              ],
              [
                703777.9696068526,
                6163865.165975087
              ],
              [
                703781.1118815092,
                6163847.169311144
              ],
              [
                703784.5398174982,
                6163822.316775224
              ],
              [
                703787.9677534872,
                6163800.035191296
              ],
              [
                703792.5383348059,
                6163786.6091086725
              ],
              [
                703795.39494813,
                6163759.471282093
              ],
              [
                703800.5368521136,
                6163739.474988823
              ],
              [
                703805.6787560971,
                6163715.4794369005
              ],
              [
                703807.3927240917,
                6163692.340868974
              ],
              [
                703807.6783854241,
                6163677.772141021
              ],
              [
                703811.3919827455,
                6163654.633573095
              ],
              [
                703812.5346280751,
                6163637.779554482
              ],
              [
                703811.3919827454,
                6163614.9266478885
              ],
              [
                703806.5357400944,
                6163590.931095965
              ],
              [
                703803.9647881025,
                6163570.934802696
              ],
              [
                703807.1070627591,
                6163548.9388801
              ],
              [
                703811.9633054103,
                6163508.660632229
              ],
              [
                703813.3916120724,
                6163489.8069842905
              ],
              [
                703816.533886729,
                6163470.953336351
              ],
              [
                703817.962193391,
                6163440.958896447
              ],
              [
                703818.8191773883,
                6163401.251971241
              ],
              [
                703819.3905000531,
                6163388.111549949
              ],
              [
                703821.1044680476,
                6163366.686950019
              ],
              [
                703827.1033560284,
                6163346.690656749
              ],
              [
                703833.3879053416,
                6163330.407960801
              ],
              [
                703837.3871639954,
                6163313.553942189
              ],
              [
                703836.5301799981,
                6163298.699552903
              ],
              [
                703832.2452600119,
                6163286.701776941
              ],
              [
                703829.3886466877,
                6163274.418339647
              ],
              [
                703831.3882760147,
                6163248.137497066
              ],
              [
                703839.3867933224,
                6163204.145651873
              ],
              [
                703848.8136172922,
                6163147.01338539
              ],
              [
                703848.2422946274,
                6163137.300900088
              ],
              [
                703847.6709719625,
                6163115.876300156
              ],
              [
                703855.955150603,
                6163097.593974882
              ],
              [
                703859.0974252595,
                6163086.738844249
              ],
              [
                703859.6687479244,
                6163070.884640301
              ],
              [
                703854.2411826083,
                6163039.176232402
              ],
              [
                703853.0985372786,
                6163027.178456441
              ],
              [
                703854.2411826083,
                6163007.324993838
              ],
              [
                703858.3832719283,
                6162991.899281886
              ],
              [
                703867.5244345659,
                6162967.046745965
              ],
              [
                703866.3817892363,
                6162946.90762203
              ],
              [
                703866.8102812349,
                6162927.054159427
              ],
              [
                703873.2376612141,
                6162881.205515576
              ],
              [
                703872.9519998818,
                6162859.495254312
              ],
              [
                703872.9519998818,
                6162840.641606373
              ],
              [
                703876.6655972032,
                6162808.361875809
              ],
              [
                703883.2358078486,
                6162774.653838582
              ],
              [
                703885.521098508,
                6162757.514158637
              ],
              [
                703884.6641145108,
                6162740.6601400245
              ],
              [
                703886.6637438376,
                6162715.521942772
              ],
              [
                703893.5196158157,
                6162682.670889544
              ],
              [
                703902.3751171207,
                6162658.960998953
              ],
              [
                703902.6607784531,
                6162632.680156371
              ],
              [
                703896.0905678076,
                6162600.400425808
              ],
              [
                703896.6618904724,
                6162560.407839269
              ],
              [
                703901.2324717911,
                6162529.270754036
              ],
              [
                703903.8034237828,
                6162508.703138102
              ],
              [
                703908.9453277664,
                6162470.4245195575
              ],
              [
                703915.2298770795,
                6162420.148125052
              ],
              [
                703923.5140557196,
                6162391.58199181
              ],
              [
                703933.5122023543,
                6162350.446759942
              ],
              [
                703938.6541063378,
                6162303.312640093
              ],
              [
                703936.9401383433,
                6162262.177408225
              ],
              [
                703933.2265410218,
                6162215.043288376
              ],
              [
                703934.0835250191,
                6162193.04736578
              ],
              [
                703936.6544770108,
                6162161.624619214
              ],
              [
                703943.7960103214,
                6162137.343405958
              ],
              [
                703959.7930449367,
                6162092.780238102
              ],
              [
                703960.9356902663,
                6162075.0692354925
              ],
              [
                703960.078706269,
                6162058.500878212
              ],
              [
                703970.0768529037,
                6162021.65056633
              ],
              [
                703976.0757408844,
                6161960.804702525
              ],
              [
                703979.7893382058,
                6161912.527937346
              ],
              [
                703978.9323542085,
                6161859.109268184
              ],
              [
                703982.0746288652,
                6161814.260438994
              ],
              [
                703990.073146173,
                6161783.694676424
              ],
              [
                704003.784890129,
                6161744.844735215
              ],
              [
                704008.6411327801,
                6161715.135956644
              ],
              [
                704016.068327423,
                6161653.14744751
              ],
              [
                704017.4966340851,
                6161632.294170244
              ],
              [
                704024.9238287279,
                6161559.736191809
              ],
              [
                704036.6359433571,
                6161520.314927936
              ],
              [
                704040.635202011,
                6161495.176730683
              ],
              [
                704050.3476873131,
                6161480.322341397
              ],
              [
                704052.0616553077,
                6161463.753984117
              ],
              [
                704049.7763646484,
                6161444.3290135125
              ],
              [
                704041.2065246758,
                6161426.046688238
              ],
              [
                704041.2065246758,
                6161392.338651013
              ],
              [
                704049.7763646484,
                6161338.062997853
              ],
              [
                704066.9160445934,
                6161293.499829996
              ],
              [
                704069.201335253,
                6161277.5027953815
              ],
              [
                704078.3424978902,
                6161226.083755546
              ],
              [
                704090.9115965166,
                6161090.108961315
              ],
              [
                704108.0512764617,
                6161008.409820245
              ],
              [
                704125.7622790716,
                6160966.131943046
              ],
              [
                704146.3298950057,
                6160861.579895382
              ],
              [
                704184.0371908848,
                6160702.180871893
              ],
              [
                704214.8886147859,
                6160565.634754997
              ],
              [
                704233.1709400606,
                6160519.357619145
              ],
              [
                704257.1664919837,
                6160482.221645931
              ],
              [
                704306.8715638245,
                6160443.371704722
              ],
              [
                704261.7370733024,
                6160419.947475464
              ],
              [
                704039.4925566815,
                6160903.85777258
              ],
              [
                704011.4977461046,
                6161083.253089339
              ],
              [
                703966.3632555825,
                6161359.201936454
              ],
              [
                703930.9412503628,
                6161610.012586317
              ],
              [
                703904.6604077804,
                6161776.267481784
              ],
              [
                703876.6655972035,
                6161935.095182608
              ],
              [
                703856.6693039343,
                6162066.49939552
              ],
              [
                703824.6752347035,
                6162316.453061385
              ],
              [
                703815.2484107338,
                6162403.865429106
              ],
              [
                703809.5351840854,
                6162442.429708983
              ],
              [
                703793.2524881376,
                6162574.40524456
              ],
              [
                703777.8267761869,
                6162700.381892156
              ],
              [
                703760.4014349096,
                6162826.358539753
              ],
              [
                703740.1194803079,
                6162975.759416607
              ],
              [
                703767.2573068875,
                6162983.472272582
              ],
              [
                703767.400137554,
                6162993.0419272175
              ],
              [
                703764.8291855623,
                6163000.754783193
              ],
              [
                703752.260086936,
                6163006.610840507
              ],
              [
                703747.546674951,
                6163015.323511146
              ],
              [
                703747.9751669497,
                6163022.179383124
              ],
              [
                703756.2593455898,
                6163024.893165782
              ],
              [
                703764.2578628975,
                6163024.607504449
              ],
              [
                703767.4001375542,
                6163027.464117774
              ],
              [
                703766.2574922245,
                6163042.032845727
              ],
              [
                703762.2582335706,
                6163055.744589684
              ],
              [
                703754.5453775954,
                6163065.742736318
              ],
              [
                703741.6906176365,
                6163074.31257629
              ],
              [
                703742.2619403014,
                6163084.310722926
              ],
              [
                703756.5450069222,
                6163089.452626909
              ],
              [
                703768.5427828839,
                6163088.309981579
              ],
              [
                703775.3986548618,
                6163088.309981579
              ],
              [
                703781.3975428427,
                6163093.16622423
              ],
              [
                703783.9684948344,
                6163106.592306854
              ],
              [
                703779.3979135157,
                6163119.732728145
              ],
              [
                703774.827332197,
                6163135.158440095
              ],
              [
                703767.971460219,
                6163142.014312074
              ],
              [
                703767.4001375542,
                6163148.013200055
              ],
              [
                703773.1133642026,
                6163157.440024024
              ],
              [
                703776.1128081928,
                6163181.7212372795
              ],
              [
                703775.541485528,
                6163208.85906386
              ],
              [
                703776.3984695253,
                6163227.712711799
              ],
              [
                703770.3995815445,
                6163247.994666401
              ],
              [
                703767.5429682203,
                6163258.849797033
              ],
              [
                703772.6848722039,
                6163267.705298338
              ],
              [
                703771.2565655417,
                6163287.9872529395
              ],
              [
                703767.8286295527,
                6163304.841271552
              ],
              [
                703763.5437095665,
                6163313.411111524
              ],
              [
                703768.1142908852,
                6163319.409999506
              ],
              [
                703764.6863548962,
                6163357.402956719
              ],
              [
                703756.9734989209,
                6163441.67304978
              ],
              [
                703755.5451922588,
                6163463.954633709
              ],
              [
                703750.1176269428,
                6163484.23658831
              ],
              [
                703736.4058829868,
                6163504.23288158
              ],
              [
                703747.2610136187,
                6163513.374044217
              ],
              [
                703751.8315949374,
                6163524.514836181
              ],
              [
                703750.1176269428,
                6163541.654516126
              ],
              [
                703745.5470456242,
                6163549.081710769
              ],
              [
                703747.5466749511,
                6163574.219908022
              ],
              [
                703744.1187389621,
                6163603.357363928
              ],
              [
                703739.0482503118,
                6163623.067995866
              ],
              [
                703736.7629596523,
                6163629.638206512
              ],
              [
                703731.9067170012,
                6163641.350321141
              ],
              [
                703729.6214263419,
                6163653.919419767
              ],
              [
                703733.6206849958,
                6163666.202857061
              ],
              [
                703729.9070876744,
                6163684.199521003
              ],
              [
                703722.765554364,
                6163705.05279827
              ],
              [
                703712.4817463969,
                6163717.336235564
              ],
              [
                703698.7700024408,
                6163728.76268886
              ],
              [
                703686.2009038144,
                6163736.761206169
              ],
              [
                703683.0586291578,
                6163752.472579451
              ],
              [
                703685.6295811496,
                6163768.469614067
              ],
              [
                703689.3431784711,
                6163771.611888723
              ],
              [
                703706.482858416,
                6163786.751939341
              ],
              [
                703715.0526983886,
                6163801.606328627
              ],
              [
                703719.6232797073,
                6163811.890136594
              ],
              [
                703716.1953437183,
                6163818.46034724
              ],
              [
                703709.910794405,
                6163823.31658989
              ],
              [
                703707.9111650782,
                6163840.741931167
              ],
              [
                703705.054551754,
                6163852.739707129
              ],
              [
                703698.4843411084,
                6163858.452933778
              ],
              [
                703687.914871809,
                6163864.166160426
              ],
              [
                703675.631434515,
                6163860.452563104
              ],
              [
                703663.0623358886,
                6163882.734147034
              ],
              [
                703671.9178371935,
                6163889.875680343
              ],
              [
                703681.0589998309,
                6163898.445520316
              ],
              [
                703696.4847117815,
                6163905.3013922945
              ],
              [
                703704.1975677568,
                6163910.157634946
              ],
              [
                703711.910423732,
                6163920.15578158
              ],
              [
                703714.3385450576,
                6163934.581678867
              ],
              [
                703713.7672223927,
                6163943.865672171
              ],
              [
                703711.7675930659,
                6163955.292125467
              ],
              [
                703707.768334412,
                6163970.575006752
              ],
              [
                703704.3403984229,
                6163979.2876773905
              ],
              [
                703704.0547370905,
                6163988.00034803
              ],
              [
                703702.7692610946,
                6163994.4277280085
              ],
              [
                703701.9122770973,
                6164008.425133297
              ],
              [
                703704.3403984229,
                6164014.995343943
              ],
              [
                703710.1964557375,
                6164018.85177193
              ],
              [
                703763.4722942334,
                6164029.5640718965
              ],
              [
                703768.7570288832,
                6164033.706161216
              ]
            ]
          ]
        ]
      }
    },
    {
      "type": "Feature",
      "properties": {
        "nom": "Plage du Racou",
        "info": true,
        "cara": false,
        "regl": false,
        "tech": false,
        "projet": "Pratique de nettoyage des plages",
        "id": null,
        "Nom": "Plage du Racou",
        "Surf": 42477,
        "Commune": "Argelès-sur-Mer",
        "Mai-Juin": "Mécanique",
        "Juill-Aoû": "Mécanique",
        "Septembre": "Mécanique",
        "Juin_MecaF": "7 jours sur 7",
        "JA_MecaF": "7 jours sur 7",
        "Sept_MecaF": "7 jours sur 7",
        "Juin_ManF": "Jamais",
        "JA_ManF": "Jamais",
        "Sept_ManF": "Jamais"
      },
      "geometry": {
        "type": "MultiPolygon",
        "coordinates": [
          [
            [
              [
                704466.3330757304,
                6160164.575171198
              ],
              [
                704463.5311397711,
                6160160.568101489
              ],
              [
                704462.0849792757,
                6160156.109106628
              ],
              [
                704460.0362519074,
                6160147.070603533
              ],
              [
                704460.8798455297,
                6160133.332078826
              ],
              [
                704464.7362735174,
                6160109.831970776
              ],
              [
                704478.2337714741,
                6160078.257466628
              ],
              [
                704491.1287025578,
                6160049.213743347
              ],
              [
                704508.9646820007,
                6160007.7571424795
              ],
              [
                704522.9442334558,
                6159979.436499445
              ],
              [
                704539.4545657779,
                6159949.428669167
              ],
              [
                704552.9520637346,
                6159923.036240126
              ],
              [
                704566.2085349422,
                6159897.848944831
              ],
              [
                704583.2009207627,
                6159864.105199939
              ],
              [
                704608.0266759333,
                6159810.356234859
              ],
              [
                704629.5985699891,
                6159766.248339751
              ],
              [
                704650.2063570481,
                6159727.081493001
              ],
              [
                704670.6936307325,
                6159694.060828357
              ],
              [
                704689.9757706707,
                6159668.150452815
              ],
              [
                704703.1117285036,
                6159653.929874611
              ],
              [
                704723.7195155625,
                6159634.286194549
              ],
              [
                704743.5439656863,
                6159622.114343714
              ],
              [
                704769.5145979156,
                6159607.1104285745
              ],
              [
                704792.351882405,
                6159594.938577739
              ],
              [
                704812.8391560894,
                6159588.430855509
              ],
              [
                704830.0725686591,
                6159585.839817955
              ],
              [
                704834.9533603309,
                6159586.86418164
              ],
              [
                704844.4136602381,
                6159596.083454797
              ],
              [
                704848.3303449131,
                6159595.962941423
              ],
              [
                704835.0738737057,
                6159573.306426995
              ],
              [
                704823.9263865539,
                6159577.22311167
              ],
              [
                704819.1661082567,
                6159568.425635324
              ],
              [
                704815.912247142,
                6159567.943581825
              ],
              [
                704812.0558191545,
                6159560.290982538
              ],
              [
                704807.6570809811,
                6159566.376907956
              ],
              [
                704802.9570593712,
                6159564.629464024
              ],
              [
                704799.0403746961,
                6159568.425635324
              ],
              [
                704791.3877754082,
                6159562.520479968
              ],
              [
                704785.9044168632,
                6159567.943581826
              ],
              [
                704774.0941061511,
                6159557.760201671
              ],
              [
                704764.6940629312,
                6159570.353849318
              ],
              [
                704759.0299343243,
                6159565.894854457
              ],
              [
                704747.2798802996,
                6159576.861571547
              ],
              [
                704740.7119013831,
                6159583.309037088
              ],
              [
                704735.2285428381,
                6159582.887240278
              ],
              [
                704724.9246493086,
                6159585.418021146
              ],
              [
                704708.6553437356,
                6159600.723219722
              ],
              [
                704709.9207341691,
                6159602.169380217
              ],
              [
                704707.5707233641,
                6159604.639904397
              ],
              [
                704706.0643061814,
                6159602.7719470905
              ],
              [
                704694.01296872,
                6159617.354065419
              ],
              [
                704671.5974810419,
                6159643.625981086
              ],
              [
                704672.4410746642,
                6159644.047777897
              ],
              [
                704656.9551060264,
                6159663.329917835
              ],
              [
                704659.5461435803,
                6159664.896591707
              ],
              [
                704653.0384213511,
                6159673.633811366
              ],
              [
                704652.1948277289,
                6159673.212014555
              ],
              [
                704650.3871271097,
                6159675.80305211
              ],
              [
                704649.9050736112,
                6159675.320998611
              ],
              [
                704642.6140144471,
                6159685.323608704
              ],
              [
                704641.7101641374,
                6159684.600528456
              ],
              [
                704631.1049871715,
                6159699.001876723
              ],
              [
                704628.6947196792,
                6159697.917256352
              ],
              [
                704616.8844089671,
                6159713.101941553
              ],
              [
                704564.702117759,
                6159772.756061986
              ],
              [
                704556.7482350345,
                6159767.9355270015
              ],
              [
                704491.912039492,
                6159848.558974619
              ],
              [
                704464.4349900802,
                6159868.564194805
              ],
              [
                704472.0273326808,
                6159898.089971585
              ],
              [
                704474.3170867986,
                6159908.815661926
              ],
              [
                704468.5324448171,
                6159917.492624898
              ],
              [
                704447.0810641359,
                6159950.272262793
              ],
              [
                704423.94249621,
                6159973.410830719
              ],
              [
                704382.9679488414,
                6160032.462384279
              ],
              [
                704418.1277258848,
                6160080.456835716
              ],
              [
                704436.80729895,
                6160101.667189649
              ],
              [
                704439.2175664423,
                6160108.054398504
              ],
              [
                704442.9534810553,
                6160145.654571383
              ],
              [
                704446.4483689191,
                6160167.588005563
              ],
              [
                704466.3330757304,
                6160164.575171198
              ]
            ]
          ]
        ]
      }
    },
    {
      "type": "Feature",
      "properties": {
        "nom": "Plage Centrale de Canet",
        "info": true,
        "cara": false,
        "regl": false,
        "tech": false,
        "projet": "Pratique de nettoyage des plages",
        "id": null,
        "Nom": "Plage Centrale de Canet",
        "Surf": 366577,
        "Commune": "Canet-en-Roussillon",
        "Mai-Juin": "Mixte dominante mécanique",
        "Juill-Aoû": "Mixte dominante mécanique",
        "Septembre": "Mixte dominante mécanique",
        "Juin_MecaF": "7 jours sur 7",
        "JA_MecaF": "7 jours sur 7",
        "Sept_MecaF": "7 jours sur 7",
        "Juin_ManF": "7 jours sur 7",
        "JA_ManF": "7 jours sur 7",
        "Sept_ManF": "7 jours sur 7"
      },
      "geometry": {
        "type": "MultiPolygon",
        "coordinates": [
          [
            [
              [
                703386.1850894438,
                6177991.952042007
              ],
              [
                703384.1854601187,
                6177988.428885588
              ],
              [
                703380.7575241297,
                6177986.334035817
              ],
              [
                703376.5678245876,
                6177989.571530918
              ],
              [
                703372.1876841572,
                6177992.61858513
              ],
              [
                703363.0465215198,
                6177998.141370891
              ],
              [
                703355.8097677652,
                6178000.236220662
              ],
              [
                703348.0016913458,
                6178000.236220662
              ],
              [
                703334.8612700546,
                6178000.997984215
              ],
              [
                703323.2443758696,
                6178001.569306879
              ],
              [
                703312.1988043494,
                6178001.188425103
              ],
              [
                703294.4878017396,
                6177993.951671348
              ],
              [
                703275.2532720234,
                6177992.999466907
              ],
              [
                703257.3518285252,
                6177989.190649142
              ],
              [
                703234.3084810434,
                6177979.097282061
              ],
              [
                703214.3121877742,
                6177969.003914983
              ],
              [
                703196.0298624996,
                6177956.434816357
              ],
              [
                703184.6034092028,
                6177942.151749736
              ],
              [
                703171.6534287998,
                6177921.77457469
              ],
              [
                703163.6549114923,
                6177901.7782814205
              ],
              [
                703158.703448397,
                6177888.066537464
              ],
              [
                703153.1806626369,
                6177868.451125971
              ],
              [
                703144.6108226643,
                6177844.26513316
              ],
              [
                703137.5645097981,
                6177813.03282748
              ],
              [
                703137.5645097981,
                6177805.605632837
              ],
              [
                703132.8034875911,
                6177793.226975099
              ],
              [
                703126.7093791661,
                6177772.278477388
              ],
              [
                703126.7093791661,
                6177751.329979678
              ],
              [
                703127.0902609427,
                6177734.190299733
              ],
              [
                703121.3770342944,
                6177703.1484349435
              ],
              [
                703113.9498396516,
                6177666.012461729
              ],
              [
                703108.6174947798,
                6177622.211057425
              ],
              [
                703102.9042681314,
                6177591.930956188
              ],
              [
                703095.8579552651,
                6177564.507468276
              ],
              [
                703091.0969330581,
                6177538.60750747
              ],
              [
                703089.3829650636,
                6177515.9450417645
              ],
              [
                703087.8594379574,
                6177502.23329781
              ],
              [
                703078.5278344317,
                6177472.905401016
              ],
              [
                703070.9101989006,
                6177446.243676657
              ],
              [
                703068.2440264648,
                6177422.057683845
              ],
              [
                703067.6727037999,
                6177402.251831464
              ],
              [
                703064.4352086992,
                6177392.158464385
              ],
              [
                703062.5307998164,
                6177376.9231933225
              ],
              [
                703062.9116815929,
                6177357.6886636065
              ],
              [
                703061.9594771515,
                6177339.977660997
              ],
              [
                703056.4366913914,
                6177307.22182821
              ],
              [
                703056.0558096148,
                6177295.03361136
              ],
              [
                703062.3403589281,
                6177275.799081644
              ],
              [
                703068.6249082412,
                6177256.564551928
              ],
              [
                703068.6249082412,
                6177242.281485307
              ],
              [
                703065.3874131405,
                6177228.379300463
              ],
              [
                703058.5315411625,
                6177212.572706737
              ],
              [
                703053.7705189555,
                6177193.719058797
              ],
              [
                703047.6764105306,
                6177161.534548676
              ],
              [
                703044.0580336533,
                6177151.631622486
              ],
              [
                703040.6300976643,
                6177138.491201194
              ],
              [
                703036.6308390104,
                6177124.3985754615
              ],
              [
                703029.7749670324,
                6177105.544927522
              ],
              [
                703027.6801172614,
                6177086.881720471
              ],
              [
                703028.822762591,
                6177070.122922302
              ],
              [
                703028.0609990379,
                6177055.458973905
              ],
              [
                703023.4904177191,
                6177033.1773899775
              ],
              [
                703020.8242452833,
                6177014.895064702
              ],
              [
                703021.3955679481,
                6176992.994362551
              ],
              [
                703027.2992354847,
                6176970.90321951
              ],
              [
                703031.4889350268,
                6176941.1944409385
              ],
              [
                703034.5359892393,
                6176920.626825005
              ],
              [
                703036.6308390104,
                6176906.724640161
              ],
              [
                703036.2499572338,
                6176888.061433109
              ],
              [
                703026.3470310433,
                6176859.876181643
              ],
              [
                703025.394826602,
                6176849.2114919
              ],
              [
                703023.2999768308,
                6176832.643134619
              ],
              [
                703017.0154275177,
                6176812.8372822385
              ],
              [
                703004.0654471148,
                6176771.892491255
              ],
              [
                703004.0654471148,
                6176767.702791713
              ],
              [
                703003.1132426733,
                6176757.799865522
              ],
              [
                703001.9705973436,
                6176745.611648672
              ],
              [
                703002.922801785,
                6176732.471227381
              ],
              [
                703001.0183929022,
                6176721.996978526
              ],
              [
                702994.1625209242,
                6176700.286717262
              ],
              [
                702991.4963484884,
                6176679.719101328
              ],
              [
                702993.2103164829,
                6176647.534591209
              ],
              [
                703001.2088337906,
                6176598.972164698
              ],
              [
                703009.2073510983,
                6176569.644267903
              ],
              [
                703007.8742648804,
                6176549.076651967
              ],
              [
                703000.4470702376,
                6176527.366390703
              ],
              [
                702994.1625209244,
                6176510.03626987
              ],
              [
                702989.2110578291,
                6176490.039976601
              ],
              [
                702990.5441440471,
                6176475.7569099795
              ],
              [
                702992.6389938181,
                6176463.187811353
              ],
              [
                702993.4007573712,
                6176454.998853157
              ],
              [
                702981.2125405213,
                6176421.386036377
              ],
              [
                702980.5459974123,
                6176411.9592124075
              ],
              [
                702980.8316587447,
                6176396.533500457
              ],
              [
                702986.449664949,
                6176372.442728092
              ],
              [
                702989.4967191614,
                6176358.7309841355
              ],
              [
                702987.6875307227,
                6176349.304160166
              ],
              [
                702983.2121698483,
                6176335.021093545
              ],
              [
                702977.0228409792,
                6176314.929579832
              ],
              [
                702971.6904961076,
                6176289.981823463
              ],
              [
                702969.2147645599,
                6176268.0811213115
              ],
              [
                702968.643441895,
                6176253.607613802
              ],
              [
                702970.9287325544,
                6176232.468675204
              ],
              [
                702973.0235823254,
                6176205.997391732
              ],
              [
                702974.3566685434,
                6176193.618733995
              ],
              [
                702973.404464102,
                6176186.191539352
              ],
              [
                702970.5478507777,
                6176178.002581156
              ],
              [
                702967.8816783419,
                6176168.290095854
              ],
              [
                702968.0721192302,
                6176155.149674562
              ],
              [
                702967.1199147888,
                6176137.819553728
              ],
              [
                702967.1199147888,
                6176122.393841778
              ],
              [
                702969.0243236716,
                6176114.014442693
              ],
              [
                702970.738291666,
                6176104.682839167
              ],
              [
                702969.5956463364,
                6176083.543900569
              ],
              [
                702966.1677103473,
                6176035.552796722
              ],
              [
                702962.9302152466,
                6176017.651353224
              ],
              [
                702957.7883112631,
                6175998.797705284
              ],
              [
                702954.7412570507,
                6175990.227865312
              ],
              [
                702953.598611721,
                6175982.800670669
              ],
              [
                702953.9794934975,
                6175974.802153362
              ],
              [
                702951.8846437264,
                6175962.423495623
              ],
              [
                702946.5522988547,
                6175941.85587969
              ],
              [
                702938.1728997703,
                6175926.04928596
              ],
              [
                702934.3640820048,
                6175909.48092868
              ],
              [
                702933.221436675,
                6175891.389044293
              ],
              [
                702935.1258455579,
                6175872.725837243
              ],
              [
                702944.8383308601,
                6175836.922950245
              ],
              [
                702946.3618579663,
                6175812.546516546
              ],
              [
                702950.5515575084,
                6175784.36126508
              ],
              [
                702959.6927201458,
                6175757.699540721
              ],
              [
                702965.0250650176,
                6175742.273828769
              ],
              [
                702963.8824196879,
                6175728.752525701
              ],
              [
                702957.02654771,
                6175707.423146214
              ],
              [
                702943.5052446421,
                6175664.954828127
              ],
              [
                702938.9346633235,
                6175651.433525059
              ],
              [
                702935.1258455579,
                6175630.865909126
              ],
              [
                702936.8398135524,
                6175619.629896717
              ],
              [
                702939.1251042117,
                6175608.393884309
              ],
              [
                702937.6015771055,
                6175593.539495022
              ],
              [
                702935.3162864462,
                6175580.208632843
              ],
              [
                702935.1258455579,
                6175568.591738658
              ],
              [
                702937.7920179938,
                6175554.4991129255
              ],
              [
                702939.1251042117,
                6175548.976327165
              ],
              [
                702938.3633406586,
                6175542.501336964
              ],
              [
                702934.9354046696,
                6175529.741797449
              ],
              [
                702933.4118775631,
                6175520.029312146
              ],
              [
                702936.8398135522,
                6175505.936686413
              ],
              [
                702934.1736411162,
                6175486.892597585
              ],
              [
                702933.0309957867,
                6175459.659550562
              ],
              [
                702934.554522893,
                6175445.757365717
              ],
              [
                702935.6971682227,
                6175431.855180873
              ],
              [
                702932.2692322336,
                6175413.191973821
              ],
              [
                702926.3655646971,
                6175387.672894792
              ],
              [
                702918.3670473893,
                6175375.484677942
              ],
              [
                702913.2251434057,
                6175357.011911779
              ],
              [
                702912.082498076,
                6175332.445037191
              ],
              [
                702908.2736803105,
                6175284.263492457
              ],
              [
                702906.9405940926,
                6175257.982649874
              ],
              [
                702908.0832394223,
                6175242.556937924
              ],
              [
                702908.0832394223,
                6175231.511366404
              ],
              [
                702903.131776327,
                6175194.946715854
              ],
              [
                702895.8950225725,
                6175163.7144101765
              ],
              [
                702894.3714954662,
                6175143.527676019
              ],
              [
                702897.7994314552,
                6175097.821862833
              ],
              [
                702908.0832394223,
                6175064.304266496
              ],
              [
                702908.4641211989,
                6175042.594005232
              ],
              [
                702902.3700127739,
                6175022.788152851
              ],
              [
                702897.7994314552,
                6174994.602901385
              ],
              [
                702900.0847221146,
                6174961.466186825
              ],
              [
                702908.0832394223,
                6174887.95600395
              ],
              [
                702908.464121199,
                6174868.5310333455
              ],
              [
                702901.608249221,
                6174852.153116954
              ],
              [
                702892.8479683602,
                6174838.060491221
              ],
              [
                702886.3729781586,
                6174804.923776661
              ],
              [
                702882.5641603931,
                6174778.642934078
              ],
              [
                702881.4215150634,
                6174756.9326728145
              ],
              [
                702884.8494510524,
                6174730.651830232
              ],
              [
                702878.7553426275,
                6174712.7503867345
              ],
              [
                702879.1362244041,
                6174677.709263291
              ],
              [
                702793.0569429022,
                6174682.27984461
              ],
              [
                702799.5319331036,
                6174779.023815855
              ],
              [
                702805.2451597519,
                6174835.013437009
              ],
              [
                702807.9113321877,
                6174875.958227991
              ],
              [
                702807.8161117436,
                6174885.480272405
              ],
              [
                702809.3396388498,
                6174895.287978151
              ],
              [
                702810.863165956,
                6174904.905243009
              ],
              [
                702809.434859294,
                6174910.808910546
              ],
              [
                702809.434859294,
                6174923.75889095
              ],
              [
                702808.2922139643,
                6174938.7085006805
              ],
              [
                702809.0539775174,
                6174946.611797545
              ],
              [
                702810.5775046237,
                6174957.0860464005
              ],
              [
                702809.7205206264,
                6174967.274633924
              ],
              [
                702807.2447890787,
                6174977.177560113
              ],
              [
                702803.8168530897,
                6174980.319834771
              ],
              [
                702799.3414922152,
                6174995.364664945
              ],
              [
                702798.0084059973,
                6175004.791488915
              ],
              [
                702795.2470131172,
                6175012.50434489
              ],
              [
                702789.5337864689,
                6175017.5510284295
              ],
              [
                702784.6775438178,
                6175022.312050637
              ],
              [
                702784.0110007088,
                6175033.167181268
              ],
              [
                702779.9165216108,
                6175036.119015037
              ],
              [
                702782.5826940467,
                6175085.63364599
              ],
              [
                702785.2488664825,
                6175155.239790656
              ],
              [
                702790.7716522425,
                6175155.430231546
              ],
              [
                702796.2944380026,
                6175158.858167535
              ],
              [
                702797.246642444,
                6175178.5687994715
              ],
              [
                702795.3422335612,
                6175180.473208355
              ],
              [
                702796.2944380027,
                6175190.94745721
              ],
              [
                702784.0110007088,
                6175205.897066941
              ],
              [
                702784.6775438178,
                6175230.463941528
              ],
              [
                702795.3422335613,
                6175240.842969939
              ],
              [
                702797.6275242206,
                6175239.795545054
              ],
              [
                702802.3885464276,
                6175242.461717489
              ],
              [
                702795.151792673,
                6175251.22199835
              ],
              [
                702791.5334157958,
                6175248.174944137
              ],
              [
                702785.4393073708,
                6175255.221257004
              ],
              [
                702787.4389366977,
                6175310.829996383
              ],
              [
                702792.2951793488,
                6175311.210878159
              ],
              [
                702801.4363419862,
                6175318.82851369
              ],
              [
                702802.9598690923,
                6175341.490979396
              ],
              [
                702799.0558308826,
                6175342.157522504
              ],
              [
                702799.0558308826,
                6175349.299055815
              ],
              [
                702794.8661313405,
                6175351.01302381
              ],
              [
                702797.1514219996,
                6175410.716242286
              ],
              [
                702807.6256708548,
                6175418.905200482
              ],
              [
                702809.6253001818,
                6175444.329059068
              ],
              [
                702809.2444184052,
                6175450.137506161
              ],
              [
                702803.3407508685,
                6175457.469480359
              ],
              [
                702799.8175944354,
                6175459.08822791
              ],
              [
                702799.3414922147,
                6175464.039691005
              ],
              [
                702794.2948086753,
                6175464.325352337
              ],
              [
                702797.1514219996,
                6175518.696225941
              ],
              [
                702805.721261972,
                6175518.601005497
              ],
              [
                702811.2440477321,
                6175524.599893479
              ],
              [
                702808.8635366285,
                6175527.456506803
              ],
              [
                702811.9105908411,
                6175530.694001903
              ],
              [
                702809.81574107,
                6175533.550615228
              ],
              [
                702832.2877658869,
                6175552.785144944
              ],
              [
                702835.5252609876,
                6175609.822190984
              ],
              [
                702838.477094756,
                6175620.48688073
              ],
              [
                702820.766092146,
                6175637.055238009
              ],
              [
                702822.0991783639,
                6175651.719186408
              ],
              [
                702824.2892485792,
                6175692.283095611
              ],
              [
                702830.8594592247,
                6175683.808476083
              ],
              [
                702838.0009925353,
                6175690.473907174
              ],
              [
                702839.905401418,
                6175714.945561318
              ],
              [
                702837.144008538,
                6175714.850340874
              ],
              [
                702836.8583472056,
                6175722.087094628
              ],
              [
                702833.5256316607,
                6175724.372385288
              ],
              [
                702838.0009925353,
                6175814.355704997
              ],
              [
                702842.9524556305,
                6175813.784382332
              ],
              [
                702848.094359614,
                6175825.401276517
              ],
              [
                702833.04952944,
                6175841.207870244
              ],
              [
                702835.5252609876,
                6175887.485006096
              ],
              [
                702843.7142191835,
                6175889.008533202
              ],
              [
                702842.7620147422,
                6175896.626168733
              ],
              [
                702852.2840591561,
                6175905.576890483
              ],
              [
                702853.0458227092,
                6175923.859215757
              ],
              [
                702845.4281871781,
                6175935.8569917185
              ],
              [
                702849.0465640554,
                6175993.370139979
              ],
              [
                702853.8075862622,
                6175992.608376426
              ],
              [
                702858.1877266926,
                6176005.558356829
              ],
              [
                702844.666423625,
                6176021.174509668
              ],
              [
                702849.6178867202,
                6176094.303810767
              ],
              [
                702859.5208129107,
                6176102.873650739
              ],
              [
                702867.7097711067,
                6176102.302328074
              ],
              [
                702878.184019962,
                6176111.443490712
              ],
              [
                702879.1362244034,
                6176120.775094237
              ],
              [
                702886.1825372697,
                6176127.059643551
              ],
              [
                702889.9913550352,
                6176126.678761774
              ],
              [
                702890.3722368118,
                6176141.342710171
              ],
              [
                702884.6590101635,
                6176141.723591948
              ],
              [
                702888.8487097056,
                6176198.665417543
              ],
              [
                702880.850192398,
                6176199.236740208
              ],
              [
                702888.467827929,
                6176279.793235949
              ],
              [
                702872.089911537,
                6176299.408647442
              ],
              [
                702871.7090297604,
                6176302.265260766
              ],
              [
                702886.5634190461,
                6176302.074819879
              ],
              [
                702892.6575274711,
                6176391.772478257
              ],
              [
                702898.3707541195,
                6176391.582037369
              ],
              [
                702902.5604536613,
                6176434.050355456
              ],
              [
                702918.3670473882,
                6176643.535332561
              ],
              [
                702918.9383700531,
                6176660.103689841
              ],
              [
                702890.5626776996,
                6176713.808020337
              ],
              [
                702883.1354830568,
                6176731.899904723
              ],
              [
                702887.7060643755,
                6176794.935838742
              ],
              [
                702898.5611950074,
                6176951.192587576
              ],
              [
                702903.8935398791,
                6176966.52307908
              ],
              [
                702910.9398527454,
                6176979.66350037
              ],
              [
                702914.1773478461,
                6176986.519372349
              ],
              [
                702921.6045424889,
                6176992.423039885
              ],
              [
                702941.7912766465,
                6177002.992509184
              ],
              [
                702942.0769379787,
                6177025.0836522225
              ],
              [
                702953.884273052,
                6177038.033632626
              ],
              [
                702943.0291424202,
                6177049.269645034
              ],
              [
                702946.0761966326,
                6177119.161451033
              ],
              [
                702958.2644134824,
                6177329.789073467
              ],
              [
                702964.7394036837,
                6177434.912443796
              ],
              [
                702970.0717485553,
                6177526.13362928
              ],
              [
                702971.214393885,
                6177544.035072778
              ],
              [
                702979.7842338574,
                6177626.495977403
              ],
              [
                702989.3062782713,
                6177706.100268702
              ],
              [
                702994.4481822548,
                6177757.328867648
              ],
              [
                703003.0180222275,
                6177836.171395394
              ],
              [
                703012.5400666413,
                6177915.775686696
              ],
              [
                703052.9135349564,
                6177911.9668689305
              ],
              [
                703063.1973429234,
                6177953.102100799
              ],
              [
                703081.8605499747,
                6177951.578573693
              ],
              [
                703093.2870032714,
                6178014.043185048
              ],
              [
                703099.7619934729,
                6178025.850520121
              ],
              [
                703111.1884467696,
                6178029.27845611
              ],
              [
                703154.9898510737,
                6178026.612283674
              ],
              [
                703276.872019572,
                6178016.709357483
              ],
              [
                703366.3792370629,
                6178010.615249058
              ],
              [
                703377.8056903596,
                6178004.521140634
              ],
              [
                703386.1850894438,
                6177991.952042007
              ]
            ]
          ]
        ]
      }
    },
    {
      "type": "Feature",
      "properties": {
        "nom": "Plage Centrale de Sainte-Marie",
        "info": true,
        "cara": false,
        "regl": false,
        "tech": false,
        "projet": "Pratique de nettoyage des plages",
        "id": null,
        "Nom": "Plage Centrale de Sainte-Marie",
        "Surf": 40224,
        "Commune": "Sainte-Marie-la-Mer",
        "Mai-Juin": "Mécanique",
        "Juill-Aoû": "Mécanique",
        "Septembre": "Mécanique",
        "Juin_MecaF": "1 jour sur 7",
        "JA_MecaF": "7 jours sur 7",
        "Sept_MecaF": "1 jour sur 7",
        "Juin_ManF": "Jamais",
        "JA_ManF": "Jamais",
        "Sept_ManF": "Jamais"
      },
      "geometry": {
        "type": "MultiPolygon",
        "coordinates": [
          [
            [
              [
                703080.6226841997,
                6182131.279969145
              ],
              [
                703130.7086378175,
                6182128.328135382
              ],
              [
                703128.6137880465,
                6182110.998014549
              ],
              [
                703128.6137880465,
                6182103.666040351
              ],
              [
                703128.6137880464,
                6182085.288494631
              ],
              [
                703129.3755515995,
                6182076.52821377
              ],
              [
                703130.327756041,
                6182063.006910702
              ],
              [
                703128.6137880464,
                6182047.581198752
              ],
              [
                703126.5189382754,
                6182032.726809466
              ],
              [
                703122.9005613981,
                6182019.395947287
              ],
              [
                703120.805711627,
                6182006.255525997
              ],
              [
                703122.4244591773,
                6181990.639373158
              ],
              [
                703121.2818138476,
                6181977.7846131995
              ],
              [
                703119.1869640766,
                6181961.311476363
              ],
              [
                703119.3774049649,
                6181943.790914638
              ],
              [
                703117.6634369704,
                6181929.698288905
              ],
              [
                703114.616382758,
                6181910.082877412
              ],
              [
                703112.7119738752,
                6181889.896143255
              ],
              [
                703114.8068236462,
                6181858.663837578
              ],
              [
                703114.2355009813,
                6181842.285921186
              ],
              [
                703111.3788876572,
                6181822.099187029
              ],
              [
                703106.8083063385,
                6181801.722011983
              ],
              [
                703106.4274245619,
                6181784.201450261
              ],
              [
                703105.6656610088,
                6181759.06325301
              ],
              [
                703104.9038974557,
                6181744.0184228355
              ],
              [
                703102.2377250198,
                6181715.452289594
              ],
              [
                703102.0472841315,
                6181694.503791884
              ],
              [
                703105.094338344,
                6181672.222207955
              ],
              [
                703108.7127152212,
                6181649.1788604725
              ],
              [
                703108.5222743329,
                6181638.895052505
              ],
              [
                703108.3318334447,
                6181630.325212533
              ],
              [
                703103.9516930142,
                6181618.1369956825
              ],
              [
                703099.3811116957,
                6181609.56715571
              ],
              [
                703095.9531757066,
                6181601.759079291
              ],
              [
                703098.0480254777,
                6181591.284830435
              ],
              [
                703104.7134565675,
                6181570.336332724
              ],
              [
                703107.1891881151,
                6181556.243706992
              ],
              [
                703107.5700698916,
                6181537.580499941
              ],
              [
                703103.7612521261,
                6181522.345228878
              ],
              [
                703097.8575845894,
                6181509.585689363
              ],
              [
                703095.0009712653,
                6181500.254085838
              ],
              [
                703095.8579552624,
                6181490.255939204
              ],
              [
                703097.1910414804,
                6181485.494916998
              ],
              [
                703097.2862619245,
                6181471.116629933
              ],
              [
                703094.905750821,
                6181452.548643325
              ],
              [
                703094.0487668237,
                6181436.646829155
              ],
              [
                703090.3351695022,
                6181430.55272073
              ],
              [
                703086.5263517366,
                6181409.794663908
              ],
              [
                703083.4792975242,
                6181393.702408848
              ],
              [
                703083.3840770801,
                6181373.420454245
              ],
              [
                703089.0973037285,
                6181353.424160976
              ],
              [
                703093.4774441589,
                6181340.474180573
              ],
              [
                703095.0009712651,
                6181319.525682863
              ],
              [
                703097.0958210361,
                6181309.0514340075
              ],
              [
                703104.9038974555,
                6181291.530872285
              ],
              [
                703108.3318334447,
                6181278.771332771
              ],
              [
                703108.9031561094,
                6181256.489748841
              ],
              [
                703114.0450600929,
                6181226.019206717
              ],
              [
                703136.5170849098,
                6181188.121469949
              ],
              [
                703162.9883683805,
                6181159.555336707
              ],
              [
                703139.5641391223,
                6181159.17445493
              ],
              [
                703083.3840770801,
                6181147.748001634
              ],
              [
                703077.2899686552,
                6181146.986238081
              ],
              [
                703074.0524735544,
                6181154.413432724
              ],
              [
                703066.8157197998,
                6181271.344138126
              ],
              [
                703057.1032344975,
                6181434.171097604
              ],
              [
                703049.8664807428,
                6181591.475271324
              ],
              [
                703051.7708896257,
                6181618.898759236
              ],
              [
                703052.7230940671,
                6181628.325583206
              ],
              [
                703057.5793367182,
                6181642.132547604
              ],
              [
                703062.340358925,
                6181652.416355571
              ],
              [
                703068.2440264617,
                6181662.128840873
              ],
              [
                703073.3859304453,
                6181675.650143941
              ],
              [
                703075.290339328,
                6181688.219242567
              ],
              [
                703073.3859304453,
                6181699.836136753
              ],
              [
                703065.9587358024,
                6181716.214053145
              ],
              [
                703057.9602184948,
                6181728.592710882
              ],
              [
                703047.9620718601,
                6181739.1621801825
              ],
              [
                703045.2006789801,
                6181747.636799711
              ],
              [
                703046.2481038657,
                6181755.254435242
              ],
              [
                703048.3429536367,
                6181762.681629885
              ],
              [
                703052.1517714022,
                6181769.4422814185
              ],
              [
                703060.0550682658,
                6181786.77240225
              ],
              [
                703063.4830042548,
                6181793.056951563
              ],
              [
                703070.529317121,
                6181803.531200418
              ],
              [
                703080.2418024233,
                6181821.8135256935
              ],
              [
                703082.9079748591,
                6181836.477474091
              ],
              [
                703083.0984157474,
                6181852.093626929
              ],
              [
                703081.3844477528,
                6181859.139939795
              ],
              [
                703076.8138664342,
                6181865.995811773
              ],
              [
                703080.6226841998,
                6181876.089178852
              ],
              [
                703085.3837064067,
                6181882.564169053
              ],
              [
                703084.2410610771,
                6181891.895772579
              ],
              [
                703081.5748886411,
                6181901.79869877
              ],
              [
                703080.4322433115,
                6181910.749420519
              ],
              [
                703082.5270930825,
                6181918.557496938
              ],
              [
                703083.6697384123,
                6181929.603068458
              ],
              [
                703082.5270930823,
                6181940.267758202
              ],
              [
                703084.6219428533,
                6181954.550824823
              ],
              [
                703085.9550290713,
                6181975.308881645
              ],
              [
                703082.1462113057,
                6181993.210325143
              ],
              [
                703077.1947482105,
                6182002.732369557
              ],
              [
                703083.0984157473,
                6182007.302950876
              ],
              [
                703089.1925241721,
                6182012.254413971
              ],
              [
                703094.3344281557,
                6182021.395576608
              ],
              [
                703096.4292779268,
                6182031.298502799
              ],
              [
                703095.6675143737,
                6182037.202170336
              ],
              [
                703097.1910414798,
                6182042.915396984
              ],
              [
                703098.5241276978,
                6182057.579345382
              ],
              [
                703100.0476548041,
                6182066.910948907
              ],
              [
                703097.0006005915,
                6182073.957261774
              ],
              [
                703093.0013419378,
                6182077.766079538
              ],
              [
                703083.2888566356,
                6182082.336660856
              ],
              [
                703075.2903393279,
                6182083.0984244095
              ],
              [
                703072.624166892,
                6182088.430769281
              ],
              [
                703076.8138664342,
                6182094.334436818
              ],
              [
                703076.4329846576,
                6182103.856481232
              ],
              [
                703076.8138664342,
                6182110.331471434
              ],
              [
                703076.8138664342,
                6182117.758666077
              ],
              [
                703075.8616619927,
                6182125.1858607195
              ],
              [
                703080.6226841997,
                6182131.279969145
              ]
            ]
          ]
        ]
      }
    },
    {
      "type": "Feature",
      "properties": {
        "nom": "Plage Centrale de Torreilles",
        "info": true,
        "cara": false,
        "regl": false,
        "tech": false,
        "projet": "Pratique de nettoyage des plages",
        "id": null,
        "Nom": "Plage Centrale de Torreilles",
        "Surf": 23900,
        "Commune": "Torreilles",
        "Mai-Juin": "Mécanique",
        "Juill-Aoû": "Mixte dominante manuelle",
        "Septembre": "Mécanique",
        "Juin_MecaF": "3 jours sur 7",
        "JA_MecaF": "3 jours sur 7",
        "Sept_MecaF": "3 jours sur 7",
        "Juin_ManF": "Jamais",
        "JA_ManF": "4 jours sur 7",
        "Sept_ManF": "Jamais"
      },
      "geometry": {
        "type": "MultiPolygon",
        "coordinates": [
          [
            [
              [
                703117.520606304,
                6185258.271744445
              ],
              [
                703152.371288859,
                6185254.843808456
              ],
              [
                703155.4183430715,
                6185226.658556991
              ],
              [
                703152.7521706356,
                6185203.234327733
              ],
              [
                703153.704375077,
                6185167.812322513
              ],
              [
                703152.9426115239,
                6185135.246930619
              ],
              [
                703152.1808479708,
                6185112.774905802
              ],
              [
                703145.3249759928,
                6185072.02055571
              ],
              [
                703145.5154168811,
                6185064.593361068
              ],
              [
                703144.9440942162,
                6185049.358090006
              ],
              [
                703143.9918897749,
                6185029.361796737
              ],
              [
                703146.2771804342,
                6185016.983138998
              ],
              [
                703148.5624710936,
                6184998.319931947
              ],
              [
                703144.5632124397,
                6184972.9912938075
              ],
              [
                703140.7543946741,
                6184946.900892113
              ],
              [
                703139.4213084561,
                6184930.9038574975
              ],
              [
                703139.2308675678,
                6184911.85976867
              ],
              [
                703137.4216791291,
                6184902.813826478
              ],
              [
                703137.1360177967,
                6184894.910529614
              ],
              [
                703136.5646951318,
                6184886.912012307
              ],
              [
                703137.2312382408,
                6184873.009827463
              ],
              [
                703136.2790337994,
                6184854.346620412
              ],
              [
                703132.1845547014,
                6184839.587451569
              ],
              [
                703129.8992640421,
                6184822.257330735
              ],
              [
                703128.9470596007,
                6184809.783452554
              ],
              [
                703127.9948551593,
                6184799.404424142
              ],
              [
                703127.4235324945,
                6184787.597089069
              ],
              [
                703126.8522098296,
                6184780.645996646
              ],
              [
                703126.9474302738,
                6184772.2665975625
              ],
              [
                703127.5187529386,
                6184768.553000241
              ],
              [
                703126.9474302736,
                6184760.173601156
              ],
              [
                703126.1856667205,
                6184753.698610955
              ],
              [
                703126.6617689412,
                6184744.271786985
              ],
              [
                703126.0904462764,
                6184737.225474119
              ],
              [
                703127.1378711619,
                6184722.561525721
              ],
              [
                703126.4713280529,
                6184712.849040419
              ],
              [
                703125.1382418349,
                6184706.278829771
              ],
              [
                703125.5191236115,
                6184699.80383957
              ],
              [
                703126.7569893854,
                6184686.949079611
              ],
              [
                703128.4709573799,
                6184671.618588105
              ],
              [
                703127.8044142708,
                6184665.52447968
              ],
              [
                703126.1856667205,
                6184652.5744992765
              ],
              [
                703124.5669191701,
                6184647.527815738
              ],
              [
                703123.805155617,
                6184642.29069131
              ],
              [
                703123.9955965052,
                6184636.006141997
              ],
              [
                703123.3290533964,
                6184628.293286022
              ],
              [
                703124.1860373935,
                6184616.009848728
              ],
              [
                703125.5191236116,
                6184610.677503854
              ],
              [
                703126.3761076089,
                6184604.39295454
              ],
              [
                703129.3279413772,
                6184594.775689682
              ],
              [
                703130.2801458186,
                6184588.491140369
              ],
              [
                703129.232720933,
                6184574.969837301
              ],
              [
                703127.0426507178,
                6184562.400738675
              ],
              [
                703121.2342036254,
                6184550.4029627135
              ],
              [
                703118.377590301,
                6184536.405557424
              ],
              [
                703116.3779609741,
                6184519.646759256
              ],
              [
                703115.9970791976,
                6184503.459283751
              ],
              [
                703117.0445040831,
                6184497.079513995
              ],
              [
                703117.3301654155,
                6184492.985034897
              ],
              [
                703115.3305360886,
                6184484.415194924
              ],
              [
                703115.7114178651,
                6184478.606747831
              ],
              [
                703113.8070089823,
                6184469.751246526
              ],
              [
                703115.8066383092,
                6184457.467809232
              ],
              [
                703117.044504083,
                6184438.995043069
              ],
              [
                703121.7103058458,
                6184409.286264499
              ],
              [
                703128.7566187121,
                6184394.527095657
              ],
              [
                703130.3753662625,
                6184386.9094601255
              ],
              [
                703129.5183822652,
                6184379.9583677035
              ],
              [
                703127.233091606,
                6184375.292565941
              ],
              [
                703125.1382418348,
                6184365.865741971
              ],
              [
                703124.1860373934,
                6184354.534509119
              ],
              [
                703124.1860373934,
                6184339.394458496
              ],
              [
                703125.900005388,
                6184329.872414081
              ],
              [
                703088.3831503971,
                6184327.968005199
              ],
              [
                703091.3349841657,
                6184370.436323287
              ],
              [
                703099.2382810294,
                6184367.294048634
              ],
              [
                703099.4287219177,
                6184385.766814797
              ],
              [
                703096.5721085934,
                6184428.996896436
              ],
              [
                703097.1434312583,
                6184459.467438562
              ],
              [
                703100.9522490238,
                6184498.507820658
              ],
              [
                703103.2375396832,
                6184520.789404588
              ],
              [
                703101.5235716887,
                6184567.256981327
              ],
              [
                703102.0948943535,
                6184621.342193599
              ],
              [
                703105.903712119,
                6184692.757526704
              ],
              [
                703109.3316481081,
                6184731.417027025
              ],
              [
                703110.2838525494,
                6184756.555224279
              ],
              [
                703113.3309067619,
                6184789.120616174
              ],
              [
                703114.4735520915,
                6184847.395527988
              ],
              [
                703115.6161974211,
                6184921.096151753
              ],
              [
                703115.5209769771,
                6184990.797516864
              ],
              [
                703116.5684018625,
                6185071.163571715
              ],
              [
                703115.8066383095,
                6185105.252490718
              ],
              [
                703115.520976977,
                6185172.002022059
              ],
              [
                703114.5687725355,
                6185185.713766012
              ],
              [
                703115.520976977,
                6185221.135771233
              ],
              [
                703107.6176801133,
                6185221.040550789
              ],
              [
                703109.0459867754,
                6185259.509610221
              ],
              [
                703117.520606304,
                6185258.271744445
              ]
            ]
          ]
        ]
      }
    },
    {
      "type": "Feature",
      "properties": {
        "nom": "Plage de Peyrefite",
        "info": true,
        "cara": false,
        "regl": false,
        "tech": false,
        "projet": "Pratique de nettoyage des plages",
        "id": null,
        "Nom": "Plage de Peyrefite",
        "Surf": 7261,
        "Commune": "Banyuls-sur-Mer",
        "Mai-Juin": "Non-nettoyée",
        "Juill-Aoû": "Manuelle",
        "Septembre": "Non-nettoyée",
        "Juin_MecaF": "Jamais",
        "JA_MecaF": "Jamais",
        "Sept_MecaF": "Jamais",
        "Juin_ManF": "Jamais",
        "JA_ManF": "7 jours sur 7",
        "Sept_ManF": "Jamais"
      },
      "geometry": {
        "type": "MultiPolygon",
        "coordinates": [
          [
            [
              [
                712962.0439325054,
                6151251.1348296525
              ],
              [
                712962.9477828154,
                6151250.893802902
              ],
              [
                712962.4054726297,
                6151250.050209279
              ],
              [
                712961.8631624439,
                6151249.025845595
              ],
              [
                712961.3208522581,
                6151248.483535409
              ],
              [
                712960.115718512,
                6151247.218144976
              ],
              [
                712957.946477769,
                6151244.868134171
              ],
              [
                712953.9092797191,
                6151241.674529743
              ],
              [
                712952.1015790999,
                6151238.059128505
              ],
              [
                712949.6913116076,
                6151232.394999898
              ],
              [
                712945.5938568708,
                6151223.356496802
              ],
              [
                712940.4117817624,
                6151210.582079093
              ],
              [
                712936.6156104621,
                6151195.578163954
              ],
              [
                712933.7232894714,
                6151184.671703552
              ],
              [
                712932.2168722887,
                6151170.631895411
              ],
              [
                712933.0002092237,
                6151158.881841386
              ],
              [
                712936.2540703383,
                6151136.165070271
              ],
              [
                712942.8823059421,
                6151108.205967361
              ],
              [
                712945.7746269328,
                6151101.698245132
              ],
              [
                712956.5003172734,
                6151086.393046556
              ],
              [
                712964.2131732487,
                6151077.957110333
              ],
              [
                712983.3747998123,
                6151065.785259497
              ],
              [
                712991.5697092861,
                6151061.085237887
              ],
              [
                712991.5697092861,
                6151057.349323274
              ],
              [
                712989.8825220414,
                6151054.818542407
              ],
              [
                712987.3517411746,
                6151054.577515658
              ],
              [
                712968.5516547349,
                6151063.857045503
              ],
              [
                712956.8618573972,
                6151070.003227608
              ],
              [
                712946.8592473044,
                6151077.113516711
              ],
              [
                712937.8207442083,
                6151086.634073305
              ],
              [
                712930.3489149819,
                6151092.780255412
              ],
              [
                712925.7694067467,
                6151097.72130377
              ],
              [
                712912.9949890376,
                6151101.698245133
              ],
              [
                712901.9077585732,
                6151105.795699869
              ],
              [
                712894.1949025978,
                6151111.8213686
              ],
              [
                712890.8205281086,
                6151117.123957084
              ],
              [
                712891.0615548579,
                6151121.823978693
              ],
              [
                712891.061554858,
                6151132.911209157
              ],
              [
                712892.2666886041,
                6151138.093284265
              ],
              [
                712894.3154159725,
                6151148.698461231
              ],
              [
                712893.230795601,
                6151155.688236959
              ],
              [
                712889.494880988,
                6151159.665178321
              ],
              [
                712874.4307091613,
                6151166.17290055
              ],
              [
                712874.0691690374,
                6151169.426761664
              ],
              [
                712886.6025599972,
                6151191.1191690955
              ],
              [
                712899.1359509571,
                6151195.457650581
              ],
              [
                712911.910368666,
                6151210.642335783
              ],
              [
                712909.2590744246,
                6151215.1013306435
              ],
              [
                712911.307801793,
                6151218.596218507
              ],
              [
                712915.646283279,
                6151234.021930458
              ],
              [
                712917.4539838983,
                6151244.024540551
              ],
              [
                712921.912978759,
                6151247.639941789
              ],
              [
                712933.8438028458,
                6151251.978423275
              ],
              [
                712935.2899633412,
                6151255.232284389
              ],
              [
                712940.8335785734,
                6151256.557931511
              ],
              [
                712946.859247304,
                6151254.027150644
              ],
              [
                712962.0439325054,
                6151251.1348296525
              ]
            ]
          ]
        ]
      }
    },
    {
      "type": "Feature",
      "properties": {
        "nom": "Plage Centrale Cerbère",
        "info": true,
        "cara": false,
        "regl": false,
        "tech": false,
        "projet": "Pratique de nettoyage des plages",
        "id": null,
        "Nom": "Plage Centrale Cerbère",
        "Surf": 2345,
        "Commune": "Cerbère",
        "Mai-Juin": "Manuelle",
        "Juill-Aoû": "Manuelle",
        "Septembre": "Manuelle",
        "Juin_MecaF": "Jamais",
        "JA_MecaF": "Jamais",
        "Sept_MecaF": "Jamais",
        "Juin_ManF": "Le plus souvent possible",
        "JA_ManF": "Le plus souvent possible",
        "Sept_ManF": "Le plus souvent possible"
      },
      "geometry": {
        "type": "MultiPolygon",
        "coordinates": [
          [
            [
              [
                713669.6080832072,
                6149024.589976975
              ],
              [
                713670.150393393,
                6149023.414971577
              ],
              [
                713670.060008362,
                6149022.511121267
              ],
              [
                713669.8792383001,
                6149020.974575741
              ],
              [
                713669.4273131454,
                6149019.347645184
              ],
              [
                713668.2523077428,
                6149017.539944565
              ],
              [
                713661.5638154518,
                6149025.58421232
              ],
              [
                713658.0387992441,
                6149033.809250138
              ],
              [
                713650.6272267053,
                6149062.2805348905
              ],
              [
                713651.711847077,
                6149071.770963142
              ],
              [
                713653.6099327272,
                6149086.322953126
              ],
              [
                713653.0676225414,
                6149103.857649133
              ],
              [
                713657.6772591203,
                6149118.680794209
              ],
              [
                713663.1907460088,
                6149126.453906872
              ],
              [
                713665.8119119067,
                6149131.786623699
              ],
              [
                713668.5234628355,
                6149138.294345928
              ],
              [
                713668.7042328974,
                6149143.446292693
              ],
              [
                713672.7715592906,
                6149156.642507213
              ],
              [
                713678.1946611482,
                6149166.494475587
              ],
              [
                713685.9677738108,
                6149166.494475587
              ],
              [
                713698.8024482072,
                6149164.686774968
              ],
              [
                713693.1985762876,
                6149154.925191625
              ],
              [
                713691.3004906374,
                6149152.484795788
              ],
              [
                713688.6793247396,
                6149150.225170014
              ],
              [
                713685.0639235012,
                6149138.47511599
              ],
              [
                713683.5273779749,
                6149132.238548853
              ],
              [
                713681.9908324487,
                6149129.978923079
              ],
              [
                713678.6465863031,
                6149120.940419982
              ],
              [
                713678.1042761174,
                6149113.438462413
              ],
              [
                713675.3023401576,
                6149109.46152105
              ],
              [
                713673.2234844455,
                6149095.090301125
              ],
              [
                713668.3426927737,
                6149077.826760211
              ],
              [
                713666.5349921545,
                6149065.353625939
              ],
              [
                713664.9984466281,
                6149056.224737811
              ],
              [
                713665.4503717829,
                6149038.870811867
              ],
              [
                713669.6080832072,
                6149024.589976975
              ]
            ]
          ]
        ]
      }
    },
    {
      "type": "Feature",
      "properties": {
        "nom": "Plage de Cerbère Plongée",
        "info": true,
        "cara": false,
        "regl": false,
        "tech": false,
        "projet": "Pratique de nettoyage des plages",
        "id": null,
        "Nom": "Plage de Cerbère Plongée",
        "Surf": 518,
        "Commune": "Cerbère",
        "Mai-Juin": "Manuelle",
        "Juill-Aoû": "Manuelle",
        "Septembre": "Manuelle",
        "Juin_MecaF": "Jamais",
        "JA_MecaF": "Jamais",
        "Sept_MecaF": "Jamais",
        "Juin_ManF": "Le plus souvent possible",
        "JA_ManF": "Le plus souvent possible",
        "Sept_ManF": "Le plus souvent possible"
      },
      "geometry": {
        "type": "MultiPolygon",
        "coordinates": [
          [
            [
              [
                713703.7736249114,
                6148974.381092296
              ],
              [
                713712.0890477598,
                6148966.336824541
              ],
              [
                713718.2352298651,
                6148959.467562187
              ],
              [
                713723.3871766299,
                6148954.541578001
              ],
              [
                713728.3131608171,
                6148950.112711484
              ],
              [
                713730.9795192305,
                6148949.028091112
              ],
              [
                713734.1881878296,
                6148948.3050108645
              ],
              [
                713735.0920381392,
                6148940.577090717
              ],
              [
                713734.4593429224,
                6148937.594384696
              ],
              [
                713716.4275292458,
                6148947.130005463
              ],
              [
                713697.5822502906,
                6148959.241599612
              ],
              [
                713697.2659026822,
                6148973.748397081
              ],
              [
                713698.1697529918,
                6148974.471477329
              ],
              [
                713700.3389937349,
                6148974.0647446895
              ],
              [
                713701.5591916528,
                6148973.341664442
              ],
              [
                713702.4630419625,
                6148972.980124318
              ],
              [
                713703.2765072411,
                6148972.980124318
              ],
              [
                713703.7736249114,
                6148974.381092296
              ]
            ]
          ]
        ]
      }
    },
    {
      "type": "Feature",
      "properties": {
        "nom": "Plage des Coussoules",
        "info": true,
        "cara": false,
        "regl": false,
        "tech": false,
        "projet": "Pratique de nettoyage des plages",
        "id": null,
        "Nom": "Plage des Coussoules",
        "Surf": 258764,
        "Commune": "Leucate",
        "Mai-Juin": "Mixte dominante manuelle",
        "Juill-Aoû": "Mixte dominante mécanique",
        "Septembre": "Mixte dominante mécanique",
        "Juin_MecaF": "2 jours sur 7",
        "JA_MecaF": "7 jours sur 7",
        "Sept_MecaF": "7 jours sur 7",
        "Juin_ManF": "3 jours sur 7",
        "JA_ManF": "7 jours sur 7",
        "Sept_ManF": "3 jours sur 7"
      },
      "geometry": {
        "type": "MultiPolygon",
        "coordinates": [
          [
            [
              [
                703476.0969938207,
                6206838.811023183
              ],
              [
                703492.3479496206,
                6206753.493505235
              ],
              [
                703551.2576643949,
                6206738.258234172
              ],
              [
                703563.4458812448,
                6206684.426943085
              ],
              [
                703563.4458812448,
                6206647.862292536
              ],
              [
                703547.194925445,
                6206586.921208287
              ],
              [
                703527.8969154328,
                6206537.152656149
              ],
              [
                703524.8498612202,
                6206486.368419275
              ],
              [
                703517.7400680578,
                6206454.882192413
              ],
              [
                703508.5989054204,
                6206430.505758713
              ],
              [
                703499.457742783,
                6206394.956792901
              ],
              [
                703493.3636343582,
                6206362.454881301
              ],
              [
                703490.3165801456,
                6206324.874546015
              ],
              [
                703490.3165801456,
                6206290.34126494
              ],
              [
                703485.2381564582,
                6206255.807983865
              ],
              [
                703470.7646489491,
                6206224.067835815
              ],
              [
                703457.5607473617,
                6206195.374741981
              ],
              [
                703454.259771965,
                6206177.0924167065
              ],
              [
                703451.7205601212,
                6206156.016958403
              ],
              [
                703456.2911414399,
                6206132.656209441
              ],
              [
                703459.5921168367,
                6206107.264091004
              ],
              [
                703452.4823236744,
                6206078.063154801
              ],
              [
                703447.4038999869,
                6206071.461204007
              ],
              [
                703443.5950822213,
                6206052.671036364
              ],
              [
                703437.5009737964,
                6206033.626947536
              ],
              [
                703433.1843136621,
                6206028.802445033
              ],
              [
                703429.6294170809,
                6206020.676967133
              ],
              [
                703428.1058899746,
                6206009.5044350205
              ],
              [
                703423.0274662871,
                6205993.761321589
              ],
              [
                703416.4255154935,
                6205977.002523421
              ],
              [
                703415.409830756,
                6205963.798621833
              ],
              [
                703413.6323824654,
                6205950.848641431
              ],
              [
                703409.315722331,
                6205921.901626412
              ],
              [
                703407.2843528561,
                6205899.048719819
              ],
              [
                703407.0304316713,
                6205882.162961057
              ],
              [
                703408.3000375932,
                6205864.89632052
              ],
              [
                703400.4284808777,
                6205846.613995246
              ],
              [
                703396.3657419276,
                6205828.077748786
              ],
              [
                703394.3343724527,
                6205812.080714171
              ],
              [
                703388.6211458045,
                6205780.975369083
              ],
              [
                703384.8123280389,
                6205760.9155955175
              ],
              [
                703380.4956679046,
                6205747.457772746
              ],
              [
                703373.8937171109,
                6205736.6661224095
              ],
              [
                703370.8466628984,
                6205726.001432667
              ],
              [
                703370.3388205296,
                6205719.9073242415
              ],
              [
                703369.5770569766,
                6205713.051452263
              ],
              [
                703368.0535298703,
                6205702.259801927
              ],
              [
                703367.9265692782,
                6205693.753442251
              ],
              [
                703369.4500963844,
                6205686.389727904
              ],
              [
                703369.3231357923,
                6205679.152974149
              ],
              [
                703366.1491209876,
                6205670.265732696
              ],
              [
                703363.1020667751,
                6205661.251530651
              ],
              [
                703359.039327825,
                6205653.887816304
              ],
              [
                703357.3888401266,
                6205643.6040083375
              ],
              [
                703356.6270765734,
                6205626.972170761
              ],
              [
                703353.7069829531,
                6205614.276111542
              ],
              [
                703351.1677711094,
                6205601.580052324
              ],
              [
                703351.9295346626,
                6205590.407520211
              ],
              [
                703354.0878647298,
                6205575.553130926
              ],
              [
                703354.2148253219,
                6205561.460505193
              ],
              [
                703352.6912982157,
                6205551.938460779
              ],
              [
                703350.4060075564,
                6205543.559061695
              ],
              [
                703347.2954730475,
                6205535.941426162
              ],
              [
                703344.184938539,
                6205526.800263525
              ],
              [
                703342.4709705445,
                6205520.8965959875
              ],
              [
                703341.7726872875,
                6205514.802487563
              ],
              [
                703341.7726872873,
                6205506.359608183
              ],
              [
                703342.0900887677,
                6205496.774083473
              ],
              [
                703344.4388597232,
                6205486.6807163935
              ],
              [
                703348.5650789692,
                6205479.570923232
              ],
              [
                703352.8182588076,
                6205466.430501941
              ],
              [
                703354.7861479865,
                6205456.400615158
              ],
              [
                703355.5479115397,
                6205446.94205104
              ],
              [
                703355.738352428,
                6205441.292304687
              ],
              [
                703353.0721799922,
                6205436.721723367
              ],
              [
                703347.8667957126,
                6205429.484969613
              ],
              [
                703343.6770961705,
                6205421.613412898
              ],
              [
                703341.5822463994,
                6205412.726171444
              ],
              [
                703340.8839631424,
                6205405.045055618
              ],
              [
                703340.4396010698,
                6205398.760506304
              ],
              [
                703340.566561662,
                6205380.668621917
              ],
              [
                703340.5030813658,
                6205363.846343453
              ],
              [
                703338.2177907064,
                6205343.278727518
              ],
              [
                703335.0437759018,
                6205338.073343239
              ],
              [
                703332.7584852424,
                6205330.963550077
              ],
              [
                703333.139367019,
                6205324.107678099
              ],
              [
                703335.2976970861,
                6205316.743963752
              ],
              [
                703333.3932882034,
                6205304.555746899
              ],
              [
                703327.1722191863,
                6205276.497456026
              ],
              [
                703319.9354654317,
                6205254.025431209
              ],
              [
                703314.0952781911,
                6205241.075450806
              ],
              [
                703309.0168545038,
                6205223.8088102685
              ],
              [
                703305.7158791069,
                6205205.399524401
              ],
              [
                703302.7957854866,
                6205201.400265748
              ],
              [
                703300.5739751233,
                6205194.925275546
              ],
              [
                703298.0982435757,
                6205183.117940472
              ],
              [
                703296.7651573578,
                6205172.707171913
              ],
              [
                703292.9563395922,
                6205153.663083087
              ],
              [
                703288.004876497,
                6205135.25379722
              ],
              [
                703285.2117434689,
                6205123.954304515
              ],
              [
                703280.514201558,
                6205109.09991523
              ],
              [
                703277.5941079374,
                6205095.642092458
              ],
              [
                703275.943620239,
                6205084.596520937
              ],
              [
                703273.6583295796,
                6205064.409786779
              ],
              [
                703273.9122507641,
                6205049.30147631
              ],
              [
                703271.6269601047,
                6205040.668156042
              ],
              [
                703271.880881289,
                6205032.288756957
              ],
              [
                703274.547053725,
                6205018.703973593
              ],
              [
                703276.4514626077,
                6205010.578495693
              ],
              [
                703275.4357778702,
                6205001.183411871
              ],
              [
                703270.1034329984,
                6204987.598628508
              ],
              [
                703258.9309008861,
                6204967.41189435
              ],
              [
                703250.2975806174,
                6204948.240844931
              ],
              [
                703244.9652357455,
                6204935.036943344
              ],
              [
                703240.521615019,
                6204915.104130371
              ],
              [
                703239.6328908737,
                6204899.995819901
              ],
              [
                703241.0294573877,
                6204879.04732219
              ],
              [
                703242.9338662705,
                6204849.211583026
              ],
              [
                703244.7113145612,
                6204809.853799447
              ],
              [
                703243.9495510081,
                6204782.684232719
              ],
              [
                703238.8711273206,
                6204759.831326126
              ],
              [
                703232.7770188956,
                6204742.310764404
              ],
              [
                703228.2064375769,
                6204726.059808604
              ],
              [
                703227.4446740239,
                6204709.301010436
              ],
              [
                703228.2064375769,
                6204697.366714771
              ],
              [
                703226.9368316551,
                6204692.542212267
              ],
              [
                703221.8584079676,
                6204687.971630949
              ],
              [
                703215.256457174,
                6204678.576547127
              ],
              [
                703212.2094029615,
                6204668.419699752
              ],
              [
                703211.9554817772,
                6204648.613847369
              ],
              [
                703210.431954671,
                6204640.742290653
              ],
              [
                703206.369215721,
                6204633.378576307
              ],
              [
                703205.8613733524,
                6204623.729571301
              ],
              [
                703205.8613733524,
                6204614.588408663
              ],
              [
                703207.8927428273,
                6204605.955088395
              ],
              [
                703208.1466640116,
                6204598.591374047
              ],
              [
                703207.1309792742,
                6204587.164920751
              ],
              [
                703203.8300038773,
                6204577.769836929
              ],
              [
                703202.3064767711,
                6204566.597304816
              ],
              [
                703200.5290284805,
                6204556.186536257
              ],
              [
                703197.481974268,
                6204545.2679253295
              ],
              [
                703194.9427624242,
                6204534.85715677
              ],
              [
                703194.1809988712,
                6204519.367964523
              ],
              [
                703193.1653141336,
                6204502.863087539
              ],
              [
                703196.4662895305,
                6204486.61213174
              ],
              [
                703194.1809988711,
                6204466.552358175
              ],
              [
                703191.6417870274,
                6204449.539638821
              ],
              [
                703193.1653141336,
                6204440.144555
              ],
              [
                703195.1966836086,
                6204433.034761837
              ],
              [
                703191.387865843,
                6204420.8465449875
              ],
              [
                703183.7702303119,
                6204399.5171655
              ],
              [
                703180.9770972838,
                6204380.219155488
              ],
              [
                703180.469254915,
                6204364.729963241
              ],
              [
                703183.0084667589,
                6204350.002534544
              ],
              [
                703180.9770972839,
                6204338.068238879
              ],
              [
                703181.4849396527,
                6204328.673155057
              ],
              [
                703180.199277685,
                6204323.914426636
              ],
              [
                703179.1146573136,
                6204316.8643942205
              ],
              [
                703176.1319512918,
                6204308.594163888
              ],
              [
                703173.8271330023,
                6204297.47680508
              ],
              [
                703172.7425126309,
                6204289.342152293
              ],
              [
                703162.641985421,
                6204290.291195114
              ],
              [
                703161.760731369,
                6204292.460435857
              ],
              [
                703158.371292708,
                6204296.459973477
              ],
              [
                703154.7784877274,
                6204301.476342695
              ],
              [
                703153.0837683969,
                6204303.577794665
              ],
              [
                703150.7111613341,
                6204304.594626264
              ],
              [
                703149.3553858697,
                6204304.797992583
              ],
              [
                703148.4741318178,
                6204303.103273252
              ],
              [
                703148.6774981375,
                6204301.611920241
              ],
              [
                703145.6270033427,
                6204301.27297638
              ],
              [
                703135.0519547204,
                6204307.780698609
              ],
              [
                703136.0009975454,
                6204311.441292363
              ],
              [
                703139.6615912993,
                6204314.559575931
              ],
              [
                703136.9500403706,
                6204316.728816674
              ],
              [
                703135.1875322668,
                6204319.847100242
              ],
              [
                703133.9673343488,
                6204322.694228717
              ],
              [
                703130.4423181415,
                6204320.796143067
              ],
              [
                703126.3749917482,
                6204321.474030799
              ],
              [
                703122.5788204479,
                6204323.236538903
              ],
              [
                703125.5615264695,
                6204329.608683586
              ],
              [
                703127.527400893,
                6204335.302940534
              ],
              [
                703128.6798100377,
                6204340.251520979
              ],
              [
                703124.4769060981,
                6204344.386636148
              ],
              [
                703122.1042990354,
                6204350.487625736
              ],
              [
                703117.2912961367,
                6204353.741486852
              ],
              [
                703119.2571705601,
                6204358.486700976
              ],
              [
                703120.0028470655,
                6204363.36749265
              ],
              [
                703122.0365102622,
                6204371.502145437
              ],
              [
                703121.7653551692,
                6204390.34742439
              ],
              [
                703125.0192162838,
                6204390.754157029
              ],
              [
                703126.6461468411,
                6204387.907028554
              ],
              [
                703128.4086549449,
                6204387.771451008
              ],
              [
                703130.0355855022,
                6204395.499371155
              ],
              [
                703135.5942649062,
                6204406.752307511
              ],
              [
                703128.9867347834,
                6204436.907059898
              ],
              [
                703123.6543899116,
                6204447.571749641
              ],
              [
                703117.8142026709,
                6204465.854074918
              ],
              [
                703117.8142026709,
                6204483.120715455
              ],
              [
                703111.2122518772,
                6204515.622627054
              ],
              [
                703106.6416705585,
                6204536.444164173
              ],
              [
                703102.0710892398,
                6204545.077484442
              ],
              [
                703106.6416705585,
                6204558.281386029
              ],
              [
                703112.2279366147,
                6204575.040184198
              ],
              [
                703117.3063603021,
                6204596.369563685
              ],
              [
                703121.8769416208,
                6204623.793051597
              ],
              [
                703131.0181042582,
                6204655.787120828
              ],
              [
                703130.7641830738,
                6204685.241978213
              ],
              [
                703127.9710500457,
                6204698.1919586165
              ],
              [
                703128.4788924144,
                6204716.220362707
              ],
              [
                703130.0024195206,
                6204739.835032853
              ],
              [
                703135.5886855768,
                6204753.292855625
              ],
              [
                703143.7141634767,
                6204760.656569972
              ],
              [
                703152.0935625611,
                6204774.622235113
              ],
              [
                703154.3788532205,
                6204795.44377223
              ],
              [
                703154.124932036,
                6204819.566284746
              ],
              [
                703152.0935625611,
                6204832.00842278
              ],
              [
                703154.3788532205,
                6204843.942718445
              ],
              [
                703154.6327744048,
                6204862.225043721
              ],
              [
                703149.0465083487,
                6204879.237763073
              ],
              [
                703142.6984787394,
                6204891.933822292
              ],
              [
                703138.1278974205,
                6204910.216147566
              ],
              [
                703130.0024195206,
                6204923.1661279695
              ],
              [
                703128.9867347832,
                6204934.592581267
              ],
              [
                703136.8582914987,
                6204946.780798116
              ],
              [
                703145.9994541361,
                6204956.175881938
              ],
              [
                703158.9494345391,
                6204975.2199707655
              ],
              [
                703164.5357005952,
                6204995.025823147
              ],
              [
                703166.0592277015,
                6205011.784621315
              ],
              [
                703173.169020864,
                6205031.844394881
              ],
              [
                703178.7552869201,
                6205049.618877787
              ],
              [
                703179.7709716576,
                6205064.092385296
              ],
              [
                703181.2944987639,
                6205073.233547933
              ],
              [
                703187.1346860045,
                6205088.722740181
              ],
              [
                703194.2444791669,
                6205093.547242683
              ],
              [
                703198.0532969325,
                6205107.25898664
              ],
              [
                703200.0846664076,
                6205121.732494149
              ],
              [
                703199.06898167,
                6205136.459922843
              ],
              [
                703197.7993757481,
                6205148.394218508
              ],
              [
                703197.7993757481,
                6205165.153016676
              ],
              [
                703204.6552477262,
                6205182.419657215
              ],
              [
                703217.3513069449,
                6205206.2882485455
              ],
              [
                703220.9062035261,
                6205243.868583833
              ],
              [
                703226.4924695822,
                6205286.019500438
              ],
              [
                703243.7591101197,
                6205304.809668082
              ],
              [
                703253.4081151257,
                6205309.888091769
              ],
              [
                703261.5335930256,
                6205316.997884932
              ],
              [
                703263.0571201319,
                6205324.615520463
              ],
              [
                703266.1041743443,
                6205339.850791525
              ],
              [
                703266.1041743443,
                6205359.148801538
              ],
              [
                703252.3924303884,
                6205394.189924981
              ],
              [
                703246.2983219634,
                6205444.974161856
              ],
              [
                703245.2826372259,
                6205489.664290305
              ],
              [
                703242.2355830134,
                6205523.181886642
              ],
              [
                703238.1728440635,
                6205557.715167717
              ],
              [
                703237.6650016945,
                6205636.430734872
              ],
              [
                703241.7277406444,
                6205690.262025959
              ],
              [
                703260.0100659193,
                6205728.350203615
              ],
              [
                703280.323760669,
                6205821.793199464
              ],
              [
                703282.8629725127,
                6205849.216687377
              ],
              [
                703284.386499619,
                6205868.00685502
              ],
              [
                703303.6845096311,
                6205967.5439592935
              ],
              [
                703307.7472485811,
                6206009.187033531
              ],
              [
                703306.7315638436,
                6206057.93990093
              ],
              [
                703313.841357006,
                6206101.6143446425
              ],
              [
                703348.8824804492,
                6206248.888631577
              ],
              [
                703373.2589141489,
                6206317.955193726
              ],
              [
                703384.4314462614,
                6206418.507982737
              ],
              [
                703399.6667173237,
                6206510.93529385
              ],
              [
                703429.1215747109,
                6206636.880201298
              ],
              [
                703445.3725305108,
                6206712.040871873
              ],
              [
                703454.5136931482,
                6206757.74668506
              ],
              [
                703463.6548557855,
                6206796.342705084
              ],
              [
                703476.0969938207,
                6206838.811023183
              ]
            ]
          ]
        ]
      }
    },
    {
      "type": "Feature",
      "properties": {
        "nom": "Plage des Epis de Sainte-Marie",
        "info": true,
        "cara": false,
        "regl": false,
        "tech": false,
        "projet": "Pratique de nettoyage des plages",
        "id": null,
        "Nom": "Plage des Epis de Sainte-Marie",
        "Surf": 19050,
        "Commune": "Sainte-Marie-la-Mer",
        "Mai-Juin": "Mécanique",
        "Juill-Aoû": "Mécanique",
        "Septembre": "Mécanique",
        "Juin_MecaF": "1 jour sur 7",
        "JA_MecaF": "7 jours sur 7",
        "Sept_MecaF": "1 jour sur 7",
        "Juin_ManF": "Jamais",
        "JA_ManF": "7 jours sur 7",
        "Sept_ManF": "Jamais"
      },
      "geometry": {
        "type": "MultiPolygon",
        "coordinates": [
          [
            [
              [
                703072.8146077807,
                6181141.368231881
              ],
              [
                703079.6704797586,
                6181145.557931424
              ],
              [
                703123.9479862835,
                6181154.699094062
              ],
              [
                703131.4704013704,
                6181152.699464735
              ],
              [
                703137.278848463,
                6181151.842480737
              ],
              [
                703148.0387586507,
                6181150.604614964
              ],
              [
                703166.8924065903,
                6181150.604614964
              ],
              [
                703162.8931479364,
                6181128.513471921
              ],
              [
                703165.5593203723,
                6181102.994392892
              ],
              [
                703176.6048918925,
                6181079.570163634
              ],
              [
                703192.030603843,
                6181067.001065007
              ],
              [
                703203.647498028,
                6181061.097397471
              ],
              [
                703217.9305646489,
                6181061.668720135
              ],
              [
                703226.881286398,
                6181069.476796555
              ],
              [
                703231.4518677167,
                6181048.5282988455
              ],
              [
                703219.0732099786,
                6181052.717998387
              ],
              [
                703208.7894020117,
                6181050.242266839
              ],
              [
                703199.6482393743,
                6181041.29154509
              ],
              [
                703189.1739905189,
                6181020.34304738
              ],
              [
                703189.935754072,
                6180999.013667893
              ],
              [
                703194.3158945024,
                6180977.684288406
              ],
              [
                703201.552648257,
                6180966.257835109
              ],
              [
                703215.6452739896,
                6180954.831381813
              ],
              [
                703205.1710251343,
                6180914.26747261
              ],
              [
                703200.219562039,
                6180882.273403379
              ],
              [
                703201.1717664804,
                6180851.993302142
              ],
              [
                703205.5519069108,
                6180820.380114689
              ],
              [
                703205.5519069108,
                6180811.8102747165
              ],
              [
                703215.0739513248,
                6180795.813240101
              ],
              [
                703227.8334908395,
                6180784.958109469
              ],
              [
                703229.5474588339,
                6180773.341215284
              ],
              [
                703222.5011459676,
                6180759.819912217
              ],
              [
                703220.5967370848,
                6180745.917727372
              ],
              [
                703222.120264191,
                6180724.017025221
              ],
              [
                703207.6467566818,
                6180755.820653563
              ],
              [
                703185.5556136415,
                6180778.864001045
              ],
              [
                703176.2240101158,
                6180804.573520963
              ],
              [
                703170.5107834676,
                6180808.382338729
              ],
              [
                703151.8475764162,
                6180803.621316521
              ],
              [
                703155.84683507,
                6180818.6661466975
              ],
              [
                703163.0835888245,
                6180920.17114015
              ],
              [
                703148.0387586505,
                6180937.88214276
              ],
              [
                703154.3233079637,
                6180958.640199583
              ],
              [
                703144.0394999967,
                6180969.8762119915
              ],
              [
                703147.8483177623,
                6180989.682064373
              ],
              [
                703126.7093791633,
                6181012.725411855
              ],
              [
                703156.0372759582,
                6181039.196695327
              ],
              [
                703158.3225666176,
                6181043.767276645
              ],
              [
                703156.6085986231,
                6181049.290062405
              ],
              [
                703149.5622857568,
                6181066.810624127
              ],
              [
                703133.9461329179,
                6181091.567939603
              ],
              [
                703126.8998200516,
                6181106.993651554
              ],
              [
                703122.4244591772,
                6181116.51569597
              ],
              [
                703114.3307214254,
                6181131.370085255
              ],
              [
                703105.6656610087,
                6181135.559784797
              ],
              [
                703083.9553997449,
                6181137.845075456
              ],
              [
                703074.6237962192,
                6181136.226327906
              ],
              [
                703072.8146077807,
                6181141.368231881
              ]
            ]
          ]
        ]
      }
    },
    {
      "type": "Feature",
      "properties": {
        "nom": "Plage de la Franqui",
        "info": true,
        "cara": false,
        "regl": false,
        "tech": false,
        "projet": "Pratique de nettoyage des plages",
        "id": null,
        "Nom": "Plage de la Franqui",
        "Surf": 53918,
        "Commune": "Leucate",
        "Mai-Juin": "Mixte dominante manuelle",
        "Juill-Aoû": "Mixte dominante mécanique",
        "Septembre": "Mixte dominante mécanique",
        "Juin_MecaF": "2 jours sur 7",
        "JA_MecaF": "7 jours sur 7",
        "Sept_MecaF": "7 jours sur 7",
        "Juin_ManF": "3 jours sur 7",
        "JA_ManF": "7 jours sur 7",
        "Sept_ManF": "3 jours sur 7"
      },
      "geometry": {
        "type": "MultiPolygon",
        "coordinates": [
          [
            [
              [
                702993.0005804368,
                6203701.17286144
              ],
              [
                702993.2039467564,
                6203701.816854785
              ],
              [
                702993.9835176484,
                6203701.782960399
              ],
              [
                702994.7969829271,
                6203701.071178279
              ],
              [
                703002.7282693938,
                6203693.1059974255
              ],
              [
                703027.6745379389,
                6203666.532798324
              ],
              [
                703037.3683325096,
                6203655.78827777
              ],
              [
                703050.7227208341,
                6203643.857453683
              ],
              [
                703057.9083307954,
                6203636.129533536
              ],
              [
                703066.1107723551,
                6203630.774220452
              ],
              [
                703073.5675374093,
                6203624.741019631
              ],
              [
                703073.9742700482,
                6203622.503990119
              ],
              [
                703076.4824546573,
                6203619.521284098
              ],
              [
                703078.0415964414,
                6203618.640030046
              ],
              [
                703079.2617943593,
                6203618.978973912
              ],
              [
                703080.4819922773,
                6203618.436663726
              ],
              [
                703084.074797258,
                6203612.132307817
              ],
              [
                703087.8709685584,
                6203608.607291609
              ],
              [
                703090.243575621,
                6203603.862077484
              ],
              [
                703089.9724205282,
                6203602.3029357
              ],
              [
                703090.6503082603,
                6203600.743793916
              ],
              [
                703092.5483939105,
                6203600.065906184
              ],
              [
                703094.5142683339,
                6203599.998117411
              ],
              [
                703096.4801427573,
                6203598.371186853
              ],
              [
                703097.293608036,
                6203595.591847151
              ],
              [
                703097.0224529431,
                6203594.100494141
              ],
              [
                703098.9883273665,
                6203591.727887078
              ],
              [
                703101.3609344292,
                6203588.745181055
              ],
              [
                703106.241726101,
                6203582.711980239
              ],
              [
                703109.9023198549,
                6203576.949934515
              ],
              [
                703113.1561809694,
                6203573.018185669
              ],
              [
                703117.020141043,
                6203570.7811561525
              ],
              [
                703120.7485235701,
                6203569.967690874
              ],
              [
                703122.5110316739,
                6203570.984522472
              ],
              [
                703124.1379622312,
                6203571.255677565
              ],
              [
                703125.2564769894,
                6203570.730314571
              ],
              [
                703125.7140512086,
                6203569.967690873
              ],
              [
                703125.9004703349,
                6203568.679704182
              ],
              [
                703126.84951316,
                6203566.510463439
              ],
              [
                703130.4423181406,
                6203563.731123737
              ],
              [
                703136.2043638644,
                6203559.731586117
              ],
              [
                703139.8649576183,
                6203558.918120839
              ],
              [
                703141.4918881756,
                6203558.918120839
              ],
              [
                703143.1866075061,
                6203557.020035189
              ],
              [
                703144.6101717438,
                6203554.7830056725
              ],
              [
                703146.237102301,
                6203552.342609836
              ],
              [
                703148.3385542709,
                6203551.325778238
              ],
              [
                703150.2366399216,
                6203551.596933327
              ],
              [
                703153.0837683963,
                6203553.156075114
              ],
              [
                703154.8462765,
                6203556.274358683
              ],
              [
                703157.5578274288,
                6203559.053698385
              ],
              [
                703157.9645600682,
                6203561.697460541
              ],
              [
                703159.3203355325,
                6203563.324391098
              ],
              [
                703161.7607313686,
                6203563.459968644
              ],
              [
                703162.6419854204,
                6203564.070067603
              ],
              [
                703162.5741966472,
                6203564.612377789
              ],
              [
                703161.6929425952,
                6203567.188351171
              ],
              [
                703161.6929425952,
                6203569.967690874
              ],
              [
                703165.4213251224,
                6203576.543201876
              ],
              [
                703167.3194107725,
                6203582.305247599
              ],
              [
                703169.9292785418,
                6203587.135197692
              ],
              [
                703172.9119845636,
                6203589.507804755
              ],
              [
                703174.7422814405,
                6203591.2025240855
              ],
              [
                703175.5557467191,
                6203593.032820962
              ],
              [
                703177.996142555,
                6203597.371302448
              ],
              [
                703180.4365383907,
                6203599.608331964
              ],
              [
                703180.3009608441,
                6203603.540080812
              ],
              [
                703180.7754822568,
                6203607.742984751
              ],
              [
                703179.0807629263,
                6203612.284832557
              ],
              [
                703178.402875194,
                6203616.013215084
              ],
              [
                703177.0470997297,
                6203620.012752704
              ],
              [
                703173.8610273883,
                6203625.571432108
              ],
              [
                703173.2509284293,
                6203634.316183851
              ],
              [
                703170.9461101398,
                6203642.315259092
              ],
              [
                703168.5057143038,
                6203650.788855744
              ],
              [
                703166.3364735608,
                6203654.72060459
              ],
              [
                703163.6249226321,
                6203658.720142211
              ],
              [
                703162.8114573534,
                6203664.821131801
              ],
              [
                703160.5066390639,
                6203669.701923473
              ],
              [
                703160.7777941568,
                6203679.124562951
              ],
              [
                703157.3205667227,
                6203687.1236381885
              ],
              [
                703154.94795966,
                6203694.30924815
              ],
              [
                703154.5412270207,
                6203701.427069338
              ],
              [
                703153.9311280616,
                6203705.223240638
              ],
              [
                703152.5075638241,
                6203708.138157886
              ],
              [
                703151.2195771328,
                6203714.71366889
              ],
              [
                703152.2364087311,
                6203716.950698406
              ],
              [
                703152.1008311847,
                6203719.526671789
              ],
              [
                703150.1349567613,
                6203724.136308367
              ],
              [
                703149.3892802559,
                6203725.559872605
              ],
              [
                703147.7623496986,
                6203726.780070523
              ],
              [
                703144.3051222643,
                6203741.558023085
              ],
              [
                703143.7628120786,
                6203748.065745314
              ],
              [
                703145.1185875429,
                6203755.2513552755
              ],
              [
                703147.9657160182,
                6203758.640793936
              ],
              [
                703147.9657160182,
                6203762.165810144
              ],
              [
                703146.3387854609,
                6203764.877361072
              ],
              [
                703143.6272345321,
                6203766.775446723
              ],
              [
                703138.4752877674,
                6203769.486997652
              ],
              [
                703133.1877634561,
                6203776.2658749735
              ],
              [
                703132.1031430847,
                6203786.569768499
              ],
              [
                703132.1031430847,
                6203793.7553784605
              ],
              [
                703133.3233410026,
                6203798.7717476785
              ],
              [
                703132.1031430847,
                6203805.550625
              ],
              [
                703132.7810308168,
                6203809.211218755
              ],
              [
                703132.3742981775,
                6203816.125673623
              ],
              [
                703131.289677806,
                6203822.904550945
              ],
              [
                703133.1877634561,
                6203824.531481503
              ],
              [
                703135.0858491063,
                6203825.209369235
              ],
              [
                703139.4243305924,
                6203823.311283585
              ],
              [
                703141.7291488822,
                6203826.836299792
              ],
              [
                703142.4070366144,
                6203830.496893546
              ],
              [
                703140.1022183249,
                6203833.479599567
              ],
              [
                703136.7127796639,
                6203835.242107672
              ],
              [
                703135.6281592923,
                6203839.309434065
              ],
              [
                703137.2550898496,
                6203840.665209529
              ],
              [
                703139.9666407785,
                6203839.716166704
              ],
              [
                703142.1358815215,
                6203839.445011611
              ],
              [
                703142.9493468001,
                6203843.241182911
              ],
              [
                703144.5762773574,
                6203847.037354211
              ],
              [
                703145.660897729,
                6203849.6133275945
              ],
              [
                703147.830138472,
                6203850.5623704195
              ],
              [
                703150.9484220401,
                6203849.6133275945
              ],
              [
                703152.5753525974,
                6203850.969103059
              ],
              [
                703154.3378607011,
                6203854.35854172
              ],
              [
                703156.5071014442,
                6203857.74798038
              ],
              [
                703156.9138340835,
                6203861.272996588
              ],
              [
                703155.6936361656,
                6203863.7133924235
              ],
              [
                703153.2532403296,
                6203865.069167888
              ],
              [
                703153.3888178761,
                6203871.034579932
              ],
              [
                703155.2869035263,
                6203885.134644762
              ],
              [
                703154.9140652738,
                6203917.588519945
              ],
              [
                703154.3717550879,
                6203979.9541913085
              ],
              [
                703154.066705608,
                6203984.377408756
              ],
              [
                703151.897464865,
                6203987.360114777
              ],
              [
                703145.6608977288,
                6203999.290938864
              ],
              [
                703141.5935713355,
                6204011.764073136
              ],
              [
                703139.0175979531,
                6204021.93238912
              ],
              [
                703137.9329775816,
                6204031.965127557
              ],
              [
                703137.5262449423,
                6204037.252651867
              ],
              [
                703136.7127796636,
                6204040.506512982
              ],
              [
                703134.2723838277,
                6204038.744004878
              ],
              [
                703134.2723838277,
                6204034.812256032
              ],
              [
                703133.1877634561,
                6204027.762223616
              ],
              [
                703130.6117900738,
                6204022.881431945
              ],
              [
                703129.6627472487,
                6204019.898725923
              ],
              [
                703127.7646615985,
                6204018.814105552
              ],
              [
                703124.9175331233,
                6204018.949683098
              ],
              [
                703123.4261801124,
                6204017.1871749945
              ],
              [
                703122.4771372874,
                6204012.035228229
              ],
              [
                703118.680965987,
                6204004.3073080825
              ],
              [
                703115.8338375118,
                6204003.22268771
              ],
              [
                703113.8001743151,
                6204003.764997896
              ],
              [
                703111.6309335721,
                6204005.12077336
              ],
              [
                703110.2751581077,
                6204007.696746742
              ],
              [
                703111.7665111185,
                6204010.408297672
              ],
              [
                703112.0376662115,
                6204013.119848601
              ],
              [
                703111.6309335721,
                6204019.22083819
              ],
              [
                703112.0376662115,
                6204034.134368299
              ],
              [
                703109.7328479219,
                6204045.794037293
              ],
              [
                703106.4789868074,
                6204058.267171565
              ],
              [
                703107.5636071789,
                6204064.2325836085
              ],
              [
                703107.021296993,
                6204069.926840559
              ],
              [
                703111.2242009327,
                6204075.21436487
              ],
              [
                703113.1222865828,
                6204080.366311635
              ],
              [
                703110.1395805612,
                6204088.500964422
              ],
              [
                703106.4789868073,
                6204095.008686651
              ],
              [
                703103.631858332,
                6204107.2106658295
              ],
              [
                703102.5472379604,
                6204113.040500327
              ],
              [
                703103.631858332,
                6204117.785714452
              ],
              [
                703100.9203074032,
                6204122.124195938
              ],
              [
                703098.3443340207,
                6204124.293436682
              ],
              [
                703099.7001094851,
                6204126.733832518
              ],
              [
                703099.4289543921,
                6204130.936736457
              ],
              [
                703097.6664462885,
                6204137.444458687
              ],
              [
                703094.6837402667,
                6204143.545448276
              ],
              [
                703090.3452587806,
                6204156.696470281
              ],
              [
                703091.362090379,
                6204162.39072723
              ],
              [
                703090.3452587806,
                6204167.00036381
              ],
              [
                703089.7351598217,
                6204169.237393326
              ],
              [
                703088.2438068108,
                6204170.660957564
              ],
              [
                703086.2101436142,
                6204184.896599941
              ],
              [
                703084.7187906033,
                6204199.877918823
              ],
              [
                703087.023608893,
                6204202.114948341
              ],
              [
                703088.3793843574,
                6204203.606301351
              ],
              [
                703087.9726517181,
                6204205.301020682
              ],
              [
                703086.3457211608,
                6204207.470261425
              ],
              [
                703087.9726517181,
                6204209.436135848
              ],
              [
                703089.6673710486,
                6204212.757785736
              ],
              [
                703088.9894833164,
                6204216.62174581
              ],
              [
                703087.7692853984,
                6204218.858775326
              ],
              [
                703087.3625527589,
                6204221.705903803
              ],
              [
                703087.9726517178,
                6204224.891976144
              ],
              [
                703089.2606384091,
                6204229.772767817
              ],
              [
                703097.0563473294,
                6204252.210851752
              ],
              [
                703102.411660414,
                6204262.853689149
              ],
              [
                703104.7164787034,
                6204272.140751081
              ],
              [
                703105.2587888892,
                6204275.801344834
              ],
              [
                703105.0554225695,
                6204279.868671226
              ],
              [
                703106.5467755804,
                6204284.681674125
              ],
              [
                703109.0549601895,
                6204288.003324013
              ],
              [
                703110.8852570665,
                6204289.901409663
              ],
              [
                703112.7155539434,
                6204292.748538138
              ],
              [
                703116.1727813777,
                6204295.52787784
              ],
              [
                703120.3078965441,
                6204296.544709438
              ],
              [
                703121.528094462,
                6204298.578372635
              ],
              [
                703123.4261801122,
                6204299.73078178
              ],
              [
                703126.4766749071,
                6204299.934148099
              ],
              [
                703132.916608363,
                6204296.951442078
              ],
              [
                703137.2550898491,
                6204294.782201335
              ],
              [
                703140.4411621905,
                6204291.663917767
              ],
              [
                703140.7801060566,
                6204288.13890156
              ],
              [
                703141.8647264282,
                6204285.834083269
              ],
              [
                703144.3729110373,
                6204284.478307805
              ],
              [
                703146.6777293268,
                6204283.0547435675
              ],
              [
                703148.0335047912,
                6204281.73286249
              ],
              [
                703148.9825476164,
                6204280.716030891
              ],
              [
                703150.6094781735,
                6204280.580453345
              ],
              [
                703151.9313592514,
                6204281.800651263
              ],
              [
                703154.4056494739,
                6204284.207152712
              ],
              [
                703157.0494116296,
                6204285.698505723
              ],
              [
                703158.4729758671,
                6204286.647548548
              ],
              [
                703160.0660120378,
                6204286.783126094
              ],
              [
                703165.9297409214,
                6204284.817251671
              ],
              [
                703170.403799954,
                6204282.953060408
              ],
              [
                703173.0814564961,
                6204282.004017583
              ],
              [
                703173.623766682,
                6204280.105931933
              ],
              [
                703172.7425126301,
                6204278.953522788
              ],
              [
                703171.793469805,
                6204275.699661674
              ],
              [
                703170.9122157531,
                6204268.988573125
              ],
              [
                703170.3021167942,
                6204262.277484576
              ],
              [
                703167.9972985047,
                6204260.447187699
              ],
              [
                703166.9126781331,
                6204256.922171492
              ],
              [
                703166.302579174,
                6204254.752930748
              ],
              [
                703167.0482556795,
                6204252.04137982
              ],
              [
                703166.302579174,
                6204247.025010601
              ],
              [
                703166.9804669062,
                6204244.110093352
              ],
              [
                703166.1670016276,
                6204240.788443465
              ],
              [
                703167.5227770921,
                6204236.246595659
              ],
              [
                703165.8280577615,
                6204233.060523318
              ],
              [
                703167.0482556794,
                6204230.348972389
              ],
              [
                703167.183833226,
                6204226.552801088
              ],
              [
                703169.7598066082,
                6204221.265276778
              ],
              [
                703169.3530739689,
                6204217.604683024
              ],
              [
                703170.4376943405,
                6204215.571019826
              ],
              [
                703172.6747238567,
                6204213.944089269
              ],
              [
                703173.8949217747,
                6204210.825805701
              ],
              [
                703172.4713575371,
                6204209.402241464
              ],
              [
                703173.0136677228,
                6204206.826268082
              ],
              [
                703175.3184860123,
                6204204.182505926
              ],
              [
                703178.0300369412,
                6204196.319008232
              ],
              [
                703182.5040959739,
                6204193.132935891
              ],
              [
                703185.8257458622,
                6204191.455163756
              ],
              [
                703184.5377591705,
                6204187.099735075
              ],
              [
                703184.2666040777,
                6204183.710296413
              ],
              [
                703184.1310265312,
                6204174.016501843
              ],
              [
                703184.7411254902,
                6204165.068383778
              ],
              [
                703186.5714223672,
                6204155.6457443
              ],
              [
                703186.0969009546,
                6204148.0534017
              ],
              [
                703187.6560427387,
                6204142.56251107
              ],
              [
                703187.8594090584,
                6204138.291818357
              ],
              [
                703189.0796069762,
                6204135.580267428
              ],
              [
                703192.1301017712,
                6204129.818221704
              ],
              [
                703193.4180884629,
                6204122.581770164
              ],
              [
                703193.6214547821,
                6204119.988849588
              ],
              [
                703192.7402007303,
                6204115.718156875
              ],
              [
                703192.9435670499,
                6204111.244097842
              ],
              [
                703191.3844252658,
                6204106.295517397
              ],
              [
                703191.3166364926,
                6204101.482514499
              ],
              [
                703190.0964385746,
                6204096.533934053
              ],
              [
                703187.6560427387,
                6204090.56852201
              ],
              [
                703188.3339304709,
                6204085.755519112
              ],
              [
                703186.3002672743,
                6204081.552615171
              ],
              [
                703185.2834356765,
                6204073.773853445
              ],
              [
                703185.2156469028,
                6204066.3001411995
              ],
              [
                703184.8089142635,
                6204055.3183599375
              ],
              [
                703183.1819837062,
                6204034.981727971
              ],
              [
                703184.8089142635,
                6204016.272026562
              ],
              [
                703190.503171214,
                6204004.88351266
              ],
              [
                703190.774326307,
                6204001.39239084
              ],
              [
                703190.6387487603,
                6203997.969057793
              ],
              [
                703187.6560427387,
                6203992.952688574
              ],
              [
                703188.062775378,
                6203988.478629542
              ],
              [
                703185.893534635,
                6203984.546880695
              ],
              [
                703186.5714223671,
                6203980.072821663
              ],
              [
                703186.3341616612,
                6203977.022326869
              ],
              [
                703187.4187820328,
                6203975.056452446
              ],
              [
                703186.5375279809,
                6203971.5314362375
              ],
              [
                703187.6899371257,
                6203966.243911927
              ],
              [
                703187.0798381667,
                6203958.7193581
              ],
              [
                703187.6899371257,
                6203953.296256241
              ],
              [
                703187.6221483524,
                6203948.144309478
              ],
              [
                703189.04571259,
                6203942.314474981
              ],
              [
                703189.04571259,
                6203933.434145689
              ],
              [
                703190.8760094669,
                6203927.943255058
              ],
              [
                703191.8250522922,
                6203921.6388991475
              ],
              [
                703191.5538971992,
                6203914.31771164
              ],
              [
                703190.7404319206,
                6203898.590716253
              ],
              [
                703189.926966642,
                6203876.355998636
              ],
              [
                703190.8760094668,
                6203868.763656035
              ],
              [
                703190.7404319203,
                6203859.544382878
              ],
              [
                703193.3164053026,
                6203849.511644442
              ],
              [
                703197.6548867888,
                6203838.394285633
              ],
              [
                703198.3327745207,
                6203830.5985767115
              ],
              [
                703197.7226755618,
                6203819.481217903
              ],
              [
                703197.3837316957,
                6203803.686433744
              ],
              [
                703197.6548867887,
                6203793.179173894
              ],
              [
                703198.9428734798,
                6203775.282937766
              ],
              [
                703199.8241275316,
                6203760.504985204
              ],
              [
                703199.6207612118,
                6203752.709276281
              ],
              [
                703200.9765366763,
                6203748.167428476
              ],
              [
                703202.8068335532,
                6203741.863072567
              ],
              [
                703203.2813549659,
                6203739.083732865
              ],
              [
                703202.400100914,
                6203733.999574874
              ],
              [
                703200.5698040371,
                6203723.2889487045
              ],
              [
                703200.0952826245,
                6203708.104263505
              ],
              [
                703199.8919163048,
                6203699.495089306
              ],
              [
                703201.5527412493,
                6203689.27593174
              ],
              [
                703202.3323121408,
                6203683.4291500505
              ],
              [
                703204.5693416571,
                6203677.599315554
              ],
              [
                703207.8232027716,
                6203668.515619942
              ],
              [
                703210.3991761539,
                6203662.753574218
              ],
              [
                703212.7039944434,
                6203658.211726412
              ],
              [
                703212.3650505773,
                6203651.568426637
              ],
              [
                703212.4328393505,
                6203645.128493181
              ],
              [
                703212.2294730309,
                6203639.230869911
              ],
              [
                703214.3309250007,
                6203628.994765155
              ],
              [
                703217.2458422492,
                6203622.487042925
              ],
              [
                703220.9064360032,
                6203617.267307388
              ],
              [
                703224.3636634374,
                6203605.404272074
              ],
              [
                703225.9228052212,
                6203597.066252968
              ],
              [
                703227.4819470053,
                6203590.219586873
              ],
              [
                703228.2615178974,
                6203585.94889416
              ],
              [
                703228.295412284,
                6203581.94935654
              ],
              [
                703228.5326729902,
                6203577.509191894
              ],
              [
                703230.7019137333,
                6203572.628400222
              ],
              [
                703231.1086463726,
                6203568.425496282
              ],
              [
                703233.0067320227,
                6203564.425958661
              ],
              [
                703234.294718714,
                6203561.172097547
              ],
              [
                703236.5317482302,
                6203558.663912938
              ],
              [
                703238.4976226536,
                6203550.935992791
              ],
              [
                703239.3788767055,
                6203546.733088852
              ],
              [
                703239.1077216127,
                6203541.784508406
              ],
              [
                703238.6332002,
                6203535.6157300435
              ],
              [
                703237.4807910552,
                6203526.328668112
              ],
              [
                703237.8875236955,
                6203518.448223225
              ],
              [
                703240.1923419841,
                6203510.533883952
              ],
              [
                703240.9380184896,
                6203506.26319124
              ],
              [
                703240.3957083039,
                6203501.992498526
              ],
              [
                703242.2260051809,
                6203495.281409978
              ],
              [
                703244.6664010168,
                6203488.095800016
              ],
              [
                703246.9712193062,
                6203483.147219571
              ],
              [
                703248.73372741,
                6203477.046229982
              ],
              [
                703252.0553772978,
                6203468.640422102
              ],
              [
                703255.7837598249,
                6203463.624052884
              ],
              [
                703257.7496342482,
                6203459.827881584
              ],
              [
                703255.9871261445,
                6203458.539894893
              ],
              [
                703254.5974562934,
                6203455.692766417
              ],
              [
                703254.2585124273,
                6203452.235538983
              ],
              [
                703254.9025057729,
                6203448.303790136
              ],
              [
                703257.8852117946,
                6203439.016728206
              ],
              [
                703260.3933964038,
                6203430.204187687
              ],
              [
                703262.8337922397,
                6203411.0538592525
              ],
              [
                703250.1572916475,
                6203414.239931595
              ],
              [
                703245.2087112024,
                6203424.069303711
              ],
              [
                703238.8365665197,
                6203433.627520735
              ],
              [
                703233.8879860746,
                6203434.440986015
              ],
              [
                703218.8388784196,
                6203450.6425028145
              ],
              [
                703198.976767866,
                6203471.589233739
              ],
              [
                703174.4372319612,
                6203498.925056538
              ],
              [
                703092.95512655,
                6203588.406237188
              ],
              [
                703026.7254951138,
                6203660.906330147
              ],
              [
                702993.0005804368,
                6203701.17286144
              ]
            ]
          ]
        ]
      }
    },
    {
      "type": "Feature",
      "properties": {
        "nom": "Plage de Leucate Naturiste",
        "info": true,
        "cara": false,
        "regl": false,
        "tech": false,
        "projet": "Pratique de nettoyage des plages",
        "id": null,
        "Nom": "Plage de Leucate Naturiste",
        "Surf": 24440,
        "Commune": "Leucate",
        "Mai-Juin": "Mixte dominante manuelle",
        "Juill-Aoû": "Mixte dominante mécanique",
        "Septembre": "Mixte dominante mécanique",
        "Juin_MecaF": "2 jours sur 7",
        "JA_MecaF": "7 jours sur 7",
        "Sept_MecaF": "7 jours sur 7",
        "Juin_ManF": "3 jours sur 7",
        "JA_ManF": "7 jours sur 7",
        "Sept_ManF": "3 jours sur 7"
      },
      "geometry": {
        "type": "MultiPolygon",
        "coordinates": [
          [
            [
              [
                704117.0258033224,
                6197194.820960402
              ],
              [
                704045.0391475528,
                6197237.670160264
              ],
              [
                704043.7060613348,
                6197243.954709578
              ],
              [
                704043.7060613348,
                6197261.8561530765
              ],
              [
                704043.7060613348,
                6197278.614951245
              ],
              [
                704036.8501893568,
                6197316.322247124
              ],
              [
                704024.2810907303,
                6197363.742028305
              ],
              [
                704017.8061005289,
                6197379.548622035
              ],
              [
                704013.806841875,
                6197386.975816678
              ],
              [
                704012.0928738805,
                6197399.354474416
              ],
              [
                704016.4730143109,
                6197414.208863702
              ],
              [
                704027.7090267194,
                6197430.586780094
              ],
              [
                704046.1817928825,
                6197466.770548867
              ],
              [
                704060.0839777269,
                6197491.908746121
              ],
              [
                704060.84574128,
                6197497.050650105
              ],
              [
                704057.7986870675,
                6197502.763876753
              ],
              [
                704046.1817928825,
                6197509.0484260665
              ],
              [
                704016.2825734225,
                6197527.902074005
              ],
              [
                704009.9980241093,
                6197530.949128217
              ],
              [
                704007.3318516734,
                6197534.567505095
              ],
              [
                704010.7597876624,
                6197544.089549509
              ],
              [
                704048.0862017652,
                6197607.506365306
              ],
              [
                704051.8950195308,
                6197618.932818603
              ],
              [
                704059.3222141737,
                6197634.929853218
              ],
              [
                704088.840551857,
                6197685.968011277
              ],
              [
                704102.5522958131,
                6197701.2032823395
              ],
              [
                704113.9787491099,
                6197706.345186323
              ],
              [
                704108.8368451264,
                6197678.7312575225
              ],
              [
                704104.6471455842,
                6197649.974683392
              ],
              [
                704101.6000913717,
                6197625.026927028
              ],
              [
                704095.5059829468,
                6197592.842416909
              ],
              [
                704090.7449607397,
                6197554.46857792
              ],
              [
                704085.9839385326,
                6197515.904298044
              ],
              [
                704083.6034274292,
                6197494.7653594455
              ],
              [
                704078.4615234457,
                6197478.768324831
              ],
              [
                704079.6041687754,
                6197454.2966706855
              ],
              [
                704080.9372549934,
                6197419.826869907
              ],
              [
                704082.2703412112,
                6197395.259995321
              ],
              [
                704084.1747500941,
                6197376.9776700465
              ],
              [
                704087.0313634183,
                6197364.979894085
              ],
              [
                704089.2214336335,
                6197358.885785662
              ],
              [
                704090.6497402955,
                6197351.363370574
              ],
              [
                704090.3640789631,
                6197345.174041705
              ],
              [
                704088.8405518569,
                6197338.889492392
              ],
              [
                704087.6979065272,
                6197327.653479983
              ],
              [
                704087.6026860831,
                6197308.038068492
              ],
              [
                704089.5070949659,
                6197278.519730808
              ],
              [
                704096.5534078323,
                6197252.238888226
              ],
              [
                704105.1232478049,
                6197224.05363676
              ],
              [
                704110.8364744533,
                6197207.104397704
              ],
              [
                704118.2636690962,
                6197200.248525726
              ],
              [
                704119.0968479824,
                6197199.129685507
              ],
              [
                704119.4301195368,
                6197197.701378845
              ],
              [
                704119.3587042037,
                6197196.296877294
              ],
              [
                704118.9540173161,
                6197195.416088185
              ],
              [
                704118.2636690962,
                6197194.725739965
              ],
              [
                704117.5257106541,
                6197194.60671441
              ],
              [
                704117.0258033224,
                6197194.820960402
              ]
            ]
          ]
        ]
      }
    },
    {
      "type": "Feature",
      "properties": {
        "nom": "Plage de Leucate Naturiste",
        "info": true,
        "cara": false,
        "regl": false,
        "tech": false,
        "projet": "Pratique de nettoyage des plages",
        "id": null,
        "Nom": "Plage de Leucate Naturiste",
        "Surf": 29482,
        "Commune": "Leucate",
        "Mai-Juin": "Mixte dominante manuelle",
        "Juill-Aoû": "Mixte dominante mécanique",
        "Septembre": "Mixte dominante mécanique",
        "Juin_MecaF": "2 jours sur 7",
        "JA_MecaF": "7 jours sur 7",
        "Sept_MecaF": "7 jours sur 7",
        "Juin_ManF": "3 jours sur 7",
        "JA_ManF": "7 jours sur 7",
        "Sept_ManF": "3 jours sur 7"
      },
      "geometry": {
        "type": "MultiPolygon",
        "coordinates": [
          [
            [
              [
                704116.4782857687,
                6197721.53284717
              ],
              [
                704113.2407906678,
                6197718.938090067
              ],
              [
                704111.4316022292,
                6197718.033495848
              ],
              [
                704110.2175415665,
                6197717.795444737
              ],
              [
                704109.3367524579,
                6197717.890665176
              ],
              [
                704108.5035735719,
                6197718.128716292
              ],
              [
                704107.6465895746,
                6197718.795259401
              ],
              [
                704107.146682243,
                6197719.295166733
              ],
              [
                704106.8610209102,
                6197719.985514947
              ],
              [
                704105.5279346923,
                6197730.935866023
              ],
              [
                704104.7661711392,
                6197745.885475753
              ],
              [
                704101.2430147061,
                6197753.217449952
              ],
              [
                704094.9584653928,
                6197755.883622387
              ],
              [
                704080.9610601044,
                6197768.357500569
              ],
              [
                704072.7721019085,
                6197776.736899653
              ],
              [
                704067.2493161485,
                6197784.354535185
              ],
              [
                704068.0110797015,
                6197792.733934269
              ],
              [
                704079.8184147748,
                6197816.91992708
              ],
              [
                704087.0551685294,
                6197835.392693244
              ],
              [
                704112.1933657823,
                6197880.527183765
              ],
              [
                704119.6205604251,
                6197907.5697899
              ],
              [
                704136.9506812585,
                6197966.606465267
              ],
              [
                704133.903627046,
                6197973.081455468
              ],
              [
                704126.0955506266,
                6197980.508650112
              ],
              [
                704119.0492377604,
                6197986.602758536
              ],
              [
                704118.4779150955,
                6197994.791716732
              ],
              [
                704123.2389373025,
                6198007.170374471
              ],
              [
                704133.7131861578,
                6198038.7835619245
              ],
              [
                704144.5683167897,
                6198063.921759178
              ],
              [
                704166.65945983,
                6198110.008454141
              ],
              [
                704181.5138491157,
                6198131.14739274
              ],
              [
                704187.2270757641,
                6198146.763545578
              ],
              [
                704208.1755734748,
                6198193.992885872
              ],
              [
                704225.5056943082,
                6198220.464169343
              ],
              [
                704267.4026897294,
                6198290.355975342
              ],
              [
                704275.9725297019,
                6198293.783911332
              ],
              [
                704280.3526701323,
                6198293.4030295545
              ],
              [
                704283.9710470096,
                6198292.450825114
              ],
              [
                704285.685015004,
                6198288.832448236
              ],
              [
                704283.7806061213,
                6198283.309662476
              ],
              [
                704280.5431110206,
                6198275.12070428
              ],
              [
                704275.401207037,
                6198259.8854332175
              ],
              [
                704268.7357759472,
                6198238.175171954
              ],
              [
                704259.7850541982,
                6198211.513447595
              ],
              [
                704255.7857955443,
                6198200.658316962
              ],
              [
                704248.739482678,
                6198177.995851258
              ],
              [
                704240.7409653703,
                6198157.047353547
              ],
              [
                704231.9806845095,
                6198129.433424747
              ],
              [
                704228.3623076322,
                6198117.245207896
              ],
              [
                704225.6961351964,
                6198107.723163484
              ],
              [
                704222.0777583191,
                6198092.868774198
              ],
              [
                704216.7454134473,
                6198078.395266688
              ],
              [
                704211.9843912403,
                6198062.398232073
              ],
              [
                704208.5564552513,
                6198048.1151654525
              ],
              [
                704203.0336694912,
                6198032.308571726
              ],
              [
                704197.8917655076,
                6198021.263000206
              ],
              [
                704195.2255930717,
                6198007.741697138
              ],
              [
                704191.0358935295,
                6197991.554221635
              ],
              [
                704186.2748713227,
                6197974.41454169
              ],
              [
                704182.6564944453,
                6197957.084420858
              ],
              [
                704178.4667949032,
                6197946.610172003
              ],
              [
                704176.1815042439,
                6197936.135923147
              ],
              [
                704175.2292998024,
                6197926.232996956
              ],
              [
                704173.7057726962,
                6197908.331553458
              ],
              [
                704166.8499007183,
                6197884.526442424
              ],
              [
                704158.6609425222,
                6197865.482353596
              ],
              [
                704152.7572749857,
                6197850.62796431
              ],
              [
                704147.8058118904,
                6197833.678725254
              ],
              [
                704144.3778759014,
                6197819.395658633
              ],
              [
                704140.3786172476,
                6197806.445678229
              ],
              [
                704139.8072945827,
                6197798.6376018105
              ],
              [
                704139.4264128061,
                6197785.116298743
              ],
              [
                704136.9506812586,
                6197774.261168111
              ],
              [
                704133.3323043813,
                6197761.692069485
              ],
              [
                704130.0948092806,
                6197752.741347736
              ],
              [
                704128.380841286,
                6197744.171507763
              ],
              [
                704125.3337870736,
                6197733.887699796
              ],
              [
                704122.2867328611,
                6197727.031827818
              ],
              [
                704118.097033319,
                6197722.651687387
              ],
              [
                704116.4782857687,
                6197721.53284717
              ]
            ]
          ]
        ]
      }
    },
    {
      "type": "Feature",
      "properties": {
        "nom": "Plage Nord - Torreilles",
        "info": true,
        "cara": false,
        "regl": false,
        "tech": false,
        "projet": "Pratique de nettoyage des plages",
        "id": null,
        "Nom": "Plage Nord - Torreilles",
        "Surf": 59718,
        "Commune": "Torreilles",
        "Mai-Juin": "Mécanique",
        "Juill-Aoû": "Mixte dominante manuelle",
        "Septembre": "Mécanique",
        "Juin_MecaF": "3 jours sur 7",
        "JA_MecaF": "3 jours sur 7",
        "Sept_MecaF": "3 jours sur 7",
        "Juin_ManF": "Jamais",
        "JA_ManF": "4 jours sur 7",
        "Sept_ManF": "Jamais"
      },
      "geometry": {
        "type": "MultiPolygon",
        "coordinates": [
          [
            [
              [
                703118.7584720774,
                6185261.128357755
              ],
              [
                703118.4728107455,
                6185264.175411981
              ],
              [
                703124.5669191703,
                6185264.556293758
              ],
              [
                703127.042650718,
                6185276.363628831
              ],
              [
                703128.375736936,
                6185282.076855479
              ],
              [
                703122.281628511,
                6185281.886414591
              ],
              [
                703128.7566187124,
                6185327.211346
              ],
              [
                703130.6610275953,
                6185387.200225808
              ],
              [
                703134.2794044726,
                6185390.628161796
              ],
              [
                703134.8507271374,
                6185410.053132401
              ],
              [
                703134.6602862491,
                6185465.090549113
              ],
              [
                703134.0889635843,
                6185534.411032447
              ],
              [
                703136.3742542437,
                6185561.0727568045
              ],
              [
                703137.8977813496,
                6185614.777087298
              ],
              [
                703141.7065991152,
                6185739.134987343
              ],
              [
                703148.9433528698,
                6185882.346535327
              ],
              [
                703150.466879976,
                6185912.436195674
              ],
              [
                703144.5632124394,
                6185935.289102268
              ],
              [
                703139.4213084558,
                6185948.619964448
              ],
              [
                703146.0867395456,
                6186029.747782854
              ],
              [
                703146.467621322,
                6186086.689608448
              ],
              [
                703147.6102666516,
                6186169.150513072
              ],
              [
                703152.1808479703,
                6186400.345751441
              ],
              [
                703146.65806221,
                6186402.440601212
              ],
              [
                703145.324975992,
                6186423.198658034
              ],
              [
                703138.469104014,
                6186433.67290689
              ],
              [
                703144.3727715508,
                6186442.623628637
              ],
              [
                703155.7992248475,
                6186456.525813482
              ],
              [
                703157.1323110654,
                6186500.136776897
              ],
              [
                703164.36906482,
                6186502.4220675565
              ],
              [
                703196.7440158273,
                6186517.466897731
              ],
              [
                703208.3609100124,
                6186516.324252401
              ],
              [
                703218.5494975353,
                6186512.134552858
              ],
              [
                703219.9778041973,
                6186506.1356648775
              ],
              [
                703221.5965517478,
                6186498.041927125
              ],
              [
                703222.5487561892,
                6186490.995614258
              ],
              [
                703221.0252290829,
                6186482.425774286
              ],
              [
                703218.7399384236,
                6186474.427256977
              ],
              [
                703216.8355295408,
                6186467.380944111
              ],
              [
                703216.8355295408,
                6186459.382426804
              ],
              [
                703217.9781748705,
                6186452.907436602
              ],
              [
                703219.8825837532,
                6186446.0515646245
              ],
              [
                703217.9781748705,
                6186436.52952021
              ],
              [
                703212.6458299987,
                6186417.294990493
              ],
              [
                703208.4561304565,
                6186402.250160319
              ],
              [
                703206.1708397972,
                6186381.682544384
              ],
              [
                703206.3612806855,
                6186369.684768423
              ],
              [
                703207.6943669034,
                6186356.925228909
              ],
              [
                703207.6943669034,
                6186341.499516957
              ],
              [
                703206.9326033503,
                6186327.026009449
              ],
              [
                703207.1230442385,
                6186310.838533945
              ],
              [
                703206.075619353,
                6186290.651799789
              ],
              [
                703204.7425331351,
                6186277.320937609
              ],
              [
                703203.8855491378,
                6186263.704414098
              ],
              [
                703202.4572424758,
                6186246.755175041
              ],
              [
                703202.6476833641,
                6186229.901156429
              ],
              [
                703201.219376702,
                6186214.76110581
              ],
              [
                703202.1715811434,
                6186204.8581796205
              ],
              [
                703204.0759900262,
                6186193.050844548
              ],
              [
                703209.1226735656,
                6186173.530653499
              ],
              [
                703218.6447179795,
                6186147.630692693
              ],
              [
                703220.8347881947,
                6186135.3472554
              ],
              [
                703220.4539064182,
                6186127.824840314
              ],
              [
                703218.6447179795,
                6186120.778527447
              ],
              [
                703216.0737659878,
                6186114.113096357
              ],
              [
                703214.0741366608,
                6186105.828917718
              ],
              [
                703213.4075935518,
                6186091.450630655
              ],
              [
                703212.0745073339,
                6186071.073455608
              ],
              [
                703211.7888460015,
                6186058.028254761
              ],
              [
                703212.2649482222,
                6186040.031590819
              ],
              [
                703210.9318620041,
                6186030.89042818
              ],
              [
                703208.2656895682,
                6186013.750748235
              ],
              [
                703202.9333446964,
                6185988.993432758
              ],
              [
                703197.2201180481,
                6185971.472871037
              ],
              [
                703192.2686549526,
                6185945.2872489
              ],
              [
                703189.9833642932,
                6185932.813370718
              ],
              [
                703188.6502780754,
                6185920.910815201
              ],
              [
                703187.8885145225,
                6185904.723339698
              ],
              [
                703187.6980736342,
                6185899.200553938
              ],
              [
                703188.0789554107,
                6185886.345793979
              ],
              [
                703190.5546869583,
                6185875.776324679
              ],
              [
                703191.9829936204,
                6185862.635903388
              ],
              [
                703193.0304185059,
                6185846.734089214
              ],
              [
                703191.3164505115,
                6185831.117936376
              ],
              [
                703191.697332288,
                6185818.358396861
              ],
              [
                703193.4113002825,
                6185805.979739123
              ],
              [
                703192.6495367293,
                6185794.934167603
              ],
              [
                703188.6502780755,
                6185784.840800524
              ],
              [
                703185.603223863,
                6185772.843024562
              ],
              [
                703184.8414603099,
                6185759.131280606
              ],
              [
                703185.9841056396,
                6185738.944546448
              ],
              [
                703186.1745465279,
                6185701.427691458
              ],
              [
                703185.0319011982,
                6185676.289494203
              ],
              [
                703181.2230834326,
                6185636.86823033
              ],
              [
                703178.7473518851,
                6185608.682978865
              ],
              [
                703177.9855883319,
                6185583.354340723
              ],
              [
                703173.9863296781,
                6185539.36249553
              ],
              [
                703168.0826621414,
                6185504.321372085
              ],
              [
                703158.7510586157,
                6185461.662613111
              ],
              [
                703156.4657679565,
                6185437.857502076
              ],
              [
                703156.8466497331,
                6185415.766359038
              ],
              [
                703157.2275315097,
                6185363.585555649
              ],
              [
                703152.656950191,
                6185319.784151345
              ],
              [
                703155.3231226269,
                6185280.172446583
              ],
              [
                703151.5143048613,
                6185258.0813035425
              ],
              [
                703118.7584720774,
                6185261.128357755
              ]
            ]
          ]
        ]
      }
    },
    {
      "type": "Feature",
      "properties": {
        "nom": "Plage Nord - Sainte-Marie",
        "info": true,
        "cara": false,
        "regl": false,
        "tech": false,
        "projet": "Pratique de nettoyage des plages",
        "id": null,
        "Nom": "Plage Nord - Sainte-Marie",
        "Surf": 24765,
        "Commune": "Sainte-Marie-la-Mer",
        "Mai-Juin": "Mécanique",
        "Juill-Aoû": "Mixte dominante mécanique",
        "Septembre": "Mécanique",
        "Juin_MecaF": "1 jour sur 7",
        "JA_MecaF": "7 jours sur 7",
        "Sept_MecaF": "1 jour sur 7",
        "Juin_ManF": "Jamais",
        "JA_ManF": "7 jours sur 7",
        "Sept_ManF": "Jamais"
      },
      "geometry": {
        "type": "MultiPolygon",
        "coordinates": [
          [
            [
              [
                703085.0980450738,
                6182643.375517729
              ],
              [
                703176.9857736685,
                6182642.994635953
              ],
              [
                703170.1299016905,
                6182602.811608526
              ],
              [
                703161.7505026063,
                6182558.4388815565
              ],
              [
                703154.7041897398,
                6182530.253630091
              ],
              [
                703152.7997808569,
                6182523.588199002
              ],
              [
                703149.9431675328,
                6182515.208799917
              ],
              [
                703148.6100813148,
                6182461.8853512
              ],
              [
                703148.4196404265,
                6182424.939818873
              ],
              [
                703147.7530973175,
                6182418.464828672
              ],
              [
                703149.6575062004,
                6182407.800138928
              ],
              [
                703152.6093399688,
                6182385.042452777
              ],
              [
                703148.0387586501,
                6182368.09321372
              ],
              [
                703145.7534679907,
                6182353.810147099
              ],
              [
                703146.3247906555,
                6182337.051348931
              ],
              [
                703150.7049310859,
                6182315.341087666
              ],
              [
                703150.1336084211,
                6182303.533752593
              ],
              [
                703145.5630271024,
                6182294.202149067
              ],
              [
                703140.2306822306,
                6182283.537459323
              ],
              [
                703137.5645097947,
                6182273.824974022
              ],
              [
                703137.754950683,
                6182259.351466512
              ],
              [
                703141.5637684485,
                6182246.972808775
              ],
              [
                703146.8961133204,
                6182226.40519284
              ],
              [
                703149.7527266445,
                6182203.742727135
              ],
              [
                703148.8005222031,
                6182182.794229425
              ],
              [
                703139.2784777893,
                6182162.988377043
              ],
              [
                703132.8034875877,
                6182146.0391379865
              ],
              [
                703130.899078705,
                6182128.899458041
              ],
              [
                703080.2418024229,
                6182131.946512254
              ],
              [
                703080.2418024229,
                6182134.803125578
              ],
              [
                703076.6234255456,
                6182143.944288216
              ],
              [
                703071.1006397855,
                6182152.704569076
              ],
              [
                703072.6241668917,
                6182157.465591283
              ],
              [
                703085.3837064063,
                6182164.511904149
              ],
              [
                703089.0020832835,
                6182172.415201013
              ],
              [
                703090.4303899456,
                6182174.986153005
              ],
              [
                703090.4303899456,
                6182180.604159209
              ],
              [
                703090.4303899456,
                6182185.46040186
              ],
              [
                703092.7156806049,
                6182189.36444007
              ],
              [
                703096.6197188146,
                6182192.887596503
              ],
              [
                703099.7619934713,
                6182193.935021388
              ],
              [
                703101.3807410216,
                6182196.791634713
              ],
              [
                703099.4763321389,
                6182200.314791146
              ],
              [
                703099.0002299182,
                6182204.218829356
              ],
              [
                703099.2858912506,
                6182209.646394672
              ],
              [
                703101.8568432424,
                6182216.3118257625
              ],
              [
                703104.33257479,
                6182221.6441706335
              ],
              [
                703104.33257479,
                6182226.405192841
              ],
              [
                703103.4755907927,
                6182229.261806165
              ],
              [
                703104.6182361224,
                6182233.356285263
              ],
              [
                703108.2366129997,
                6182239.545614132
              ],
              [
                703109.2840378853,
                6182245.544502113
              ],
              [
                703108.7127152204,
                6182252.019492312
              ],
              [
                703106.332204117,
                6182257.161396296
              ],
              [
                703101.2855205776,
                6182266.397779377
              ],
              [
                703094.6200894878,
                6182280.109523334
              ],
              [
                703091.2873739428,
                6182289.345906415
              ],
              [
                703089.4781855042,
                6182298.20140772
              ],
              [
                703091.6682557194,
                6182306.866468137
              ],
              [
                703094.9057508201,
                6182316.769394328
              ],
              [
                703099.571552583,
                6182343.050236908
              ],
              [
                703101.2855205776,
                6182352.76272221
              ],
              [
                703102.6186067954,
                6182370.854606597
              ],
              [
                703102.4281659072,
                6182383.995027888
              ],
              [
                703099.9524343596,
                6182398.849417173
              ],
              [
                703097.476702812,
                6182409.514106917
              ],
              [
                703096.5244983706,
                6182420.178796661
              ],
              [
                703098.0480254767,
                6182427.415550415
              ],
              [
                703102.4281659072,
                6182435.604508611
              ],
              [
                703101.4759614657,
                6182446.1739779115
              ],
              [
                703099.8572139153,
                6182454.839038328
              ],
              [
                703099.7619934712,
                6182463.599319189
              ],
              [
                703102.6186067953,
                6182470.740852499
              ],
              [
                703106.9987472257,
                6182478.929810695
              ],
              [
                703106.9987472257,
                6182485.976123562
              ],
              [
                703109.4744787734,
                6182492.3558933195
              ],
              [
                703113.6641783156,
                6182497.973899525
              ],
              [
                703115.6638076424,
                6182504.734551059
              ],
              [
                703112.9024147624,
                6182511.019100372
              ],
              [
                703107.6652903347,
                6182516.922767908
              ],
              [
                703106.2369836727,
                6182524.730844328
              ],
              [
                703107.2844085583,
                6182528.539662095
              ],
              [
                703114.4259418687,
                6182535.966856738
              ],
              [
                703119.0917436315,
                6182549.678600693
              ],
              [
                703120.3296094054,
                6182566.723060194
              ],
              [
                703118.2347596344,
                6182581.482229038
              ],
              [
                703122.2340182882,
                6182589.290305457
              ],
              [
                703125.1858520565,
                6182600.335876977
              ],
              [
                703124.5193089475,
                6182613.761959601
              ],
              [
                703120.1391685171,
                6182624.617090233
              ],
              [
                703114.7116032011,
                6182627.75936489
              ],
              [
                703102.5233863513,
                6182625.950176451
              ],
              [
                703090.4303899456,
                6182627.378483113
              ],
              [
                703090.2399490573,
                6182635.186559533
              ],
              [
                703085.0980450738,
                6182643.375517729
              ]
            ]
          ]
        ]
      }
    },
    {
      "type": "Feature",
      "properties": {
        "nom": "Plage de l'embouchure de la Têt",
        "info": true,
        "cara": false,
        "regl": false,
        "tech": false,
        "projet": "Pratique de nettoyage des plages",
        "id": null,
        "Nom": "Plage de l'embouchure de la Têt",
        "Surf": 81145,
        "Commune": "Canet-en-Roussillon",
        "Mai-Juin": "Non-nettoyée",
        "Juill-Aoû": "Non-nettoyée",
        "Septembre": "Non-nettoyée",
        "Juin_MecaF": "Jamais",
        "JA_MecaF": "Jamais",
        "Sept_MecaF": "Jamais",
        "Juin_ManF": "Jamais",
        "JA_ManF": "Jamais",
        "Sept_ManF": "Jamais"
      },
      "geometry": {
        "type": "MultiPolygon",
        "coordinates": [
          [
            [
              [
                703333.2425225019,
                6180403.124128476
              ],
              [
                703329.243263848,
                6180371.70138191
              ],
              [
                703325.4344460825,
                6180346.753625545
              ],
              [
                703321.4351874286,
                6180333.041881589
              ],
              [
                703317.8168105513,
                6180314.9499972025
              ],
              [
                703317.2454878865,
                6180290.192681726
              ],
              [
                703314.7697563388,
                6180273.2434426695
              ],
              [
                703314.0079927858,
                6180252.675826738
              ],
              [
                703315.7219607803,
                6180229.632479255
              ],
              [
                703310.9609385733,
                6180208.303099768
              ],
              [
                703306.3903572547,
                6180183.73622518
              ],
              [
                703305.0572710369,
                6180157.455382599
              ],
              [
                703304.2955074838,
                6180122.223818268
              ],
              [
                703301.8197759361,
                6180093.086362361
              ],
              [
                703292.869054187,
                6180051.5702487165
              ],
              [
                703286.2036230974,
                6180032.716600777
              ],
              [
                703283.3470097731,
                6180019.766620374
              ],
              [
                703282.7756871083,
                6180009.10193063
              ],
              [
                703278.2051057897,
                6179995.390186674
              ],
              [
                703275.538933354,
                6179964.157880999
              ],
              [
                703273.2536426947,
                6179930.259402885
              ],
              [
                703275.538933354,
                6179886.457998581
              ],
              [
                703288.8697955335,
                6179827.040441439
              ],
              [
                703306.7712390317,
                6179788.571382007
              ],
              [
                703310.5800567972,
                6179759.243485211
              ],
              [
                703309.4374114675,
                6179736.771460394
              ],
              [
                703308.294766138,
                6179723.82147999
              ],
              [
                703309.0565296911,
                6179712.395026693
              ],
              [
                703314.3888745628,
                6179694.874464972
              ],
              [
                703315.9124016691,
                6179675.06861259
              ],
              [
                703315.9124016691,
                6179643.455425137
              ],
              [
                703312.6749065685,
                6179619.269432323
              ],
              [
                703306.3903572554,
                6179579.657727562
              ],
              [
                703302.010216825,
                6179548.615862772
              ],
              [
                703297.6300763944,
                6179513.860400664
              ],
              [
                703291.3455270812,
                6179487.484337637
              ],
              [
                703292.2025110784,
                6179473.296491459
              ],
              [
                703287.4414888715,
                6179462.822242605
              ],
              [
                703275.6341537981,
                6179435.970077357
              ],
              [
                703254.8760969758,
                6179393.692200159
              ],
              [
                703239.6408259135,
                6179362.840776257
              ],
              [
                703214.1217468842,
                6179323.229071496
              ],
              [
                703191.8401629556,
                6179300.5666057905
              ],
              [
                703187.8409043017,
                6179296.948228913
              ],
              [
                703183.6512047596,
                6179300.757046679
              ],
              [
                703182.8894412065,
                6179313.89746797
              ],
              [
                703180.9850323237,
                6179324.562157714
              ],
              [
                703184.7938500893,
                6179333.131997686
              ],
              [
                703204.409261582,
                6179352.176086514
              ],
              [
                703192.2210447321,
                6179370.0775300125
              ],
              [
                703193.7445718384,
                6179371.981938895
              ],
              [
                703198.8864758218,
                6179371.601057119
              ],
              [
                703210.3129291186,
                6179373.315025113
              ],
              [
                703224.7864366277,
                6179388.931177951
              ],
              [
                703221.1680597505,
                6179402.071599243
              ],
              [
                703216.78791932,
                6179407.594385003
              ],
              [
                703214.5026286608,
                6179413.878934316
              ],
              [
                703216.5974784318,
                6179418.830397411
              ],
              [
                703222.5011459684,
                6179419.0208383
              ],
              [
                703225.9290819574,
                6179415.592902311
              ],
              [
                703228.404813505,
                6179410.641439215
              ],
              [
                703234.1180401534,
                6179411.022320992
              ],
              [
                703237.926857919,
                6179414.6406978695
              ],
              [
                703244.9731707852,
                6179422.639215177
              ],
              [
                703248.4011067743,
                6179429.114205379
              ],
              [
                703248.0202249978,
                6179447.777412433
              ],
              [
                703242.687880126,
                6179466.821501261
              ],
              [
                703239.4503850252,
                6179471.7729643565
              ],
              [
                703227.0717272871,
                6179476.153104787
              ],
              [
                703213.359983331,
                6179480.15236344
              ],
              [
                703209.7416064538,
                6179487.579558083
              ],
              [
                703207.6467566827,
                6179488.722203413
              ],
              [
                703200.6004438164,
                6179482.628094988
              ],
              [
                703194.125453615,
                6179482.437654099
              ],
              [
                703186.698258972,
                6179482.818535877
              ],
              [
                703180.6041505472,
                6179474.248695905
              ],
              [
                703172.7960741278,
                6179455.7759297425
              ],
              [
                703164.79755682,
                6179451.776671088
              ],
              [
                703159.8460937248,
                6179457.870779513
              ],
              [
                703156.4181577357,
                6179486.246471867
              ],
              [
                703157.5608030654,
                6179509.670701125
              ],
              [
                703159.846093725,
                6179525.477294853
              ],
              [
                703165.1784385967,
                6179539.9508023625
              ],
              [
                703171.8438696865,
                6179553.47210543
              ],
              [
                703181.3659141003,
                6179561.280181849
              ],
              [
                703180.7945914356,
                6179574.039721365
              ],
              [
                703180.7945914356,
                6179586.989701767
              ],
              [
                703183.6512047597,
                6179601.463209277
              ],
              [
                703190.3166358495,
                6179616.317598563
              ],
              [
                703197.9342713807,
                6179627.74405186
              ],
              [
                703205.3614660235,
                6179650.025635789
              ],
              [
                703207.075434018,
                6179670.593251723
              ],
              [
                703205.1710251353,
                6179693.827040092
              ],
              [
                703201.3622073698,
                6179708.110106713
              ],
              [
                703202.1239709228,
                6179730.391690642
              ],
              [
                703209.9320473423,
                6179767.908545633
              ],
              [
                703218.3114464266,
                6179802.187905524
              ],
              [
                703218.8827690913,
                6179820.089349022
              ],
              [
                703219.6445326444,
                6179832.46800676
              ],
              [
                703223.45335041,
                6179838.7525560735
              ],
              [
                703230.309222388,
                6179854.940031578
              ],
              [
                703231.2614268294,
                6179864.65251688
              ],
              [
                703230.309222388,
                6179872.460593299
              ],
              [
                703232.5945130473,
                6179896.646586111
              ],
              [
                703236.4033308129,
                6179915.690674941
              ],
              [
                703237.9268579191,
                6179930.545064227
              ],
              [
                703239.0695032488,
                6179948.256066837
              ],
              [
                703238.6886214722,
                6179963.110456123
              ],
              [
                703237.5459761426,
                6179980.05969518
              ],
              [
                703233.737158377,
                6179991.867030253
              ],
              [
                703225.7386410693,
                6180003.29348355
              ],
              [
                703225.1673184044,
                6180018.5287546115
              ],
              [
                703234.3084810419,
                6180074.899257541
              ],
              [
                703233.9275992654,
                6180101.751422788
              ],
              [
                703235.6415672598,
                6180143.6484182095
              ],
              [
                703234.8798037067,
                6180175.261605663
              ],
              [
                703229.9283406115,
                6180188.97334962
              ],
              [
                703219.6445326444,
                6180214.6828695405
              ],
              [
                703216.4070375437,
                6180237.154894357
              ],
              [
                703217.5496828733,
                6180258.103392067
              ],
              [
                703228.4048135052,
                6180272.196017801
              ],
              [
                703232.9753948239,
                6180280.765857773
              ],
              [
                703233.7371583771,
                6180292.19231107
              ],
              [
                703232.9753948239,
                6180304.190087032
              ],
              [
                703232.7849539357,
                6180317.330508322
              ],
              [
                703242.6878801261,
                6180331.232693167
              ],
              [
                703253.7334516463,
                6180337.707683369
              ],
              [
                703272.5870995858,
                6180347.801050447
              ],
              [
                703288.9650159777,
                6180358.084858415
              ],
              [
                703302.8672008221,
                6180372.367925035
              ],
              [
                703317.7215901079,
                6180395.220831629
              ],
              [
                703323.8156985327,
                6180401.505380942
              ],
              [
                703330.4811296226,
                6180404.933316931
              ],
              [
                703333.2425225019,
                6180403.124128476
              ]
            ]
          ]
        ]
      }
    },
    {
      "type": "Feature",
      "properties": {
        "nom": "Plage de l'Ouille",
        "info": true,
        "cara": false,
        "regl": false,
        "tech": false,
        "projet": "Pratique de nettoyage des plages",
        "id": null,
        "Nom": "Plage de l'Ouille",
        "Surf": 4181,
        "Commune": "Argelès-sur-Mer",
        "Mai-Juin": "Manuelle",
        "Juill-Aoû": "Manuelle",
        "Septembre": "Manuelle",
        "Juin_MecaF": "Jamais",
        "JA_MecaF": "Jamais",
        "Sept_MecaF": "Jamais",
        "Juin_ManF": "7 jours sur 7",
        "JA_ManF": "7 jours sur 7",
        "Sept_ManF": "7 jours sur 7"
      },
      "geometry": {
        "type": "MultiPolygon",
        "coordinates": [
          [
            [
              [
                706135.5939558503,
                6159341.016897427
              ],
              [
                706144.1805337919,
                6159338.697014966
              ],
              [
                706146.0484910985,
                6159338.81752834
              ],
              [
                706154.4241706341,
                6159336.467517535
              ],
              [
                706164.4870374143,
                6159332.55083286
              ],
              [
                706177.9845353712,
                6159329.055944996
              ],
              [
                706191.8435734517,
                6159326.223880692
              ],
              [
                706203.0513172906,
                6159325.139260323
              ],
              [
                706219.9231897366,
                6159323.6328431405
              ],
              [
                706237.4578857429,
                6159323.512329766
              ],
              [
                706249.0271697057,
                6159325.380287072
              ],
              [
                706256.8605390559,
                6159326.2238806905
              ],
              [
                706268.9118765172,
                6159330.9239023
              ],
              [
                706274.7266468423,
                6159334.689945257
              ],
              [
                706278.7337165482,
                6159337.401496186
              ],
              [
                706280.4811604802,
                6159335.413025505
              ],
              [
                706284.669000248,
                6159329.146330025
              ],
              [
                706285.3016954645,
                6159327.278372721
              ],
              [
                706282.5901445356,
                6159324.627078479
              ],
              [
                706280.7824439165,
                6159320.469367054
              ],
              [
                706279.697823545,
                6159317.818072814
              ],
              [
                706277.8901229257,
                6159317.396276002
              ],
              [
                706275.6606254954,
                6159317.637302752
              ],
              [
                706274.2747216873,
                6159317.577046064
              ],
              [
                706274.0336949382,
                6159316.371912318
              ],
              [
                706275.4195987462,
                6159314.564211698
              ],
              [
                706276.2631923684,
                6159311.491120646
              ],
              [
                706276.2631923684,
                6159308.900083092
              ],
              [
                706275.178571997,
                6159308.0564894695
              ],
              [
                706272.406764381,
                6159308.237259532
              ],
              [
                706267.7067427711,
                6159309.502649967
              ],
              [
                706264.2721115946,
                6159309.502649967
              ],
              [
                706260.9579937927,
                6159309.20136653
              ],
              [
                706257.9451594274,
                6159307.996232783
              ],
              [
                706255.0528384367,
                6159305.8269920405
              ],
              [
                706250.7746136378,
                6159297.692339254
              ],
              [
                706243.9656079721,
                6159290.461536777
              ],
              [
                706234.8668481888,
                6159283.592274425
              ],
              [
                706221.7911470432,
                6159274.071717829
              ],
              [
                706219.6821629875,
                6159279.796103124
              ],
              [
                706216.9103553714,
                6159283.110220926
              ],
              [
                706212.8129006345,
                6159285.460231731
              ],
              [
                706209.3481411142,
                6159290.280766713
              ],
              [
                706203.3224723835,
                6159294.137194701
              ],
              [
                706197.5378304021,
                6159296.788488942
              ],
              [
                706190.6685680491,
                6159296.788488942
              ],
              [
                706180.424931207,
                6159300.765430304
              ],
              [
                706144.8734856959,
                6159319.324489995
              ],
              [
                706131.6772711754,
                6159329.568126839
              ],
              [
                706132.8824049216,
                6159335.232255446
              ],
              [
                706135.5939558503,
                6159341.016897427
              ]
            ]
          ]
        ]
      }
    },
    {
      "type": "Feature",
      "properties": {
        "nom": "Plage du Sardinal",
        "info": true,
        "cara": false,
        "regl": false,
        "tech": false,
        "projet": "Pratique de nettoyage des plages",
        "id": null,
        "Nom": "Plage du Sardinal",
        "Surf": 19519,
        "Commune": "Canet-en-Roussillon",
        "Mai-Juin": "Mixte dominante mécanique",
        "Juill-Aoû": "Mixte dominante mécanique",
        "Septembre": "Mixte dominante mécanique",
        "Juin_MecaF": "7 jours sur 7",
        "JA_MecaF": "7 jours sur 7",
        "Sept_MecaF": "7 jours sur 7",
        "Juin_ManF": "7 jours sur 7",
        "JA_ManF": "7 jours sur 7",
        "Sept_ManF": "7 jours sur 7"
      },
      "geometry": {
        "type": "MultiPolygon",
        "coordinates": [
          [
            [
              [
                703111.4741081024,
                6178389.211734944
              ],
              [
                703107.7605107806,
                6178392.068348277
              ],
              [
                703104.1421339033,
                6178395.305843378
              ],
              [
                703097.6671437018,
                6178400.638188249
              ],
              [
                703093.4774441597,
                6178401.399951803
              ],
              [
                703087.7642175113,
                6178412.635964211
              ],
              [
                703091.573035277,
                6178418.158749972
              ],
              [
                703094.8105303777,
                6178422.158008626
              ],
              [
                703099.9524343612,
                6178440.630774788
              ],
              [
                703103.5708112385,
                6178457.580013844
              ],
              [
                703105.0943383448,
                6178471.482198688
              ],
              [
                703107.9509516689,
                6178486.527028862
              ],
              [
                703111.9502103227,
                6178498.3343639355
              ],
              [
                703114.4259418703,
                6178514.140957662
              ],
              [
                703115.3781463117,
                6178527.090938064
              ],
              [
                703116.5207916413,
                6178540.802682021
              ],
              [
                703121.8531365131,
                6178555.466630418
              ],
              [
                703120.5200502952,
                6178571.082783257
              ],
              [
                703124.1384271726,
                6178629.738576846
              ],
              [
                703141.8494297824,
                6178628.595931518
              ],
              [
                703142.2303115589,
                6178659.8282371955
              ],
              [
                703143.9442795535,
                6178696.392887745
              ],
              [
                703142.2303115589,
                6178700.773028175
              ],
              [
                703143.3729568886,
                6178721.721525886
              ],
              [
                703148.7053017605,
                6178730.100924971
              ],
              [
                703155.5611737384,
                6178769.712629731
              ],
              [
                703162.2266048281,
                6178819.036819795
              ],
              [
                703160.7030777219,
                6178828.177982432
              ],
              [
                703162.797927493,
                6178845.888985042
              ],
              [
                703165.9402021496,
                6178872.169827625
              ],
              [
                703167.6541701441,
                6178893.880088889
              ],
              [
                703169.8442403593,
                6178925.778937676
              ],
              [
                703170.32034258,
                6178943.013838065
              ],
              [
                703171.2725470213,
                6178952.059780259
              ],
              [
                703172.0343105744,
                6178970.246885089
              ],
              [
                703172.8912945717,
                6178982.625542824
              ],
              [
                703173.6530581248,
                6178992.909350791
              ],
              [
                703171.7486492421,
                6179005.097567641
              ],
              [
                703173.4626172365,
                6179031.9497328885
              ],
              [
                703176.8905532255,
                6179051.374703493
              ],
              [
                703178.4140803318,
                6179069.085706103
              ],
              [
                703181.6515754325,
                6179082.035686505
              ],
              [
                703182.9846616504,
                6179084.701858941
              ],
              [
                703185.460393198,
                6179093.843021578
              ],
              [
                703188.3170065222,
                6179104.3172704335
              ],
              [
                703190.4118562932,
                6179115.743723731
              ],
              [
                703190.4118562932,
                6179126.027531697
              ],
              [
                703190.0309745166,
                6179136.88266233
              ],
              [
                703190.9831789581,
                6179146.976029408
              ],
              [
                703192.316265176,
                6179156.498073822
              ],
              [
                703190.0309745166,
                6179170.781140443
              ],
              [
                703189.4596518518,
                6179182.3980346285
              ],
              [
                703189.8405336285,
                6179181.06494841
              ],
              [
                703191.7449425112,
                6179192.491401706
              ],
              [
                703194.4111149472,
                6179212.297254087
              ],
              [
                703193.4589105058,
                6179231.722224692
              ],
              [
                703191.5545016229,
                6179242.196473547
              ],
              [
                703185.6508340864,
                6179249.052345525
              ],
              [
                703184.1273069801,
                6179254.575131285
              ],
              [
                703189.8405336285,
                6179260.859680599
              ],
              [
                703193.4589105058,
                6179261.811885039
              ],
              [
                703204.3140411376,
                6179255.14645395
              ],
              [
                703216.1213762108,
                6179246.005291312
              ],
              [
                703235.355905927,
                6179232.103106468
              ],
              [
                703242.4022187933,
                6179223.342825607
              ],
              [
                703243.3544232347,
                6179215.3443083
              ],
              [
                703241.0691325754,
                6179206.203145661
              ],
              [
                703238.2125192513,
                6179194.776692364
              ],
              [
                703231.927969938,
                6179185.064207062
              ],
              [
                703219.3588713116,
                6179171.542903994
              ],
              [
                703212.693440222,
                6179156.307632931
              ],
              [
                703205.837568244,
                6179134.597371667
              ],
              [
                703201.076546037,
                6179109.840056191
              ],
              [
                703198.410373601,
                6179093.081258021
              ],
              [
                703198.9816962659,
                6179084.511418049
              ],
              [
                703201.2669869252,
                6179072.513642088
              ],
              [
                703200.1243415956,
                6179062.991597674
              ],
              [
                703199.1721371541,
                6179058.2305754665
              ],
              [
                703193.8397922823,
                6179049.279853717
              ],
              [
                703188.126565634,
                6179035.7585506495
              ],
              [
                703185.8412749748,
                6179023.760774687
              ],
              [
                703186.2221567513,
                6179016.333580044
              ],
              [
                703186.031715863,
                6179004.526244971
              ],
              [
                703187.5552429693,
                6178991.385823679
              ],
              [
                703195.3633193886,
                6178958.249109118
              ],
              [
                703200.5052233721,
                6178933.68223453
              ],
              [
                703203.3618366963,
                6178927.207244328
              ],
              [
                703203.7427184728,
                6178918.446963468
              ],
              [
                703203.5522775846,
                6178910.44844616
              ],
              [
                703196.1250829417,
                6178900.735960857
              ],
              [
                703188.3170065222,
                6178876.740408934
              ],
              [
                703180.3184892145,
                6178844.555898814
              ],
              [
                703178.4140803318,
                6178830.65371397
              ],
              [
                703176.1287896724,
                6178817.1324109025
              ],
              [
                703172.1295310186,
                6178803.611107835
              ],
              [
                703169.8442403593,
                6178791.042009208
              ],
              [
                703168.5111541413,
                6178770.855275052
              ],
              [
                703169.2729176944,
                6178753.144272441
              ],
              [
                703173.08173546,
                6178732.576656507
              ],
              [
                703174.2243807897,
                6178720.00755788
              ],
              [
                703172.8912945718,
                6178712.580363237
              ],
              [
                703169.4633585827,
                6178704.772286817
              ],
              [
                703166.4163043703,
                6178680.967175783
              ],
              [
                703164.5118954876,
                6178666.493668274
              ],
              [
                703161.6552821633,
                6178652.020160764
              ],
              [
                703157.4655826212,
                6178636.404007926
              ],
              [
                703155.1802919619,
                6178627.834167953
              ],
              [
                703153.8472057439,
                6178620.026091534
              ],
              [
                703153.8472057439,
                6178614.312864886
              ],
              [
                703150.4192697551,
                6178604.886040917
              ],
              [
                703146.8008928779,
                6178593.45958762
              ],
              [
                703143.563397777,
                6178573.463294351
              ],
              [
                703141.2781071177,
                6178556.89493707
              ],
              [
                703137.4692893522,
                6178534.2324713655
              ],
              [
                703133.3748102543,
                6178499.762670588
              ],
              [
                703132.8034875895,
                6178488.336217292
              ],
              [
                703132.3273853688,
                6178477.004984438
              ],
              [
                703125.7571747232,
                6178451.581125855
              ],
              [
                703118.6156414128,
                6178434.8223276865
              ],
              [
                703112.7119738761,
                6178408.351044216
              ],
              [
                703111.4741081024,
                6178389.211734944
              ]
            ]
          ]
        ]
      }
    },
    {
      "type": "Feature",
      "properties": {
        "nom": "Plage Sud -Torreilles",
        "info": true,
        "cara": false,
        "regl": false,
        "tech": false,
        "projet": "Pratique de nettoyage des plages",
        "id": null,
        "Nom": "Plage Sud -Torreilles",
        "Surf": 20891,
        "Commune": "Torreilles",
        "Mai-Juin": "Mécanique",
        "Juill-Aoû": "Mixte dominante manuelle",
        "Septembre": "Mécanique",
        "Juin_MecaF": "3 jours sur 7",
        "JA_MecaF": "3 jours sur 7",
        "Sept_MecaF": "3 jours sur 7",
        "Juin_ManF": "Jamais",
        "JA_ManF": "4 jours sur 7",
        "Sept_ManF": "Jamais"
      },
      "geometry": {
        "type": "MultiPolygon",
        "coordinates": [
          [
            [
              [
                703125.328682723,
                6184328.634548316
              ],
              [
                703124.662139614,
                6184318.636401681
              ],
              [
                703121.9959671781,
                6184309.780900376
              ],
              [
                703120.8533218484,
                6184300.1636355175
              ],
              [
                703121.0437627367,
                6184286.071009785
              ],
              [
                703118.9489129657,
                6184277.405949368
              ],
              [
                703119.9011174073,
                6184270.645297835
              ],
              [
                703121.043762737,
                6184257.409656099
              ],
              [
                703121.1389831811,
                6184246.554525468
              ],
              [
                703120.1867787397,
                6184235.128072171
              ],
              [
                703121.043762737,
                6184226.653452642
              ],
              [
                703117.9967085245,
                6184212.179945133
              ],
              [
                703117.7110471921,
                6184206.37149804
              ],
              [
                703118.6632516335,
                6184199.6108465055
              ],
              [
                703119.9963378514,
                6184192.659754083
              ],
              [
                703119.710676519,
                6184188.1843932085
              ],
              [
                703118.4728107452,
                6184180.661978122
              ],
              [
                703117.9014880804,
                6184173.234783479
              ],
              [
                703118.1871494128,
                6184168.378540828
              ],
              [
                703116.949283639,
                6184163.236636843
              ],
              [
                703117.1397245273,
                6184157.523410195
              ],
              [
                703117.711047192,
                6184152.667167543
              ],
              [
                703117.5206063037,
                6184146.953940895
              ],
              [
                703117.3301654154,
                6184141.050273359
              ],
              [
                703115.9018587534,
                6184134.956164934
              ],
              [
                703115.9970791976,
                6184126.576765849
              ],
              [
                703116.6636223064,
                6184120.768318755
              ],
              [
                703113.7117885381,
                6184108.770542793
              ],
              [
                703109.4268685519,
                6184093.916153507
              ],
              [
                703106.7606961159,
                6184089.63123352
              ],
              [
                703105.8084916746,
                6184085.25109309
              ],
              [
                703105.3323894539,
                6184079.442645997
              ],
              [
                703104.8562872332,
                6184073.062876239
              ],
              [
                703102.7614374621,
                6184065.540461153
              ],
              [
                703103.1423192386,
                6184059.73201406
              ],
              [
                703102.7614374621,
                6184052.209598973
              ],
              [
                703102.8566579062,
                6184043.734979445
              ],
              [
                703101.7140125766,
                6184037.736091464
              ],
              [
                703100.1904854703,
                6184026.4048586115
              ],
              [
                703100.0000445821,
                6184014.502303094
              ],
              [
                703099.5239423614,
                6183997.267402705
              ],
              [
                703102.3805556856,
                6183981.175147645
              ],
              [
                703103.6184214593,
                6183973.176630338
              ],
              [
                703104.3801850125,
                6183964.51156992
              ],
              [
                703104.5706259008,
                6183952.323353071
              ],
              [
                703104.2849645683,
                6183938.802050003
              ],
              [
                703104.2849645683,
                6183929.470446476
              ],
              [
                703106.4750347836,
                6183913.568632305
              ],
              [
                703107.2367983367,
                6183900.618651901
              ],
              [
                703106.9511370044,
                6183896.428952359
              ],
              [
                703105.7132712306,
                6183889.668300825
              ],
              [
                703106.4750347837,
                6183882.336326626
              ],
              [
                703106.2845938954,
                6183876.718320422
              ],
              [
                703105.332389454,
                6183869.767228
              ],
              [
                703104.7610667892,
                6183858.912097368
              ],
              [
                703103.8088623479,
                6183852.056225388
              ],
              [
                703104.3801850127,
                6183846.34299874
              ],
              [
                703104.8562872334,
                6183842.724621863
              ],
              [
                703104.8562872334,
                6183838.915804097
              ],
              [
                703103.3327601271,
                6183830.91728679
              ],
              [
                703101.5711819107,
                6183825.6325521385
              ],
              [
                703099.6667730279,
                6183818.967121049
              ],
              [
                703099.5239423617,
                6183815.8248463925
              ],
              [
                703100.0476548044,
                6183802.922476212
              ],
              [
                703101.190300134,
                6183783.307064719
              ],
              [
                703102.2377250196,
                6183765.024739444
              ],
              [
                703103.9516930141,
                6183757.026222137
              ],
              [
                703104.618236123,
                6183749.122925271
              ],
              [
                703108.046172112,
                6183736.172944868
              ],
              [
                703112.2358716541,
                6183727.127002675
              ],
              [
                703119.0917436321,
                6183712.272613388
              ],
              [
                703128.7090084902,
                6183693.70462678
              ],
              [
                703136.3266440213,
                6183686.5630934695
              ],
              [
                703161.2744003857,
                6183669.709074858
              ],
              [
                703176.7001123363,
                6183659.520487335
              ],
              [
                703191.0783994013,
                6183651.998072248
              ],
              [
                703173.8434990118,
                6183641.714264283
              ],
              [
                703127.5663631603,
                6183638.476769184
              ],
              [
                703121.8531365119,
                6183644.761318496
              ],
              [
                703115.759028087,
                6183661.139234888
              ],
              [
                703101.2855205778,
                6183686.848754806
              ],
              [
                703088.1450992866,
                6183712.367833835
              ],
              [
                703086.6215721804,
                6183727.222223122
              ],
              [
                703084.1458406327,
                6183735.601622205
              ],
              [
                703080.337022867,
                6183747.789839055
              ],
              [
                703081.2892273085,
                6183794.257415796
              ],
              [
                703081.0987864202,
                6183816.729440613
              ],
              [
                703081.0987864202,
                6183844.72425119
              ],
              [
                703077.2899686546,
                6183876.146997755
              ],
              [
                703072.7193873358,
                6183903.760926558
              ],
              [
                703070.0532149,
                6183934.802791347
              ],
              [
                703067.0061606875,
                6183963.1784837
              ],
              [
                703071.0054193414,
                6183994.601230268
              ],
              [
                703073.481150889,
                6184009.83650133
              ],
              [
                703080.337022867,
                6184057.63716429
              ],
              [
                703082.4318726381,
                6184081.442275325
              ],
              [
                703084.1458406326,
                6184102.009891259
              ],
              [
                703087.7642175099,
                6184121.434861863
              ],
              [
                703086.6215721801,
                6184137.43189648
              ],
              [
                703085.2884859622,
                6184190.56490431
              ],
              [
                703089.8590672809,
                6184214.179574456
              ],
              [
                703090.4303899457,
                6184225.034705088
              ],
              [
                703094.0487668233,
                6184276.453744924
              ],
              [
                703075.9568824368,
                6184289.02284355
              ],
              [
                703078.0517322079,
                6184307.114727937
              ],
              [
                703086.431131292,
                6184316.82721324
              ],
              [
                703090.0495081694,
                6184326.349257654
              ],
              [
                703125.328682723,
                6184328.634548316
              ]
            ]
          ]
        ]
      }
    },
    {
      "type": "Feature",
      "properties": {
        "nom": "Plage Sud - Sainte-Marie",
        "info": true,
        "cara": false,
        "regl": false,
        "tech": false,
        "projet": "Pratique de nettoyage des plages",
        "id": null,
        "Nom": "Plage Sud - Sainte-Marie",
        "Surf": 8710,
        "Commune": "Sainte-Marie-la-Mer",
        "Mai-Juin": "Manuelle",
        "Juill-Aoû": "Manuelle",
        "Septembre": "Manuelle",
        "Juin_MecaF": "Jamais",
        "JA_MecaF": "Jamais",
        "Sept_MecaF": "Jamais",
        "Juin_ManF": "1 jour par mois",
        "JA_ManF": "7 jours sur 7",
        "Sept_ManF": "Jamais"
      },
      "geometry": {
        "type": "MultiPolygon",
        "coordinates": [
          [
            [
              [
                703227.5478295068,
                6180710.305281269
              ],
              [
                703230.4044428313,
                6180709.924399488
              ],
              [
                703232.0231903816,
                6180705.16337728
              ],
              [
                703236.0224490354,
                6180697.640962194
              ],
              [
                703240.8786916866,
                6180690.499428883
              ],
              [
                703246.3062570025,
                6180683.738777349
              ],
              [
                703257.2566080785,
                6180678.120771145
              ],
              [
                703263.73159828,
                6180677.168566704
              ],
              [
                703270.9683520346,
                6180679.644298251
              ],
              [
                703275.7293742415,
                6180683.643556905
              ],
              [
                703277.6337831243,
                6180677.930330257
              ],
              [
                703276.7767991271,
                6180665.742113407
              ],
              [
                703268.6830613753,
                6180669.550931172
              ],
              [
                703263.9220391683,
                6180670.312694726
              ],
              [
                703256.0187423048,
                6180670.122253837
              ],
              [
                703249.4485316591,
                6180666.408656516
              ],
              [
                703241.9261165721,
                6180657.362714322
              ],
              [
                703232.4040721582,
                6180642.603545481
              ],
              [
                703224.6912161828,
                6180629.844005967
              ],
              [
                703223.5485708532,
                6180618.322332226
              ],
              [
                703222.9772481883,
                6180602.801399832
              ],
              [
                703223.8342321856,
                6180587.090026549
              ],
              [
                703230.975765496,
                6180567.379394612
              ],
              [
                703239.2599441361,
                6180557.476468422
              ],
              [
                703241.2595734631,
                6180548.430526229
              ],
              [
                703236.4033308121,
                6180536.147088936
              ],
              [
                703235.8320081473,
                6180518.055204549
              ],
              [
                703234.8798037058,
                6180501.772508602
              ],
              [
                703236.4985512559,
                6180471.301966478
              ],
              [
                703244.9731707843,
                6180443.592817233
              ],
              [
                703260.2084418467,
                6180413.312715997
              ],
              [
                703246.8775796671,
                6180420.73991064
              ],
              [
                703236.4033308118,
                6180427.024459953
              ],
              [
                703229.3570179455,
                6180437.30826792
              ],
              [
                703221.1680597495,
                6180438.736574582
              ],
              [
                703211.5507948914,
                6180446.6398714455
              ],
              [
                703203.8379389164,
                6180451.972216319
              ],
              [
                703194.3158945024,
                6180457.2093407465
              ],
              [
                703185.1747318651,
                6180467.588369158
              ],
              [
                703179.1758438842,
                6180479.395704231
              ],
              [
                703179.3662847725,
                6180489.679512199
              ],
              [
                703198.1247122679,
                6180500.820304164
              ],
              [
                703202.0287504777,
                6180527.19636719
              ],
              [
                703176.4144510042,
                6180528.910335184
              ],
              [
                703176.0335692277,
                6180540.812890702
              ],
              [
                703189.6500927395,
                6180541.288992923
              ],
              [
                703198.219932712,
                6180547.478321792
              ],
              [
                703216.026155766,
                6180562.427931522
              ],
              [
                703224.7864366268,
                6180565.37976529
              ],
              [
                703210.8842517824,
                6180596.612070968
              ],
              [
                703216.2165966543,
                6180658.3149187695
              ],
              [
                703219.9301939757,
                6180664.980349859
              ],
              [
                703218.2162259811,
                6180670.312694731
              ],
              [
                703212.1221175562,
                6180680.501282254
              ],
              [
                703210.3129291176,
                6180706.210802171
              ],
              [
                703227.5478295068,
                6180710.305281269
              ]
            ]
          ]
        ]
      }
    },
    {
      "type": "Feature",
      "properties": {
        "nom": "Plage de l'embouchure du Tech - Nord",
        "info": true,
        "cara": false,
        "regl": false,
        "tech": false,
        "projet": "Pratique de nettoyage des plages",
        "id": null,
        "Nom": "Plage de l'embouchure du Tech - Nord",
        "Surf": 17796,
        "Commune": "Argelès-sur-Mer",
        "Mai-Juin": "Manuelle",
        "Juill-Aoû": "Manuelle",
        "Septembre": "Manuelle",
        "Juin_MecaF": "Jamais",
        "JA_MecaF": "Jamais",
        "Sept_MecaF": "Jamais",
        "Juin_ManF": "7 jours sur 7",
        "JA_ManF": "7 jours sur 7",
        "Sept_ManF": "7 jours sur 7"
      },
      "geometry": {
        "type": "MultiPolygon",
        "coordinates": [
          [
            [
              [
                703614.1428327131,
                6165986.558444968
              ],
              [
                703629.4971293306,
                6165988.843735628
              ],
              [
                703630.2112826618,
                6165987.415428965
              ],
              [
                703630.2826979948,
                6165984.558815641
              ],
              [
                703629.4257139976,
                6165977.274451664
              ],
              [
                703629.4257139976,
                6165963.562707708
              ],
              [
                703629.9970366624,
                6165951.279270414
              ],
              [
                703631.9966659893,
                6165932.425622474
              ],
              [
                703631.7110046569,
                6165913.5719745355
              ],
              [
                703632.5679886541,
                6165894.718326596
              ],
              [
                703635.4246019783,
                6165870.722774672
              ],
              [
                703636.567247308,
                6165849.869497406
              ],
              [
                703639.7095219645,
                6165829.301881472
              ],
              [
                703644.5657646157,
                6165806.4489748785
              ],
              [
                703650.9931445951,
                6165764.885251013
              ],
              [
                703654.2782499179,
                6165753.173136383
              ],
              [
                703664.5620578849,
                6165736.176287104
              ],
              [
                703682.1302298286,
                6165716.608485834
              ],
              [
                703700.2697244372,
                6165697.754837894
              ],
              [
                703719.5518643754,
                6165671.616825977
              ],
              [
                703720.9801710375,
                6165664.903784666
              ],
              [
                703718.2663883795,
                6165659.761880683
              ],
              [
                703712.1246697325,
                6165658.904896685
              ],
              [
                703706.6971044166,
                6165660.333203347
              ],
              [
                703703.9833217586,
                6165664.903784666
              ],
              [
                703704.4118137571,
                6165668.617381987
              ],
              [
                703702.269353764,
                6165671.7596566435
              ],
              [
                703701.1267084344,
                6165678.329867289
              ],
              [
                703699.1270791074,
                6165684.757247269
              ],
              [
                703694.699328455,
                6165691.47028858
              ],
              [
                703692.1283764632,
                6165694.755393904
              ],
              [
                703689.271763139,
                6165695.4695472345
              ],
              [
                703687.2721338121,
                6165699.183144556
              ],
              [
                703682.2730604948,
                6165704.467879206
              ],
              [
                703678.273801841,
                6165708.181476527
              ],
              [
                703676.8454951788,
                6165706.8960005315
              ],
              [
                703677.8453098424,
                6165700.040128553
              ],
              [
                703679.4164471707,
                6165695.326716568
              ],
              [
                703683.130044492,
                6165687.8995219255
              ],
              [
                703680.2734311678,
                6165676.187407297
              ],
              [
                703673.9888818547,
                6165659.047727352
              ],
              [
                703671.9892525277,
                6165617.912495484
              ],
              [
                703666.2760258793,
                6165596.773556884
              ],
              [
                703649.1363459344,
                6165578.776892942
              ],
              [
                703631.9966659893,
                6165572.778004961
              ],
              [
                703621.7128580222,
                6165561.637212997
              ],
              [
                703584.005562143,
                6165542.783565057
              ],
              [
                703602.5735487503,
                6165560.494567667
              ],
              [
                703604.3589320779,
                6165590.131930901
              ],
              [
                703598.3600440971,
                6165602.129706862
              ],
              [
                703602.2164720848,
                6165623.1258147955
              ],
              [
                703605.6444080737,
                6165671.54541064
              ],
              [
                703611.2148040559,
                6165721.678974479
              ],
              [
                703612.0717880531,
                6165775.240474308
              ],
              [
                703615.4997240421,
                6165830.087450132
              ],
              [
                703616.7852000381,
                6165849.36959007
              ],
              [
                703618.1420913668,
                6165863.438410698
              ],
              [
                703616.9994460371,
                6165893.290019936
              ],
              [
                703618.5705833655,
                6165917.285571859
              ],
              [
                703619.7132286953,
                6165931.568638478
              ],
              [
                703614.1428327131,
                6165986.558444968
              ]
            ]
          ]
        ]
      }
    },
    {
      "type": "Feature",
      "properties": {
        "nom": "Plage de l'embouchure du Tech - Sud",
        "info": true,
        "cara": false,
        "regl": false,
        "tech": false,
        "projet": "Pratique de nettoyage des plages",
        "id": null,
        "Nom": "Plage de l'embouchure du Tech - Sud",
        "Surf": 57769,
        "Commune": "Argelès-sur-Mer",
        "Mai-Juin": "Manuelle",
        "Juill-Aoû": "Manuelle",
        "Septembre": "Manuelle",
        "Juin_MecaF": "Jamais",
        "JA_MecaF": "Jamais",
        "Sept_MecaF": "Jamais",
        "Juin_ManF": "7 jours sur 7",
        "JA_ManF": "7 jours sur 7",
        "Sept_ManF": "7 jours sur 7"
      },
      "geometry": {
        "type": "MultiPolygon",
        "coordinates": [
          [
            [
              [
                703711.3391010673,
                6165551.996143021
              ],
              [
                703714.6956217232,
                6165551.139159024
              ],
              [
                703716.1953437184,
                6165549.282360363
              ],
              [
                703718.4806343777,
                6165543.283472382
              ],
              [
                703719.9089410398,
                6165532.428341751
              ],
              [
                703720.7659250371,
                6165518.716597795
              ],
              [
                703722.765554364,
                6165505.861837836
              ],
              [
                703723.0512156964,
                6165492.721416544
              ],
              [
                703721.9085703667,
                6165476.438720596
              ],
              [
                703716.1953437183,
                6165452.443168674
              ],
              [
                703712.7674077293,
                6165422.163067437
              ],
              [
                703710.48211707,
                6165394.453918193
              ],
              [
                703709.6251330727,
                6165370.458366269
              ],
              [
                703705.9115357513,
                6165352.176040995
              ],
              [
                703699.0556637732,
                6165320.4676330965
              ],
              [
                703695.9133891166,
                6165282.474675885
              ],
              [
                703698.4843411084,
                6165243.910396009
              ],
              [
                703702.769261095,
                6165203.060825473
              ],
              [
                703703.9119064246,
                6165143.64326833
              ],
              [
                703705.0545517543,
                6165098.79443914
              ],
              [
                703705.9115357514,
                6165075.655871214
              ],
              [
                703706.4828584162,
                6165057.659207272
              ],
              [
                703709.6251330728,
                6165035.377623343
              ],
              [
                703719.6232797074,
                6165011.667732753
              ],
              [
                703726.4791516855,
                6164988.814826159
              ],
              [
                703732.4780396662,
                6164939.966738316
              ],
              [
                703731.6210556689,
                6164922.255735706
              ],
              [
                703729.9070876745,
                6164905.401717094
              ],
              [
                703723.9081996937,
                6164887.1193918185
              ],
              [
                703719.6232797074,
                6164865.409130555
              ],
              [
                703720.7659250371,
                6164842.270562629
              ],
              [
                703725.3365063561,
                6164811.133477395
              ],
              [
                703725.9078290209,
                6164792.565490788
              ],
              [
                703727.6217970154,
                6164769.998245527
              ],
              [
                703726.7648130181,
                6164750.28761359
              ],
              [
                703729.9070876747,
                6164730.576981653
              ],
              [
                703742.7618476334,
                6164698.868573755
              ],
              [
                703749.0463969465,
                6164675.73000583
              ],
              [
                703759.0445435812,
                6164648.020856585
              ],
              [
                703762.4724795702,
                6164626.024933989
              ],
              [
                703758.7588822488,
                6164602.886366063
              ],
              [
                703761.0441729082,
                6164585.175363453
              ],
              [
                703765.3290928943,
                6164566.893038178
              ],
              [
                703760.1871889108,
                6164540.612195595
              ],
              [
                703760.1871889108,
                6164508.903787697
              ],
              [
                703761.9011569053,
                6164465.768926502
              ],
              [
                703765.0434315623,
                6164425.490678632
              ],
              [
                703763.6151249002,
                6164401.209465376
              ],
              [
                703771.0423195431,
                6164369.501057478
              ],
              [
                703775.0415781967,
                6164322.652598961
              ],
              [
                703770.470996878,
                6164286.087948412
              ],
              [
                703764.7577702297,
                6164260.378428494
              ],
              [
                703767.043060889,
                6164236.38287657
              ],
              [
                703773.6132715346,
                6164222.956793947
              ],
              [
                703774.7559168643,
                6164207.531081997
              ],
              [
                703773.0419488697,
                6164178.679287422
              ],
              [
                703771.0423195428,
                6164161.82526881
              ],
              [
                703766.1860768917,
                6164143.828604868
              ],
              [
                703766.4717382242,
                6164127.831570252
              ],
              [
                703769.3283515483,
                6164100.122421008
              ],
              [
                703770.7566582104,
                6164068.6996744415
              ],
              [
                703768.7570288834,
                6164040.704863864
              ],
              [
                703737.3342823175,
                6164030.135394565
              ],
              [
                703717.6236503806,
                6164026.421797244
              ],
              [
                703706.197197084,
                6164026.421797244
              ],
              [
                703690.7714851334,
                6164025.564813246
              ],
              [
                703680.2020158339,
                6164038.99089587
              ],
              [
                703686.2009038148,
                6164043.847138521
              ],
              [
                703694.4850824549,
                6164044.9897838505
              ],
              [
                703701.0552931004,
                6164053.273962491
              ],
              [
                703711.9104237324,
                6164069.556658438
              ],
              [
                703717.3379890482,
                6164095.837501021
              ],
              [
                703725.0508450235,
                6164121.547020939
              ],
              [
                703730.4784103394,
                6164149.827492848
              ],
              [
                703731.0497330043,
                6164186.106482065
              ],
              [
                703728.4787810125,
                6164217.243567299
              ],
              [
                703727.3361356828,
                6164269.805252464
              ],
              [
                703725.9078290208,
                6164322.938260293
              ],
              [
                703728.7644423449,
                6164364.073492161
              ],
              [
                703723.9081996938,
                6164427.490307958
              ],
              [
                703712.7674077295,
                6164491.478446419
              ],
              [
                703712.4817463971,
                6164513.188707683
              ],
              [
                703714.4813757241,
                6164534.04198495
              ],
              [
                703719.3376183752,
                6164564.322086186
              ],
              [
                703722.4798930319,
                6164587.746315445
              ],
              [
                703717.6236503808,
                6164625.453611324
              ],
              [
                703713.9100530593,
                6164688.299104456
              ],
              [
                703710.7677784027,
                6164719.43618969
              ],
              [
                703705.0545517544,
                6164769.712584195
              ],
              [
                703699.341325106,
                6164820.274640033
              ],
              [
                703697.0560344467,
                6164846.841143946
              ],
              [
                703693.6280984577,
                6164861.4098718995
              ],
              [
                703694.7707437873,
                6164877.406906515
              ],
              [
                703690.485823801,
                6164895.117909125
              ],
              [
                703683.9156131555,
                6164922.827058369
              ],
              [
                703682.4873064933,
                6164941.109383645
              ],
              [
                703683.6299518229,
                6164978.816679524
              ],
              [
                703687.9148718092,
                6164999.098634126
              ],
              [
                703689.0575171389,
                6165065.372063247
              ],
              [
                703687.0578878119,
                6165076.227193878
              ],
              [
                703684.4869358202,
                6165122.2186683975
              ],
              [
                703680.7733384988,
                6165176.494321557
              ],
              [
                703670.7751918641,
                6165233.055265376
              ],
              [
                703660.4913838971,
                6165245.910025335
              ],
              [
                703655.3494799136,
                6165258.193462629
              ],
              [
                703652.7785279219,
                6165274.476158576
              ],
              [
                703653.9211732516,
                6165293.615467848
              ],
              [
                703653.9211732516,
                6165313.89742245
              ],
              [
                703657.0634479081,
                6165335.893345046
              ],
              [
                703661.3483678944,
                6165359.031912971
              ],
              [
                703655.9208025786,
                6165371.029688933
              ],
              [
                703637.0671546389,
                6165391.597304868
              ],
              [
                703630.4969439934,
                6165401.024128838
              ],
              [
                703646.0654866102,
                6165401.452620837
              ],
              [
                703653.492681253,
                6165402.4524355
              ],
              [
                703657.6347705731,
                6165405.88037149
              ],
              [
                703657.4919399068,
                6165412.879074134
              ],
              [
                703657.4919399068,
                6165419.449284779
              ],
              [
                703664.0621505525,
                6165426.590818089
              ],
              [
                703672.6319905249,
                6165435.874811393
              ],
              [
                703676.2027571802,
                6165444.587482032
              ],
              [
                703676.4884185126,
                6165452.728830006
              ],
              [
                703679.487862503,
                6165460.441685981
              ],
              [
                703678.0595558409,
                6165463.298299304
              ],
              [
                703678.9165398382,
                6165470.297001949
              ],
              [
                703681.6303224962,
                6165474.439091269
              ],
              [
                703688.2005331417,
                6165481.009301915
              ],
              [
                703693.4852677914,
                6165494.578215204
              ],
              [
                703696.7703731143,
                6165505.719007169
              ],
              [
                703698.627171775,
                6165518.716597794
              ],
              [
                703701.340954433,
                6165533.856648412
              ],
              [
                703704.1975677571,
                6165547.9968843665
              ],
              [
                703707.6255037462,
                6165551.710481687
              ],
              [
                703711.3391010673,
                6165551.996143021
              ]
            ]
          ]
        ]
      }
    },
    {
      "type": "Feature",
      "properties": {
        "nom": "Plage Saint-Vincent",
        "info": true,
        "cara": false,
        "regl": false,
        "tech": false,
        "projet": "Pratique de nettoyage des plages",
        "id": null,
        "Nom": "Plage Saint-Vincent",
        "Surf": 2503,
        "Commune": "Collioure",
        "Mai-Juin": "Manuelle",
        "Juill-Aoû": "Manuelle",
        "Septembre": "Manuelle",
        "Juin_MecaF": "Jamais",
        "JA_MecaF": "Jamais",
        "Sept_MecaF": "Jamais",
        "Juin_ManF": "7 jours sur 7",
        "JA_ManF": "7 jours sur 7",
        "Sept_ManF": "7 jours sur 7"
      },
      "geometry": {
        "type": "MultiPolygon",
        "coordinates": [
          [
            [
              [
                707150.9492653161,
                6158629.114265237
              ],
              [
                707132.7517457495,
                6158645.986137683
              ],
              [
                707139.8620348517,
                6158658.519528642
              ],
              [
                707131.1850718795,
                6158667.558031739
              ],
              [
                707146.008216957,
                6158679.85039595
              ],
              [
                707164.5672766475,
                6158692.865840407
              ],
              [
                707177.823747855,
                6158700.458183008
              ],
              [
                707186.1391707034,
                6158701.783830129
              ],
              [
                707194.9366470502,
                6158702.8684505
              ],
              [
                707204.5777170192,
                6158706.604365113
              ],
              [
                707212.8931398676,
                6158706.845391863
              ],
              [
                707215.7854608584,
                6158700.337669633
              ],
              [
                707213.9777602392,
                6158696.240214896
              ],
              [
                707204.2161768954,
                6158692.263273534
              ],
              [
                707192.7674063072,
                6158683.104257064
              ],
              [
                707181.6801758427,
                6158672.619593472
              ],
              [
                707168.7852447589,
                6158657.314394896
              ],
              [
                707161.1929021584,
                6158642.973303317
              ],
              [
                707154.5646665546,
                6158632.729666475
              ],
              [
                707150.9492653161,
                6158629.114265237
              ]
            ]
          ]
        ]
      }
    },
    {
      "type": "Feature",
      "properties": {
        "nom": "Plage Boramar",
        "info": true,
        "cara": false,
        "regl": false,
        "tech": false,
        "projet": "Pratique de nettoyage des plages",
        "id": null,
        "Nom": "Plage Boramar",
        "Surf": 2313,
        "Commune": "Collioure",
        "Mai-Juin": "Manuelle",
        "Juill-Aoû": "Manuelle",
        "Septembre": "Manuelle",
        "Juin_MecaF": "Jamais",
        "JA_MecaF": "Jamais",
        "Sept_MecaF": "Jamais",
        "Juin_ManF": "7 jours sur 7",
        "JA_ManF": "7 jours sur 7",
        "Sept_ManF": "7 jours sur 7"
      },
      "geometry": {
        "type": "MultiPolygon",
        "coordinates": [
          [
            [
              [
                707075.4777644644,
                6158645.624597558
              ],
              [
                707070.3860743871,
                6158642.400864786
              ],
              [
                707066.7104164615,
                6158640.95470429
              ],
              [
                707064.7219457803,
                6158637.520073114
              ],
              [
                707059.8411541084,
                6158631.735431133
              ],
              [
                707052.8513783808,
                6158622.094361164
              ],
              [
                707046.223142777,
                6158609.681483578
              ],
              [
                707042.8487682878,
                6158601.486574104
              ],
              [
                707039.7154205479,
                6158592.930124506
              ],
              [
                707037.9077199287,
                6158584.192904847
              ],
              [
                707036.9436129316,
                6158574.551834878
              ],
              [
                707037.003869619,
                6158561.476133732
              ],
              [
                707038.0884899907,
                6158549.726079709
              ],
              [
                707020.4332806098,
                6158549.48505296
              ],
              [
                707013.9858150679,
                6158549.304282898
              ],
              [
                707012.7204246344,
                6158551.71455039
              ],
              [
                707010.4909272041,
                6158553.401737634
              ],
              [
                707007.719119588,
                6158553.461994322
              ],
              [
                707005.5498788449,
                6158555.028668192
              ],
              [
                707005.3088520957,
                6158558.162015932
              ],
              [
                707008.3819431484,
                6158569.068476335
              ],
              [
                707012.9614513838,
                6158588.049332838
              ],
              [
                707015.371718876,
                6158598.1724563055
              ],
              [
                707019.0473768017,
                6158605.403258782
              ],
              [
                707023.5666283497,
                6158612.091751073
              ],
              [
                707029.9538372043,
                6158619.563580299
              ],
              [
                707036.1000193094,
                6158626.191815904
              ],
              [
                707043.3308217862,
                6158632.09697126
              ],
              [
                707050.8629076995,
                6158637.098276307
              ],
              [
                707061.347571291,
                6158644.148308721
              ],
              [
                707070.9585129165,
                6158650.927186041
              ],
              [
                707075.4777644644,
                6158645.624597558
              ]
            ]
          ]
        ]
      }
    },
    {
      "type": "Feature",
      "properties": {
        "nom": "Plage du Faubourg et du Boutigue",
        "info": true,
        "cara": false,
        "regl": false,
        "tech": false,
        "projet": "Pratique de nettoyage des plages",
        "id": null,
        "Nom": "Plage du Faubourg et du Boutigue",
        "Surf": 3009,
        "Commune": "Collioure",
        "Mai-Juin": "Manuelle",
        "Juill-Aoû": "Manuelle",
        "Septembre": "Manuelle",
        "Juin_MecaF": "Jamais",
        "JA_MecaF": "Jamais",
        "Sept_MecaF": "Jamais",
        "Juin_ManF": "7 jours sur 7",
        "JA_ManF": "7 jours sur 7",
        "Sept_ManF": "7 jours sur 7"
      },
      "geometry": {
        "type": "MultiPolygon",
        "coordinates": [
          [
            [
              [
                707003.0793546652,
                6158312.254475026
              ],
              [
                707003.7421782255,
                6158312.254475022
              ],
              [
                707003.8024349129,
                6158311.651908149
              ],
              [
                707004.2844884114,
                6158309.301897344
              ],
              [
                707006.8152692782,
                6158303.396741988
              ],
              [
                707012.057601074,
                6158296.64799301
              ],
              [
                707021.3973876066,
                6158287.669746602
              ],
              [
                707032.1833346344,
                6158279.113297004
              ],
              [
                707041.8846612909,
                6158272.545318088
              ],
              [
                707049.3564905169,
                6158268.146579915
              ],
              [
                707059.3591006099,
                6158264.832462112
              ],
              [
                707072.0130049443,
                6158259.770900378
              ],
              [
                707077.9181603004,
                6158258.264483195
              ],
              [
                707085.9322997122,
                6158257.902943071
              ],
              [
                707091.2951448825,
                6158256.8785793865
              ],
              [
                707100.5144180404,
                6158252.359327839
              ],
              [
                707111.1798516938,
                6158250.310600472
              ],
              [
                707120.0375847279,
                6158246.454172485
              ],
              [
                707128.8953177619,
                6158244.465701803
              ],
              [
                707139.5607514153,
                6158243.501594806
              ],
              [
                707144.019746276,
                6158243.802878243
              ],
              [
                707149.9851583194,
                6158247.177252732
              ],
              [
                707153.239019434,
                6158248.984953351
              ],
              [
                707158.7826346662,
                6158250.190087097
              ],
              [
                707166.8570307653,
                6158251.877274342
              ],
              [
                707171.8583358118,
                6158253.745231648
              ],
              [
                707177.1006676075,
                6158256.034985766
              ],
              [
                707182.7647962143,
                6158257.601659636
              ],
              [
                707193.1289464311,
                6158258.204226509
              ],
              [
                707189.0917483816,
                6158251.69650428
              ],
              [
                707182.9455662762,
                6158245.791348924
              ],
              [
                707173.7865498057,
                6158238.92208657
              ],
              [
                707163.7839397127,
                6158233.378471338
              ],
              [
                707159.2646881647,
                6158232.836161152
              ],
              [
                707150.4069551305,
                6158231.209230595
              ],
              [
                707149.2018213844,
                6158231.811797469
              ],
              [
                707147.5748908271,
                6158234.342578336
              ],
              [
                707145.5864201459,
                6158237.837466199
              ],
              [
                707144.1402596507,
                6158237.596439451
              ],
              [
                707142.9953825917,
                6158236.4515623925
              ],
              [
                707127.6299273286,
                6158234.945145209
              ],
              [
                707101.7798084739,
                6158236.150278956
              ],
              [
                707076.3514864305,
                6158243.01954131
              ],
              [
                707050.2603408266,
                6158251.154194097
              ],
              [
                707037.3654097429,
                6158255.733702332
              ],
              [
                707023.9884251609,
                6158266.399135985
              ],
              [
                707008.3819431484,
                6158279.95689063
              ],
              [
                706995.1857286281,
                6158291.104377781
              ],
              [
                707003.0793546652,
                6158312.254475026
              ]
            ]
          ]
        ]
      }
    },
    {
      "type": "Feature",
      "properties": {
        "nom": "Plage de Port-Leucate",
        "info": true,
        "cara": false,
        "regl": false,
        "tech": false,
        "projet": "Pratique de nettoyage des plages",
        "id": null,
        "Nom": "Plage de Port-Leucate",
        "Surf": 507813,
        "Commune": "Leucate",
        "Mai-Juin": "Mixte dominante manuelle",
        "Juill-Aoû": "Mixte dominante mécanique",
        "Septembre": "Mixte dominante mécanique",
        "Juin_MecaF": "2 jours sur 7",
        "JA_MecaF": "7 jours sur 7",
        "Sept_MecaF": "7 jours sur 7",
        "Juin_ManF": "3 jours sur 7",
        "JA_ManF": "7 jours sur 7",
        "Sept_ManF": "3 jours sur 7"
      },
      "geometry": {
        "type": "MultiPolygon",
        "coordinates": [
          [
            [
              [
                704130.3328603903,
                6196803.6553758895
              ],
              [
                704134.1416781564,
                6196802.893612316
              ],
              [
                704125.7622790723,
                6196767.852488874
              ],
              [
                704126.5240426254,
                6196757.949562684
              ],
              [
                704127.666687955,
                6196745.380464057
              ],
              [
                704130.332860391,
                6196736.620183197
              ],
              [
                704131.8563874972,
                6196719.099621475
              ],
              [
                704125.0005155192,
                6196695.4849513285
              ],
              [
                704115.4784711052,
                6196662.348236768
              ],
              [
                704101.7667271493,
                6196610.929196933
              ],
              [
                704097.5770276071,
                6196597.217452977
              ],
              [
                704092.6255645119,
                6196580.839536585
              ],
              [
                704085.0079289807,
                6196554.558694002
              ],
              [
                704078.9138205558,
                6196531.324905633
              ],
              [
                704074.3432392371,
                6196510.757289698
              ],
              [
                704070.9153032481,
                6196490.951437318
              ],
              [
                704063.6785494935,
                6196470.002939607
              ],
              [
                704056.4417957389,
                6196436.48534327
              ],
              [
                704051.4903326437,
                6196407.538328252
              ],
              [
                704053.0138597498,
                6196393.445702521
              ],
              [
                704047.3006331014,
                6196385.066303437
              ],
              [
                704043.4918153358,
                6196371.35455948
              ],
              [
                704042.3491700061,
                6196358.023697301
              ],
              [
                704040.0638793468,
                6196342.026662686
              ],
              [
                704035.4932980281,
                6196329.838445836
              ],
              [
                704030.5418349329,
                6196316.126701879
              ],
              [
                704029.0183078267,
                6196303.176721477
              ],
              [
                704025.5903718376,
                6196288.322332191
              ],
              [
                704020.6389087425,
                6196268.51647981
              ],
              [
                704013.7830367642,
                6196238.807701239
              ],
              [
                704013.7830367642,
                6196228.904775049
              ],
              [
                704013.7830367642,
                6196219.763612412
              ],
              [
                704011.8786278815,
                6196207.194513786
              ],
              [
                704008.4506918925,
                6196197.291587595
              ],
              [
                704005.0227559034,
                6196190.054833841
              ],
              [
                703998.9286474786,
                6196173.296035672
              ],
              [
                703993.5963026067,
                6196140.921084665
              ],
              [
                703990.9301301709,
                6196118.449059848
              ],
              [
                703990.1683666178,
                6196091.025571936
              ],
              [
                703983.6933764165,
                6196051.413867174
              ],
              [
                703984.836021746,
                6196032.369778346
              ],
              [
                703990.5492483944,
                6196014.849216624
              ],
              [
                703993.9771843834,
                6195993.138955361
              ],
              [
                703992.0727755007,
                6195976.380157192
              ],
              [
                703984.4551399696,
                6195950.861078163
              ],
              [
                703978.7419133212,
                6195932.959634665
              ],
              [
                703966.5536964714,
                6195913.534664061
              ],
              [
                703954.3654796216,
                6195878.493540618
              ],
              [
                703945.2243169842,
                6195838.500954079
              ],
              [
                703938.3684450061,
                6195811.839229721
              ],
              [
                703929.2272823688,
                6195786.320150691
              ],
              [
                703915.896420189,
                6195738.709928622
              ],
              [
                703912.8493659765,
                6195711.667322487
              ],
              [
                703908.2787846578,
                6195663.67621864
              ],
              [
                703899.518503797,
                6195605.0204250505
              ],
              [
                703889.996459383,
                6195553.982266991
              ],
              [
                703887.711168724,
                6195525.797015525
              ],
              [
                703883.9023509583,
                6195497.61176406
              ],
              [
                703873.9994247679,
                6195463.33240417
              ],
              [
                703861.049444365,
                6195411.532482558
              ],
              [
                703850.3847546213,
                6195343.735526331
              ],
              [
                703836.6730106653,
                6195290.412077613
              ],
              [
                703816.1053947312,
                6195225.662175599
              ],
              [
                703802.3936507752,
                6195156.341692265
              ],
              [
                703795.9186605737,
                6195116.349105728
              ],
              [
                703788.3010250425,
                6195077.499164519
              ],
              [
                703788.3010250425,
                6195023.794834024
              ],
              [
                703790.2054339254,
                6194978.469902615
              ],
              [
                703789.4436703722,
                6194944.571424501
              ],
              [
                703791.3480792551,
                6194916.005291259
              ],
              [
                703794.0142516909,
                6194883.249458475
              ],
              [
                703784.8730890536,
                6194849.731862138
              ],
              [
                703766.2098820021,
                6194815.452502247
              ],
              [
                703757.8304829177,
                6194785.3628418995
              ],
              [
                703752.498138046,
                6194748.417309573
              ],
              [
                703755.1643104819,
                6194714.137949683
              ],
              [
                703742.2143300792,
                6194627.677786407
              ],
              [
                703730.7878767824,
                6194577.401391901
              ],
              [
                703719.3614234857,
                6194549.216140436
              ],
              [
                703706.4114430827,
                6194522.935297853
              ],
              [
                703699.5555711047,
                6194483.323593092
              ],
              [
                703696.8893986689,
                6194443.71188833
              ],
              [
                703697.651162222,
                6194396.863429814
              ],
              [
                703688.8908813612,
                6194343.539981095
              ],
              [
                703681.27324583,
                6194298.215049686
              ],
              [
                703670.2276743099,
                6194237.654847213
              ],
              [
                703666.7997383209,
                6194182.426989612
              ],
              [
                703671.3703196394,
                6194153.099092818
              ],
              [
                703684.701181819,
                6194128.341777341
              ],
              [
                703694.6041080095,
                6194093.300653898
              ],
              [
                703691.1761720204,
                6194054.069830913
              ],
              [
                703681.27324583,
                6193996.556682653
              ],
              [
                703663.3718023319,
                6193937.139125508
              ],
              [
                703642.4233046212,
                6193884.95832212
              ],
              [
                703628.3306788886,
                6193848.774553347
              ],
              [
                703619.9512798043,
                6193809.162848585
              ],
              [
                703614.2380531561,
                6193769.551143823
              ],
              [
                703616.5233438154,
                6193739.080601699
              ],
              [
                703624.9027428996,
                6193708.99094135
              ],
              [
                703632.5203784305,
                6193692.993906736
              ],
              [
                703632.901260207,
                6193682.7100987695
              ],
              [
                703630.2350877712,
                6193670.521881919
              ],
              [
                703624.9027428994,
                6193650.335147762
              ],
              [
                703622.9983340165,
                6193635.480758476
              ],
              [
                703617.2851073683,
                6193610.723443
              ],
              [
                703614.6189349323,
                6193583.299955088
              ],
              [
                703611.1909989434,
                6193576.44408311
              ],
              [
                703596.7174914342,
                6193527.691215712
              ],
              [
                703593.2895554452,
                6193504.4574273415
              ],
              [
                703597.0983732108,
                6193467.131013239
              ],
              [
                703590.6233830093,
                6193392.097303255
              ],
              [
                703573.1028212877,
                6193303.732731095
              ],
              [
                703562.4381315442,
                6193241.268119739
              ],
              [
                703560.1528408848,
                6193192.51525234
              ],
              [
                703464.1706331924,
                6193261.07397212
              ],
              [
                703459.6000518737,
                6193299.162149776
              ],
              [
                703468.7412145111,
                6193350.200307835
              ],
              [
                703474.835322936,
                6193414.188446296
              ],
              [
                703477.1206135954,
                6193625.958714061
              ],
              [
                703483.2147220201,
                6193704.4203600325
              ],
              [
                703486.2617762326,
                6193875.05539593
              ],
              [
                703493.8794117637,
                6193957.706741445
              ],
              [
                703499.2117566356,
                6194004.555199961
              ],
              [
                703507.5911557198,
                6194028.5507518845
              ],
              [
                703522.064663229,
                6194041.500732287
              ],
              [
                703536.9190525147,
                6194061.687466444
              ],
              [
                703549.4881511411,
                6194092.919772122
              ],
              [
                703547.9646240348,
                6194113.487388057
              ],
              [
                703547.2028604817,
                6194131.388831555
              ],
              [
                703564.7234222033,
                6194169.857890988
              ],
              [
                703581.8631021484,
                6194198.804906006
              ],
              [
                703577.6734026063,
                6194231.941620566
              ],
              [
                703582.6248657015,
                6194251.36659117
              ],
              [
                703589.099855903,
                6194270.029798222
              ],
              [
                703587.1954470202,
                6194287.169478167
              ],
              [
                703572.721939511,
                6194300.500340346
              ],
              [
                703578.4351661593,
                6194310.784148315
              ],
              [
                703589.4807376794,
                6194338.207636227
              ],
              [
                703585.2910381373,
                6194360.298779268
              ],
              [
                703590.6233830093,
                6194383.151685861
              ],
              [
                703594.0513189983,
                6194395.339902711
              ],
              [
                703590.2425012328,
                6194417.431045751
              ],
              [
                703580.7204568188,
                6194432.666316814
              ],
              [
                703569.2940035221,
                6194441.045715897
              ],
              [
                703575.3881119471,
                6194452.853050971
              ],
              [
                703585.2910381375,
                6194465.422149598
              ],
              [
                703596.7174914342,
                6194485.228001978
              ],
              [
                703605.4777722949,
                6194529.791169836
              ],
              [
                703614.9998167088,
                6194549.216140441
              ],
              [
                703620.3321615807,
                6194573.211692363
              ],
              [
                703618.0468709213,
                6194588.446963426
              ],
              [
                703595.5748461045,
                6194609.776342913
              ],
              [
                703578.8160479357,
                6194623.107205094
              ],
              [
                703596.7174914338,
                6194644.055702805
              ],
              [
                703622.2365704633,
                6194671.479190717
              ],
              [
                703625.2836246758,
                6194720.232058116
              ],
              [
                703627.1880335585,
                6194772.0319797285
              ],
              [
                703630.6159695475,
                6194792.599595662
              ],
              [
                703636.7100779725,
                6194836.400999967
              ],
              [
                703638.6144868552,
                6194881.725931377
              ],
              [
                703643.5659499505,
                6194914.481764161
              ],
              [
                703656.89681213,
                6194952.18906004
              ],
              [
                703672.8938467454,
                6194980.374311505
              ],
              [
                703676.7026645109,
                6194995.2287007915
              ],
              [
                703681.6541276062,
                6195017.3198438315
              ],
              [
                703676.3217827344,
                6195045.314654407
              ],
              [
                703676.8931053992,
                6195063.596979681
              ],
              [
                703682.7967729358,
                6195080.35577785
              ],
              [
                703692.6996991263,
                6195096.924135131
              ],
              [
                703699.7460119926,
                6195110.064556422
              ],
              [
                703698.2224848864,
                6195124.728504819
              ],
              [
                703689.2717631373,
                6195136.7262807805
              ],
              [
                703684.320300042,
                6195146.0578843085
              ],
              [
                703685.4629453717,
                6195189.859288612
              ],
              [
                703680.1306004999,
                6195201.6666236855
              ],
              [
                703680.1306004999,
                6195220.329830737
              ],
              [
                703682.7967729359,
                6195270.225343466
              ],
              [
                703682.7967729359,
                6195296.125304272
              ],
              [
                703691.9379355733,
                6195307.170875792
              ],
              [
                703708.3158519652,
                6195326.595846397
              ],
              [
                703708.3158519652,
                6195400.106029272
              ],
              [
                703707.9349701887,
                6195426.005990078
              ],
              [
                703717.4570146026,
                6195450.001542001
              ],
              [
                703735.3584581008,
                6195470.950039712
              ],
              [
                703746.4040296209,
                6195498.754409401
              ],
              [
                703752.8790198225,
                6195518.179380005
              ],
              [
                703762.0201824598,
                6195539.127877715
              ],
              [
                703765.0672366723,
                6195598.164553082
              ],
              [
                703741.8334483024,
                6195600.830725519
              ],
              [
                703746.404029621,
                6195610.733651709
              ],
              [
                703742.9760936322,
                6195656.439464897
              ],
              [
                703748.6893202806,
                6195688.814415904
              ],
              [
                703759.3540100241,
                6195705.573214073
              ],
              [
                703775.3510446395,
                6195722.332012241
              ],
              [
                703774.970162863,
                6195734.520229091
              ],
              [
                703772.6848722036,
                6195754.3260814715
              ],
              [
                703768.8760544381,
                6195778.702515172
              ],
              [
                703770.7804633209,
                6195809.173057296
              ],
              [
                703792.4907245846,
                6195827.836264348
              ],
              [
                703793.2524881377,
                6195844.595062516
              ],
              [
                703793.4429290256,
                6195857.354602031
              ],
              [
                703786.5870570475,
                6195876.398690859
              ],
              [
                703787.3488206007,
                6195893.538370804
              ],
              [
                703798.3943921209,
                6195903.441296995
              ],
              [
                703799.917919227,
                6195923.628031152
              ],
              [
                703795.3473379085,
                6195943.433883533
              ],
              [
                703799.156155674,
                6195974.285307434
              ],
              [
                703831.5311066813,
                6195976.95147987
              ],
              [
                703830.0075795752,
                6196019.991120621
              ],
              [
                703814.7723085128,
                6196027.989637929
              ],
              [
                703799.5370374506,
                6196029.132283258
              ],
              [
                703783.9208846117,
                6196044.367554322
              ],
              [
                703785.0635299414,
                6196075.5998599995
              ],
              [
                703794.5855743552,
                6196103.404229688
              ],
              [
                703812.4870178534,
                6196155.2041513
              ],
              [
                703818.962008055,
                6196195.577619616
              ],
              [
                703823.5325893736,
                6196230.618743059
              ],
              [
                703823.5325893736,
                6196298.796581063
              ],
              [
                703823.5325893736,
                6196338.0274040485
              ],
              [
                703826.5796435861,
                6196355.167083994
              ],
              [
                703832.673752011,
                6196378.400872365
              ],
              [
                703844.1002053078,
                6196408.490532712
              ],
              [
                703861.6207670295,
                6196438.9610748375
              ],
              [
                703866.1913483482,
                6196461.813981432
              ],
              [
                703876.0942745387,
                6196494.569814215
              ],
              [
                703901.9942353445,
                6196532.277110094
              ],
              [
                703905.8030531101,
                6196547.512381157
              ],
              [
                703930.9412503629,
                6196605.406411193
              ],
              [
                703946.9382849784,
                6196609.976992512
              ],
              [
                703951.1279845205,
                6196660.253387017
              ],
              [
                703974.933095555,
                6196677.202626073
              ],
              [
                704130.3328603903,
                6196803.6553758895
              ]
            ]
          ]
        ]
      }
    },
    {
      "type": "Feature",
      "properties": {
        "nom": "Plage de Fontaulé",
        "info": true,
        "cara": false,
        "regl": false,
        "tech": false,
        "projet": "Pratique de nettoyage des plages",
        "id": null,
        "Nom": "Plage de Fontaulé",
        "Surf": 22813,
        "Commune": "Banyuls-sur-Mer",
        "Mai-Juin": "Non-nettoyée",
        "Juill-Aoû": "Manuelle",
        "Septembre": "Non-nettoyée",
        "Juin_MecaF": "Jamais",
        "JA_MecaF": "Jamais",
        "Sept_MecaF": "Jamais",
        "Juin_ManF": "Jamais",
        "JA_ManF": "7 jours sur 7",
        "Sept_ManF": "Jamais"
      },
      "geometry": {
        "type": "MultiPolygon",
        "coordinates": [
          [
            [
              [
                710685.3387957142,
                6153714.921205481
              ],
              [
                710686.2077399417,
                6153714.368240973
              ],
              [
                710686.6027145905,
                6153713.973266324
              ],
              [
                710686.9186943095,
                6153713.499296745
              ],
              [
                710687.116181634,
                6153712.748844912
              ],
              [
                710687.2346740286,
                6153711.405931107
              ],
              [
                710685.6547754331,
                6153707.021712504
              ],
              [
                710683.7588971187,
                6153696.594381776
              ],
              [
                710683.7588971187,
                6153685.535091608
              ],
              [
                710686.9186943093,
                6153662.152592397
              ],
              [
                710695.7661264433,
                6153639.086072905
              ],
              [
                710711.2491326776,
                6153610.963877908
              ],
              [
                710729.8919361025,
                6153576.52208853
              ],
              [
                710749.4826786848,
                6153554.719487914
              ],
              [
                710769.389400986,
                6153544.924116623
              ],
              [
                710780.7646708725,
                6153543.028238309
              ],
              [
                710794.9837582305,
                6153544.6081369035
              ],
              [
                710810.7827441839,
                6153544.924116623
              ],
              [
                710830.6894664852,
                6153539.552461399
              ],
              [
                710844.2765944051,
                6153535.128745331
              ],
              [
                710858.8116614821,
                6153528.177191513
              ],
              [
                710874.2946677165,
                6153523.437495726
              ],
              [
                710889.7776739508,
                6153520.593678255
              ],
              [
                710903.3648018707,
                6153521.225637693
              ],
              [
                710907.7885179376,
                6153522.17357685
              ],
              [
                710915.6880109143,
                6153525.017394322
              ],
              [
                710924.5354430482,
                6153525.017394322
              ],
              [
                710930.8550374295,
                6153527.229252355
              ],
              [
                710935.9107129346,
                6153531.968948141
              ],
              [
                710937.1746318109,
                6153541.448339713
              ],
              [
                710937.4906115299,
                6153546.188035499
              ],
              [
                710943.1782464732,
                6153550.611751566
              ],
              [
                710949.8138205736,
                6153549.34783269
              ],
              [
                710954.8694960787,
                6153543.660197747
              ],
              [
                710946.0220639447,
                6153524.385434884
              ],
              [
                710903.0488221516,
                6153463.401349103
              ],
              [
                710860.7075397965,
                6153465.297227418
              ],
              [
                710838.5889594618,
                6153472.248781238
              ],
              [
                710825.0018315419,
                6153476.356517585
              ],
              [
                710783.608488344,
                6153445.074525397
              ],
              [
                710760.225989133,
                6153455.501856127
              ],
              [
                710761.8058877283,
                6153476.988477023
              ],
              [
                710775.7089953674,
                6153497.527158762
              ],
              [
                710746.3228814941,
                6153516.169962187
              ],
              [
                710734.6316318886,
                6153499.739016796
              ],
              [
                710727.048118631,
                6153505.4266517395
              ],
              [
                710715.9888284636,
                6153497.8431384815
              ],
              [
                710670.171769199,
                6153567.0426969575
              ],
              [
                710648.6851483023,
                6153600.220567459
              ],
              [
                710638.2578175731,
                6153629.606681332
              ],
              [
                710637.9418378541,
                6153665.312389587
              ],
              [
                710641.4176147638,
                6153687.430969922
              ],
              [
                710645.5253511117,
                6153697.226341213
              ],
              [
                710663.5361950985,
                6153708.601611099
              ],
              [
                710685.3387957142,
                6153714.921205481
              ]
            ]
          ]
        ]
      }
    },
    {
      "type": "Feature",
      "properties": {
        "nom": "Plage des Elmes",
        "info": true,
        "cara": false,
        "regl": false,
        "tech": false,
        "projet": "Pratique de nettoyage des plages",
        "id": null,
        "Nom": "Plage des Elmes",
        "Surf": 4972,
        "Commune": "Banyuls-sur-Mer",
        "Mai-Juin": "Non-nettoyée",
        "Juill-Aoû": "Manuelle",
        "Septembre": "Non-nettoyée",
        "Juin_MecaF": "Jamais",
        "JA_MecaF": "Jamais",
        "Sept_MecaF": "Jamais",
        "Juin_ManF": "Jamais",
        "JA_ManF": "7 jours sur 7",
        "Sept_ManF": "Jamais"
      },
      "geometry": {
        "type": "MultiPolygon",
        "coordinates": [
          [
            [
              [
                710529.2843119593,
                6154151.684172161
              ],
              [
                710526.4404944876,
                6154146.470506796
              ],
              [
                710483.4672526945,
                6154127.195743933
              ],
              [
                710469.7221349151,
                6154164.165371064
              ],
              [
                710473.0399219653,
                6154166.535218957
              ],
              [
                710474.6198205607,
                6154170.010995867
              ],
              [
                710475.0937901392,
                6154176.488580108
              ],
              [
                710473.3559016844,
                6154183.124154208
              ],
              [
                710470.0381146341,
                6154182.6501846295
              ],
              [
                710470.6700740723,
                6154209.824440469
              ],
              [
                710472.2499726677,
                6154214.880115974
              ],
              [
                710466.8783174434,
                6154221.199710355
              ],
              [
                710487.5749890422,
                6154273.810333581
              ],
              [
                710490.4188065139,
                6154280.91987726
              ],
              [
                710494.8425225808,
                6154285.975552765
              ],
              [
                710498.6342792095,
                6154286.923491922
              ],
              [
                710501.6360865408,
                6154286.133542624
              ],
              [
                710504.9538735909,
                6154285.501583186
              ],
              [
                710506.8497519053,
                6154285.501583186
              ],
              [
                710509.3775896579,
                6154286.133542624
              ],
              [
                710511.1154781127,
                6154287.081481782
              ],
              [
                710513.1693462867,
                6154288.3454006575
              ],
              [
                710514.9072347416,
                6154288.819370236
              ],
              [
                710517.119092775,
                6154289.293339815
              ],
              [
                710518.85698123,
                6154289.293339815
              ],
              [
                710520.7528595444,
                6154289.293339815
              ],
              [
                710521.8587885611,
                6154288.819370236
              ],
              [
                710523.7546668755,
                6154287.3974615
              ],
              [
                710524.2286364541,
                6154286.133542624
              ],
              [
                710522.6487378587,
                6154285.185603467
              ],
              [
                710518.0670319323,
                6154282.815755574
              ],
              [
                710513.1693462867,
                6154278.550029366
              ],
              [
                710507.4817113435,
                6154269.386617513
              ],
              [
                710502.2680459789,
                6154258.801296925
              ],
              [
                710498.9502589287,
                6154244.424219707
              ],
              [
                710495.6324718784,
                6154226.41337572
              ],
              [
                710496.2644313166,
                6154210.140420188
              ],
              [
                710499.4242285072,
                6154190.865657325
              ],
              [
                710503.3739749956,
                6154180.912296175
              ],
              [
                710512.695376708,
                6154164.955320362
              ],
              [
                710520.515874755,
                6154156.423867947
              ],
              [
                710525.6505451899,
                6154153.817035265
              ],
              [
                710529.2843119593,
                6154151.684172161
              ]
            ]
          ]
        ]
      }
    },
    {
      "type": "Feature",
      "properties": {
        "nom": "Plage des Elmes",
        "info": true,
        "cara": false,
        "regl": false,
        "tech": false,
        "projet": "Pratique de nettoyage des plages",
        "id": null,
        "Nom": "Plage des Elmes",
        "Surf": 4900,
        "Commune": "Banyuls-sur-Mer",
        "Mai-Juin": "Non-nettoyée",
        "Juill-Aoû": "Manuelle",
        "Septembre": "Non-nettoyée",
        "Juin_MecaF": "Jamais",
        "JA_MecaF": "Jamais",
        "Sept_MecaF": "Jamais",
        "Juin_ManF": "Jamais",
        "JA_ManF": "7 jours sur 7",
        "Sept_ManF": "Jamais"
      },
      "geometry": {
        "type": "MultiPolygon",
        "coordinates": [
          [
            [
              [
                710602.5916067826,
                6154337.322257111
              ],
              [
                710573.0475030498,
                6154343.483861633
              ],
              [
                710565.4639897922,
                6154377.451681432
              ],
              [
                710568.3078072638,
                6154397.990363171
              ],
              [
                710579.2091075716,
                6154411.893470811
              ],
              [
                710603.3815560803,
                6154435.433959881
              ],
              [
                710620.4444609099,
                6154453.760783587
              ],
              [
                710633.5576192512,
                6154461.344296845
              ],
              [
                710643.1950006827,
                6154465.768012911
              ],
              [
                710650.7785139404,
                6154468.137860805
              ],
              [
                710657.0981083218,
                6154469.243789821
              ],
              [
                710661.3638345292,
                6154469.55976954
              ],
              [
                710664.5236317199,
                6154469.4017796805
              ],
              [
                710667.525439051,
                6154468.295850663
              ],
              [
                710671.3171956798,
                6154466.399972349
              ],
              [
                710672.265134837,
                6154464.188114316
              ],
              [
                710670.5272463821,
                6154460.554347547
              ],
              [
                710664.9976012984,
                6154457.868519935
              ],
              [
                710658.2040373385,
                6154455.81465176
              ],
              [
                710645.0908789971,
                6154446.335260188
              ],
              [
                710634.6635482679,
                6154436.539888898
              ],
              [
                710625.3421465554,
                6154422.952760978
              ],
              [
                710615.5467752643,
                6154402.730058957
              ],
              [
                710610.0171301807,
                6154389.774890476
              ],
              [
                710607.3313025687,
                6154375.555803118
              ],
              [
                710604.8034648162,
                6154363.864553512
              ],
              [
                710603.5395459399,
                6154356.755009834
              ],
              [
                710602.5916067826,
                6154352.331293766
              ],
              [
                710602.5916067826,
                6154348.697526997
              ],
              [
                710602.7495966422,
                6154345.537729806
              ],
              [
                710603.5395459399,
                6154342.693912335
              ],
              [
                710604.171505378,
                6154340.640044161
              ],
              [
                710604.8034648162,
                6154338.744165846
              ],
              [
                710604.487485097,
                6154337.164267251
              ],
              [
                710604.487485097,
                6154336.848287532
              ],
              [
                710602.5916067826,
                6154337.322257111
              ]
            ]
          ]
        ]
      }
    }
  ]
}