{
  "type": "FeatureCollection",
  "name": "us_med_pnmgl_resoblo_zmouillage_pol_4326",
  "crs": {
    "type": "name",
    "properties": {
      "name": "urn:ogc:def:crs:OGC:1.3:CRS84"
    }
  },
  "features": [
    {
      "type": "Feature",
      "properties": {
        "nom": "zone de mouillage sur ancre",
        "info": true,
        "cara": false,
        "regl": false,
        "fid": 1.0,
        "tech": true,
        "projet": "Panaches turbides",
        "objectid": 1.0,
        "cod_act": "RECM.02.F01",
        "n_campagne": "PNMGL_02",
        "date_camp": "2021-07-28",
        "d_heur_cam": "13:45",
        "f_heur_cam": "14:35",
        "id_acti": "PNMGL_zmouil_00001",
        "act": "Mouillage des embarcations de loisir au moyen d'une ancre",
        "nom_acti": "zone de mouillage sur ancre",
        "layer": "mouillage_camp2",
        "path": "Z:/_DONNEES_EN_COURS/edamier/a_cons_pnmgl/resoblo/mouillage_camp2.shp",
        "shape_leng": 0.0055044857747,
        "shape_area": 5.13315951e-07
      },
      "geometry": {
        "type": "MultiPolygon",
        "coordinates": [
          [
            [
              [
                3.16201063837741,
                42.45158055810799
              ],
              [
                3.161602718112022,
                42.45205852528761
              ],
              [
                3.161205098863377,
                42.45221304053973
              ],
              [
                3.160727131683586,
                42.452381977215225
              ],
              [
                3.160607639888838,
                42.45255915470426
              ],
              [
                3.16061176029541,
                42.452701308736096
              ],
              [
                3.160710650056842,
                42.45283316175119
              ],
              [
                3.160863105105477,
                42.45292587090245
              ],
              [
                3.161056764221371,
                42.453012399443594
              ],
              [
                3.161163894796232,
                42.45303712188388
              ],
              [
                3.161291627404523,
                42.45305566371417
              ],
              [
                3.161388456962413,
                42.45305772391754
              ],
              [
                3.161427600826187,
                42.453018580053595
              ],
              [
                3.161435841639729,
                42.45294441273256
              ],
              [
                3.161371975335499,
                42.452892907648675
              ],
              [
                3.161178316219718,
                42.45284346276793
              ],
              [
                3.16099289791714,
                42.45278989748061
              ],
              [
                3.160926971409708,
                42.45273839239667
              ],
              [
                3.160914610189536,
                42.452637442431865
              ],
              [
                3.160953754053367,
                42.45254885368752
              ],
              [
                3.161073245848286,
                42.45244790372266
              ],
              [
                3.161176256016347,
                42.45240463945214
              ],
              [
                3.161318410048182,
                42.45237785680848
              ],
              [
                3.161530610994248,
                42.45234077314802
              ],
              [
                3.161631560958881,
                42.452289268063964
              ],
              [
                3.161711908890027,
                42.45223158236985
              ],
              [
                3.161763413974143,
                42.45216359565899
              ],
              [
                3.161825220074832,
                42.45205028447424
              ],
              [
                3.161882905768948,
                42.451936973289435
              ],
              [
                3.162080685291642,
                42.45173095295337
              ],
              [
                3.162161033222617,
                42.45163618359868
              ],
              [
                3.162163093425988,
                42.451584678514735
              ],
              [
                3.162152792409245,
                42.45156819688782
              ],
              [
                3.162082745495013,
                42.45155995607428
              ],
              [
                3.16201063837741,
                42.45158055810799
              ]
            ]
          ]
        ]
      }
    },
    {
      "type": "Feature",
      "properties": {
        "nom": "zone de mouillage sur ancre",
        "info": true,
        "cara": false,
        "regl": false,
        "fid": 2.0,
        "tech": true,
        "projet": "Panaches turbides",
        "objectid": 2.0,
        "cod_act": "RECM.02.F01",
        "n_campagne": "PNMGL_02",
        "date_camp": "2021-07-28",
        "d_heur_cam": "13:45",
        "f_heur_cam": "14:35",
        "id_acti": "PNMGL_zmouil_00002",
        "act": "Mouillage des embarcations de loisir au moyen d'une ancre",
        "nom_acti": "zone de mouillage sur ancre",
        "layer": "mouillage_camp2",
        "path": "Z:/_DONNEES_EN_COURS/edamier/a_cons_pnmgl/resoblo/mouillage_camp2.shp",
        "shape_leng": 0.00400303820255,
        "shape_area": 3.42109783e-07
      },
      "geometry": {
        "type": "MultiPolygon",
        "coordinates": [
          [
            [
              [
                3.162316578576451,
                42.45344143679341
              ],
              [
                3.162596766233378,
                42.4535011826909
              ],
              [
                3.162710077418126,
                42.45362273468908
              ],
              [
                3.162835749823273,
                42.45386171827897
              ],
              [
                3.162926398771162,
                42.45382669482177
              ],
              [
                3.163021168125624,
                42.45373810607725
              ],
              [
                3.163155081344144,
                42.453705142823594
              ],
              [
                3.163608326083477,
                42.45363715611256
              ],
              [
                3.163785503572512,
                42.453610373468905
              ],
              [
                3.163935898417719,
                42.4535382663513
              ],
              [
                3.163872032113602,
                42.4534702796405
              ],
              [
                3.163359041476838,
                42.453453798013584
              ],
              [
                3.163256031308777,
                42.453490881673986
              ],
              [
                3.163144780327343,
                42.45356710919833
              ],
              [
                3.162854291653559,
                42.453517664317815
              ],
              [
                3.162860472263503,
                42.45343937659004
              ],
              [
                3.162858412060132,
                42.45321893483043
              ],
              [
                3.162765702909041,
                42.453233356253975
              ],
              [
                3.162668873350981,
                42.453303403168206
              ],
              [
                3.162557622369548,
                42.45332812560844
              ],
              [
                3.162442250981371,
                42.45332194499849
              ],
              [
                3.162398986710798,
                42.45332194499849
              ],
              [
                3.162337180609939,
                42.45333842662541
              ],
              [
                3.162352253038591,
                42.45339227804544
              ],
              [
                3.162316578576451,
                42.45344143679341
              ]
            ]
          ]
        ]
      }
    },
    {
      "type": "Feature",
      "properties": {
        "nom": "zone de mouillage sur ancre",
        "info": true,
        "cara": false,
        "regl": false,
        "fid": 3.0,
        "tech": true,
        "projet": "Panaches turbides",
        "objectid": 3.0,
        "cod_act": "RECM.02.F01",
        "n_campagne": "PNMGL_02",
        "date_camp": "2021-07-28",
        "d_heur_cam": "13:45",
        "f_heur_cam": "14:35",
        "id_acti": "PNMGL_zmouil_00003",
        "act": "Mouillage des embarcations de loisir au moyen d'une ancre",
        "nom_acti": "zone de mouillage sur ancre",
        "layer": "mouillage_camp2",
        "path": "Z:/_DONNEES_EN_COURS/edamier/a_cons_pnmgl/resoblo/mouillage_camp2.shp",
        "shape_leng": 0.00909975183832,
        "shape_area": 1.778944691e-06
      },
      "geometry": {
        "type": "MultiPolygon",
        "coordinates": [
          [
            [
              [
                3.133798780918369,
                42.495546688057345
              ],
              [
                3.133527606651171,
                42.49527551379009
              ],
              [
                3.13329815150189,
                42.49525465423085
              ],
              [
                3.133117368656997,
                42.49541457751684
              ],
              [
                3.132915726252861,
                42.49574137727495
              ],
              [
                3.132867053948644,
                42.49622114713259
              ],
              [
                3.132992211302621,
                42.49683998071697
              ],
              [
                3.133388542924195,
                42.4971945932204
              ],
              [
                3.133986516949733,
                42.49740318881061
              ],
              [
                3.134654022838504,
                42.49769522263688
              ],
              [
                3.135161605441454,
                42.49750748660574
              ],
              [
                3.135328481913575,
                42.497159827288556
              ],
              [
                3.135224184118442,
                42.49695123169835
              ],
              [
                3.135050354459906,
                42.49699990400279
              ],
              [
                3.134806992938024,
                42.49722240596577
              ],
              [
                3.134605350534059,
                42.49729889101553
              ],
              [
                3.134389801757379,
                42.49722240596577
              ],
              [
                3.134167299794569,
                42.49706943586625
              ],
              [
                3.133910031899973,
                42.496937325325746
              ],
              [
                3.133680576750692,
                42.4968191211579
              ],
              [
                3.133513700278399,
                42.49661052556769
              ],
              [
                3.133423308856038,
                42.496478415027184
              ],
              [
                3.13337463655165,
                42.49631153855495
              ],
              [
                3.133312057874434,
                42.49608208340567
              ],
              [
                3.133291198315419,
                42.49594301967869
              ],
              [
                3.133291198315419,
                42.495817862324714
              ],
              [
                3.133499793905798,
                42.495817862324714
              ],
              [
                3.133562372582787,
                42.495845675070086
              ],
              [
                3.133673623564221,
                42.49585262825639
              ],
              [
                3.133868312781829,
                42.49573442408865
              ],
              [
                3.133798780918369,
                42.495546688057345
              ]
            ]
          ]
        ]
      }
    },
    {
      "type": "Feature",
      "properties": {
        "nom": "zone de mouillage sur ancre",
        "info": true,
        "cara": false,
        "regl": false,
        "fid": 4.0,
        "tech": true,
        "projet": "Panaches turbides",
        "objectid": 4.0,
        "cod_act": "RECM.02.F01",
        "n_campagne": "PNMGL_02",
        "date_camp": "2021-07-28",
        "d_heur_cam": "13:45",
        "f_heur_cam": "14:35",
        "id_acti": "PNMGL_zmouil_00004",
        "act": "Mouillage des embarcations de loisir au moyen d'une ancre",
        "nom_acti": "zone de mouillage sur ancre",
        "layer": "mouillage_camp2",
        "path": "Z:/_DONNEES_EN_COURS/edamier/a_cons_pnmgl/resoblo/mouillage_camp2.shp",
        "shape_leng": 0.0116528827967,
        "shape_area": 3.006432292e-06
      },
      "geometry": {
        "type": "MultiPolygon",
        "coordinates": [
          [
            [
              [
                3.130438653618569,
                42.499768431031384
              ],
              [
                3.130285683519048,
                42.49965718004978
              ],
              [
                3.130248599858646,
                42.49967108642255
              ],
              [
                3.130151255249814,
                42.49968962825284
              ],
              [
                3.130072452471325,
                42.49973134737081
              ],
              [
                3.129979743320007,
                42.4998101501493
              ],
              [
                3.129854585966029,
                42.49980087923427
              ],
              [
                3.129673803120966,
                42.49980087923427
              ],
              [
                3.129539374851731,
                42.499921401130905
              ],
              [
                3.129474478446014,
                42.50015780946649
              ],
              [
                3.129395675667467,
                42.50045447875044
              ],
              [
                3.129307601973721,
                42.50073260620394
              ],
              [
                3.129238070110262,
                42.50101536911535
              ],
              [
                3.129024839062481,
                42.501210058332845
              ],
              [
                3.129075829095655,
                42.50153454036217
              ],
              [
                3.129099006383512,
                42.501724594122095
              ],
              [
                3.129173173704487,
                42.50209543072708
              ],
              [
                3.129302966516207,
                42.502355016350464
              ],
              [
                3.129340050176609,
                42.50255897648316
              ],
              [
                3.129395675667467,
                42.502753665700766
              ],
              [
                3.129604271257676,
                42.502943719460745
              ],
              [
                3.129882398711402,
                42.502952990375945
              ],
              [
                3.129942659659605,
                42.50284637485208
              ],
              [
                3.129761876814769,
                42.5024755382471
              ],
              [
                3.129530103936702,
                42.50170605229198
              ],
              [
                3.129613542172763,
                42.501525269447086
              ],
              [
                3.129687709493737,
                42.50144646666837
              ],
              [
                3.129979743320007,
                42.501279590196305
              ],
              [
                3.130146619792299,
                42.501163703757186
              ],
              [
                3.130216151655759,
                42.50108490097864
              ],
              [
                3.130345944467479,
                42.50100609820015
              ],
              [
                3.130489643651742,
                42.50098755636981
              ],
              [
                3.130865115714244,
                42.50118688104499
              ],
              [
                3.130925376662674,
                42.50128422565382
              ],
              [
                3.131035108148978,
                42.50124095652757
              ],
              [
                3.131194233201143,
                42.50130740294162
              ],
              [
                3.131356474215693,
                42.50120078741776
              ],
              [
                3.131490902485098,
                42.5010941718939
              ],
              [
                3.131629966211847,
                42.50096901453969
              ],
              [
                3.131815384514255,
                42.50092265996409
              ],
              [
                3.131806113599225,
                42.500704793458624
              ],
              [
                3.131490902485098,
                42.50067234525574
              ],
              [
                3.131018085813764,
                42.50082995081277
              ],
              [
                3.13074459381761,
                42.500797502609885
              ],
              [
                3.130554540057688,
                42.50053328152899
              ],
              [
                3.130568446430459,
                42.50045447875044
              ],
              [
                3.130647249209005,
                42.500259789532834
              ],
              [
                3.130688968326922,
                42.500153174008915
              ],
              [
                3.130624071921147,
                42.50003265211228
              ],
              [
                3.130294954434305,
                42.50007900668794
              ],
              [
                3.130267141688932,
                42.49997702662159
              ],
              [
                3.130438653618569,
                42.499768431031384
              ]
            ]
          ]
        ]
      }
    },
    {
      "type": "Feature",
      "properties": {
        "nom": "zone de mouillage sur ancre",
        "info": true,
        "cara": false,
        "regl": false,
        "fid": 5.0,
        "tech": true,
        "projet": "Panaches turbides",
        "objectid": 5.0,
        "cod_act": "RECM.02.F01",
        "n_campagne": "PNMGL_02",
        "date_camp": "2021-07-28",
        "d_heur_cam": "13:45",
        "f_heur_cam": "14:35",
        "id_acti": "PNMGL_zmouil_00005",
        "act": "Mouillage des embarcations de loisir au moyen d'une ancre",
        "nom_acti": "zone de mouillage sur ancre",
        "layer": "mouillage_camp2",
        "path": "Z:/_DONNEES_EN_COURS/edamier/a_cons_pnmgl/resoblo/mouillage_camp2.shp",
        "shape_leng": 0.0230064150433,
        "shape_area": 8.842279554e-06
      },
      "geometry": {
        "type": "MultiPolygon",
        "coordinates": [
          [
            [
              [
                3.125747570566602,
                42.50254043465304
              ],
              [
                3.12589155946705,
                42.50257085484316
              ],
              [
                3.126095519599744,
                42.5025476775553
              ],
              [
                3.126267031529551,
                42.50259403213096
              ],
              [
                3.126429272544328,
                42.502756273145735
              ],
              [
                3.126494168950103,
                42.50285825321208
              ],
              [
                3.126656409964653,
                42.503034400599404
              ],
              [
                3.126837192809717,
                42.503201277071526
              ],
              [
                3.126925266503292,
                42.50338669537393
              ],
              [
                3.12688818284289,
                42.50355820730374
              ],
              [
                3.126679587252511,
                42.50374362560615
              ],
              [
                3.126572971728592,
                42.503868782960296
              ],
              [
                3.126586878101364,
                42.50404956580519
              ],
              [
                3.126614690846736,
                42.50416545224431
              ],
              [
                3.126670316337425,
                42.50442503786769
              ],
              [
                3.126651774507138,
                42.50455019522184
              ],
              [
                3.126540523525762,
                42.50463363345807
              ],
              [
                3.126276302444808,
                42.5046104561701
              ],
              [
                3.126100155057486,
                42.50447139244335
              ],
              [
                3.125886924009535,
                42.504193264989624
              ],
              [
                3.125706141164642,
                42.50423498410777
              ],
              [
                3.12559952564078,
                42.504489934273636
              ],
              [
                3.125520722862291,
                42.5046197270853
              ],
              [
                3.125381659135314,
                42.50472634260922
              ],
              [
                3.125135979884703,
                42.50487004179365
              ],
              [
                3.125066448021244,
                42.50495811548723
              ],
              [
                3.12494592612461,
                42.50503228280826
              ],
              [
                3.124825404227977,
                42.50518061745021
              ],
              [
                3.124825404227977,
                42.50531504571944
              ],
              [
                3.124848581515778,
                42.50540775487076
              ],
              [
                3.12488566517635,
                42.50553754768242
              ],
              [
                3.12495519703964,
                42.50561635046097
              ],
              [
                3.125047906190957,
                42.50567661140917
              ],
              [
                3.125224053578279,
                42.50566734049414
              ],
              [
                3.125353846389999,
                42.50562098591848
              ],
              [
                3.125516087404549,
                42.505681246866914
              ],
              [
                3.125622500405655,
                42.505730457777986
              ],
              [
                3.125622702928638,
                42.50582494605118
              ],
              [
                3.1257293184525,
                42.50582494605118
              ],
              [
                3.125868382179419,
                42.50572296598483
              ],
              [
                3.12596109133051,
                42.505695153239515
              ],
              [
                3.126095519599744,
                42.50574614327269
              ],
              [
                3.125988904075882,
                42.505917655202495
              ],
              [
                3.125873017636934,
                42.506079896217045
              ],
              [
                3.125775673028159,
                42.50632094001031
              ],
              [
                3.125706141164642,
                42.50655734834589
              ],
              [
                3.125912419026122,
                42.50659674973525
              ],
              [
                3.12596109133051,
                42.50654112424439
              ],
              [
                3.12604452956657,
                42.50649940512642
              ],
              [
                3.126127967802802,
                42.50638120095857
              ],
              [
                3.126232265597935,
                42.50624909041812
              ],
              [
                3.126315703833995,
                42.5060961203186
              ],
              [
                3.126385235697455,
                42.50601268208254
              ],
              [
                3.126718988641869,
                42.50576932056049
              ],
              [
                3.12701797565461,
                42.5057206482561
              ],
              [
                3.127174422347196,
                42.5057206482561
              ],
              [
                3.127502960401898,
                42.50589273961805
              ],
              [
                3.127643762425237,
                42.50595531829521
              ],
              [
                3.128098441878819,
                42.50593683968242
              ],
              [
                3.128191325849741,
                42.50626821168055
              ],
              [
                3.128488574565836,
                42.5063933690347
              ],
              [
                3.128582442581433,
                42.506440303042496
              ],
              [
                3.128864046628394,
                42.506409013703944
              ],
              [
                3.129067427328721,
                42.50617434366495
              ],
              [
                3.128800019370715,
                42.505678639422
              ],
              [
                3.128753664795113,
                42.505456137458964
              ],
              [
                3.128711945676969,
                42.50521509366587
              ],
              [
                3.128628507440908,
                42.50511774905709
              ],
              [
                3.128415276393184,
                42.50511311359952
              ],
              [
                3.128123242566744,
                42.50511774905709
              ],
              [
                3.127817302367703,
                42.504932330754514
              ],
              [
                3.127896105146192,
                42.50471446424922
              ],
              [
                3.128016627042825,
                42.50465883875853
              ],
              [
                3.128160326227317,
                42.504593942352585
              ],
              [
                3.128257670836149,
                42.50413966751154
              ],
              [
                3.128313296326837,
                42.50399365059849
              ],
              [
                3.128389781376598,
                42.50391021236226
              ],
              [
                3.128654002457495,
                42.50391716554873
              ],
              [
                3.128876504420475,
                42.50397974422572
              ],
              [
                3.129085100010741,
                42.504104901579865
              ],
              [
                3.129224163737661,
                42.50423005893407
              ],
              [
                3.129495338004858,
                42.50441779496521
              ],
              [
                3.12973174634061,
                42.504341309915446
              ],
              [
                3.129794325017599,
                42.50417443344338
              ],
              [
                3.12958572942739,
                42.50400755697109
              ],
              [
                3.129453618886942,
                42.503896305989656
              ],
              [
                3.129182444619516,
                42.50371552314482
              ],
              [
                3.12892517672492,
                42.503513880740854
              ],
              [
                3.128660955643795,
                42.50325661284626
              ],
              [
                3.128542751476118,
                42.502999344951604
              ],
              [
                3.128306343140537,
                42.502860281224685
              ],
              [
                3.127986496568724,
                42.50297153220623
              ],
              [
                3.127833526469203,
                42.50311754911928
              ],
              [
                3.127743135046671,
                42.5032705192188
              ],
              [
                3.12750672671109,
                42.50333309789602
              ],
              [
                3.12729117793458,
                42.50312450230575
              ],
              [
                3.127166020580432,
                42.502999344951604
              ],
              [
                3.127159067394132,
                42.502929813088144
              ],
              [
                3.12713820783506,
                42.50273512387048
              ],
              [
                3.126915705872079,
                42.5026169197028
              ],
              [
                3.126721016654471,
                42.50253348146657
              ],
              [
                3.126616718859339,
                42.50245004323051
              ],
              [
                3.126234293610537,
                42.50206761798171
              ],
              [
                3.126109136256389,
                42.50200503930455
              ],
              [
                3.125747570566602,
                42.50219972852216
              ],
              [
                3.125747570566602,
                42.50254043465304
              ]
            ]
          ]
        ]
      }
    },
    {
      "type": "Feature",
      "properties": {
        "nom": "zone de mouillage sur ancre",
        "info": true,
        "cara": false,
        "regl": false,
        "fid": 6.0,
        "tech": true,
        "projet": "Panaches turbides",
        "objectid": 6.0,
        "cod_act": "RECM.02.F01",
        "n_campagne": "PNMGL_02",
        "date_camp": "2021-07-28",
        "d_heur_cam": "13:45",
        "f_heur_cam": "14:35",
        "id_acti": "PNMGL_zmouil_00006",
        "act": "Mouillage des embarcations de loisir au moyen d'une ancre",
        "nom_acti": "zone de mouillage sur ancre",
        "layer": "mouillage_camp2",
        "path": "Z:/_DONNEES_EN_COURS/edamier/a_cons_pnmgl/resoblo/mouillage_camp2.shp",
        "shape_leng": 0.0103248944987,
        "shape_area": 2.27239564e-06
      },
      "geometry": {
        "type": "MultiPolygon",
        "coordinates": [
          [
            [
              [
                3.129324695223545,
                42.508288691745065
              ],
              [
                3.12932005976586,
                42.508497287335274
              ],
              [
                3.129357143426432,
                42.50870588292565
              ],
              [
                3.129449852577523,
                42.508933020346035
              ],
              [
                3.129598187219528,
                42.50913234502116
              ],
              [
                3.129765063691821,
                42.509211147799704
              ],
              [
                3.129797511894708,
                42.50920651234219
              ],
              [
                3.129782546012109,
                42.50910493731823
              ],
              [
                3.129862408300653,
                42.50899791675192
              ],
              [
                3.129760428234306,
                42.508789321161714
              ],
              [
                3.129737250946448,
                42.50872906021334
              ],
              [
                3.129876314673197,
                42.50863171560468
              ],
              [
                3.130071003890862,
                42.50858536102902
              ],
              [
                3.130223973990383,
                42.508566819198734
              ],
              [
                3.130400121377704,
                42.50875223750114
              ],
              [
                3.13041866320782,
                42.50888203031286
              ],
              [
                3.130529914189424,
                42.50898401037921
              ],
              [
                3.130692155203974,
                42.50891447851569
              ],
              [
                3.130710697034317,
                42.508895936685576
              ],
              [
                3.131035179063645,
                42.5088217693646
              ],
              [
                3.131155700960278,
                42.5088217693646
              ],
              [
                3.131419922041175,
                42.50876614387391
              ],
              [
                3.131586798513467,
                42.50868270563785
              ],
              [
                3.131558985767924,
                42.50838603635384
              ],
              [
                3.131368932008002,
                42.508242337169406
              ],
              [
                3.131118617299705,
                42.50826087899969
              ],
              [
                3.130743145237147,
                42.508251608084436
              ],
              [
                3.130432569580591,
                42.50812181527294
              ],
              [
                3.130321318599215,
                42.50795493880065
              ],
              [
                3.130121993924035,
                42.50759337311092
              ],
              [
                3.129709438201132,
                42.507055660033814
              ],
              [
                3.129440581662493,
                42.50685169990112
              ],
              [
                3.129282976105458,
                42.50681461624055
              ],
              [
                3.128819430349324,
                42.50678216803766
              ],
              [
                3.128703543910206,
                42.50693513813718
              ],
              [
                3.128685002079919,
                42.50703711820353
              ],
              [
                3.1289075040429,
                42.50719472376056
              ],
              [
                3.129231986072284,
                42.50724107833622
              ],
              [
                3.129579645389413,
                42.507574831280635
              ],
              [
                3.129751157319049,
                42.5077046240923
              ],
              [
                3.129908762876084,
                42.50795030334314
              ],
              [
                3.129913398333827,
                42.508019835206596
              ],
              [
                3.129751157319049,
                42.508075460697285
              ],
              [
                3.129593551762014,
                42.508075460697285
              ],
              [
                3.129412768917121,
                42.50807082523977
              ],
              [
                3.129371049799033,
                42.5080800961548
              ],
              [
                3.129310788850773,
                42.50820061805126
              ],
              [
                3.129324695223545,
                42.508288691745065
              ]
            ]
          ]
        ]
      }
    },
    {
      "type": "Feature",
      "properties": {
        "nom": "zone de mouillage sur ancre",
        "info": true,
        "cara": false,
        "regl": false,
        "fid": 7.0,
        "tech": true,
        "projet": "Panaches turbides",
        "objectid": 15.0,
        "cod_act": "RECM.02.F01",
        "n_campagne": "PNMGL_01",
        "date_camp": "2021-06-12",
        "d_heur_cam": "14:58",
        "f_heur_cam": "15:54",
        "id_acti": "PNMGL_zmouil_00005",
        "act": "Mouillage des embarcations de loisir au moyen d'une ancre",
        "nom_acti": "zone de mouillage sur ancre",
        "layer": "mouillage_camp1",
        "path": "Z:/_DONNEES_EN_COURS/edamier/a_cons_pnmgl/resoblo/mouillage_camp1.shp",
        "shape_leng": 0.0140491074415,
        "shape_area": 2.773770631e-06
      },
      "geometry": {
        "type": "MultiPolygon",
        "coordinates": [
          [
            [
              [
                3.161195947589874,
                42.45316738057005
              ],
              [
                3.161454740439979,
                42.453140139217396
              ],
              [
                3.161627269006658,
                42.45316284034459
              ],
              [
                3.161704452839331,
                42.45316284034459
              ],
              [
                3.161954165238512,
                42.45308565651209
              ],
              [
                3.162121775227718,
                42.45295626008698
              ],
              [
                3.162321923499348,
                42.452867725690794
              ],
              [
                3.162508072742412,
                42.45277238095656
              ],
              [
                3.162657900181898,
                42.45277692118202
              ],
              [
                3.16299841709008,
                42.45289496704345
              ],
              [
                3.163121003176968,
                42.45298577155222
              ],
              [
                3.163016577991868,
                42.4532218632753
              ],
              [
                3.162848589650594,
                42.45336261026392
              ],
              [
                3.162748704690898,
                42.45349881702731
              ],
              [
                3.162748704690898,
                42.45362594333966
              ],
              [
                3.162803187396207,
                42.453689506495834
              ],
              [
                3.162984796413809,
                42.45364864446685
              ],
              [
                3.163107382500641,
                42.45362594333966
              ],
              [
                3.16321634791143,
                42.45358508131068
              ],
              [
                3.16335709490005,
                42.45341709296923
              ],
              [
                3.163538703917652,
                42.453321748235
              ],
              [
                3.163665830230173,
                42.453226403500764
              ],
              [
                3.163811117444254,
                42.45325364485336
              ],
              [
                3.163938243756547,
                42.453208242598976
              ],
              [
                3.164001806912722,
                42.45308111628668
              ],
              [
                3.1636930715826,
                42.45287680614166
              ],
              [
                3.162621578378378,
                42.45265433509513
              ],
              [
                3.162480831389757,
                42.452495427204724
              ],
              [
                3.162367325753735,
                42.452336519314144
              ],
              [
                3.162240199441442,
                42.45206410578754
              ],
              [
                3.162480831389757,
                42.45190065767173
              ],
              [
                3.162798647170746,
                42.45149203738191
              ],
              [
                3.1629303137085,
                42.45130134791344
              ],
              [
                3.163220888136834,
                42.45106071596513
              ],
              [
                3.163434278732552,
                42.45085640582016
              ],
              [
                3.163688531357366,
                42.45062485432271
              ],
              [
                3.163752094513484,
                42.4505703716174
              ],
              [
                3.163988186236395,
                42.45036152124703
              ],
              [
                3.163865600149506,
                42.45026617651274
              ],
              [
                3.163293531743875,
                42.45073381973327
              ],
              [
                3.162775567691426,
                42.451280916899066
              ],
              [
                3.162290141921289,
                42.45175991068305
              ],
              [
                3.161817958475353,
                42.45193243924996
              ],
              [
                3.161268591196915,
                42.45206410578754
              ],
              [
                3.160955315641388,
                42.45215491029654
              ],
              [
                3.160769166398325,
                42.45245910540103
              ],
              [
                3.160782787074652,
                42.452976691101526
              ],
              [
                3.161195947589874,
                42.45316738057005
              ]
            ]
          ]
        ]
      }
    },
    {
      "type": "Feature",
      "properties": {
        "nom": "zone de mouillage sur ancre",
        "info": true,
        "cara": false,
        "regl": false,
        "fid": 8.0,
        "tech": true,
        "projet": "Panaches turbides",
        "objectid": 7.0,
        "cod_act": "RECM.02.F01",
        "n_campagne": "PNMGL_02",
        "date_camp": "2021-07-28",
        "d_heur_cam": "13:45",
        "f_heur_cam": "14:35",
        "id_acti": "PNMGL_zmouil_00007",
        "act": "Mouillage des embarcations de loisir au moyen d'une ancre",
        "nom_acti": "zone de mouillage sur ancre",
        "layer": "mouillage_camp2",
        "path": "Z:/_DONNEES_EN_COURS/edamier/a_cons_pnmgl/resoblo/mouillage_camp2.shp",
        "shape_leng": 0.0127218276184,
        "shape_area": 2.374648789e-06
      },
      "geometry": {
        "type": "MultiPolygon",
        "coordinates": [
          [
            [
              [
                3.13263672965104,
                42.51270860052978
              ],
              [
                3.1327116695482,
                42.51278585815567
              ],
              [
                3.132767295038889,
                42.51280439998601
              ],
              [
                3.132822920529804,
                42.51281367090121
              ],
              [
                3.133022245204756,
                42.51285539001918
              ],
              [
                3.13313349618636,
                42.51291565096756
              ],
              [
                3.133281830828366,
                42.513017631033904
              ],
              [
                3.133499697333605,
                42.51303617286402
              ],
              [
                3.133661938348382,
                42.513040808321534
              ],
              [
                3.13385662756582,
                42.51312888201534
              ],
              [
                3.13400959766534,
                42.51322622662411
              ],
              [
                3.134190380510404,
                42.51322622662411
              ],
              [
                3.134264547831208,
                42.513124246557766
              ],
              [
                3.134547310742619,
                42.5129944537461
              ],
              [
                3.134732729045027,
                42.51298981828836
              ],
              [
                3.134885699144547,
                42.51301299557622
              ],
              [
                3.135015491956267,
                42.51306398560939
              ],
              [
                3.135195895832794,
                42.513060404893395
              ],
              [
                3.135256535749363,
                42.51320768479383
              ],
              [
                3.135284348494679,
                42.51332820669046
              ],
              [
                3.135251900291792,
                42.51340237401149
              ],
              [
                3.135006221041181,
                42.51355997956853
              ],
              [
                3.134556581657705,
                42.51375003332862
              ],
              [
                3.134440695218586,
                42.51385201339497
              ],
              [
                3.134440695218586,
                42.513981806206516
              ],
              [
                3.134537391596211,
                42.51412216745837
              ],
              [
                3.134612207148393,
                42.51419967271198
              ],
              [
                3.134649290808966,
                42.51417185996661
              ],
              [
                3.134746635417628,
                42.51408378627286
              ],
              [
                3.134830073653859,
                42.5140003480368
              ],
              [
                3.134881063687033,
                42.513921545258256
              ],
              [
                3.13506648198944,
                42.51377784607382
              ],
              [
                3.135228723003991,
                42.51364805326227
              ],
              [
                3.135432683136685,
                42.51347190587478
              ],
              [
                3.135645914184636,
                42.513300393945144
              ],
              [
                3.135822061571957,
                42.513258674827
              ],
              [
                3.136114095398227,
                42.51320304933631
              ],
              [
                3.136243888209947,
                42.513170601133424
              ],
              [
                3.1364942029183,
                42.5128832027645
              ],
              [
                3.136313420073407,
                42.512748774495265
              ],
              [
                3.13572008150561,
                42.51307943713459
              ],
              [
                3.13556556625349,
                42.51317214628591
              ],
              [
                3.13543577344177,
                42.51318141720094
              ],
              [
                3.135278167884735,
                42.51303617286402
              ],
              [
                3.135170007208217,
                42.51281985151121
              ],
              [
                3.135154555683016,
                42.51276113571544
              ],
              [
                3.134820802738602,
                42.51241811185599
              ],
              [
                3.134786809383286,
                42.51236866697525
              ],
              [
                3.134471598268988,
                42.512226512943414
              ],
              [
                3.134174928985033,
                42.51225432568879
              ],
              [
                3.133930794886851,
                42.51230686087439
              ],
              [
                3.133807182685302,
                42.51244283429622
              ],
              [
                3.133627944992895,
                42.51243047307611
              ],
              [
                3.13343325577523,
                42.512356305755134
              ],
              [
                3.133386901199572,
                42.51237484758542
              ],
              [
                3.133238566557793,
                42.512479917956625
              ],
              [
                3.133114954356074,
                42.51245828582148
              ],
              [
                3.133093322220873,
                42.512402660330736
              ],
              [
                3.133114954356074,
                42.51227904812902
              ],
              [
                3.133182941066877,
                42.51218324867284
              ],
              [
                3.13328801143831,
                42.512096720131694
              ],
              [
                3.133352907844255,
                42.51203182372575
              ],
              [
                3.133346727234084,
                42.511973107929975
              ],
              [
                3.133148947711561,
                42.51197001762489
              ],
              [
                3.132883181478007,
                42.51208435891158
              ],
              [
                3.132697763175599,
                42.51233158331485
              ],
              [
                3.13263672965104,
                42.51270860052978
              ]
            ]
          ]
        ]
      }
    },
    {
      "type": "Feature",
      "properties": {
        "nom": "zone de mouillage sur ancre",
        "info": true,
        "cara": false,
        "regl": false,
        "fid": 9.0,
        "tech": true,
        "projet": "Panaches turbides",
        "objectid": 8.0,
        "cod_act": "RECM.02.F01",
        "n_campagne": "PNMGL_02",
        "date_camp": "2021-07-28",
        "d_heur_cam": "13:45",
        "f_heur_cam": "14:35",
        "id_acti": "PNMGL_zmouil_00008",
        "act": "Mouillage des embarcations de loisir au moyen d'une ancre",
        "nom_acti": "zone de mouillage sur ancre",
        "layer": "mouillage_camp2",
        "path": "Z:/_DONNEES_EN_COURS/edamier/a_cons_pnmgl/resoblo/mouillage_camp2.shp",
        "shape_leng": 0.00403525715131,
        "shape_area": 3.15037036e-07
      },
      "geometry": {
        "type": "MultiPolygon",
        "coordinates": [
          [
            [
              [
                3.094006089819345,
                42.52505708123266
              ],
              [
                3.09443255191502,
                42.524723328288246
              ],
              [
                3.094852833400353,
                42.52462237832344
              ],
              [
                3.095149502684365,
                42.52464092015373
              ],
              [
                3.095349342410259,
                42.52470066605122
              ],
              [
                3.095392606680832,
                42.52480985682939
              ],
              [
                3.095536820916266,
                42.52483251906631
              ],
              [
                3.095551242339752,
                42.524756291541905
              ],
              [
                3.095545061729638,
                42.52469654564459
              ],
              [
                3.095524459695923,
                42.52465122117064
              ],
              [
                3.095454412781692,
                42.52459971608653
              ],
              [
                3.095275175089455,
                42.524507006935266
              ],
              [
                3.095174225124822,
                42.52448022429161
              ],
              [
                3.095052673126474,
                42.52446168246132
              ],
              [
                3.094867254824067,
                42.52444932124115
              ],
              [
                3.094784846689549,
                42.52444108042778
              ],
              [
                3.094692137538232,
                42.524439020224406
              ],
              [
                3.094605608997142,
                42.52444520083458
              ],
              [
                3.094430491711648,
                42.52451112734201
              ],
              [
                3.094356324390674,
                42.52454615079921
              ],
              [
                3.094290397883015,
                42.524653281373844
              ],
              [
                3.094228591782155,
                42.52471714767813
              ],
              [
                3.094088497953692,
                42.52479749560911
              ],
              [
                3.094034932666204,
                42.52483869967642
              ],
              [
                3.093975186768944,
                42.52490050577728
              ],
              [
                3.093903079651284,
                42.524982913911686
              ],
              [
                3.093865995990711,
                42.52505502102929
              ],
              [
                3.093896899041169,
                42.52507974346952
              ],
              [
                3.094006089819345,
                42.52505708123266
              ]
            ]
          ]
        ]
      }
    },
    {
      "type": "Feature",
      "properties": {
        "nom": "zone de mouillage sur corps-morts dans zone portuaire",
        "info": true,
        "cara": false,
        "regl": false,
        "fid": 10.0,
        "tech": true,
        "projet": "Panaches turbides",
        "objectid": 9.0,
        "cod_act": "RECZ.03.F02",
        "n_campagne": "PNMGL_02",
        "date_camp": "2021-07-28",
        "d_heur_cam": "13:45",
        "f_heur_cam": "14:35",
        "id_acti": "PNMGL_zmouil_00009",
        "act": "Mouillage des embarcations de loisir dans une zone portuaire - sur corps-morts",
        "nom_acti": "zone de mouillage sur corps-morts dans zone portuaire",
        "layer": "mouillage_camp2",
        "path": "Z:/_DONNEES_EN_COURS/edamier/a_cons_pnmgl/resoblo/mouillage_camp2.shp",
        "shape_leng": 0.00451334435684,
        "shape_area": 8.44296289e-07
      },
      "geometry": {
        "type": "MultiPolygon",
        "coordinates": [
          [
            [
              [
                3.087380089523549,
                42.52572423302388
              ],
              [
                3.087477434132154,
                42.52590501586894
              ],
              [
                3.087621133316645,
                42.52598381864726
              ],
              [
                3.087774103416166,
                42.52606262142598
              ],
              [
                3.087940979888458,
                42.52613678874678
              ],
              [
                3.088131033648381,
                42.5262063206103
              ],
              [
                3.088404525644535,
                42.526340748879704
              ],
              [
                3.088594579404628,
                42.52644272894605
              ],
              [
                3.088766091334264,
                42.52654007355483
              ],
              [
                3.088970051466958,
                42.526609605418116
              ],
              [
                3.089127657023994,
                42.526586428130315
              ],
              [
                3.089150834311852,
                42.52642882257328
              ],
              [
                3.089104479736363,
                42.52631293613433
              ],
              [
                3.088928332349042,
                42.52624803972839
              ],
              [
                3.088552860286541,
                42.52607652779858
              ],
              [
                3.088381348356734,
                42.52569178482099
              ],
              [
                3.08820983642687,
                42.52558516929713
              ],
              [
                3.087894625312799,
                42.525413657367324
              ],
              [
                3.087537695080584,
                42.5255249083487
              ],
              [
                3.087380089523549,
                42.52572423302388
              ]
            ]
          ]
        ]
      }
    },
    {
      "type": "Feature",
      "properties": {
        "nom": "zone de mouillage sur ancre",
        "info": true,
        "cara": false,
        "regl": false,
        "fid": 11.0,
        "tech": true,
        "projet": "Panaches turbides",
        "objectid": 10.0,
        "cod_act": "RECM.02.F01",
        "n_campagne": "PNMGL_02",
        "date_camp": "2021-07-28",
        "d_heur_cam": "13:45",
        "f_heur_cam": "14:35",
        "id_acti": "PNMGL_zmouil_00010",
        "act": "Mouillage des embarcations de loisir au moyen d'une ancre",
        "nom_acti": "zone de mouillage sur ancre",
        "layer": "mouillage_camp2",
        "path": "Z:/_DONNEES_EN_COURS/edamier/a_cons_pnmgl/resoblo/mouillage_camp2.shp",
        "shape_leng": 0.0115963891702,
        "shape_area": 2.859785758e-06
      },
      "geometry": {
        "type": "MultiPolygon",
        "coordinates": [
          [
            [
              [
                3.059671486027071,
                42.91290148071374
              ],
              [
                3.060040004903101,
                42.913374297384905
              ],
              [
                3.060130396325633,
                42.9139166459197
              ],
              [
                3.060053911275872,
                42.91441032214988
              ],
              [
                3.06040157059283,
                42.91505001529333
              ],
              [
                3.060672744860256,
                42.91575924030025
              ],
              [
                3.060790949027933,
                42.91628072927597
              ],
              [
                3.060923059568609,
                42.91659362266131
              ],
              [
                3.061124701972517,
                42.91650323123878
              ],
              [
                3.061166421090434,
                42.91630158883487
              ],
              [
                3.060950872313924,
                42.915606270200726
              ],
              [
                3.060825714959776,
                42.91512650034309
              ],
              [
                3.060693604419328,
                42.91480665377145
              ],
              [
                3.060457196083576,
                42.9143060243548
              ],
              [
                3.060366804661214,
                42.91397227141039
              ],
              [
                3.060359851474914,
                42.913735863074635
              ],
              [
                3.060512821574434,
                42.91334648463953
              ],
              [
                3.060665791673955,
                42.913137889049324
              ],
              [
                3.061131655158817,
                42.91289452752727
              ],
              [
                3.061465408103231,
                42.91265116600539
              ],
              [
                3.061430642171558,
                42.91242171085611
              ],
              [
                3.061368063494399,
                42.91231741306103
              ],
              [
                3.06108298285443,
                42.91214358340244
              ],
              [
                3.060561493878652,
                42.91206709835268
              ],
              [
                3.06017906862985,
                42.91199061330292
              ],
              [
                3.059893987989881,
                42.91220616207943
              ],
              [
                3.05981054975382,
                42.91237999173802
              ],
              [
                3.059720158331288,
                42.912484289533154
              ],
              [
                3.059539375486452,
                42.91264421281892
              ],
              [
                3.059553281859223,
                42.91276937017312
              ],
              [
                3.059671486027071,
                42.91290148071374
              ]
            ]
          ]
        ]
      }
    },
    {
      "type": "Feature",
      "properties": {
        "nom": "zone de mouillage sur corps-morts (hors zone portuaire)",
        "info": true,
        "cara": false,
        "regl": false,
        "fid": 12.0,
        "tech": true,
        "projet": "Panaches turbides",
        "objectid": 11.0,
        "cod_act": "RECM.02.F02",
        "n_campagne": "PNMGL_02",
        "date_camp": "2021-07-28",
        "d_heur_cam": "13:45",
        "f_heur_cam": "14:35",
        "id_acti": "PNMGL_zmouil_00011",
        "act": "Mouillage des embarcations de loisir sur corps-morts",
        "nom_acti": "zone de mouillage sur corps-morts (hors zone portuaire)",
        "layer": "mouillage_camp2",
        "path": "Z:/_DONNEES_EN_COURS/edamier/a_cons_pnmgl/resoblo/mouillage_camp2.shp",
        "shape_leng": 0.00471762205676,
        "shape_area": 4.66084642e-07
      },
      "geometry": {
        "type": "MultiPolygon",
        "coordinates": [
          [
            [
              [
                3.040356113801124,
                42.93108000697265
              ],
              [
                3.040481271155329,
                42.931084642430164
              ],
              [
                3.040518354815731,
                42.93105682968479
              ],
              [
                3.040518354815731,
                42.93096412053353
              ],
              [
                3.04056470939139,
                42.93083432772181
              ],
              [
                3.040550803018618,
                42.93069989945258
              ],
              [
                3.04049517752793,
                42.93059791938623
              ],
              [
                3.040522990273246,
                42.93052838752277
              ],
              [
                3.040615699424563,
                42.930463491116996
              ],
              [
                3.040884555962975,
                42.93036151105065
              ],
              [
                3.040926275081119,
                42.93028270827216
              ],
              [
                3.041005077859666,
                42.9302734373569
              ],
              [
                3.041037526062496,
                42.93035224013545
              ],
              [
                3.04100971331718,
                42.930440313829195
              ],
              [
                3.040898462335747,
                42.93056547118334
              ],
              [
                3.040967994199207,
                42.93089458867024
              ],
              [
                3.041097787010926,
                42.930968755991216
              ],
              [
                3.041153412501615,
                42.93075088948575
              ],
              [
                3.041125599756299,
                42.9306489094194
              ],
              [
                3.04121830890756,
                42.93051911660774
              ],
              [
                3.041213673449874,
                42.930301250102275
              ],
              [
                3.041190496162017,
                42.93009728996958
              ],
              [
                3.041097787010926,
                42.930032393563806
              ],
              [
                3.0407964822694,
                42.93007411268172
              ],
              [
                3.040611063966992,
                42.930231718238986
              ],
              [
                3.040300488310436,
                42.930579377555944
              ],
              [
                3.040221685531719,
                42.93085750500961
              ],
              [
                3.040356113801124,
                42.93108000697265
              ]
            ]
          ]
        ]
      }
    },
    {
      "type": "Feature",
      "properties": {
        "nom": "zone de mouillage sur ancre",
        "info": true,
        "cara": false,
        "regl": false,
        "fid": 13.0,
        "tech": true,
        "projet": "Panaches turbides",
        "objectid": 12.0,
        "cod_act": "RECM.02.F01",
        "n_campagne": "PNMGL_01",
        "date_camp": "2021-06-12",
        "d_heur_cam": "14:58",
        "f_heur_cam": "15:54",
        "id_acti": "PNMGL_zmouil_00001",
        "act": "Mouillage des embarcations de loisir au moyen d'une ancre",
        "nom_acti": "zone de mouillage sur ancre",
        "layer": "mouillage_camp1",
        "path": "Z:/_DONNEES_EN_COURS/edamier/a_cons_pnmgl/resoblo/mouillage_camp1.shp",
        "shape_leng": 0.0136914617879,
        "shape_area": 3.414156717e-06
      },
      "geometry": {
        "type": "MultiPolygon",
        "coordinates": [
          [
            [
              [
                3.056052387576983,
                42.92573296210884
              ],
              [
                3.05618682662498,
                42.92582494672058
              ],
              [
                3.056278811236893,
                42.92583909819933
              ],
              [
                3.056335417151899,
                42.925570220103225
              ],
              [
                3.056009933140786,
                42.92378005804176
              ],
              [
                3.056257584018681,
                42.92382251247818
              ],
              [
                3.056533537854307,
                42.92397110300493
              ],
              [
                3.056618446726759,
                42.92380128525997
              ],
              [
                3.056618446726759,
                42.92360316455756
              ],
              [
                3.056682128381226,
                42.923475801248856
              ],
              [
                3.057368475100247,
                42.92315031723774
              ],
              [
                3.05789915555323,
                42.923093711322565
              ],
              [
                3.058054821819439,
                42.92307955984381
              ],
              [
                3.058479366181928,
                42.92273992435395
              ],
              [
                3.058514744878721,
                42.92253472791225
              ],
              [
                3.058627956708676,
                42.92221631964043
              ],
              [
                3.058918062022997,
                42.92201819893802
              ],
              [
                3.059208167337147,
                42.921749320841855
              ],
              [
                3.05917278864041,
                42.92165026049065
              ],
              [
                3.059102031246653,
                42.921296473522034
              ],
              [
                3.058896834804784,
                42.92128939778257
              ],
              [
                3.058514744878721,
                42.921537048660696
              ],
              [
                3.058068973298134,
                42.92187668415056
              ],
              [
                3.05767980763278,
                42.92206772911351
              ],
              [
                3.057156202919032,
                42.9224781219973
              ],
              [
                3.056653825423723,
                42.922810681747706
              ],
              [
                3.056009933140786,
                42.923015878189574
              ],
              [
                3.05580473669886,
                42.92305833262583
              ],
              [
                3.055875494092618,
                42.923702224908766
              ],
              [
                3.056052387576983,
                42.92573296210884
              ]
            ]
          ]
        ]
      }
    },
    {
      "type": "Feature",
      "properties": {
        "nom": "zone de mouillage sur ancre",
        "info": true,
        "cara": false,
        "regl": false,
        "fid": 14.0,
        "tech": true,
        "projet": "Panaches turbides",
        "objectid": 13.0,
        "cod_act": "RECM.02.F01",
        "n_campagne": "PNMGL_01",
        "date_camp": "2021-06-12",
        "d_heur_cam": "14:58",
        "f_heur_cam": "15:54",
        "id_acti": "PNMGL_zmouil_00002",
        "act": "Mouillage des embarcations de loisir au moyen d'une ancre",
        "nom_acti": "zone de mouillage sur ancre",
        "layer": "mouillage_camp1",
        "path": "Z:/_DONNEES_EN_COURS/edamier/a_cons_pnmgl/resoblo/mouillage_camp1.shp",
        "shape_leng": 0.00685599440032,
        "shape_area": 1.4533858e-06
      },
      "geometry": {
        "type": "MultiPolygon",
        "coordinates": [
          [
            [
              [
                3.087418794350413,
                42.52541132369112
              ],
              [
                3.087214484205617,
                42.52545672594556
              ],
              [
                3.087246265783733,
                42.52554299022887
              ],
              [
                3.087387012772354,
                42.52563379473787
              ],
              [
                3.087564081564494,
                42.52574276014843
              ],
              [
                3.087700288327881,
                42.52578816240282
              ],
              [
                3.08782741464023,
                42.5259062082643
              ],
              [
                3.087950000727119,
                42.526065116154655
              ],
              [
                3.087986322530639,
                42.52621948381983
              ],
              [
                3.088004483432371,
                42.526355690583046
              ],
              [
                3.088177011999107,
                42.52647373644447
              ],
              [
                3.088290517635301,
                42.52663264433505
              ],
              [
                3.088285977409839,
                42.52674614997102
              ],
              [
                3.088263276282646,
                42.52698678191939
              ],
              [
                3.088263276282646,
                42.52712298868255
              ],
              [
                3.088431264623921,
                42.527186551838895
              ],
              [
                3.088562931161675,
                42.52703672439918
              ],
              [
                3.088562931161675,
                42.52700040259566
              ],
              [
                3.088631034543255,
                42.5266054029824
              ],
              [
                3.088780861982968,
                42.526600862756766
              ],
              [
                3.089044195058477,
                42.52657362140417
              ],
              [
                3.089166781145366,
                42.52660994320769
              ],
              [
                3.08929844768312,
                42.52654638005151
              ],
              [
                3.089307528134043,
                42.52643287441549
              ],
              [
                3.089153160469039,
                42.5263102883286
              ],
              [
                3.088935229647916,
                42.526192242467175
              ],
              [
                3.088758160855775,
                42.52610597818381
              ],
              [
                3.088721839052255,
                42.526015173674864
              ],
              [
                3.088848965364605,
                42.52588350713705
              ],
              [
                3.088867126266337,
                42.52571097857037
              ],
              [
                3.088848965364605,
                42.52558385225802
              ],
              [
                3.088699137924891,
                42.525429484592905
              ],
              [
                3.088508448456423,
                42.52540678346571
              ],
              [
                3.088104368392067,
                42.52541586391658
              ],
              [
                3.087750230807728,
                42.52563379473787
              ],
              [
                3.087418794350413,
                42.52541132369112
              ]
            ]
          ]
        ]
      }
    },
    {
      "type": "Feature",
      "properties": {
        "nom": "zone de mouillage sur ancre",
        "info": true,
        "cara": false,
        "regl": false,
        "fid": 15.0,
        "tech": true,
        "projet": "Panaches turbides",
        "objectid": 14.0,
        "cod_act": "RECM.02.F01",
        "n_campagne": "PNMGL_01",
        "date_camp": "2021-06-12",
        "d_heur_cam": "14:58",
        "f_heur_cam": "15:54",
        "id_acti": "PNMGL_zmouil_00004",
        "act": "Mouillage des embarcations de loisir au moyen d'une ancre",
        "nom_acti": "zone de mouillage sur ancre",
        "layer": "mouillage_camp1",
        "path": "Z:/_DONNEES_EN_COURS/edamier/a_cons_pnmgl/resoblo/mouillage_camp1.shp",
        "shape_leng": 0.00401706173134,
        "shape_area": 2.78769801e-07
      },
      "geometry": {
        "type": "MultiPolygon",
        "coordinates": [
          [
            [
              [
                3.094066810523884,
                42.52517788597504
              ],
              [
                3.094136427313913,
                42.52524750276507
              ],
              [
                3.094206044104112,
                42.525241449131215
              ],
              [
                3.094245392724474,
                42.52520210051068
              ],
              [
                3.094287768162019,
                42.52511734963571
              ],
              [
                3.09434527768434,
                42.52507194738132
              ],
              [
                3.09439673357258,
                42.52507194738132
              ],
              [
                3.094517806251076,
                42.525062866930455
              ],
              [
                3.094560181688621,
                42.52503259876096
              ],
              [
                3.09462979847865,
                42.52494784788604
              ],
              [
                3.094696388451837,
                42.524899418814584
              ],
              [
                3.094838648848906,
                42.52485704337721
              ],
              [
                3.094899185188183,
                42.52491757971637
              ],
              [
                3.094941560625614,
                42.52497811605548
              ],
              [
                3.095008150598744,
                42.525026545126934
              ],
              [
                3.09509290147372,
                42.5250356255778
              ],
              [
                3.095183705982492,
                42.52507194738132
              ],
              [
                3.09525029595568,
                42.52512945690364
              ],
              [
                3.095341100464509,
                42.52516577870716
              ],
              [
                3.095389529535908,
                42.52516577870716
              ],
              [
                3.095462173142948,
                42.525147617805374
              ],
              [
                3.095531789932977,
                42.52509616191713
              ],
              [
                3.095613513990884,
                42.52497508923864
              ],
              [
                3.095580219004376,
                42.52491152608252
              ],
              [
                3.095507575397335,
                42.52490547244844
              ],
              [
                3.09541374407155,
                42.52494784788604
              ],
              [
                3.095289644576042,
                42.525014437859
              ],
              [
                3.095126196460228,
                42.52490547244844
              ],
              [
                3.095005123781732,
                42.52471175616296
              ],
              [
                3.094947614259638,
                42.52469056844416
              ],
              [
                3.094817461130276,
                42.524705702529104
              ],
              [
                3.094741790706223,
                42.52479650703788
              ],
              [
                3.094620718027784,
                42.52491152608252
              ],
              [
                3.094463323545767,
                42.52492666016724
              ],
              [
                3.094305929063808,
                42.52482374839053
              ],
              [
                3.09421815137182,
                42.52484493610933
              ],
              [
                3.094066810523884,
                42.52517788597504
              ]
            ]
          ]
        ]
      }
    },
    {
      "type": "Feature",
      "properties": {
        "nom": "zone de mouillage sur ancre",
        "info": true,
        "cara": false,
        "regl": false,
        "fid": 16.0,
        "tech": true,
        "projet": "Panaches turbides",
        "objectid": 16.0,
        "cod_act": "RECM.02.F01",
        "n_campagne": "PNMGL_01",
        "date_camp": "2021-06-12",
        "d_heur_cam": "14:58",
        "f_heur_cam": "15:54",
        "id_acti": "PNMGL_zmouil_00006",
        "act": "Mouillage des embarcations de loisir au moyen d'une ancre",
        "nom_acti": "zone de mouillage sur ancre",
        "layer": "mouillage_camp1",
        "path": "Z:/_DONNEES_EN_COURS/edamier/a_cons_pnmgl/resoblo/mouillage_camp1.shp",
        "shape_leng": 0.0156814584662,
        "shape_area": 7.28027998e-06
      },
      "geometry": {
        "type": "MultiPolygon",
        "coordinates": [
          [
            [
              [
                3.05993669221084,
                42.91429307888234
              ],
              [
                3.060094753691885,
                42.91441601558995
              ],
              [
                3.060191346819181,
                42.914354547236144
              ],
              [
                3.060252815172987,
                42.914249172915504
              ],
              [
                3.060305502333392,
                42.914178923368354
              ],
              [
                3.060358189493797,
                42.91406476785431
              ],
              [
                3.060446001427692,
                42.91401208069391
              ],
              [
                3.060525032168243,
                42.9139593935335
              ],
              [
                3.060849936323734,
                42.9139067063731
              ],
              [
                3.061087028545273,
                42.9139067063731
              ],
              [
                3.061209965252885,
                42.91402086188731
              ],
              [
                3.06128899599338,
                42.9141877045617
              ],
              [
                3.061315339573525,
                42.914328203656055
              ],
              [
                3.061280214800036,
                42.914723357358696
              ],
              [
                3.061245090026375,
                42.91483751287285
              ],
              [
                3.061209965252885,
                42.914934106000146
              ],
              [
                3.061218746446229,
                42.915179979415086
              ],
              [
                3.061271433606464,
                42.9152063229954
              ],
              [
                3.061517307021631,
                42.914819950485935
              ],
              [
                3.061534869408376,
                42.914459921556954
              ],
              [
                3.061587556568782,
                42.91408233024106
              ],
              [
                3.061587556568782,
                42.91383645682595
              ],
              [
                3.061552431795121,
                42.91375742608557
              ],
              [
                3.061350464347186,
                42.91362570818461
              ],
              [
                3.060981654224634,
                42.91354667744412
              ],
              [
                3.060937748257629,
                42.91345886551005
              ],
              [
                3.060920185870884,
                42.91342374073656
              ],
              [
                3.060867498710479,
                42.91323055448197
              ],
              [
                3.060911404677483,
                42.91309883658107
              ],
              [
                3.060920185870884,
                42.91305493061401
              ],
              [
                3.061122153318991,
                42.91283540077916
              ],
              [
                3.061534869408376,
                42.91245780946326
              ],
              [
                3.061763180436571,
                42.91231731036896
              ],
              [
                3.061903679530872,
                42.912141686501116
              ],
              [
                3.061842211177122,
                42.91195728143981
              ],
              [
                3.061815867596977,
                42.91191337547292
              ],
              [
                3.06135924554053,
                42.91155334654377
              ],
              [
                3.061148496899079,
                42.91123722358162
              ],
              [
                3.061148496899079,
                42.91110550568072
              ],
              [
                3.061174840479225,
                42.910789382718576
              ],
              [
                3.060911404677483,
                42.910244948728234
              ],
              [
                3.060525032168243,
                42.91008688724719
              ],
              [
                3.060217690399497,
                42.910034200086784
              ],
              [
                3.059892786243779,
                42.90993760695949
              ],
              [
                3.059444945380733,
                42.90990248218583
              ],
              [
                3.059093697645153,
                42.91001663770004
              ],
              [
                3.059137603611987,
                42.91056107169038
              ],
              [
                3.059348352253494,
                42.91150944057671
              ],
              [
                3.059462507767478,
                42.911711408024814
              ],
              [
                3.059603006861778,
                42.91198362502007
              ],
              [
                3.05965569402224,
                42.91230852917556
              ],
              [
                3.059664475215584,
                42.9128529631659
              ],
              [
                3.059646912828839,
                42.913151523741305
              ],
              [
                3.059743505956135,
                42.91330958522235
              ],
              [
                3.06007719130514,
                42.9135291150572
              ],
              [
                3.060208909206096,
                42.9138188944392
              ],
              [
                3.05993669221084,
                42.91429307888234
              ]
            ]
          ]
        ]
      }
    },
    {
      "type": "Feature",
      "properties": {
        "nom": "zone de mouillage sur ancre",
        "info": true,
        "cara": false,
        "regl": false,
        "fid": 17.0,
        "tech": true,
        "projet": "Panaches turbides",
        "objectid": 17.0,
        "cod_act": "RECM.02.F01",
        "n_campagne": "PNMGL_03",
        "date_camp": "2021-08-03",
        "d_heur_cam": "12:30",
        "f_heur_cam": "13:22",
        "id_acti": "PNMGL_zmouil_00001",
        "act": "Mouillage des embarcations de loisir au moyen d'une ancre",
        "nom_acti": "zone de mouillage sur ancre",
        "layer": "mouillage_camp3",
        "path": "Z:/_DONNEES_EN_COURS/edamier/a_cons_pnmgl/resoblo/mouillage_camp3.shp",
        "shape_leng": 0.00933540239052,
        "shape_area": 9.19567857e-07
      },
      "geometry": {
        "type": "MultiPolygon",
        "coordinates": [
          [
            [
              [
                3.160682817170311,
                42.4524579531801
              ],
              [
                3.160698059209551,
                42.452605292892656
              ],
              [
                3.160832697222645,
                42.45279073770308
              ],
              [
                3.160952093196499,
                42.45280343940232
              ],
              [
                3.160995278974269,
                42.45268404342852
              ],
              [
                3.161056247131,
                42.45260021221276
              ],
              [
                3.161455080490612,
                42.45259767187292
              ],
              [
                3.161526210006741,
                42.45273485022585
              ],
              [
                3.161637984961033,
                42.452841544500416
              ],
              [
                3.162290852307535,
                42.45296094047427
              ],
              [
                3.162400086921764,
                42.452864407559275
              ],
              [
                3.162260368228942,
                42.452742471245585
              ],
              [
                3.161952987104883,
                42.452592591193195
              ],
              [
                3.16178024399386,
                42.45230807312794
              ],
              [
                3.161815808751896,
                42.452285210069135
              ],
              [
                3.162201940412046,
                42.45208198287952
              ],
              [
                3.162433111340135,
                42.45186605399073
              ],
              [
                3.162748113483815,
                42.45148246267041
              ],
              [
                3.162854807758379,
                42.45128431616058
              ],
              [
                3.163238399078693,
                42.4509464509581
              ],
              [
                3.163442473048178,
                42.45078069378155
              ],
              [
                3.163472110346447,
                42.450661932892785
              ],
              [
                3.16335271437265,
                42.450628908474414
              ],
              [
                3.16318759228119,
                42.450745764108376
              ],
              [
                3.163027550869572,
                42.450976935036465
              ],
              [
                3.162923396934843,
                42.45112173440913
              ],
              [
                3.162720169745285,
                42.45123859004309
              ],
              [
                3.162631257849853,
                42.45127669514102
              ],
              [
                3.162323876725736,
                42.45165774612144
              ],
              [
                3.162217182451343,
                42.4516907705397
              ],
              [
                3.162090165457812,
                42.45182794889263
              ],
              [
                3.162013955261784,
                42.45193972384692
              ],
              [
                3.161909801327056,
                42.452013393703055
              ],
              [
                3.161711654817395,
                42.452163273755446
              ],
              [
                3.161622742921907,
                42.45245287250043
              ],
              [
                3.161442378791207,
                42.45253416337613
              ],
              [
                3.161180723784696,
                42.45248589691863
              ],
              [
                3.161081650529866,
                42.452361420265106
              ],
              [
                3.161030843732362,
                42.45230807312794
              ],
              [
                3.160921609117906,
                42.4523156941475
              ],
              [
                3.160756487026447,
                42.452363960605
              ],
              [
                3.160682817170311,
                42.4524579531801
              ]
            ]
          ]
        ]
      }
    },
    {
      "type": "Feature",
      "properties": {
        "nom": "zone de mouillage sur ancre",
        "info": true,
        "cara": false,
        "regl": false,
        "fid": 18.0,
        "tech": true,
        "projet": "Panaches turbides",
        "objectid": 18.0,
        "cod_act": "RECM.02.F01",
        "n_campagne": "PNMGL_03",
        "date_camp": "2021-08-03",
        "d_heur_cam": "12:30",
        "f_heur_cam": "13:22",
        "id_acti": "PNMGL_zmouil_00002",
        "act": "Mouillage des embarcations de loisir au moyen d'une ancre",
        "nom_acti": "zone de mouillage sur ancre",
        "layer": "mouillage_camp3",
        "path": "Z:/_DONNEES_EN_COURS/edamier/a_cons_pnmgl/resoblo/mouillage_camp3.shp",
        "shape_leng": 0.0152293110016,
        "shape_area": 4.598399914e-06
      },
      "geometry": {
        "type": "MultiPolygon",
        "coordinates": [
          [
            [
              [
                3.128632838423982,
                42.501865885890766
              ],
              [
                3.128588426932254,
                42.502113850053036
              ],
              [
                3.128621735551008,
                42.50226188835893
              ],
              [
                3.128810484391067,
                42.50232480463893
              ],
              [
                3.128928915035715,
                42.502187869205954
              ],
              [
                3.128984429400589,
                42.50216936441768
              ],
              [
                3.129058448553508,
                42.50223228069768
              ],
              [
                3.129136168664047,
                42.502343309427204
              ],
              [
                3.129302711758214,
                42.50242473049531
              ],
              [
                3.129595087412213,
                42.50238031900358
              ],
              [
                3.129624695073403,
                42.50230629985066
              ],
              [
                3.129539573047509,
                42.502113850053036
              ],
              [
                3.129310113673341,
                42.5020546347306
              ],
              [
                3.129147271536965,
                42.501973213662495
              ],
              [
                3.129136168664047,
                42.501910297382494
              ],
              [
                3.129165776325237,
                42.5017807638647
              ],
              [
                3.129232393562859,
                42.50164012747416
              ],
              [
                3.129284206969885,
                42.50146618246487
              ],
              [
                3.129321216546316,
                42.501414369057784
              ],
              [
                3.129428544318216,
                42.5012996393707
              ],
              [
                3.129676508480486,
                42.50139586426951
              ],
              [
                3.129698714226322,
                42.50150319204124
              ],
              [
                3.12979123816757,
                42.501540201617786
              ],
              [
                3.130042903287574,
                42.50146618246487
              ],
              [
                3.130150231059304,
                42.501336648947245
              ],
              [
                3.130242755000552,
                42.50124782596362
              ],
              [
                3.130342680856927,
                42.50123302213291
              ],
              [
                3.130442606713302,
                42.501258928836535
              ],
              [
                3.130679468002825,
                42.50162162268589
              ],
              [
                3.130871917800448,
                42.501799268652974
              ],
              [
                3.131112480047534,
                42.50171414662714
              ],
              [
                3.131156891539263,
                42.50153650066005
              ],
              [
                3.13100145131807,
                42.501325546074156
              ],
              [
                3.130894123546341,
                42.50123302213291
              ],
              [
                3.130805300562884,
                42.501151601064805
              ],
              [
                3.130675767045261,
                42.50104057233534
              ],
              [
                3.130690570875799,
                42.500918440733074
              ],
              [
                3.130779393859257,
                42.50086662732599
              ],
              [
                3.130979245572178,
                42.50088513211426
              ],
              [
                3.131053264725153,
                42.50092214169064
              ],
              [
                3.131160592496883,
                42.50094064647891
              ],
              [
                3.131330836548784,
                42.50109978765772
              ],
              [
                3.131526987303971,
                42.50114790010707
              ],
              [
                3.131989607009928,
                42.50113309627653
              ],
              [
                3.132100635739221,
                42.50112569436135
              ],
              [
                3.132333796070952,
                42.50110718957308
              ],
              [
                3.132459628631011,
                42.50106277808135
              ],
              [
                3.132518843953392,
                42.50094064647891
              ],
              [
                3.132378207562908,
                42.500796309130635
              ],
              [
                3.132156150103867,
                42.50070008423182
              ],
              [
                3.131989607009928,
                42.500622364121284
              ],
              [
                3.131845269661596,
                42.50056684975664
              ],
              [
                3.13174164284743,
                42.50055204592593
              ],
              [
                3.131549193049864,
                42.50057425167182
              ],
              [
                3.131253116438074,
                42.50056684975664
              ],
              [
                3.131249415480511,
                42.500474325815446
              ],
              [
                3.131249415480511,
                42.500374399959014
              ],
              [
                3.131267920268783,
                42.5002337635683
              ],
              [
                3.131279023141701,
                42.500115332923656
              ],
              [
                3.131160592496883,
                42.50003021089776
              ],
              [
                3.130949637911158,
                42.500008005151926
              ],
              [
                3.130801599605263,
                42.499974696533116
              ],
              [
                3.130734982367528,
                42.49992288312603
              ],
              [
                3.130623953638178,
                42.49982295726949
              ],
              [
                3.130575841188715,
                42.49977854577776
              ],
              [
                3.130479616289904,
                42.49972303141311
              ],
              [
                3.130294568407635,
                42.499663816090674
              ],
              [
                3.130179838720551,
                42.49965641417549
              ],
              [
                3.130016996583947,
                42.499678619921156
              ],
              [
                3.129968884134655,
                42.49971192854014
              ],
              [
                3.129831948701678,
                42.499789648650676
              ],
              [
                3.129780135294652,
                42.49982665822722
              ],
              [
                3.129695013268758,
                42.49993768695657
              ],
              [
                3.129513666344053,
                42.50003391185538
              ],
              [
                3.129365628038215,
                42.50004131377074
              ],
              [
                3.129317515588696,
                42.50005981855901
              ],
              [
                3.129236094520593,
                42.50018565111901
              ],
              [
                3.12932491750405,
                42.500374399959014
              ],
              [
                3.129291608885239,
                42.500544644010574
              ],
              [
                3.129236094520593,
                42.50058535454474
              ],
              [
                3.1291065610028,
                42.500485428688364
              ],
              [
                3.129073252384046,
                42.50045582102712
              ],
              [
                3.128914111205233,
                42.500474325815446
              ],
              [
                3.128769773856902,
                42.50055944784128
              ],
              [
                3.128677249915881,
                42.500766701469445
              ],
              [
                3.128662446085173,
                42.5008999359448
              ],
              [
                3.12861063267809,
                42.501136797234096
              ],
              [
                3.128625436508798,
                42.50128113458243
              ],
              [
                3.128706857576901,
                42.50139586426951
              ],
              [
                3.128851194925176,
                42.50156610832124
              ],
              [
                3.128995532273507,
                42.50162902460124
              ],
              [
                3.129021438976963,
                42.50167343609297
              ],
              [
                3.129002934188691,
                42.50178446482249
              ],
              [
                3.128973326527444,
                42.5018177734413
              ],
              [
                3.12885859684053,
                42.501836278229575
              ],
              [
                3.128762371941718,
                42.501836278229575
              ],
              [
                3.128706857576901,
                42.501832577271784
              ],
              [
                3.128632838423982,
                42.501865885890766
              ]
            ]
          ]
        ]
      }
    },
    {
      "type": "Feature",
      "properties": {
        "nom": "zone de mouillage sur ancre",
        "info": true,
        "cara": false,
        "regl": false,
        "fid": 19.0,
        "tech": true,
        "projet": "Panaches turbides",
        "objectid": 19.0,
        "cod_act": "RECM.02.F01",
        "n_campagne": "PNMGL_03",
        "date_camp": "2021-08-03",
        "d_heur_cam": "12:30",
        "f_heur_cam": "13:22",
        "id_acti": "PNMGL_zmouil_00003",
        "act": "Mouillage des embarcations de loisir au moyen d'une ancre",
        "nom_acti": "zone de mouillage sur ancre",
        "layer": "mouillage_camp3",
        "path": "Z:/_DONNEES_EN_COURS/edamier/a_cons_pnmgl/resoblo/mouillage_camp3.shp",
        "shape_leng": 0.0137707758313,
        "shape_area": 2.21185773e-06
      },
      "geometry": {
        "type": "MultiPolygon",
        "coordinates": [
          [
            [
              [
                3.056190954271983,
                42.92441133368635
              ],
              [
                3.056350546653789,
                42.92452459279599
              ],
              [
                3.056432916915355,
                42.92443192625166
              ],
              [
                3.056331241123814,
                42.92428606224689
              ],
              [
                3.056293917099083,
                42.924071556357376
              ],
              [
                3.05623728754415,
                42.923932556541104
              ],
              [
                3.05623213940288,
                42.923855334420864
              ],
              [
                3.056211546837517,
                42.92372148274586
              ],
              [
                3.056242435685419,
                42.92356703850555
              ],
              [
                3.056412324349992,
                42.92353100151615
              ],
              [
                3.056458657622159,
                42.923525853374656
              ],
              [
                3.056633694427831,
                42.92345892753718
              ],
              [
                3.056855064505669,
                42.92329418701411
              ],
              [
                3.056860212647109,
                42.92328389073151
              ],
              [
                3.057163952986514,
                42.9230264836641
              ],
              [
                3.05726176767206,
                42.92290292827187
              ],
              [
                3.057313249085553,
                42.92277422473819
              ],
              [
                3.057328693509589,
                42.92260433607379
              ],
              [
                3.057338989792356,
                42.92255285466035
              ],
              [
                3.057369878640429,
                42.922403558561314
              ],
              [
                3.057411063771099,
                42.92237781785451
              ],
              [
                3.05773024853454,
                42.9222336698968
              ],
              [
                3.057786878089473,
                42.922213077331435
              ],
              [
                3.05823476638659,
                42.92191448513336
              ],
              [
                3.058548803008705,
                42.92164678178335
              ],
              [
                3.058553951149975,
                42.92163648550064
              ],
              [
                3.05879076565185,
                42.92143570798811
              ],
              [
                3.059079061567388,
                42.92124007861696
              ],
              [
                3.059125394839327,
                42.92122463419287
              ],
              [
                3.05925409837306,
                42.9212812637478
              ],
              [
                3.059403394472099,
                42.9212452267584
              ],
              [
                3.059542394288542,
                42.921080486235326
              ],
              [
                3.059547542429812,
                42.92090030128816
              ],
              [
                3.059526949864505,
                42.92066863492761
              ],
              [
                3.059465172168302,
                42.92059141280737
              ],
              [
                3.059202616959567,
                42.92080763474388
              ],
              [
                3.058487025312502,
                42.921389374716
              ],
              [
                3.058152396125024,
                42.921672522489985
              ],
              [
                3.057596396859537,
                42.92200200353619
              ],
              [
                3.05717939741055,
                42.92226455874487
              ],
              [
                3.05675210167874,
                42.92242929926795
              ],
              [
                3.056396879925956,
                42.92282570615163
              ],
              [
                3.056350546653789,
                42.92294411340259
              ],
              [
                3.056211546837517,
                42.92317063162187
              ],
              [
                3.056041658172944,
                42.923268446307475
              ],
              [
                3.055902658356672,
                42.92321696489404
              ],
              [
                3.055485658907685,
                42.92336626099308
              ],
              [
                3.055300325819246,
                42.923479520102546
              ],
              [
                3.055114992730637,
                42.923597927353626
              ],
              [
                3.055012029903764,
                42.92376781601803
              ],
              [
                3.055022326186474,
                42.92386563070363
              ],
              [
                3.055058363175874,
                42.923896519551704
              ],
              [
                3.055228251840276,
                42.92383988999683
              ],
              [
                3.055356955373952,
                42.923711186463095
              ],
              [
                3.055552584745158,
                42.92362366806026
              ],
              [
                3.055815139953836,
                42.92353614965742
              ],
              [
                3.055902658356672,
                42.923597927353626
              ],
              [
                3.055995324900834,
                42.9240046305199
              ],
              [
                3.056190954271983,
                42.92441133368635
              ]
            ]
          ]
        ]
      }
    },
    {
      "type": "Feature",
      "properties": {
        "nom": "zone de mouillage sur ancre",
        "info": true,
        "cara": false,
        "regl": false,
        "fid": 20.0,
        "tech": true,
        "projet": "Panaches turbides",
        "objectid": 20.0,
        "cod_act": "RECM.02.F01",
        "n_campagne": "PNMGL_03",
        "date_camp": "2021-08-03",
        "d_heur_cam": "12:30",
        "f_heur_cam": "13:22",
        "id_acti": "PNMGL_zmouil_00004",
        "act": "Mouillage des embarcations de loisir au moyen d'une ancre",
        "nom_acti": "zone de mouillage sur ancre",
        "layer": "mouillage_camp3",
        "path": "Z:/_DONNEES_EN_COURS/edamier/a_cons_pnmgl/resoblo/mouillage_camp3.shp",
        "shape_leng": 0.00420348576533,
        "shape_area": 6.36353469e-07
      },
      "geometry": {
        "type": "MultiPolygon",
        "coordinates": [
          [
            [
              [
                3.04033140462883,
                42.93109400179304
              ],
              [
                3.040544662227774,
                42.93082135600196
              ],
              [
                3.040752520900298,
                42.93088614312052
              ],
              [
                3.040760619290154,
                42.93095902862922
              ],
              [
                3.04071742787761,
                42.93109670125625
              ],
              [
                3.040744422510443,
                42.93115878891183
              ],
              [
                3.040911789233746,
                42.93122087656718
              ],
              [
                3.041030565617859,
                42.931215477640535
              ],
              [
                3.041273517313073,
                42.93108050447671
              ],
              [
                3.041419288330019,
                42.93067558498484
              ],
              [
                3.041397692623832,
                42.93035434885485
              ],
              [
                3.041322107652093,
                42.93019777998461
              ],
              [
                3.041197932341163,
                42.93024637032369
              ],
              [
                3.041152041465352,
                42.93030845797904
              ],
              [
                3.041060259713902,
                42.93034085153835
              ],
              [
                3.040968477962508,
                42.93037054563439
              ],
              [
                3.040873996747791,
                42.93047042577575
              ],
              [
                3.040822706945562,
                42.93062159571929
              ],
              [
                3.040752520900298,
                42.930670186058364
              ],
              [
                3.040706630024488,
                42.930683683374696
              ],
              [
                3.040655340222202,
                42.93060269947637
              ],
              [
                3.040631045052805,
                42.93057570484348
              ],
              [
                3.040531164911442,
                42.93056490699041
              ],
              [
                3.040458279402799,
                42.93059730054989
              ],
              [
                3.040396191747448,
                42.93069178176455
              ],
              [
                3.040355699798283,
                42.93079166190586
              ],
              [
                3.04028281428981,
                42.93088344365731
              ],
              [
                3.040212628244547,
                42.93095362970257
              ],
              [
                3.040199130928215,
                42.93102111628457
              ],
              [
                3.040226125560878,
                42.93111019857275
              ],
              [
                3.04033140462883,
                42.93109400179304
              ]
            ]
          ]
        ]
      }
    },
    {
      "type": "Feature",
      "properties": {
        "nom": "zone de mouillage sur ancre",
        "info": true,
        "cara": false,
        "regl": false,
        "fid": 21.0,
        "tech": true,
        "projet": "Panaches turbides",
        "objectid": 21.0,
        "cod_act": "RECM.02.F01",
        "n_campagne": "PNMGL_03",
        "date_camp": "2021-08-03",
        "d_heur_cam": "12:30",
        "f_heur_cam": "13:22",
        "id_acti": "PNMGL_zmouil_00005",
        "act": "Mouillage des embarcations de loisir au moyen d'une ancre",
        "nom_acti": "zone de mouillage sur ancre",
        "layer": "mouillage_camp3",
        "path": "Z:/_DONNEES_EN_COURS/edamier/a_cons_pnmgl/resoblo/mouillage_camp3.shp",
        "shape_leng": 0.00486126878794,
        "shape_area": 6.41632974e-07
      },
      "geometry": {
        "type": "MultiPolygon",
        "coordinates": [
          [
            [
              [
                3.0417459233866,
                42.93149352235827
              ],
              [
                3.041924087963025,
                42.93172297673698
              ],
              [
                3.042239925166712,
                42.93179316278224
              ],
              [
                3.042531467200774,
                42.93178236492912
              ],
              [
                3.042666440364656,
                42.93162309659567
              ],
              [
                3.042736626409862,
                42.93145842933575
              ],
              [
                3.042809511918335,
                42.93139094275375
              ],
              [
                3.042914790986288,
                42.931336953488085
              ],
              [
                3.043136146975144,
                42.9312559695897
              ],
              [
                3.043268420675759,
                42.93114529159533
              ],
              [
                3.04328191799209,
                42.931029214674425
              ],
              [
                3.043217130873472,
                42.93095902862922
              ],
              [
                3.043173939461042,
                42.930934733459594
              ],
              [
                3.043068660393089,
                42.930824055465166
              ],
              [
                3.04301737059086,
                42.93073497317698
              ],
              [
                3.042966080788574,
                42.93059730054989
              ],
              [
                3.042820309771628,
                42.93051631665156
              ],
              [
                3.042763621042695,
                42.93055680860073
              ],
              [
                3.04275552265284,
                42.930716076934004
              ],
              [
                3.042809511918335,
                42.93080245975898
              ],
              [
                3.042909392059642,
                42.93094013238624
              ],
              [
                3.042914790986288,
                42.931077805013274
              ],
              [
                3.042766320505962,
                42.93119658139756
              ],
              [
                3.042658341974743,
                42.93119388193435
              ],
              [
                3.042436985985944,
                42.931164187838306
              ],
              [
                3.042342504771284,
                42.93123707334678
              ],
              [
                3.042283116579142,
                42.93133425402482
              ],
              [
                3.042161640731592,
                42.93145572987237
              ],
              [
                3.041972678302102,
                42.931461128799015
              ],
              [
                3.041918689036549,
                42.931428735239535
              ],
              [
                3.041859300844408,
                42.93139094275375
              ],
              [
                3.041778316946079,
                42.931369347047394
              ],
              [
                3.041732426070269,
                42.93144223255604
              ],
              [
                3.0417459233866,
                42.93149352235827
              ]
            ]
          ]
        ]
      }
    },
    {
      "type": "Feature",
      "properties": {
        "nom": "zone de mouillage sur ancre",
        "info": true,
        "cara": false,
        "regl": false,
        "fid": 22.0,
        "tech": true,
        "projet": "Panaches turbides",
        "objectid": 22.0,
        "cod_act": "RECM.02.F01",
        "n_campagne": "PNMGL_03",
        "date_camp": "2021-08-03",
        "d_heur_cam": "12:30",
        "f_heur_cam": "13:22",
        "id_acti": "PNMGL_zmouil_00006",
        "act": "Mouillage des embarcations de loisir au moyen d'une ancre",
        "nom_acti": "zone de mouillage sur ancre",
        "layer": "mouillage_camp3",
        "path": "Z:/_DONNEES_EN_COURS/edamier/a_cons_pnmgl/resoblo/mouillage_camp3.shp",
        "shape_leng": 0.011691135231,
        "shape_area": 1.507299644e-06
      },
      "geometry": {
        "type": "MultiPolygon",
        "coordinates": [
          [
            [
              [
                3.059196519392003,
                42.91146124824962
              ],
              [
                3.058977441075228,
                42.91183174958445
              ],
              [
                3.058920752346523,
                42.91211114403393
              ],
              [
                3.059082720143181,
                42.912337898949204
              ],
              [
                3.059560525143581,
                42.91256465386465
              ],
              [
                3.059479541245025,
                42.91265778534762
              ],
              [
                3.059297327473871,
                42.91279140877998
              ],
              [
                3.059588869507934,
                42.91311129517857
              ],
              [
                3.05973464052488,
                42.91343118157704
              ],
              [
                3.059807526033524,
                42.91371462522119
              ],
              [
                3.059767034084359,
                42.91426531573006
              ],
              [
                3.059839919592832,
                42.91464189085741
              ],
              [
                3.060196248745513,
                42.91510349907804
              ],
              [
                3.060516135144098,
                42.91554891051908
              ],
              [
                3.060702398110266,
                42.91607125666337
              ],
              [
                3.060807677178218,
                42.916221076875274
              ],
              [
                3.060880562686691,
                42.91618058492611
              ],
              [
                3.060908907051044,
                42.915913338061614
              ],
              [
                3.060831972347614,
                42.91561774683265
              ],
              [
                3.060783382008594,
                42.915399090307005
              ],
              [
                3.060516135144098,
                42.91493343289147
              ],
              [
                3.060487790779575,
                42.91477146509476
              ],
              [
                3.060532331923696,
                42.91466618602681
              ],
              [
                3.060325822982918,
                42.91440703755222
              ],
              [
                3.060297478618509,
                42.91440703755222
              ],
              [
                3.060115264847184,
                42.914419185137035
              ],
              [
                3.060078822092919,
                42.914374643992744
              ],
              [
                3.060042379338711,
                42.91433010284868
              ],
              [
                3.060022133364043,
                42.9141276431028
              ],
              [
                3.059989739804735,
                42.913625542933005
              ],
              [
                3.059900657516494,
                42.91321252505139
              ],
              [
                3.05973464052488,
                42.91290883543252
              ],
              [
                3.059645558236696,
                42.912742818440904
              ],
              [
                3.059771083279145,
                42.91260514581387
              ],
              [
                3.059795378448712,
                42.91247962077142
              ],
              [
                3.05973464052488,
                42.912394587678136
              ],
              [
                3.059649607431595,
                42.91234194814416
              ],
              [
                3.059390458957012,
                42.91224071827111
              ],
              [
                3.059264933914562,
                42.91219617712704
              ],
              [
                3.05915965484661,
                42.912054455305
              ],
              [
                3.059236589550039,
                42.911819601999696
              ],
              [
                3.059358065397532,
                42.91172242132177
              ],
              [
                3.0593742621773,
                42.91166168339794
              ],
              [
                3.0593742621773,
                42.9115685519148
              ],
              [
                3.059354016202576,
                42.91150781399108
              ],
              [
                3.059309475058683,
                42.91144707606742
              ],
              [
                3.059196519392003,
                42.91146124824962
              ]
            ]
          ]
        ]
      }
    },
    {
      "type": "Feature",
      "properties": {
        "nom": "zone de mouillage sur ancre",
        "info": true,
        "cara": false,
        "regl": false,
        "fid": 23.0,
        "tech": true,
        "projet": "Panaches turbides",
        "objectid": 23.0,
        "cod_act": "RECM.02.F01",
        "n_campagne": "PNMGL_03",
        "date_camp": "2021-08-03",
        "d_heur_cam": "12:30",
        "f_heur_cam": "13:22",
        "id_acti": "PNMGL_zmouil_00007",
        "act": "Mouillage des embarcations de loisir au moyen d'une ancre",
        "nom_acti": "zone de mouillage sur ancre",
        "layer": "mouillage_camp3",
        "path": "Z:/_DONNEES_EN_COURS/edamier/a_cons_pnmgl/resoblo/mouillage_camp3.shp",
        "shape_leng": 0.0253946376062,
        "shape_area": 9.952004755e-06
      },
      "geometry": {
        "type": "MultiPolygon",
        "coordinates": [
          [
            [
              [
                3.124707381798942,
                42.505614549001734
              ],
              [
                3.124807261940305,
                42.505738724312664
              ],
              [
                3.124793764623973,
                42.50581160982114
              ],
              [
                3.124750573211543,
                42.505895293182675
              ],
              [
                3.124747873748163,
                42.50605996044277
              ],
              [
                3.124869349595656,
                42.50609505346529
              ],
              [
                3.124996224369795,
                42.50603836473658
              ],
              [
                3.125050213635291,
                42.50591418942565
              ],
              [
                3.125139295923532,
                42.50581160982114
              ],
              [
                3.125236476601629,
                42.505752221628995
              ],
              [
                3.125255372844549,
                42.50563344524471
              ],
              [
                3.125212181432005,
                42.50554166349326
              ],
              [
                3.125279668014002,
                42.50532300696767
              ],
              [
                3.125411941714617,
                42.50526631823891
              ],
              [
                3.125565811121589,
                42.5052879139451
              ],
              [
                3.125849254765797,
                42.50539049354967
              ],
              [
                3.125992326319533,
                42.50547957583785
              ],
              [
                3.126005823636035,
                42.505522767250284
              ],
              [
                3.126008523099244,
                42.5056010516854
              ],
              [
                3.12601392202572,
                42.50570093182671
              ],
              [
                3.125995025782743,
                42.50577651679856
              ],
              [
                3.12582495959623,
                42.50599247386077
              ],
              [
                3.125760172477612,
                42.506062659906036
              ],
              [
                3.125781768183799,
                42.50643518583843
              ],
              [
                3.125830358522819,
                42.50650537188369
              ],
              [
                3.125860052618918,
                42.506499972957215
              ],
              [
                3.125946435443893,
                42.50642708744857
              ],
              [
                3.125992326319533,
                42.50631101052767
              ],
              [
                3.126011222562511,
                42.50617873682705
              ],
              [
                3.126054413974884,
                42.50595468137482
              ],
              [
                3.126227179624891,
                42.50574412323908
              ],
              [
                3.126300065133364,
                42.5056685382674
              ],
              [
                3.126362152788715,
                42.50569013397359
              ],
              [
                3.126472830783143,
                42.50573332538602
              ],
              [
                3.126742777111019,
                42.50572792645954
              ],
              [
                3.126829159935994,
                42.50571982806969
              ],
              [
                3.127134199286388,
                42.50584400338039
              ],
              [
                3.127209784258071,
                42.50587369747649
              ],
              [
                3.127593108043754,
                42.50609235400208
              ],
              [
                3.127790168862987,
                42.506205731459715
              ],
              [
                3.127830660812151,
                42.50630291213781
              ],
              [
                3.127827961348942,
                42.5063542019401
              ],
              [
                3.127593108043754,
                42.50649187456736
              ],
              [
                3.127509424682046,
                42.50655666168592
              ],
              [
                3.127439238636782,
                42.50661065095164
              ],
              [
                3.127404145614264,
                42.50665114290081
              ],
              [
                3.12728806869319,
                42.50672402840928
              ],
              [
                3.127190888015093,
                42.506767219821654
              ],
              [
                3.12711800250662,
                42.50680501230761
              ],
              [
                3.127112603580201,
                42.50687249888961
              ],
              [
                3.127155794992575,
                42.506934586545015
              ],
              [
                3.127271871913649,
                42.50692378869189
              ],
              [
                3.127390648297762,
                42.50689679405906
              ],
              [
                3.127474331659471,
                42.506859001573105
              ],
              [
                3.127568812874188,
                42.50682390855059
              ],
              [
                3.127798267252842,
                42.50689949352244
              ],
              [
                3.127887349541083,
                42.506996674200366
              ],
              [
                3.128157295868959,
                42.50700477259022
              ],
              [
                3.12851632448502,
                42.50696428064106
              ],
              [
                3.12855951589745,
                42.5069561822512
              ],
              [
                3.128729582083963,
                42.506891395132584
              ],
              [
                3.128956336999295,
                42.50685090318342
              ],
              [
                3.129158796745287,
                42.5068401053303
              ],
              [
                3.129409846830185,
                42.50686440049975
              ],
              [
                3.129558317310398,
                42.50688599620594
              ],
              [
                3.129801269005611,
                42.5069264881551
              ],
              [
                3.129849859344631,
                42.506891395132584
              ],
              [
                3.129876853977294,
                42.50672402840928
              ],
              [
                3.129868755587438,
                42.506656541827226
              ],
              [
                3.129839061491339,
                42.506516169736756
              ],
              [
                3.129785072225843,
                42.50638929496279
              ],
              [
                3.12976077705639,
                42.50630291213781
              ],
              [
                3.129717585643846,
                42.50609505346529
              ],
              [
                3.129714886180579,
                42.50604646312627
              ],
              [
                3.129671694768206,
                42.50587369747649
              ],
              [
                3.129668995304769,
                42.50585750069695
              ],
              [
                3.12966359637835,
                42.505846702843826
              ],
              [
                3.129293769909168,
                42.505538964029995
              ],
              [
                3.129207387084193,
                42.50543098549883
              ],
              [
                3.129185791377949,
                42.50529601233501
              ],
              [
                3.129210086547573,
                42.50512594614844
              ],
              [
                3.129247879033528,
                42.50499097298439
              ],
              [
                3.129253277960004,
                42.50481820733461
              ],
              [
                3.129245179570091,
                42.504731824509804
              ],
              [
                3.129180392451531,
                42.504667037391016
              ],
              [
                3.129064315530456,
                42.50465623953795
              ],
              [
                3.128899648270533,
                42.504683234170784
              ],
              [
                3.128664794965175,
                42.504699430950325
              ],
              [
                3.128308465812552,
                42.50467783524414
              ],
              [
                3.127935939880103,
                42.50462384597864
              ],
              [
                3.127771272620009,
                42.50460225027223
              ],
              [
                3.127641698382661,
                42.504569856712976
              ],
              [
                3.127404145614264,
                42.504510468520834
              ],
              [
                3.127347456885332,
                42.50448887281459
              ],
              [
                3.127234079427694,
                42.504399790526406
              ],
              [
                3.127166592845697,
                42.504294511458625
              ],
              [
                3.127147696602719,
                42.50422972434001
              ],
              [
                3.127147696602719,
                42.50417843453755
              ],
              [
                3.127258374597147,
                42.503892291430134
              ],
              [
                3.127271871913649,
                42.503733023096686
              ],
              [
                3.127261074060527,
                42.50367633436775
              ],
              [
                3.127304265472958,
                42.50347927354858
              ],
              [
                3.127385249371287,
                42.50335509823765
              ],
              [
                3.127587709117108,
                42.503284912192385
              ],
              [
                3.127784769936511,
                42.5032093272207
              ],
              [
                3.12795753558629,
                42.50308785137315
              ],
              [
                3.12808171089705,
                42.503050058887254
              ],
              [
                3.128378651857759,
                42.50304735942399
              ],
              [
                3.128691789598065,
                42.50312294439573
              ],
              [
                3.128969834315797,
                42.50321472614712
              ],
              [
                3.129174993524884,
                42.50327951326591
              ],
              [
                3.12940174844033,
                42.50338209287048
              ],
              [
                3.129555617847132,
                42.50340368857667
              ],
              [
                3.129722984570492,
                42.503373994480626
              ],
              [
                3.129733782423557,
                42.503295710045506
              ],
              [
                3.12899682894863,
                42.50298392203695
              ],
              [
                3.128802467592436,
                42.502911036528246
              ],
              [
                3.128523073143185,
                42.50281992964267
              ],
              [
                3.128292269032784,
                42.50277741309611
              ],
              [
                3.128006800791184,
                42.502747044134196
              ],
              [
                3.127733480134282,
                42.502734896549384
              ],
              [
                3.127539118778088,
                42.50270452758764
              ],
              [
                3.127472307061907,
                42.50271667517228
              ],
              [
                3.127284019498234,
                42.50278348688846
              ],
              [
                3.127113953311721,
                42.502753117926545
              ],
              [
                3.126913518163406,
                42.50271667517228
              ],
              [
                3.126731304392024,
                42.50271667517228
              ],
              [
                3.126482278904689,
                42.50277741309611
              ],
              [
                3.126470131319877,
                42.502801708265565
              ],
              [
                3.126658418883551,
                42.50315398822346
              ],
              [
                3.126676640260712,
                42.50319650477002
              ],
              [
                3.126555164413162,
                42.503469825426976
              ],
              [
                3.126421540980857,
                42.50360344885928
              ],
              [
                3.126287917548552,
                42.50388891710105
              ],
              [
                3.126184663078163,
                42.50408327845702
              ],
              [
                3.125978154137329,
                42.50433230394458
              ],
              [
                3.12587489966694,
                42.50449022254634
              ],
              [
                3.125844530705024,
                42.50459955080902
              ],
              [
                3.125710907272719,
                42.50467851011001
              ],
              [
                3.1254922507473,
                42.50473317424132
              ],
              [
                3.125358627314995,
                42.504751395618484
              ],
              [
                3.125115675619952,
                42.50490324042789
              ],
              [
                3.125006347357044,
                42.504982199728886
              ],
              [
                3.124836281170474,
                42.5051522659154
              ],
              [
                3.124805912208558,
                42.505182634877144
              ],
              [
                3.124763395662001,
                42.505298036932345
              ],
              [
                3.124707381798942,
                42.505614549001734
              ]
            ]
          ]
        ]
      }
    }
  ]
}