{
  "type": "FeatureCollection",
  "name": "us_med_pnmgl_Plan_balisage_plages_pol_4326",
  "crs": {
    "type": "name",
    "properties": {
      "name": "urn:ogc:def:crs:OGC:1.3:CRS84"
    }
  },
  "features": [
    {
      "type": "Feature",
      "properties": {
        "info": false,
        "cara": false,
        "regl": false,
        "tech": false,
        "projet": "Pratique de nettoyage des plages",
        "ID": null
      },
      "geometry": {
        "type": "MultiPolygon",
        "coordinates": [
          [
            [
              [
                3.165889859220689,
                42.44110215490133
              ],
              [
                3.166512219532611,
                42.44110796343408
              ],
              [
                3.166946494736826,
                42.44041584806285
              ],
              [
                3.166940348278648,
                42.44040004052611
              ],
              [
                3.166787847767685,
                42.44041157719735
              ],
              [
                3.166692981213355,
                42.440307784231116
              ],
              [
                3.166525337012994,
                42.44035775730854
              ],
              [
                3.166336787782298,
                42.44056593437407
              ],
              [
                3.166300346870657,
                42.44062474069481
              ],
              [
                3.166190933806064,
                42.440769525408186
              ],
              [
                3.166105720293662,
                42.44084196526795
              ],
              [
                3.16599328130802,
                42.44099579290728
              ],
              [
                3.165889859220689,
                42.44110215490133
              ]
            ]
          ]
        ]
      }
    },
    {
      "type": "Feature",
      "properties": {
        "info": false,
        "cara": false,
        "regl": false,
        "tech": false,
        "projet": "Pratique de nettoyage des plages",
        "ID": null
      },
      "geometry": {
        "type": "MultiPolygon",
        "coordinates": [
          [
            [
              [
                3.166280342081357,
                42.442172595715554
              ],
              [
                3.166573046473668,
                42.44211338921738
              ],
              [
                3.166512830685037,
                42.44132262413783
              ],
              [
                3.165881303163728,
                42.441312310675094
              ],
              [
                3.165930883686372,
                42.44158338514538
              ],
              [
                3.165973991285628,
                42.44172341307959
              ],
              [
                3.1660538040961,
                42.44189727781994
              ],
              [
                3.166121170523871,
                42.441985297193334
              ],
              [
                3.166234394621163,
                42.44210713901331
              ],
              [
                3.166280342081357,
                42.442172595715554
              ]
            ]
          ]
        ]
      }
    },
    {
      "type": "Feature",
      "properties": {
        "info": false,
        "cara": false,
        "regl": false,
        "tech": false,
        "projet": "Pratique de nettoyage des plages",
        "ID": null
      },
      "geometry": {
        "type": "MultiPolygon",
        "coordinates": [
          [
            [
              [
                3.165881303564273,
                42.44131245189924
              ],
              [
                3.166512640820271,
                42.44132290688394
              ],
              [
                3.166511648332095,
                42.44110824677575
              ],
              [
                3.165889667751339,
                42.44110187274975
              ],
              [
                3.165881303564273,
                42.44131245189924
              ]
            ]
          ]
        ]
      }
    },
    {
      "type": "Feature",
      "properties": {
        "info": false,
        "cara": false,
        "regl": false,
        "tech": false,
        "projet": "Pratique de nettoyage des plages",
        "ID": null
      },
      "geometry": {
        "type": "MultiPolygon",
        "coordinates": [
          [
            [
              [
                3.156999765063792,
                42.46029482930002
              ],
              [
                3.157482005653569,
                42.46032123391876
              ],
              [
                3.157491433686499,
                42.46013931900449
              ],
              [
                3.157005399708513,
                42.46012026384829
              ],
              [
                3.156999765063792,
                42.46029482930002
              ]
            ]
          ]
        ]
      }
    },
    {
      "type": "Feature",
      "properties": {
        "info": false,
        "cara": false,
        "regl": false,
        "tech": false,
        "projet": "Pratique de nettoyage des plages",
        "ID": null
      },
      "geometry": {
        "type": "MultiPolygon",
        "coordinates": [
          [
            [
              [
                3.157142193390682,
                42.460773663262756
              ],
              [
                3.157596923804524,
                42.460782030788046
              ],
              [
                3.157482768577287,
                42.4603212327921
              ],
              [
                3.157000527987,
                42.46029482817683
              ],
              [
                3.157037621698009,
                42.46047102547698
              ],
              [
                3.157071536441335,
                42.46059977502751
              ],
              [
                3.157099214328311,
                42.46067882167681
              ],
              [
                3.15713296536111,
                42.46074656117287
              ],
              [
                3.15713296536111,
                42.46074656117287
              ],
              [
                3.157142193390682,
                42.460773663262756
              ]
            ]
          ]
        ]
      }
    },
    {
      "type": "Feature",
      "properties": {
        "info": false,
        "cara": false,
        "regl": false,
        "tech": false,
        "projet": "Pratique de nettoyage des plages",
        "ID": null
      },
      "geometry": {
        "type": "MultiPolygon",
        "coordinates": [
          [
            [
              [
                3.157491052606494,
                42.46013946079463
              ],
              [
                3.157596705959184,
                42.459356763637125
              ],
              [
                3.157480846935369,
                42.45939534863691
              ],
              [
                3.157444281940612,
                42.45941573936816
              ],
              [
                3.157416835364051,
                42.459422558800576
              ],
              [
                3.157343687027819,
                42.45945656132147
              ],
              [
                3.157267523422509,
                42.45950412606778
              ],
              [
                3.157173183399368,
                42.459601429591764
              ],
              [
                3.157091280413779,
                42.459784580984056
              ],
              [
                3.157048878761458,
                42.459904404290214
              ],
              [
                3.157021686784155,
                42.46000612808661
              ],
              [
                3.157005399708388,
                42.46012026384829
              ],
              [
                3.157491052606494,
                42.46013946079463
              ]
            ]
          ]
        ]
      }
    },
    {
      "type": "Feature",
      "properties": {
        "info": false,
        "cara": false,
        "regl": false,
        "tech": false,
        "projet": "Pratique de nettoyage des plages",
        "ID": null
      },
      "geometry": {
        "type": "MultiPolygon",
        "coordinates": [
          [
            [
              [
                3.143029896481965,
                42.48005093096937
              ],
              [
                3.143988207474038,
                42.47995021565507
              ],
              [
                3.143957513304022,
                42.47988246656222
              ],
              [
                3.143966571270767,
                42.479841780028835
              ],
              [
                3.144024511606357,
                42.47981684529594
              ],
              [
                3.144076335327747,
                42.47978739942618
              ],
              [
                3.144067076937161,
                42.479746737624886
              ],
              [
                3.144042555020152,
                42.479706096436004
              ],
              [
                3.14400284198196,
                42.479694851635884
              ],
              [
                3.143935660163387,
                42.479685903571784
              ],
              [
                3.143914246705567,
                42.47966785499549
              ],
              [
                3.143938590446702,
                42.47963618658339
              ],
              [
                3.143966025824321,
                42.479620331777284
              ],
              [
                3.14401484124024,
                42.47960896746896
              ],
              [
                3.144014774428531,
                42.47958185136029
              ],
              [
                3.143987233317239,
                42.47955477234037
              ],
              [
                3.144017710207083,
                42.47953439405054
              ],
              [
                3.144057322892048,
                42.4795049646832
              ],
              [
                3.144075544386483,
                42.4794665254636
              ],
              [
                3.144081543943182,
                42.47942358338522
              ],
              [
                3.144050927907759,
                42.47938746980822
              ],
              [
                3.144014262207478,
                42.47937396121837
              ],
              [
                3.143986765726658,
                42.47936495960547
              ],
              [
                3.143971424353201,
                42.47933334475448
              ],
              [
                3.143971379825691,
                42.479315267353634
              ],
              [
                3.14392859768702,
                42.47929724762515
              ],
              [
                3.143904064928217,
                42.47925208707297
              ],
              [
                3.14384601944043,
                42.47923408790201
              ],
              [
                3.143760483174462,
                42.47920934670485
              ],
              [
                3.143668824956918,
                42.479177834638264
              ],
              [
                3.143610785167291,
                42.47916209501542
              ],
              [
                3.143540562440596,
                42.479157670166465
              ],
              [
                3.14343983511572,
                42.47916232502304
              ],
              [
                3.143342171537752,
                42.47917149503207
              ],
              [
                3.143217061488648,
                42.47919200021561
              ],
              [
                3.143122511371898,
                42.47922602234914
              ],
              [
                3.143076776442482,
                42.47924868052515
              ],
              [
                3.14311041129335,
                42.47927123223104
              ],
              [
                3.143079928692929,
                42.47928935058116
              ],
              [
                3.143046354675275,
                42.47929165529083
              ],
              [
                3.143018891556902,
                42.479296211479614
              ],
              [
                3.143012791712724,
                42.47929847934011
              ],
              [
                3.143006796912324,
                42.47934368102817
              ],
              [
                3.142985450200564,
                42.479352748373955
              ],
              [
                3.142994685666022,
                42.47938437155167
              ],
              [
                3.143074138610195,
                42.479418160256685
              ],
              [
                3.143071268431725,
                42.47949273364183
              ],
              [
                3.143019405774382,
                42.479506361277664
              ],
              [
                3.142973626356821,
                42.479510942020475
              ],
              [
                3.142912566874946,
                42.47950876415717
              ],
              [
                3.142845341261211,
                42.4794817380023
              ],
              [
                3.142753732779783,
                42.47947056222004
              ],
              [
                3.142714091875045,
                42.47948869272447
              ],
              [
                3.142705022057176,
                42.4795248597857
              ],
              [
                3.142769161842248,
                42.47953833206038
              ],
              [
                3.14282722386574,
                42.479563110849945
              ],
              [
                3.142857844758542,
                42.47960148445333
              ],
              [
                3.142851822195264,
                42.47963538777409
              ],
              [
                3.142857977310076,
                42.47965571668098
              ],
              [
                3.14290988435021,
                42.47966016652109
              ],
              [
                3.14291299783133,
                42.479685018866896
              ],
              [
                3.142943585684752,
                42.47970983439515
              ],
              [
                3.142940560610801,
                42.479721136871945
              ],
              [
                3.142955929162062,
                42.47976405026431
              ],
              [
                3.142956050750051,
                42.479813763141166
              ],
              [
                3.142946975505073,
                42.479847670558506
              ],
              [
                3.142983668894863,
                42.479872477903605
              ],
              [
                3.142995946100716,
                42.47989957765308
              ],
              [
                3.142986854281758,
                42.479926706047124
              ],
              [
                3.143029691886733,
                42.47996732293075
              ],
              [
                3.143051160485368,
                42.48000796845697
              ],
              [
                3.143029896481965,
                42.48005093096937
              ]
            ]
          ]
        ]
      }
    },
    {
      "type": "Feature",
      "properties": {
        "info": false,
        "cara": false,
        "regl": false,
        "tech": false,
        "projet": "Pratique de nettoyage des plages",
        "ID": null
      },
      "geometry": {
        "type": "MultiPolygon",
        "coordinates": [
          [
            [
              [
                3.16057842623568,
                42.46167070653512
              ],
              [
                3.16050572653891,
                42.461312662608584
              ],
              [
                3.157595974696147,
                42.46078372692325
              ],
              [
                3.157141241246555,
                42.46077422957872
              ],
              [
                3.157155065084868,
                42.46080810382145
              ],
              [
                3.157191782929054,
                42.46084420396088
              ],
              [
                3.157222494591586,
                42.46091646720273
              ],
              [
                3.157283687154109,
                42.460975127641866
              ],
              [
                3.157357050278133,
                42.461020212243085
              ],
              [
                3.157436468305726,
                42.461047210725035
              ],
              [
                3.157472955205479,
                42.46099744474084
              ],
              [
                3.157558488897206,
                42.461028953383426
              ],
              [
                3.157683683026129,
                42.46105588403993
              ],
              [
                3.157805691360786,
                42.46103310715036
              ],
              [
                3.157872939288663,
                42.461073681165686
              ],
              [
                3.158001087690847,
                42.461064452811584
              ],
              [
                3.158049988726725,
                42.46109149604799
              ],
              [
                3.158117114673101,
                42.46108687725898
              ],
              [
                3.15817799042184,
                42.46102803630079
              ],
              [
                3.158226891509084,
                42.46105507945507
              ],
              [
                3.158239196291029,
                42.461091215463455
              ],
              [
                3.158318724959013,
                42.46115888667882
              ],
              [
                3.158385826476341,
                42.4611452291895
              ],
              [
                3.158526108382622,
                42.461108866481496
              ],
              [
                3.158538388852051,
                42.461135963926566
              ],
              [
                3.158587437294417,
                42.46121723810559
              ],
              [
                3.158685105286134,
                42.46122161210322
              ],
              [
                3.158782785565756,
                42.461230505277165
              ],
              [
                3.158849960727774,
                42.46124396308929
              ],
              [
                3.158886753580224,
                42.461307178257314
              ],
              [
                3.158929637726385,
                42.46136586505444
              ],
              [
                3.159027244530886,
                42.461347642407766
              ],
              [
                3.15905179375183,
                42.461397317928494
              ],
              [
                3.159155614789752,
                42.461419759458984
              ],
              [
                3.15923492341599,
                42.46140608321311
              ],
              [
                3.159350816059762,
                42.46137879439461
              ],
              [
                3.159369212789231,
                42.46141040189762
              ],
              [
                3.159363294059334,
                42.4614782000186
              ],
              [
                3.159381777064391,
                42.46154144239191
              ],
              [
                3.159528199807588,
                42.46151862702989
              ],
              [
                3.159638137099785,
                42.46154557822998
              ],
              [
                3.159650541580729,
                42.46161786823227
              ],
              [
                3.160065568872906,
                42.461612726820235
              ],
              [
                3.16018175869467,
                42.46169389951249
              ],
              [
                3.160371067367424,
                42.46172976928772
              ],
              [
                3.16057842623568,
                42.46167070653512
              ]
            ]
          ]
        ]
      }
    },
    {
      "type": "Feature",
      "properties": {
        "info": false,
        "cara": false,
        "regl": false,
        "tech": false,
        "projet": "Pratique de nettoyage des plages",
        "ID": null
      },
      "geometry": {
        "type": "MultiPolygon",
        "coordinates": [
          [
            [
              [
                3.128589982969579,
                42.48709850579536
              ],
              [
                3.128360041447388,
                42.48727970198987
              ],
              [
                3.131896838451766,
                42.48806864997116
              ],
              [
                3.132074968293193,
                42.48784575953297
              ],
              [
                3.128589982969579,
                42.48709850579536
              ]
            ]
          ]
        ]
      }
    },
    {
      "type": "Feature",
      "properties": {
        "info": false,
        "cara": false,
        "regl": false,
        "tech": false,
        "projet": "Pratique de nettoyage des plages",
        "ID": null
      },
      "geometry": {
        "type": "MultiPolygon",
        "coordinates": [
          [
            [
              [
                3.129260665896769,
                42.48853113360046
              ],
              [
                3.129225424644292,
                42.48747523307995
              ],
              [
                3.128359457715922,
                42.487281442285855
              ],
              [
                3.128183177444096,
                42.487281654229726
              ],
              [
                3.128129034254609,
                42.48724344787982
              ],
              [
                3.128027966964146,
                42.48724356921166
              ],
              [
                3.127983217894589,
                42.4872018722988
              ],
              [
                3.127938465080666,
                42.48715843576513
              ],
              [
                3.127867956926012,
                42.487160259903185
              ],
              [
                3.127809250218067,
                42.487184684766554
              ],
              [
                3.127691931677197,
                42.48727702449785
              ],
              [
                3.127621685489066,
                42.48739888115865
              ],
              [
                3.127546833096166,
                42.48756423352064
              ],
              [
                3.127509704686996,
                42.487783468669164
              ],
              [
                3.127538338761053,
                42.48798001033115
              ],
              [
                3.127576165923561,
                42.488080862478576
              ],
              [
                3.127642190895974,
                42.48817820167058
              ],
              [
                3.127722273127767,
                42.48825464868017
              ],
              [
                3.127835231369248,
                42.48831713936536
              ],
              [
                3.127858773881446,
                42.488334507258216
              ],
              [
                3.127924593984913,
                42.48833790757835
              ],
              [
                3.1280045624968,
                42.48836216620934
              ],
              [
                3.128070382639899,
                42.48836556643963
              ],
              [
                3.128155059776056,
                42.48839329852734
              ],
              [
                3.128291385779537,
                42.488393134685346
              ],
              [
                3.128385464858268,
                42.488420855285085
              ],
              [
                3.128404321964185,
                42.48844518714034
              ],
              [
                3.128484206681831,
                42.488431174081185
              ],
              [
                3.128526461217775,
                42.48840676863778
              ],
              [
                3.12859705889764,
                42.48844495500039
              ],
              [
                3.12869582378439,
                42.48846571123728
              ],
              [
                3.128771053555955,
                42.4884725789063
              ],
              [
                3.128869741830568,
                42.488458542860975
              ],
              [
                3.12894020930091,
                42.4884375823921
              ],
              [
                3.129043636786856,
                42.48844093656503
              ],
              [
                3.129118912688739,
                42.488468679261196
              ],
              [
                3.12922236331913,
                42.48848247089748
              ],
              [
                3.129260665896769,
                42.48853113360046
              ]
            ]
          ]
        ]
      }
    },
    {
      "type": "Feature",
      "properties": {
        "info": false,
        "cara": false,
        "regl": false,
        "tech": false,
        "projet": "Pratique de nettoyage des plages",
        "ID": null
      },
      "geometry": {
        "type": "MultiPolygon",
        "coordinates": [
          [
            [
              [
                3.129678059084941,
                42.4891384721239
              ],
              [
                3.129260483968216,
                42.48853106655164
              ],
              [
                3.129208673085749,
                42.488609140639035
              ],
              [
                3.129174199116103,
                42.48861911109884
              ],
              [
                3.129160818518107,
                42.48863472956503
              ],
              [
                3.129166592919133,
                42.488646069677294
              ],
              [
                3.129178119781557,
                42.488658821212475
              ],
              [
                3.129187733342652,
                42.488672993451246
              ],
              [
                3.129183922406323,
                42.488682926781316
              ],
              [
                3.129174384086968,
                42.48870279576164
              ],
              [
                3.129159065083408,
                42.48870848785991
              ],
              [
                3.129130318438425,
                42.48870852265688
              ],
              [
                3.129105417213133,
                42.48871422634475
              ],
              [
                3.129088191155523,
                42.48872417590456
              ],
              [
                3.129076701892633,
                42.48872844496929
              ],
              [
                3.129055617880191,
                42.48872705208732
              ],
              [
                3.12904027693575,
                42.48872281547919
              ],
              [
                3.129005762167148,
                42.48871434689098
              ],
              [
                3.128980839014367,
                42.48871012186043
              ],
              [
                3.128952092368474,
                42.48871015660938
              ],
              [
                3.128929110697491,
                42.48871727632394
              ],
              [
                3.128900379690322,
                42.48872440297999
              ],
              [
                3.128871648676144,
                42.48873152962835
              ],
              [
                3.128850577176461,
                42.48873581024277
              ],
              [
                3.128839091020895,
                42.488741497666204
              ],
              [
                3.12881994533898,
                42.48875003111302
              ],
              [
                3.128810366243383,
                42.48875146106668
              ],
              [
                3.128787387664607,
                42.48875999913529
              ],
              [
                3.128768251344832,
                42.48877278772587
              ],
              [
                3.128749152514136,
                42.48880259692499
              ],
              [
                3.128733892806954,
                42.48883523826557
              ],
              [
                3.128726311372644,
                42.48887354389391
              ],
              [
                3.128720746349445,
                42.488957235515635
              ],
              [
                3.128728558996101,
                42.4890238903428
              ],
              [
                3.128740198322491,
                42.4890877037794
              ],
              [
                3.128763402047769,
                42.48918128942361
              ],
              [
                3.128817334888566,
                42.48930462413883
              ],
              [
                3.128876957926256,
                42.489401002578475
              ],
              [
                3.128982667197913,
                42.489538458573804
              ],
              [
                3.129042822503354,
                42.489604429580474
              ],
              [
                3.129678059084941,
                42.4891384721239
              ]
            ]
          ]
        ]
      }
    },
    {
      "type": "Feature",
      "properties": {
        "info": false,
        "cara": false,
        "regl": false,
        "tech": false,
        "projet": "Pratique de nettoyage des plages",
        "ID": null
      },
      "geometry": {
        "type": "MultiPolygon",
        "coordinates": [
          [
            [
              [
                3.129042942185072,
                42.48960438511106
              ],
              [
                3.129167751148886,
                42.48971203167122
              ],
              [
                3.129901190753501,
                42.489454412744806
              ],
              [
                3.129678178666806,
                42.48913838332929
              ],
              [
                3.129042942185072,
                42.48960438511106
              ]
            ]
          ]
        ]
      }
    },
    {
      "type": "Feature",
      "properties": {
        "info": false,
        "cara": false,
        "regl": false,
        "tech": false,
        "projet": "Pratique de nettoyage des plages",
        "ID": null
      },
      "geometry": {
        "type": "MultiPolygon",
        "coordinates": [
          [
            [
              [
                3.130207113976434,
                42.48988731346281
              ],
              [
                3.129901071072827,
                42.48945445721519
              ],
              [
                3.129167751197812,
                42.48971205383351
              ],
              [
                3.129236128401935,
                42.489758434365186
              ],
              [
                3.129299445904516,
                42.48979168980287
              ],
              [
                3.12939537503765,
                42.48983908955377
              ],
              [
                3.129468262554803,
                42.48986665972868
              ],
              [
                3.129519085450971,
                42.489882909525015
              ],
              [
                3.129594841513989,
                42.48990763935307
              ],
              [
                3.129685855537801,
                42.48989901842435
              ],
              [
                3.129739498140955,
                42.48989044286912
              ],
              [
                3.129787375533785,
                42.489874782351954
              ],
              [
                3.129827596431197,
                42.48986338629952
              ],
              [
                3.129850550079236,
                42.48984350091105
              ],
              [
                3.129892690575215,
                42.489833520887736
              ],
              [
                3.129940630955582,
                42.48984622801806
              ],
              [
                3.129954099937041,
                42.4898703242372
              ],
              [
                3.129963704422641,
                42.489880241265865
              ],
              [
                3.13000395053183,
                42.489880192233514
              ],
              [
                3.130049923990188,
                42.48987020747719
              ],
              [
                3.130092108675534,
                42.48988008477629
              ],
              [
                3.130128531296727,
                42.48988429552799
              ],
              [
                3.130159185523788,
                42.48988000296655
              ],
              [
                3.130191768867018,
                42.48988138160099
              ],
              [
                3.130207113976434,
                42.48988731346281
              ]
            ]
          ]
        ]
      }
    },
    {
      "type": "Feature",
      "properties": {
        "info": false,
        "cara": false,
        "regl": false,
        "tech": false,
        "projet": "Pratique de nettoyage des plages",
        "ID": null
      },
      "geometry": {
        "type": "MultiPolygon",
        "coordinates": [
          [
            [
              [
                3.130702856206746,
                42.48356812817261
              ],
              [
                3.132513114799567,
                42.48244697046647
              ],
              [
                3.131624458409279,
                42.4812775539689
              ],
              [
                3.131437512656098,
                42.481332569299276
              ],
              [
                3.131380060100667,
                42.48134753303529
              ],
              [
                3.131313023318975,
                42.481361090161045
              ],
              [
                3.131163635954059,
                42.48139531500449
              ],
              [
                3.130960645543921,
                42.48145229950029
              ],
              [
                3.13087830272165,
                42.48147651297574
              ],
              [
                3.130801717973578,
                42.48150497446119
              ],
              [
                3.130740478675935,
                42.48154050897541
              ],
              [
                3.130713708862586,
                42.481566072580456
              ],
              [
                3.13063718415121,
                42.48162148305595
              ],
              [
                3.130475955553329,
                42.48171671169692
              ],
              [
                3.130366892719636,
                42.48178918231559
              ],
              [
                3.130292283605246,
                42.481844590214415
              ],
              [
                3.130238743284524,
                42.481895717209234
              ],
              [
                3.129906317267042,
                42.48234433016617
              ],
              [
                3.129705775247548,
                42.482643142985864
              ],
              [
                3.129648520749643,
                42.48274817265823
              ],
              [
                3.129627571003732,
                42.48280635167641
              ],
              [
                3.129612486350827,
                42.48291700361585
              ],
              [
                3.129616472987572,
                42.48298649938024
              ],
              [
                3.129624254400449,
                42.483038969979745
              ],
              [
                3.129632023243664,
                42.48308576707693
              ],
              [
                3.12966085208126,
                42.48312402830112
              ],
              [
                3.129701140752234,
                42.483145255026244
              ],
              [
                3.129749078753723,
                42.483159380533195
              ],
              [
                3.129773999595066,
                42.48316360536064
              ],
              [
                3.129816166791674,
                42.48316780919706
              ],
              [
                3.129864089081734,
                42.483174842771355
              ],
              [
                3.129927357242749,
                42.483188949535844
              ],
              [
                3.129967655517447,
                42.48321443129061
              ],
              [
                3.129971547972029,
                42.483241375771485
              ],
              [
                3.130002252359852,
                42.48326119568181
              ],
              [
                3.130025713976237,
                42.48325549356772
              ],
              [
                3.130044867150037,
                42.48325121508081
              ],
              [
                3.130069825930426,
                42.483272460356
              ],
              [
                3.130090923784629,
                42.48328094491179
              ],
              [
                3.13013693625164,
                42.4832908174539
              ],
              [
                3.130190620115696,
                42.483303517375106
              ],
              [
                3.130238571007855,
                42.48332331617011
              ],
              [
                3.130311455540677,
                42.48335301315258
              ],
              [
                3.130393934146817,
                42.48338837188158
              ],
              [
                3.130491749343607,
                42.48342654855051
              ],
              [
                3.130562717863084,
                42.48345624770838
              ],
              [
                3.130558948690104,
                42.483484619931815
              ],
              [
                3.130702856206746,
                42.48356812817261
              ]
            ]
          ]
        ]
      }
    },
    {
      "type": "Feature",
      "properties": {
        "info": false,
        "cara": false,
        "regl": false,
        "tech": false,
        "projet": "Pratique de nettoyage des plages",
        "ID": null
      },
      "geometry": {
        "type": "MultiPolygon",
        "coordinates": [
          [
            [
              [
                3.132977987109334,
                42.48215909824418
              ],
              [
                3.131875045993236,
                42.481217362364205
              ],
              [
                3.131624517691603,
                42.48127728795
              ],
              [
                3.132513174681996,
                42.48244697039212
              ],
              [
                3.132977987109334,
                42.48215909824418
              ]
            ]
          ]
        ]
      }
    },
    {
      "type": "Feature",
      "properties": {
        "info": false,
        "cara": false,
        "regl": false,
        "tech": false,
        "projet": "Pratique de nettoyage des plages",
        "ID": null
      },
      "geometry": {
        "type": "MultiPolygon",
        "coordinates": [
          [
            [
              [
                3.133358809212659,
                42.48192317201608
              ],
              [
                3.133252752099931,
                42.48184174779179
              ],
              [
                3.133252752099931,
                42.48184174779179
              ],
              [
                3.133237464391865,
                42.48186020580453
              ],
              [
                3.13319914972335,
                42.48186450878641
              ],
              [
                3.133160857669545,
                42.48187874037454
              ],
              [
                3.133153218644312,
                42.48189009693638
              ],
              [
                3.13313793412309,
                42.48190997331008
              ],
              [
                3.133105397146033,
                42.481927034453
              ],
              [
                3.133067082423986,
                42.48193133738775
              ],
              [
                3.133042139269842,
                42.48191718471432
              ],
              [
                3.133043984459805,
                42.481885978089295
              ],
              [
                3.133072127592329,
                42.48183275380064
              ],
              [
                3.133079769855331,
                42.48182281561953
              ],
              [
                3.133095060833297,
                42.48180577600425
              ],
              [
                3.133093112318476,
                42.48179159465319
              ],
              [
                3.133075843768212,
                42.48178168754902
              ],
              [
                3.133022212324821,
                42.48179168308573
              ],
              [
                3.132968587316705,
                42.481804515344
              ],
              [
                3.13289962287448,
                42.481813111551745
              ],
              [
                3.132830655188505,
                42.48182028934081
              ],
              [
                3.132761668154856,
                42.48181895683996
              ],
              [
                3.132690735926833,
                42.48180486131013
              ],
              [
                3.132635110930277,
                42.481780818055356
              ],
              [
                3.13258526358179,
                42.48176953299488
              ],
              [
                3.132558401181638,
                42.4817539642181
              ],
              [
                3.13254106518807,
                42.481714271171725
              ],
              [
                3.13255624692359,
                42.481649006919014
              ],
              [
                3.132594542191824,
                42.481636193925155
              ],
              [
                3.132657783592177,
                42.48163895205659
              ],
              [
                3.13271538908803,
                42.48169136039253
              ],
              [
                3.132736483534356,
                42.481698426037525
              ],
              [
                3.132872366984727,
                42.48162450121805
              ],
              [
                3.132852953407506,
                42.48151389192282
              ],
              [
                3.132787612249515,
                42.48143028899068
              ],
              [
                3.132555384828278,
                42.48126888276497
              ],
              [
                3.132415428399016,
                42.481236433900946
              ],
              [
                3.132298524276152,
                42.48122948706036
              ],
              [
                3.132060877309896,
                42.48121276099263
              ],
              [
                3.131875015790512,
                42.4812172460506
              ],
              [
                3.132978017050398,
                42.48215909820682
              ],
              [
                3.133358809212659,
                42.48192317201608
              ]
            ]
          ]
        ]
      }
    },
    {
      "type": "Feature",
      "properties": {
        "info": false,
        "cara": false,
        "regl": false,
        "tech": false,
        "projet": "Pratique de nettoyage des plages",
        "ID": null
      },
      "geometry": {
        "type": "MultiPolygon",
        "coordinates": [
          [
            [
              [
                3.124803683790213,
                42.50616152973498
              ],
              [
                3.12530955959918,
                42.505351724916686
              ],
              [
                3.122866902121602,
                42.504968129499304
              ],
              [
                3.122895809310686,
                42.50491485217185
              ],
              [
                3.122919540621585,
                42.50484422835894
              ],
              [
                3.122871774405581,
                42.50491945914236
              ],
              [
                3.122835572555204,
                42.50502446323156
              ],
              [
                3.12282035003318,
                42.505078380374115
              ],
              [
                3.122795678214556,
                42.50519684610328
              ],
              [
                3.122782497790889,
                42.505310334179974
              ],
              [
                3.122786519564202,
                42.50539968947954
              ],
              [
                3.122798194418489,
                42.50548194392244
              ],
              [
                3.122827161035836,
                42.505582617824444
              ],
              [
                3.122854160049153,
                42.505659180990214
              ],
              [
                3.122875366364604,
                42.505715893056
              ],
              [
                3.122917683626965,
                42.50578392810472
              ],
              [
                3.122948463135905,
                42.50583495548756
              ],
              [
                3.123002285599323,
                42.505904395667905
              ],
              [
                3.123056547111758,
                42.505954686752325
              ],
              [
                3.123104514176745,
                42.50597448920517
              ],
              [
                3.123163980345585,
                42.50599285995401
              ],
              [
                3.123217698510854,
                42.50601265571939
              ],
              [
                3.123236871611159,
                42.50601405199299
              ],
              [
                3.123280971840408,
                42.506018256295505
              ],
              [
                3.12330589298371,
                42.50601822750399
              ],
              [
                3.123330811132822,
                42.506016780297635
              ],
              [
                3.123361480313474,
                42.50601532643774
              ],
              [
                3.123413236612228,
                42.50601384818543
              ],
              [
                3.123476971228296,
                42.50601093763698
              ],
              [
                3.123482722260627,
                42.50601093098274
              ],
              [
                3.123509554414468,
                42.50600806310747
              ],
              [
                3.123532543547316,
                42.50600094443657
              ],
              [
                3.123561283705197,
                42.5059938191023
              ],
              [
                3.123588139850618,
                42.50600229847933
              ],
              [
                3.123615020012354,
                42.506022125121845
              ],
              [
                3.12361885703579,
                42.506023539089824
              ],
              [
                3.12363228812002,
                42.50602919718109
              ],
              [
                3.123657209267815,
                42.50602916830755
              ],
              [
                3.123687878446848,
                42.506027714353834
              ],
              [
                3.123701279507116,
                42.50601918834609
              ],
              [
                3.123701249475525,
                42.506005004255925
              ],
              [
                3.123693551403515,
                42.5059908290539
              ],
              [
                3.123687767342055,
                42.505975233220795
              ],
              [
                3.123691568329108,
                42.50595962627859
              ],
              [
                3.123712637408437,
                42.5059510913822
              ],
              [
                3.123731798484778,
                42.5059468139311
              ],
              [
                3.123773966665484,
                42.50594392820759
              ],
              [
                3.123802721793968,
                42.505943894853274
              ],
              [
                3.123839156982679,
                42.50594952622902
              ],
              [
                3.123866016155222,
                42.50595942394465
              ],
              [
                3.123890961335234,
                42.50597074228809
              ],
              [
                3.123910155495473,
                42.50598206730341
              ],
              [
                3.123914016590003,
                42.50599482853249
              ],
              [
                3.123904470644034,
                42.50601327897845
              ],
              [
                3.123891069614773,
                42.50602180501167
              ],
              [
                3.123875754577601,
                42.50603175167752
              ],
              [
                3.123871935591231,
                42.50603884817305
              ],
              [
                3.12387388267642,
                42.5060530300385
              ],
              [
                3.123885390764535,
                42.50605585350508
              ],
              [
                3.123912225927525,
                42.50605440393753
              ],
              [
                3.123939055071316,
                42.50605011754507
              ],
              [
                3.123960133175459,
                42.506045837826214
              ],
              [
                3.12397355526855,
                42.50604724064748
              ],
              [
                3.123996583494571,
                42.506058561194145
              ],
              [
                3.124029211848582,
                42.50607696264214
              ],
              [
                3.124042630939031,
                42.506076947045635
              ],
              [
                3.124065626058048,
                42.506072665077596
              ],
              [
                3.124100132288055,
                42.50607262495719
              ],
              [
                3.124123151508392,
                42.50607969024952
              ],
              [
                3.124155770871472,
                42.5060938364318
              ],
              [
                3.124174944020836,
                42.50609523253699
              ],
              [
                3.124196031169502,
                42.50609520799867
              ],
              [
                3.124238196418183,
                42.506090903682214
              ],
              [
                3.124251612495256,
                42.50608946965033
              ],
              [
                3.124276569874014,
                42.506106461541634
              ],
              [
                3.124284268102714,
                42.50612063670324
              ],
              [
                3.12430539147448,
                42.50613763305329
              ],
              [
                3.124332214590676,
                42.50613050974331
              ],
              [
                3.124364809878549,
                42.50613330858903
              ],
              [
                3.124382093208307,
                42.50614747257363
              ],
              [
                3.124447295895994,
                42.50615874386153
              ],
              [
                3.124803683790213,
                42.50616152973498
              ]
            ]
          ]
        ]
      }
    },
    {
      "type": "Feature",
      "properties": {
        "info": false,
        "cara": false,
        "regl": false,
        "tech": false,
        "projet": "Pratique de nettoyage des plages",
        "ID": null
      },
      "geometry": {
        "type": "MultiPolygon",
        "coordinates": [
          [
            [
              [
                3.122881355716144,
                42.50497878495935
              ],
              [
                3.12530955959918,
                42.505351724916686
              ],
              [
                3.125425188355515,
                42.50517058292956
              ],
              [
                3.122996984472479,
                42.50480829738072
              ],
              [
                3.122881355716144,
                42.50497878495935
              ]
            ]
          ]
        ]
      }
    },
    {
      "type": "Feature",
      "properties": {
        "info": false,
        "cara": false,
        "regl": false,
        "tech": false,
        "projet": "Pratique de nettoyage des plages",
        "ID": null
      },
      "geometry": {
        "type": "MultiPolygon",
        "coordinates": [
          [
            [
              [
                3.126827187026077,
                42.50295421494236
              ],
              [
                3.127434237996836,
                42.50197387327
              ],
              [
                3.126734862967158,
                42.50181084786474
              ],
              [
                3.126713746605024,
                42.50179668887518
              ],
              [
                3.12667918447254,
                42.501769780185136
              ],
              [
                3.126644631595067,
                42.50174712669317
              ],
              [
                3.126638862537253,
                42.501738623100614
              ],
              [
                3.126625413704581,
                42.50172445499504
              ],
              [
                3.126610035714671,
                42.50170461555108
              ],
              [
                3.126560151025824,
                42.50168339862931
              ],
              [
                3.126537127099209,
                42.50167349708826
              ],
              [
                3.126508358718461,
                42.50166643916542
              ],
              [
                3.126466163059234,
                42.501655141929476
              ],
              [
                3.126423924449916,
                42.50162398703904
              ],
              [
                3.126412380287033,
                42.50160414302662
              ],
              [
                3.126404669862859,
                42.501584294472174
              ],
              [
                3.126387375120006,
                42.50156445726949
              ],
              [
                3.126345133551145,
                42.50153188394815
              ],
              [
                3.126308688610692,
                42.5015205798427
              ],
              [
                3.126264560906661,
                42.501502192784926
              ],
              [
                3.126249173903438,
                42.501478098085876
              ],
              [
                3.126233786912906,
                42.50145400338519
              ],
              [
                3.126199243585549,
                42.5014356049635
              ],
              [
                3.126168537062684,
                42.50141862040073
              ],
              [
                3.126122507928851,
                42.50140732756438
              ],
              [
                3.126020908249296,
                42.50140461078484
              ],
              [
                3.125880992780637,
                42.50141186795629
              ],
              [
                3.125760282512507,
                42.501436123184966
              ],
              [
                3.125631926047117,
                42.50147031612234
              ],
              [
                3.125499781404609,
                42.50152578945376
              ],
              [
                3.125405955552761,
                42.50157270716219
              ],
              [
                3.125247991200117,
                42.5016676987374
              ],
              [
                3.126827187026077,
                42.50295421494236
              ]
            ]
          ]
        ]
      }
    },
    {
      "type": "Feature",
      "properties": {
        "info": false,
        "cara": false,
        "regl": false,
        "tech": false,
        "projet": "Pratique de nettoyage des plages",
        "ID": null
      },
      "geometry": {
        "type": "MultiPolygon",
        "coordinates": [
          [
            [
              [
                3.126682651080658,
                42.50317798643014
              ],
              [
                3.126812733431536,
                42.50296487074566
              ],
              [
                3.125247991200118,
                42.5016676987374
              ],
              [
                3.12501735268701,
                42.501849791169974
              ],
              [
                3.126682651080658,
                42.50317798643014
              ]
            ]
          ]
        ]
      }
    },
    {
      "type": "Feature",
      "properties": {
        "info": false,
        "cara": false,
        "regl": false,
        "tech": false,
        "projet": "Pratique de nettoyage des plages",
        "ID": null
      },
      "geometry": {
        "type": "MultiPolygon",
        "coordinates": [
          [
            [
              [
                3.125454095544598,
                42.50517058292956
              ],
              [
                3.126682651080658,
                42.50315667489438
              ],
              [
                3.125017360174781,
                42.50184979116116
              ],
              [
                3.124904011273152,
                42.50195559519126
              ],
              [
                3.124623724178866,
                42.502206980918075
              ],
              [
                3.124478324899709,
                42.50234048089906
              ],
              [
                3.124386567811483,
                42.50245973411169
              ],
              [
                3.124329332624663,
                42.50258745749007
              ],
              [
                3.124283520158055,
                42.502678288948324
              ],
              [
                3.124230106279741,
                42.502800334218676
              ],
              [
                3.124214957995264,
                42.50288829314861
              ],
              [
                3.12421523541904,
                42.50301878637636
              ],
              [
                3.124219346677772,
                42.503149275158556
              ],
              [
                3.124223482080436,
                42.50329111119866
              ],
              [
                3.124216037542581,
                42.50339608210925
              ],
              [
                3.124288928967439,
                42.50341869177974
              ],
              [
                3.124300508978509,
                42.503455556922205
              ],
              [
                3.124285306320349,
                42.503517984621496
              ],
              [
                3.124270061393905,
                42.503560554645205
              ],
              [
                3.124270157932908,
                42.503605943622645
              ],
              [
                3.124281762106287,
                42.50365415601914
              ],
              [
                3.124327846982804,
                42.50369098097715
              ],
              [
                3.124331771402446,
                42.50373352868223
              ],
              [
                3.124328058260738,
                42.5037902693808
              ],
              [
                3.124335846750289,
                42.50384699668238
              ],
              [
                3.124688055033879,
                42.50416896482006
              ],
              [
                3.124861498168381,
                42.50438207640007
              ],
              [
                3.124948219735633,
                42.5045632206719
              ],
              [
                3.124890405357465,
                42.50465912036803
              ],
              [
                3.124933766141091,
                42.50473370891886
              ],
              [
                3.124789230195673,
                42.504776330907966
              ],
              [
                3.124557972683002,
                42.50475501991704
              ],
              [
                3.12431226157579,
                42.50469108690072
              ],
              [
                3.123806385766824,
                42.50465912036803
              ],
              [
                3.123286056363316,
                42.50460584277723
              ],
              [
                3.123098159634272,
                42.504680431391634
              ],
              [
                3.123025891661562,
                42.504786986400696
              ],
              [
                3.124471251115751,
                42.505032062232324
              ],
              [
                3.125454095544598,
                42.50517058292956
              ]
            ]
          ]
        ]
      }
    },
    {
      "type": "Feature",
      "properties": {
        "info": false,
        "cara": false,
        "regl": false,
        "tech": false,
        "projet": "Pratique de nettoyage des plages",
        "ID": null
      },
      "geometry": {
        "type": "MultiPolygon",
        "coordinates": [
          [
            [
              [
                3.087458840535854,
                42.52794184481196
              ],
              [
                3.087675106252751,
                42.52802161577492
              ],
              [
                3.087699254137994,
                42.52801022189689
              ],
              [
                3.087791407995167,
                42.52793540244174
              ],
              [
                3.08790552481384,
                42.52785731510379
              ],
              [
                3.088059125034888,
                42.52774019837734
              ],
              [
                3.088214906714589,
                42.527613330464
              ],
              [
                3.088260946196927,
                42.5275515476284
              ],
              [
                3.088044220886166,
                42.52732566759661
              ],
              [
                3.08802698943781,
                42.527416521767044
              ],
              [
                3.087976597757712,
                42.52750587996625
              ],
              [
                3.087833891306644,
                42.5276311626754
              ],
              [
                3.087654000022614,
                42.52779544706984
              ],
              [
                3.087458840535854,
                42.52794184481196
              ]
            ]
          ]
        ]
      }
    },
    {
      "type": "Feature",
      "properties": {
        "info": false,
        "cara": false,
        "regl": false,
        "tech": false,
        "projet": "Pratique de nettoyage des plages",
        "ID": null
      },
      "geometry": {
        "type": "MultiPolygon",
        "coordinates": [
          [
            [
              [
                3.086873748825321,
                42.52744501295019
              ],
              [
                3.086924410495674,
                42.52753596401272
              ],
              [
                3.086999263749453,
                42.52764476883812
              ],
              [
                3.087107035427837,
                42.527730798687756
              ],
              [
                3.087199407939198,
                42.527802217248116
              ],
              [
                3.087296152437305,
                42.52785900839065
              ],
              [
                3.087386292103605,
                42.52790605567629
              ],
              [
                3.087458840383782,
                42.527941743258125
              ],
              [
                3.0876541371706,
                42.527795345403256
              ],
              [
                3.0878340284921,
                42.527631086397115
              ],
              [
                3.087976632044367,
                42.52750585454956
              ],
              [
                3.088027023647835,
                42.52741644557347
              ],
              [
                3.088044460815417,
                42.52732543890259
              ],
              [
                3.088028960842882,
                42.52724420857433
              ],
              [
                3.087656737850059,
                42.526966663467086
              ],
              [
                3.086873748825321,
                42.52744501295019
              ]
            ]
          ]
        ]
      }
    },
    {
      "type": "Feature",
      "properties": {
        "info": false,
        "cara": false,
        "regl": false,
        "tech": false,
        "projet": "Pratique de nettoyage des plages",
        "ID": null
      },
      "geometry": {
        "type": "MultiPolygon",
        "coordinates": [
          [
            [
              [
                3.087656703563431,
                42.526966688883356
              ],
              [
                3.086422860626265,
                42.52605602094054
              ],
              [
                3.086407569978025,
                42.52611452828625
              ],
              [
                3.086366004851352,
                42.52623155186791
              ],
              [
                3.086324408337786,
                42.526327452284
              ],
              [
                3.086230147145241,
                42.52646239190473
              ],
              [
                3.086135250059565,
                42.52653883697693
              ],
              [
                3.085944237210407,
                42.52661048480952
              ],
              [
                3.085718020810323,
                42.52664478877083
              ],
              [
                3.085586231684094,
                42.526656268536364
              ],
              [
                3.085570878144622,
                42.52667252945578
              ],
              [
                3.085542489176602,
                42.52678791735658
              ],
              [
                3.085549277023868,
                42.5269227754182
              ],
              [
                3.085584639693358,
                42.527068984625835
              ],
              [
                3.085630974551754,
                42.527207060732636
              ],
              [
                3.085681645999018,
                42.52730613666474
              ],
              [
                3.085738862672641,
                42.52737433494208
              ],
              [
                3.085791671572714,
                42.52743278756133
              ],
              [
                3.085862047772683,
                42.52748635144289
              ],
              [
                3.085941206507365,
                42.527536658486135
              ],
              [
                3.085983516374131,
                42.52755124818065
              ],
              [
                3.086007690715714,
                42.527557728157895
              ],
              [
                3.086031836340973,
                42.527544709801624
              ],
              [
                3.086049403535565,
                42.52753982105559
              ],
              [
                3.08607575312459,
                42.5275316755008
              ],
              [
                3.086284578425241,
                42.52761924950717
              ],
              [
                3.086550205798738,
                42.5274939200657
              ],
              [
                3.086534794528301,
                42.527471184483986
              ],
              [
                3.08653039612506,
                42.52746793832422
              ],
              [
                3.08651937364173,
                42.52744194945863
              ],
              [
                3.0865171479649,
                42.52742245291341
              ],
              [
                3.086532494215865,
                42.5274013172645
              ],
              [
                3.08657421158021,
                42.5273866596807
              ],
              [
                3.086618137763049,
                42.52738012460029
              ],
              [
                3.086657672765728,
                42.527375217928714
              ],
              [
                3.086699421436514,
                42.527381683481046
              ],
              [
                3.086734594221204,
                42.527397903534045
              ],
              [
                3.08674341758623,
                42.527422269300814
              ],
              [
                3.086723701946807,
                42.5274596571546
              ],
              [
                3.08669077415721,
                42.5274759325232
              ],
              [
                3.086673243205247,
                42.527505194282845
              ],
              [
                3.086706231322057,
                42.52752954043374
              ],
              [
                3.087053514709977,
                42.52728796574539
              ],
              [
                3.087087604891007,
                42.52731474816787
              ],
              [
                3.087656703563431,
                42.526966688883356
              ]
            ]
          ]
        ]
      }
    },
    {
      "type": "Feature",
      "properties": {
        "info": false,
        "cara": false,
        "regl": false,
        "tech": false,
        "projet": "Pratique de nettoyage des plages",
        "ID": null
      },
      "geometry": {
        "type": "MultiPolygon",
        "coordinates": [
          [
            [
              [
                3.086680671580372,
                42.52466753380888
              ],
              [
                3.087227953877587,
                42.52472099862718
              ],
              [
                3.087240805682648,
                42.52458580929692
              ],
              [
                3.087251671734697,
                42.524577754058
              ],
              [
                3.087279396812136,
                42.52420438044208
              ],
              [
                3.087290082409447,
                42.52407563002974
              ],
              [
                3.087218232490461,
                42.524038675528814
              ],
              [
                3.087126831134927,
                42.524021048188885
              ],
              [
                3.087022378675858,
                42.52400504068176
              ],
              [
                3.086957108496299,
                42.52400348459899
              ],
              [
                3.086937530557031,
                42.52400510981579
              ],
              [
                3.086933196137881,
                42.52401637824072
              ],
              [
                3.0869157937869,
                42.5240180016818
              ],
              [
                3.086917938247965,
                42.523997079416425
              ],
              [
                3.08689616556372,
                42.52398583224704
              ],
              [
                3.086854396114322,
                42.52396886831825
              ],
              [
                3.086680671580372,
                42.52466753380888
              ]
            ]
          ]
        ]
      }
    },
    {
      "type": "Feature",
      "properties": {
        "info": false,
        "cara": false,
        "regl": false,
        "tech": false,
        "projet": "Pratique de nettoyage des plages",
        "ID": null
      },
      "geometry": {
        "type": "MultiPolygon",
        "coordinates": [
          [
            [
              [
                3.085675589892672,
                42.524913457422294
              ],
              [
                3.085317876519516,
                42.524313636453186
              ],
              [
                3.085190619338055,
                42.524394402805044
              ],
              [
                3.085112419416371,
                42.52447814729342
              ],
              [
                3.085097265171585,
                42.524529656061965
              ],
              [
                3.085120174769288,
                42.524574697400524
              ],
              [
                3.085255390526555,
                42.524799082910405
              ],
              [
                3.085255431634247,
                42.52482724513714
              ],
              [
                3.085220693274448,
                42.524876355671765
              ],
              [
                3.085191383361416,
                42.52491822014086
              ],
              [
                3.085174021761852,
                42.52494800552962
              ],
              [
                3.085179517157975,
                42.52498662367817
              ],
              [
                3.085198073388743,
                42.525030059221955
              ],
              [
                3.085675589892672,
                42.524913457422294
              ]
            ]
          ]
        ]
      }
    },
    {
      "type": "Feature",
      "properties": {
        "info": false,
        "cara": false,
        "regl": false,
        "tech": false,
        "projet": "Pratique de nettoyage des plages",
        "ID": null
      },
      "geometry": {
        "type": "MultiPolygon",
        "coordinates": [
          [
            [
              [
                3.085675623851895,
                42.524913432249654
              ],
              [
                3.086680680031492,
                42.5246675023708
              ],
              [
                3.086854464025931,
                42.52396881797361
              ],
              [
                3.086668991870083,
                42.523966957128465
              ],
              [
                3.086547139676134,
                42.523954181823775
              ],
              [
                3.086457942830966,
                42.523955863372926
              ],
              [
                3.086344819237229,
                42.52396078274456
              ],
              [
                3.08625129020503,
                42.523975341790155
              ],
              [
                3.086020741475436,
                42.52401897812648
              ],
              [
                3.085838083871045,
                42.52408188671759
              ],
              [
                3.085635871445015,
                42.52416251266874
              ],
              [
                3.085457580661213,
                42.52423668201125
              ],
              [
                3.085329323619802,
                42.524307592537
              ],
              [
                3.085317910513412,
                42.52431363642613
              ],
              [
                3.085675623851895,
                42.524913432249654
              ]
            ]
          ]
        ]
      }
    },
    {
      "type": "Feature",
      "properties": {
        "info": false,
        "cara": false,
        "regl": false,
        "tech": false,
        "projet": "Pratique de nettoyage des plages",
        "ID": null
      },
      "geometry": {
        "type": "MultiPolygon",
        "coordinates": [
          [
            [
              [
                3.087545669895709,
                42.52483420428665
              ],
              [
                3.089703101045431,
                42.52520169259365
              ],
              [
                3.089690384907791,
                42.52516891313686
              ],
              [
                3.089681912285695,
                42.525150183031876
              ],
              [
                3.089667080415831,
                42.52511428248104
              ],
              [
                3.089622685545324,
                42.525072161012304
              ],
              [
                3.089569856485371,
                42.52503629234416
              ],
              [
                3.089506467920455,
                42.52499730963536
              ],
              [
                3.089457789164387,
                42.524914594387404
              ],
              [
                3.089453483557298,
                42.52485994777638
              ],
              [
                3.089472443852368,
                42.52483494893046
              ],
              [
                3.089470244402598,
                42.524777177689856
              ],
              [
                3.089459622694624,
                42.52473346642204
              ],
              [
                3.089411018323218,
                42.52469915558187
              ],
              [
                3.089368744453904,
                42.52466327798682
              ],
              [
                3.089275822315823,
                42.524636811351854
              ],
              [
                3.089096337318101,
                42.524601048312206
              ],
              [
                3.088935927092462,
                42.5246152349819
              ],
              [
                3.088868400676259,
                42.52463090556167
              ],
              [
                3.088777646719055,
                42.52464191111485
              ],
              [
                3.088707976084396,
                42.52463572329452
              ],
              [
                3.088676283481665,
                42.52461701241276
              ],
              [
                3.088610815821984,
                42.52459832956283
              ],
              [
                3.088509469294515,
                42.52458436072999
              ],
              [
                3.088298924091441,
                42.52459858799817
              ],
              [
                3.088001441195002,
                42.524705011186484
              ],
              [
                3.08797295165265,
                42.52471049968905
              ],
              [
                3.087829370903128,
                42.524686415681224
              ],
              [
                3.087811445472397,
                42.52469814118645
              ],
              [
                3.087774519170474,
                42.52470832087909
              ],
              [
                3.087727034604302,
                42.52471616708441
              ],
              [
                3.087657359305593,
                42.524706855712765
              ],
              [
                3.087548604613509,
                42.524679619856045
              ],
              [
                3.087514861073064,
                42.52470072688976
              ],
              [
                3.087545669895709,
                42.52483420428665
              ]
            ]
          ]
        ]
      }
    },
    {
      "type": "Feature",
      "properties": {
        "info": false,
        "cara": false,
        "regl": false,
        "tech": false,
        "projet": "Pratique de nettoyage des plages",
        "ID": null
      },
      "geometry": {
        "type": "MultiPolygon",
        "coordinates": [
          [
            [
              [
                3.094221093031518,
                42.52421721959552
              ],
              [
                3.095871838424357,
                42.52517993575721
              ],
              [
                3.09586969414278,
                42.52515963902248
              ],
              [
                3.095861224665915,
                42.525144032274305
              ],
              [
                3.09586118622498,
                42.52512061077841
              ],
              [
                3.095884373472221,
                42.52510029129503
              ],
              [
                3.095897026415257,
                42.52509247275295
              ],
              [
                3.095926559338904,
                42.52507995473672
              ],
              [
                3.095953978725632,
                42.525065877176985
              ],
              [
                3.0959623789493,
                42.52503932522707
              ],
              [
                3.095934874942127,
                42.5250018755031
              ],
              [
                3.095911639034149,
                42.52499252777107
              ],
              [
                3.095875724581985,
                42.52497538424603
              ],
              [
                3.095884127391545,
                42.52495039373747
              ],
              [
                3.095941097523243,
                42.52493472820131
              ],
              [
                3.095991737329518,
                42.524920629762434
              ],
              [
                3.096031819777883,
                42.52490497936243
              ],
              [
                3.09606978868386,
                42.52488776941467
              ],
              [
                3.096086619791936,
                42.52485340269738
              ],
              [
                3.096078116910818,
                42.524817497347634
              ],
              [
                3.096052752128736,
                42.52479722152015
              ],
              [
                3.096027382229954,
                42.524773822822
              ],
              [
                3.096016760749085,
                42.52473323507181
              ],
              [
                3.096042022789034,
                42.52469105360996
              ],
              [
                3.096118398095083,
                42.52460198309673
              ],
              [
                3.096175347255284,
                42.524573825983474
              ],
              [
                3.096213305615231,
                42.52455037026176
              ],
              [
                3.096266007065436,
                42.52450660258575
              ],
              [
                3.096295500999099,
                42.52447066299423
              ],
              [
                3.096301805492256,
                42.52445348152942
              ],
              [
                3.096303867512981,
                42.52442381241772
              ],
              [
                3.09631858741509,
                42.524389447584085
              ],
              [
                3.096358630771446,
                42.52435037559193
              ],
              [
                3.096356468319626,
                42.52431914886127
              ],
              [
                3.096341604227421,
                42.524266073518824
              ],
              [
                3.096316185521422,
                42.524213007700595
              ],
              [
                3.096280204508721,
                42.52415526710445
              ],
              [
                3.096240017156042,
                42.52410689889443
              ],
              [
                3.096170282095636,
                42.524061680162376
              ],
              [
                3.096140693195704,
                42.524039846743015
              ],
              [
                3.096096358697638,
                42.524036763794626
              ],
              [
                3.096028834871603,
                42.524052438894664
              ],
              [
                3.095980301618155,
                42.524063412578194
              ],
              [
                3.095935972240029,
                42.52406345242593
              ],
              [
                3.095904295579303,
                42.52405567372038
              ],
              [
                3.095881049799791,
                42.52404008026509
              ],
              [
                3.095861989997598,
                42.52400262297538
              ],
              [
                3.095864041974802,
                42.52396670816051
              ],
              [
                3.095859781696653,
                42.52394329048335
              ],
              [
                3.09584918610682,
                42.523918317061664
              ],
              [
                3.095823821794695,
                42.52389804119796
              ],
              [
                3.095790006153615,
                42.52387308861238
              ],
              [
                3.095777284328783,
                42.52383874849314
              ],
              [
                3.09574765985379,
                42.52379505493579
              ],
              [
                3.095711718040662,
                42.52376073563571
              ],
              [
                3.095665219159354,
                42.52372486435296
              ],
              [
                3.095616617094297,
                42.52369367923447
              ],
              [
                3.095565922056242,
                42.52367342600008
              ],
              [
                3.095475112145146,
                42.52364852432853
              ],
              [
                3.095375858683913,
                42.52362363012462
              ],
              [
                3.095323088559849,
                42.52362523869218
              ],
              [
                3.095254556657534,
                42.52366980070776
              ],
              [
                3.095199739204338,
                42.52371044686869
              ],
              [
                3.095144908957249,
                42.52374328584855
              ],
              [
                3.095068959358415,
                42.523769897878815
              ],
              [
                3.095007727665787,
                42.52376058379346
              ],
              [
                3.094942258941035,
                42.52374190484247
              ],
              [
                3.094878911314294,
                42.523729469699084
              ],
              [
                3.094821916724452,
                42.52372952034044
              ],
              [
                3.094792381712787,
                42.52374047660328
              ],
              [
                3.094767091313875,
                42.52376548198873
              ],
              [
                3.094754509433402,
                42.52381702045461
              ],
              [
                3.094752444114052,
                42.523845128087345
              ],
              [
                3.094739854605405,
                42.523891982262136
              ],
              [
                3.09471672061336,
                42.52394509152784
              ],
              [
                3.09469145287612,
                42.523984149782095
              ],
              [
                3.09464298521107,
                42.52403572007188
              ],
              [
                3.094571266961623,
                42.52406857373845
              ],
              [
                3.094470013371297,
                42.52411238353562
              ],
              [
                3.094379309213792,
                42.52415306104461
              ],
              [
                3.094320248670956,
                42.52418121905305
              ],
              [
                3.094284380554353,
                42.52419218077546
              ],
              [
                3.094240046038651,
                42.52418909705569
              ],
              [
                3.094221093031518,
                42.52421721959552
              ]
            ]
          ]
        ]
      }
    },
    {
      "type": "Feature",
      "properties": {
        "info": false,
        "cara": false,
        "regl": false,
        "tech": false,
        "projet": "Pratique de nettoyage des plages",
        "ID": null
      },
      "geometry": {
        "type": "MultiPolygon",
        "coordinates": [
          [
            [
              [
                3.049702425242935,
                42.57034189566075
              ],
              [
                3.04973492535736,
                42.570110711045196
              ],
              [
                3.046409230788693,
                42.56986212427286
              ],
              [
                3.04638667223062,
                42.570097506578946
              ],
              [
                3.049702425242935,
                42.57034189566075
              ]
            ]
          ]
        ]
      }
    },
    {
      "type": "Feature",
      "properties": {
        "info": false,
        "cara": false,
        "regl": false,
        "tech": false,
        "projet": "Pratique de nettoyage des plages",
        "ID": null
      },
      "geometry": {
        "type": "MultiPolygon",
        "coordinates": [
          [
            [
              [
                3.046808962542016,
                42.566200022996654
              ],
              [
                3.050379979367722,
                42.566404348725264
              ],
              [
                3.05044776900664,
                42.5658915428304
              ],
              [
                3.046876790068309,
                42.565695625594344
              ],
              [
                3.046808962542016,
                42.566200022996654
              ]
            ]
          ]
        ]
      }
    },
    {
      "type": "Feature",
      "properties": {
        "info": false,
        "cara": false,
        "regl": false,
        "tech": false,
        "projet": "Pratique de nettoyage des plages",
        "ID": null
      },
      "geometry": {
        "type": "MultiPolygon",
        "coordinates": [
          [
            [
              [
                3.050379801734774,
                42.5664044144819
              ],
              [
                3.046808962541209,
                42.56620002299654
              ],
              [
                3.04667352768905,
                42.56693305763115
              ],
              [
                3.046613992931186,
                42.567145338577674
              ],
              [
                3.046574392847339,
                42.56739964154331
              ],
              [
                3.046563127812202,
                42.56753414469772
              ],
              [
                3.046461707537693,
                42.5687036938659
              ],
              [
                3.04642232219275,
                42.56923014629721
              ],
              [
                3.046409141885435,
                42.569862058639636
              ],
              [
                3.049734836507171,
                42.570110711087956
              ],
              [
                3.050379801734774,
                42.5664044144819
              ]
            ]
          ]
        ]
      }
    },
    {
      "type": "Feature",
      "properties": {
        "info": false,
        "cara": false,
        "regl": false,
        "tech": false,
        "projet": "Pratique de nettoyage des plages",
        "ID": null
      },
      "geometry": {
        "type": "MultiPolygon",
        "coordinates": [
          [
            [
              [
                3.045944494986887,
                42.573072301238604
              ],
              [
                3.045990719899901,
                42.57400011461688
              ],
              [
                3.049261920459333,
                42.57383683712935
              ],
              [
                3.049434025472317,
                42.57225219146465
              ],
              [
                3.045944494986887,
                42.573072301238604
              ]
            ]
          ]
        ]
      }
    },
    {
      "type": "Feature",
      "properties": {
        "info": false,
        "cara": false,
        "regl": false,
        "tech": false,
        "projet": "Pratique de nettoyage des plages",
        "ID": null
      },
      "geometry": {
        "type": "MultiPolygon",
        "coordinates": [
          [
            [
              [
                3.049432604257529,
                42.57225271750853
              ],
              [
                3.049702158690748,
                42.570341895786235
              ],
              [
                3.046386672334053,
                42.57009763792652
              ],
              [
                3.046353264420169,
                42.57051338658356
              ],
              [
                3.046310492474357,
                42.57077833298576
              ],
              [
                3.046219011207815,
                42.57110710726658
              ],
              [
                3.046043106851983,
                42.571586335045794
              ],
              [
                3.045969380016857,
                42.57183855205544
              ],
              [
                3.045930086521028,
                42.572490047833696
              ],
              [
                3.045930423915075,
                42.57291876304896
              ],
              [
                3.045944494986751,
                42.573072301110514
              ],
              [
                3.049432604257529,
                42.57225271750853
              ]
            ]
          ]
        ]
      }
    },
    {
      "type": "Feature",
      "properties": {
        "info": false,
        "cara": false,
        "regl": false,
        "tech": false,
        "projet": "Pratique de nettoyage des plages",
        "ID": null
      },
      "geometry": {
        "type": "MultiPolygon",
        "coordinates": [
          [
            [
              [
                3.046876604510291,
                42.56569563600432
              ],
              [
                3.050447733587927,
                42.56589154697231
              ],
              [
                3.05144638497336,
                42.56057887731298
              ],
              [
                3.047950843036607,
                42.55900845591938
              ],
              [
                3.046876604510291,
                42.56569563600432
              ]
            ]
          ]
        ]
      }
    },
    {
      "type": "Feature",
      "properties": {
        "info": false,
        "cara": false,
        "regl": false,
        "tech": false,
        "projet": "Pratique de nettoyage des plages",
        "ID": null
      },
      "geometry": {
        "type": "MultiPolygon",
        "coordinates": [
          [
            [
              [
                3.04795089207414,
                42.5590084361208
              ],
              [
                3.051446393888521,
                42.56057887401456
              ],
              [
                3.052059806336852,
                42.557465465576584
              ],
              [
                3.048034772377464,
                42.55828260390072
              ],
              [
                3.04795089207414,
                42.5590084361208
              ]
            ]
          ]
        ]
      }
    },
    {
      "type": "Feature",
      "properties": {
        "info": false,
        "cara": false,
        "regl": false,
        "tech": false,
        "projet": "Pratique de nettoyage des plages",
        "ID": null
      },
      "geometry": {
        "type": "MultiPolygon",
        "coordinates": [
          [
            [
              [
                3.048034604807278,
                42.55828269272594
              ],
              [
                3.052059725525191,
                42.55746548319745
              ],
              [
                3.053105317817835,
                42.55266935034069
              ],
              [
                3.049224427676316,
                42.552273408156246
              ],
              [
                3.048958878759547,
                42.55296219727915
              ],
              [
                3.048739861076719,
                42.55395466323501
              ],
              [
                3.048694383208763,
                42.55492138606302
              ],
              [
                3.048440752949114,
                42.55605074747799
              ],
              [
                3.048244872330394,
                42.557060314760406
              ],
              [
                3.048034604807278,
                42.55828269272594
              ]
            ]
          ]
        ]
      }
    },
    {
      "type": "Feature",
      "properties": {
        "info": false,
        "cara": false,
        "regl": false,
        "tech": false,
        "projet": "Pratique de nettoyage des plages",
        "ID": null
      },
      "geometry": {
        "type": "MultiPolygon",
        "coordinates": [
          [
            [
              [
                3.053105272710644,
                42.55266945061552
              ],
              [
                3.053164898303496,
                42.55244808143904
              ],
              [
                3.049321134307935,
                42.55205728736698
              ],
              [
                3.049224429066179,
                42.552273409198214
              ],
              [
                3.053105272710644,
                42.55266945061552
              ]
            ]
          ]
        ]
      }
    },
    {
      "type": "Feature",
      "properties": {
        "info": false,
        "cara": false,
        "regl": false,
        "tech": false,
        "projet": "Pratique de nettoyage des plages",
        "ID": null
      },
      "geometry": {
        "type": "MultiPolygon",
        "coordinates": [
          [
            [
              [
                3.054117996123917,
                42.547860985563005
              ],
              [
                3.050374300196878,
                42.5474425914412
              ],
              [
                3.050330998415244,
                42.547540992369264
              ],
              [
                3.050152073793525,
                42.54801480022821
              ],
              [
                3.049984819684104,
                42.54860943960486
              ],
              [
                3.049907175646457,
                42.54913987591966
              ],
              [
                3.049826688755256,
                42.549730197702544
              ],
              [
                3.049633616816682,
                42.55058791128074
              ],
              [
                3.049501179419779,
                42.55132155167916
              ],
              [
                3.049440667797734,
                42.551597473963795
              ],
              [
                3.049321132896239,
                42.55205728841193
              ],
              [
                3.053164896891038,
                42.552448081439735
              ],
              [
                3.053743715104744,
                42.55014291082849
              ],
              [
                3.054117996123917,
                42.547860985563005
              ]
            ]
          ]
        ]
      }
    },
    {
      "type": "Feature",
      "properties": {
        "info": false,
        "cara": false,
        "regl": false,
        "tech": false,
        "projet": "Pratique de nettoyage des plages",
        "ID": null
      },
      "geometry": {
        "type": "MultiPolygon",
        "coordinates": [
          [
            [
              [
                3.050931269846835,
                42.5459074304509
              ],
              [
                3.050862035708357,
                42.54611705640483
              ],
              [
                3.050659929551669,
                42.54653206110675
              ],
              [
                3.050528282963735,
                42.54701159028096
              ],
              [
                3.054189731064143,
                42.54742689918974
              ],
              [
                3.050931269846835,
                42.5459074304509
              ]
            ]
          ]
        ]
      }
    },
    {
      "type": "Feature",
      "properties": {
        "info": false,
        "cara": false,
        "regl": false,
        "tech": false,
        "projet": "Pratique de nettoyage des plages",
        "ID": null
      },
      "geometry": {
        "type": "MultiPolygon",
        "coordinates": [
          [
            [
              [
                3.050374255002518,
                42.547442591462506
              ],
              [
                3.054117980593925,
                42.54786098243036
              ],
              [
                3.054189731053973,
                42.547426897100266
              ],
              [
                3.050528288609877,
                42.54701158610119
              ],
              [
                3.050374255002518,
                42.547442591462506
              ]
            ]
          ]
        ]
      }
    },
    {
      "type": "Feature",
      "properties": {
        "info": false,
        "cara": false,
        "regl": false,
        "tech": false,
        "projet": "Pratique de nettoyage des plages",
        "ID": null
      },
      "geometry": {
        "type": "MultiPolygon",
        "coordinates": [
          [
            [
              [
                3.051116233866787,
                42.545258460905615
              ],
              [
                3.054575332202302,
                42.545124162108145
              ],
              [
                3.054759299290876,
                42.54390071869103
              ],
              [
                3.054614758118325,
                42.54397778588954
              ],
              [
                3.053139802842117,
                42.544089742437954
              ],
              [
                3.052931493254076,
                42.54401713011256
              ],
              [
                3.052700022892425,
                42.54391886442782
              ],
              [
                3.052566932504587,
                42.543867601246774
              ],
              [
                3.052410719630976,
                42.54383345884606
              ],
              [
                3.052225657043516,
                42.543880600896095
              ],
              [
                3.051930775578842,
                42.54402617626035
              ],
              [
                3.051618637297258,
                42.54428297156729
              ],
              [
                3.051399117502993,
                42.54461671470826
              ],
              [
                3.051260561266912,
                42.544929031659336
              ],
              [
                3.051116233866787,
                42.545258460905615
              ]
            ]
          ]
        ]
      }
    },
    {
      "type": "Feature",
      "properties": {
        "info": false,
        "cara": false,
        "regl": false,
        "tech": false,
        "projet": "Pratique de nettoyage des plages",
        "ID": null
      },
      "geometry": {
        "type": "MultiPolygon",
        "coordinates": [
          [
            [
              [
                3.050931193609998,
                42.54590747851452
              ],
              [
                3.05418972965287,
                42.54742689710694
              ],
              [
                3.054575332208122,
                42.54512416419658
              ],
              [
                3.051116233866774,
                42.545258460905615
              ],
              [
                3.051068180233765,
                42.54544936307317
              ],
              [
                3.051027857555224,
                42.54564400429119
              ],
              [
                3.050931193609998,
                42.54590747851452
              ]
            ]
          ]
        ]
      }
    },
    {
      "type": "Feature",
      "properties": {
        "info": false,
        "cara": false,
        "regl": false,
        "tech": false,
        "projet": "Pratique de nettoyage des plages",
        "ID": null
      },
      "geometry": {
        "type": "MultiPolygon",
        "coordinates": [
          [
            [
              [
                3.054436715970053,
                42.53993230310461
              ],
              [
                3.057443916070666,
                42.54084181037925
              ],
              [
                3.057763139039395,
                42.54048233783946
              ],
              [
                3.056089072012867,
                42.537946744764724
              ],
              [
                3.055898431360016,
                42.53818637767117
              ],
              [
                3.055615351297895,
                42.53853727024595
              ],
              [
                3.055054904540861,
                42.53917488988102
              ],
              [
                3.054436715970053,
                42.53993230310461
              ]
            ]
          ]
        ]
      }
    },
    {
      "type": "Feature",
      "properties": {
        "info": false,
        "cara": false,
        "regl": false,
        "tech": false,
        "projet": "Pratique de nettoyage des plages",
        "ID": null
      },
      "geometry": {
        "type": "MultiPolygon",
        "coordinates": [
          [
            [
              [
                3.056089083317618,
                42.53794675311298
              ],
              [
                3.057763137623612,
                42.54048233784935
              ],
              [
                3.060001314149354,
                42.53809447225518
              ],
              [
                3.056354028396851,
                42.537632961892065
              ],
              [
                3.056089083317618,
                42.53794675311298
              ]
            ]
          ]
        ]
      }
    },
    {
      "type": "Feature",
      "properties": {
        "info": false,
        "cara": false,
        "regl": false,
        "tech": false,
        "projet": "Pratique de nettoyage des plages",
        "ID": null
      },
      "geometry": {
        "type": "MultiPolygon",
        "coordinates": [
          [
            [
              [
                3.056353988853073,
                42.53763298693345
              ],
              [
                3.060001308535263,
                42.53809447431261
              ],
              [
                3.060397333555543,
                42.53772776910804
              ],
              [
                3.058948283223798,
                42.536118483631014
              ],
              [
                3.058907788297875,
                42.53610995124916
              ],
              [
                3.058679321348377,
                42.5361015223231
              ],
              [
                3.05840751481241,
                42.53613161291623
              ],
              [
                3.058025882416854,
                42.536228061733404
              ],
              [
                3.057736806110229,
                42.536341568651764
              ],
              [
                3.057207900433607,
                42.5366583785248
              ],
              [
                3.056988282616591,
                42.53682959070035
              ],
              [
                3.05682939387496,
                42.53700077014707
              ],
              [
                3.056671264544073,
                42.53721044531451
              ],
              [
                3.056424314293482,
                42.53753137892091
              ],
              [
                3.056353988853073,
                42.53763298693345
              ]
            ]
          ]
        ]
      }
    },
    {
      "type": "Feature",
      "properties": {
        "info": false,
        "cara": false,
        "regl": false,
        "tech": false,
        "projet": "Pratique de nettoyage des plages",
        "ID": null
      },
      "geometry": {
        "type": "MultiPolygon",
        "coordinates": [
          [
            [
              [
                3.043433970517389,
                42.59986503788516
              ],
              [
                3.047190571392043,
                42.60021955836057
              ],
              [
                3.047589603853322,
                42.59809959805661
              ],
              [
                3.043658406420846,
                42.597601729758544
              ],
              [
                3.043604985765337,
                42.59820663456492
              ],
              [
                3.043524226974486,
                42.59860876448876
              ],
              [
                3.043501360619855,
                42.59900231570136
              ],
              [
                3.043433970517389,
                42.59986503788516
              ]
            ]
          ]
        ]
      }
    },
    {
      "type": "Feature",
      "properties": {
        "info": false,
        "cara": false,
        "regl": false,
        "tech": false,
        "projet": "Pratique de nettoyage des plages",
        "ID": null
      },
      "geometry": {
        "type": "MultiPolygon",
        "coordinates": [
          [
            [
              [
                3.047672678627793,
                42.59788212060953
              ],
              [
                3.043678231179434,
                42.59737689576226
              ],
              [
                3.04365845164157,
                42.597601713030585
              ],
              [
                3.047589626456497,
                42.59809958133705
              ],
              [
                3.047672678627793,
                42.59788212060953
              ]
            ]
          ]
        ]
      }
    },
    {
      "type": "Feature",
      "properties": {
        "info": false,
        "cara": false,
        "regl": false,
        "tech": false,
        "projet": "Pratique de nettoyage des plages",
        "ID": null
      },
      "geometry": {
        "type": "MultiPolygon",
        "coordinates": [
          [
            [
              [
                3.044321345559996,
                42.59420902232821
              ],
              [
                3.044067081796804,
                42.59483793636411
              ],
              [
                3.043893886838239,
                42.59549248260753
              ],
              [
                3.043686468658378,
                42.59684001737808
              ],
              [
                3.043678185921362,
                42.597376862361756
              ],
              [
                3.047672859506944,
                42.59788205369093
              ],
              [
                3.048307131429441,
                42.59472381660881
              ],
              [
                3.044321345559996,
                42.59420902232821
              ]
            ]
          ]
        ]
      }
    },
    {
      "type": "Feature",
      "properties": {
        "info": false,
        "cara": false,
        "regl": false,
        "tech": false,
        "projet": "Pratique de nettoyage des plages",
        "ID": null
      },
      "geometry": {
        "type": "MultiPolygon",
        "coordinates": [
          [
            [
              [
                3.04477577346938,
                42.61197263216374
              ],
              [
                3.040889464083123,
                42.61121771621239
              ],
              [
                3.040488232628676,
                42.61335494044769
              ],
              [
                3.04043126145161,
                42.61471526830883
              ],
              [
                3.040285909845978,
                42.61774890727903
              ],
              [
                3.043959239570902,
                42.617566731033016
              ],
              [
                3.04477577346938,
                42.61197263216374
              ]
            ]
          ]
        ]
      }
    },
    {
      "type": "Feature",
      "properties": {
        "info": false,
        "cara": false,
        "regl": false,
        "tech": false,
        "projet": "Pratique de nettoyage des plages",
        "ID": null
      },
      "geometry": {
        "type": "MultiPolygon",
        "coordinates": [
          [
            [
              [
                3.040889475388219,
                42.61121770785319
              ],
              [
                3.044775773469381,
                42.61197263216373
              ],
              [
                3.045087322485218,
                42.61021183459406
              ],
              [
                3.040976015889868,
                42.61075140758666
              ],
              [
                3.040889475388219,
                42.61121770785319
              ]
            ]
          ]
        ]
      }
    },
    {
      "type": "Feature",
      "properties": {
        "info": false,
        "cara": false,
        "regl": false,
        "tech": false,
        "projet": "Pratique de nettoyage des plages",
        "ID": null
      },
      "geometry": {
        "type": "MultiPolygon",
        "coordinates": [
          [
            [
              [
                3.040254348439543,
                42.61817455122047
              ],
              [
                3.04458467901432,
                42.619335301459024
              ],
              [
                3.043959256531425,
                42.61756672684878
              ],
              [
                3.040285909846002,
                42.617748907278994
              ],
              [
                3.040254348439543,
                42.61817455122047
              ]
            ]
          ]
        ]
      }
    },
    {
      "type": "Feature",
      "properties": {
        "info": false,
        "cara": false,
        "regl": false,
        "tech": false,
        "projet": "Pratique de nettoyage des plages",
        "ID": null
      },
      "geometry": {
        "type": "MultiPolygon",
        "coordinates": [
          [
            [
              [
                3.03556221672896,
                42.64029817728005
              ],
              [
                3.039200603172066,
                42.63964226849125
              ],
              [
                3.03935455331799,
                42.63776613150853
              ],
              [
                3.039468796809623,
                42.63535341805332
              ],
              [
                3.039537449758956,
                42.63407005915712
              ],
              [
                3.03999802829755,
                42.629843454011265
              ],
              [
                3.040759493952875,
                42.625240308741965
              ],
              [
                3.037028811205686,
                42.62484811385148
              ],
              [
                3.03654487962175,
                42.6290661381884
              ],
              [
                3.036060026106524,
                42.6319067360242
              ],
              [
                3.035898204624503,
                42.632539900144316
              ],
              [
                3.035690304871867,
                42.63361796817751
              ],
              [
                3.035737438921979,
                42.6349012853832
              ],
              [
                3.03581908485546,
                42.635773925380924
              ],
              [
                3.035738789350817,
                42.637104343533665
              ],
              [
                3.035745331928345,
                42.638325650610525
              ],
              [
                3.035733917184057,
                42.638607988820446
              ],
              [
                3.035676292058567,
                42.639121343520024
              ],
              [
                3.03564754450771,
                42.63948496587798
              ],
              [
                3.035640462825249,
                42.639748052852816
              ],
              [
                3.035604406833653,
                42.640004732843195
              ],
              [
                3.03556221672896,
                42.64029817728005
              ]
            ]
          ]
        ]
      }
    },
    {
      "type": "Feature",
      "properties": {
        "info": false,
        "cara": false,
        "regl": false,
        "tech": false,
        "projet": "Pratique de nettoyage des plages",
        "ID": null
      },
      "geometry": {
        "type": "MultiPolygon",
        "coordinates": [
          [
            [
              [
                3.035533695804567,
                42.64073866671856
              ],
              [
                3.039033807383553,
                42.64141333971553
              ],
              [
                3.039200648437911,
                42.639642268474674
              ],
              [
                3.035562397712841,
                42.640298043538586
              ],
              [
                3.035533695804567,
                42.64073866671856
              ]
            ]
          ]
        ]
      }
    },
    {
      "type": "Feature",
      "properties": {
        "info": false,
        "cara": false,
        "regl": false,
        "tech": false,
        "projet": "Pratique de nettoyage des plages",
        "ID": null
      },
      "geometry": {
        "type": "MultiPolygon",
        "coordinates": [
          [
            [
              [
                3.042065138641961,
                42.6047840613842
              ],
              [
                3.046083913014176,
                42.60493639986821
              ],
              [
                3.046176216911746,
                42.60450003930989
              ],
              [
                3.042122729224985,
                42.60434771805881
              ],
              [
                3.042065138641961,
                42.6047840613842
              ]
            ]
          ]
        ]
      }
    },
    {
      "type": "Feature",
      "properties": {
        "info": false,
        "cara": false,
        "regl": false,
        "tech": false,
        "projet": "Pratique de nettoyage des plages",
        "ID": null
      },
      "geometry": {
        "type": "MultiPolygon",
        "coordinates": [
          [
            [
              [
                3.040975998938429,
                42.61075142846999
              ],
              [
                3.045087321077967,
                42.610211835637195
              ],
              [
                3.046083879093222,
                42.60493640823576
              ],
              [
                3.042065093451693,
                42.6047841282384
              ],
              [
                3.041765942805651,
                42.605119038888006
              ],
              [
                3.041440019912119,
                42.606873006068106
              ],
              [
                3.040975998938429,
                42.61075142846999
              ]
            ]
          ]
        ]
      }
    },
    {
      "type": "Feature",
      "properties": {
        "info": false,
        "cara": false,
        "regl": false,
        "tech": false,
        "projet": "Pratique de nettoyage des plages",
        "ID": null
      },
      "geometry": {
        "type": "MultiPolygon",
        "coordinates": [
          [
            [
              [
                3.042122705216229,
                42.60434776088347
              ],
              [
                3.046176215500689,
                42.604500040352065
              ],
              [
                3.047190530413655,
                42.60021955518368
              ],
              [
                3.043433929522942,
                42.59986503470495
              ],
              [
                3.043369010511522,
                42.60055563180952
              ],
              [
                3.043380635338163,
                42.60061551400757
              ],
              [
                3.043369077294894,
                42.60064546215714
              ],
              [
                3.043334384028128,
                42.60070964078696
              ],
              [
                3.043247579173696,
                42.60077384050792
              ],
              [
                3.043166548475881,
                42.60081664964131
              ],
              [
                3.043062404318747,
                42.60092363260125
              ],
              [
                3.04298145207095,
                42.60107338253461
              ],
              [
                3.04295838263239,
                42.601197443343395
              ],
              [
                3.042946868346367,
                42.6012872784013
              ],
              [
                3.042929617312726,
                42.60144983565476
              ],
              [
                3.04292974008446,
                42.60161666359556
              ],
              [
                3.042929850264819,
                42.601766381001454
              ],
              [
                3.042906789881461,
                42.60190327480605
              ],
              [
                3.042854781064215,
                42.6020444578774
              ],
              [
                3.04277957311865,
                42.602134318509876
              ],
              [
                3.042692759272302,
                42.60218996258493
              ],
              [
                3.042621996768181,
                42.6024209836011
              ],
              [
                3.042601939916651,
                42.60270759381649
              ],
              [
                3.042524234688454,
                42.603344994160956
              ],
              [
                3.042498247904389,
                42.603441251588116
              ],
              [
                3.042370956258717,
                42.60357604806667
              ],
              [
                3.042185875438487,
                42.60387127911601
              ],
              [
                3.042122705216229,
                42.60434776088347
              ]
            ]
          ]
        ]
      }
    },
    {
      "type": "Feature",
      "properties": {
        "info": false,
        "cara": false,
        "regl": false,
        "tech": false,
        "projet": "Pratique de nettoyage des plages",
        "ID": null
      },
      "geometry": {
        "type": "MultiPolygon",
        "coordinates": [
          [
            [
              [
                3.038967598826092,
                42.72866236499471
              ],
              [
                3.042478501820796,
                42.728780601365344
              ],
              [
                3.042536394847121,
                42.72859447835884
              ],
              [
                3.042554054346271,
                42.728348460389675
              ],
              [
                3.040198923368249,
                42.728237168795935
              ],
              [
                3.040191724836439,
                42.72825120920922
              ],
              [
                3.040156925455313,
                42.72827689122142
              ],
              [
                3.03915880926436,
                42.72823875736063
              ],
              [
                3.039129809408696,
                42.728260158758246
              ],
              [
                3.039089209574942,
                42.7282901207025
              ],
              [
                3.039037035546341,
                42.72836714661277
              ],
              [
                3.039008052781896,
                42.72841421693591
              ],
              [
                3.038973301470952,
                42.72851262728098
              ],
              [
                3.038967598826092,
                42.72866236499471
              ]
            ]
          ]
        ]
      }
    },
    {
      "type": "Feature",
      "properties": {
        "info": false,
        "cara": false,
        "regl": false,
        "tech": false,
        "projet": "Pratique de nettoyage des plages",
        "ID": null
      },
      "geometry": {
        "type": "MultiPolygon",
        "coordinates": [
          [
            [
              [
                3.039586198821079,
                42.72451635712581
              ],
              [
                3.040125843800928,
                42.72453754702223
              ],
              [
                3.040439183543497,
                42.72454598545554
              ],
              [
                3.040497223209027,
                42.72456735424915
              ],
              [
                3.040495800021956,
                42.72460679393706
              ],
              [
                3.043015573278968,
                42.72471182930684
              ],
              [
                3.043148539809478,
                42.72371307995274
              ],
              [
                3.041007253947102,
                42.723427285815866
              ],
              [
                3.040926035844476,
                42.723448707586066
              ],
              [
                3.040879607878766,
                42.72343589089683
              ],
              [
                3.040830263748589,
                42.723401684597725
              ],
              [
                3.04029265836612,
                42.72316872959097
              ],
              [
                3.040234552169812,
                42.72304896354163
              ],
              [
                3.040199714561597,
                42.72301475151377
              ],
              [
                3.04011841124576,
                42.722912106676944
              ],
              [
                3.040095190197522,
                42.72289500282011
              ],
              [
                3.03993269605975,
                42.72285228215158
              ],
              [
                3.039863279246214,
                42.723160333998145
              ],
              [
                3.03992130265153,
                42.723160312384714
              ],
              [
                3.039956140183241,
                42.72319452450783
              ],
              [
                3.039932954282412,
                42.723228758271866
              ],
              [
                3.039851750703466,
                42.723271569916456
              ],
              [
                3.039712517609829,
                42.72330584675523
              ],
              [
                3.039654540681997,
                42.72337431847862
              ],
              [
                3.039584970515634,
                42.72345990702262
              ],
              [
                3.039515446603981,
                42.72361394576693
              ],
              [
                3.039457532925568,
                42.72377653649484
              ],
              [
                3.039422834390187,
                42.723947674957934
              ],
              [
                3.039422950267263,
                42.724118800627544
              ],
              [
                3.039446281754852,
                42.72429847406406
              ],
              [
                3.039469578581895,
                42.72442680980476
              ],
              [
                3.039586198821079,
                42.72451635712581
              ]
            ]
          ]
        ]
      }
    },
    {
      "type": "Feature",
      "properties": {
        "info": false,
        "cara": false,
        "regl": false,
        "tech": false,
        "projet": "Pratique de nettoyage des plages",
        "ID": null
      },
      "geometry": {
        "type": "MultiPolygon",
        "coordinates": [
          [
            [
              [
                3.039141876058138,
                42.72818717495756
              ],
              [
                3.042554065668292,
                42.728348443669375
              ],
              [
                3.04301560727796,
                42.724711829293184
              ],
              [
                3.039557221324516,
                42.72456770557102
              ],
              [
                3.039464451231783,
                42.724670415279995
              ],
              [
                3.039394931345576,
                42.72483301041113
              ],
              [
                3.039371802326513,
                42.724952807011675
              ],
              [
                3.03938349997539,
                42.72508970340752
              ],
              [
                3.039418396278573,
                42.72520947869354
              ],
              [
                3.039499730594835,
                42.72535490575313
              ],
              [
                3.039604258150496,
                42.7254746553049
              ],
              [
                3.039766759366495,
                42.725517376577066
              ],
              [
                3.039859606431795,
                42.725525898359564
              ],
              [
                3.039940807279146,
                42.72547453032325
              ],
              [
                3.039963976449183,
                42.72541462760127
              ],
              [
                3.039998756568617,
                42.725363276838145
              ],
              [
                3.040045159392925,
                42.72533759060906
              ],
              [
                3.040068369622995,
                42.72533758192804
              ],
              [
                3.040126412890281,
                42.72536322908559
              ],
              [
                3.040126460069397,
                42.725431679440845
              ],
              [
                3.040126489556401,
                42.72547446091514
              ],
              [
                3.040126554427963,
                42.72556858016462
              ],
              [
                3.0401149787455,
                42.72561136599184
              ],
              [
                3.040115031807116,
                42.725688372659796
              ],
              [
                3.040091892145303,
                42.72579105691692
              ],
              [
                3.040022313851844,
                42.7258680896412
              ],
              [
                3.039952682527079,
                42.72586811563925
              ],
              [
                3.039929466216989,
                42.725859567997034
              ],
              [
                3.039906238183571,
                42.72583390775386
              ],
              [
                3.039906173667895,
                42.725739788480766
              ],
              [
                3.039882928107634,
                42.72568845934484
              ],
              [
                3.039859717737648,
                42.72568846798566
              ],
              [
                3.039662412104826,
                42.72566287233966
              ],
              [
                3.039499957001984,
                42.72568860127541
              ],
              [
                3.039326012161014,
                42.7258854601811
              ],
              [
                3.039302876805595,
                42.725996700586
              ],
              [
                3.039279799092057,
                42.72619350400265
              ],
              [
                3.039268280376521,
                42.726321852779
              ],
              [
                3.039314782516399,
                42.726441623981806
              ],
              [
                3.03933803365809,
                42.726501509580714
              ],
              [
                3.039384501354165,
                42.726569942948956
              ],
              [
                3.039454145116016,
                42.72658702992818
              ],
              [
                3.040046042228115,
                42.72662103547314
              ],
              [
                3.040510268969907,
                42.72663797350149
              ],
              [
                3.040556738152857,
                42.726706406369914
              ],
              [
                3.039338143509319,
                42.726664079356475
              ],
              [
                3.039256928931557,
                42.72669833438329
              ],
              [
                3.039175766078434,
                42.726809596099244
              ],
              [
                3.039048278756582,
                42.72706633192449
              ],
              [
                3.039002091942324,
                42.72741715752085
              ],
              [
                3.038967418534495,
                42.72763107798327
              ],
              [
                3.038955921748169,
                42.727793652153835
              ],
              [
                3.03901410459372,
                42.728024651527974
              ],
              [
                3.039141876058138,
                42.72818717495756
              ]
            ]
          ]
        ]
      }
    },
    {
      "type": "Feature",
      "properties": {
        "info": false,
        "cara": false,
        "regl": false,
        "tech": false,
        "projet": "Pratique de nettoyage des plages",
        "ID": null
      },
      "geometry": {
        "type": "MultiPolygon",
        "coordinates": [
          [
            [
              [
                3.038967530834672,
                42.72866238173104
              ],
              [
                3.03897937108157,
                42.72874172395042
              ],
              [
                3.039017140089729,
                42.72881657803114
              ],
              [
                3.039069407860923,
                42.72887859232903
              ],
              [
                3.039156484610839,
                42.72892775939745
              ],
              [
                3.039223242639262,
                42.72896409935233
              ],
              [
                3.039284179063011,
                42.72897263334459
              ],
              [
                3.039336405341899,
                42.72897261417621
              ],
              [
                3.039333498100755,
                42.72896405891862
              ],
              [
                3.039316060450475,
                42.72892128369559
              ],
              [
                3.039316044559226,
                42.728897753808134
              ],
              [
                3.039330537388349,
                42.72887635767554
              ],
              [
                3.039359533138417,
                42.7288485389695
              ],
              [
                3.039414653518299,
                42.72883782329396
              ],
              [
                3.039484288395496,
                42.72883779764565
              ],
              [
                3.03952492326382,
                42.72885917346871
              ],
              [
                3.039568466886996,
                42.72889124360807
              ],
              [
                3.039588814899845,
                42.72894685220079
              ],
              [
                3.039580143974268,
                42.72899605427612
              ],
              [
                3.039545442688248,
                42.72916719361857
              ],
              [
                3.039528099231022,
                42.72926345870276
              ],
              [
                3.039510722324501,
                42.729310524917715
              ],
              [
                3.039461432019556,
                42.72936188105886
              ],
              [
                3.039351188818343,
                42.729381173358725
              ],
              [
                3.039287340371943,
                42.72935766689449
              ],
              [
                3.03926409968368,
                42.72931489377561
              ],
              [
                3.039278570986376,
                42.7292614114204
              ],
              [
                3.039301761118892,
                42.72922931668523
              ],
              [
                3.039327861367571,
                42.72921005536824
              ],
              [
                3.039330754168102,
                42.729197219815205
              ],
              [
                3.039324929550954,
                42.72916513572766
              ],
              [
                3.039307500512839,
                42.729135194981865
              ],
              [
                3.039258158245679,
                42.729109544099444
              ],
              [
                3.039203023174602,
                42.72909886888637
              ],
              [
                3.039104370448867,
                42.729094626786946
              ],
              [
                3.038991223302994,
                42.72910964160857
              ],
              [
                3.038872284590572,
                42.72914177106619
              ],
              [
                3.038718572211137,
                42.729240224504586
              ],
              [
                3.038541726794355,
                42.72945847466018
              ],
              [
                3.038495410551031,
                42.72962106158397
              ],
              [
                3.038489671210485,
                42.72971732236906
              ],
              [
                3.038492619383471,
                42.72978791104489
              ],
              [
                3.03851006376361,
                42.729841381849525
              ],
              [
                3.038530401186828,
                42.729882017114356
              ],
              [
                3.038573953531689,
                42.729926922185115
              ],
              [
                3.038597168428346,
                42.72993119198839
              ],
              [
                3.039537290341352,
                42.72998004799464
              ],
              [
                3.039540246336134,
                42.73006026253245
              ],
              [
                3.038216389772896,
                42.72999870965388
              ],
              [
                3.038129369659309,
                42.73003724416935
              ],
              [
                3.038036568763391,
                42.73011000600559
              ],
              [
                3.037908978644857,
                42.73022770084469
              ],
              [
                3.037830732064475,
                42.73037318622095
              ],
              [
                3.037743804059645,
                42.7305550390551
              ],
              [
                3.037686105636346,
                42.731068439773196
              ],
              [
                3.037704011023421,
                42.731834226363354
              ],
              [
                3.037756896128282,
                42.73284599639323
              ],
              [
                3.037780632754526,
                42.733652424915356
              ],
              [
                3.037775005662696,
                42.733924091454476
              ],
              [
                3.041599586563967,
                42.734106636255326
              ],
              [
                3.04247847916542,
                42.72878061808587
              ],
              [
                3.038967530834672,
                42.72866238173104
              ]
            ]
          ]
        ]
      }
    },
    {
      "type": "Feature",
      "properties": {
        "info": false,
        "cara": false,
        "regl": false,
        "tech": false,
        "projet": "Pratique de nettoyage des plages",
        "ID": null
      },
      "geometry": {
        "type": "MultiPolygon",
        "coordinates": [
          [
            [
              [
                3.037774937716307,
                42.73392419175129
              ],
              [
                3.037744490857268,
                42.73437621930084
              ],
              [
                3.041611184223596,
                42.7345694443914
              ],
              [
                3.04159958089927,
                42.7341066404385
              ],
              [
                3.037774937716307,
                42.73392419175129
              ]
            ]
          ]
        ]
      }
    },
    {
      "type": "Feature",
      "properties": {
        "info": false,
        "cara": false,
        "regl": false,
        "tech": false,
        "projet": "Pratique de nettoyage des plages",
        "ID": null
      },
      "geometry": {
        "type": "MultiPolygon",
        "coordinates": [
          [
            [
              [
                3.037744431526873,
                42.73437623456074
              ],
              [
                3.03783756264245,
                42.735223310749745
              ],
              [
                3.037975090350315,
                42.73577218346037
              ],
              [
                3.038152191430851,
                42.73689885477107
              ],
              [
                3.038251473062249,
                42.738877829825185
              ],
              [
                3.041896556264815,
                42.738963138291325
              ],
              [
                3.041611154461414,
                42.7345694468178
              ],
              [
                3.037744431526873,
                42.73437623456074
              ]
            ]
          ]
        ]
      }
    },
    {
      "type": "Feature",
      "properties": {
        "info": false,
        "cara": false,
        "regl": false,
        "tech": false,
        "projet": "Pratique de nettoyage des plages",
        "ID": null
      },
      "geometry": {
        "type": "MultiPolygon",
        "coordinates": [
          [
            [
              [
                3.038289775510135,
                42.7393265670947
              ],
              [
                3.038205041007425,
                42.74062069847088
              ],
              [
                3.038156404813847,
                42.74116602861645
              ],
              [
                3.038181066533074,
                42.741417008269934
              ],
              [
                3.038269522317701,
                42.74182144741126
              ],
              [
                3.038485633875077,
                42.74263031185989
              ],
              [
                3.038682047407633,
                42.74328028413656
              ],
              [
                3.042111150952768,
                42.74259334241385
              ],
              [
                3.038289775510135,
                42.7393265670947
              ]
            ]
          ]
        ]
      }
    },
    {
      "type": "Feature",
      "properties": {
        "info": false,
        "cara": false,
        "regl": false,
        "tech": false,
        "projet": "Pratique de nettoyage des plages",
        "ID": null
      },
      "geometry": {
        "type": "MultiPolygon",
        "coordinates": [
          [
            [
              [
                3.038251434850021,
                42.738877928588785
              ],
              [
                3.038289852023949,
                42.73932651064018
              ],
              [
                3.042111189230385,
                42.742593342398806
              ],
              [
                3.041896518061991,
                42.73896323705631
              ],
              [
                3.038251434850021,
                42.738877928588785
              ]
            ]
          ]
        ]
      }
    },
    {
      "type": "Feature",
      "properties": {
        "info": false,
        "cara": false,
        "regl": false,
        "tech": false,
        "projet": "Pratique de nettoyage des plages",
        "ID": null
      },
      "geometry": {
        "type": "MultiPolygon",
        "coordinates": [
          [
            [
              [
                3.038122411323998,
                42.758104074223986
              ],
              [
                3.041587896710095,
                42.75797944777636
              ],
              [
                3.041380330820397,
                42.75430854184483
              ],
              [
                3.037732255009545,
                42.75442495917956
              ],
              [
                3.038122411323998,
                42.758104074223986
              ]
            ]
          ]
        ]
      }
    },
    {
      "type": "Feature",
      "properties": {
        "info": false,
        "cara": false,
        "regl": false,
        "tech": false,
        "projet": "Pratique de nettoyage des plages",
        "ID": null
      },
      "geometry": {
        "type": "MultiPolygon",
        "coordinates": [
          [
            [
              [
                3.038122411243172,
                42.75810406929003
              ],
              [
                3.038145294839616,
                42.7585449904282
              ],
              [
                3.041613717066904,
                42.75845426903466
              ],
              [
                3.04158789324728,
                42.75797945033164
              ],
              [
                3.038122411243172,
                42.75810406929003
              ]
            ]
          ]
        ]
      }
    },
    {
      "type": "Feature",
      "properties": {
        "info": false,
        "cara": false,
        "regl": false,
        "tech": false,
        "projet": "Pratique de nettoyage des plages",
        "ID": null
      },
      "geometry": {
        "type": "MultiPolygon",
        "coordinates": [
          [
            [
              [
                3.042076499086861,
                42.76699871996562
              ],
              [
                3.042050192389417,
                42.766537831089366
              ],
              [
                3.038363887744441,
                42.76660963194684
              ],
              [
                3.038424245624287,
                42.767070509544766
              ],
              [
                3.042076499086861,
                42.76699871996562
              ]
            ]
          ]
        ]
      }
    },
    {
      "type": "Feature",
      "properties": {
        "info": false,
        "cara": false,
        "regl": false,
        "tech": false,
        "projet": "Pratique de nettoyage des plages",
        "ID": null
      },
      "geometry": {
        "type": "MultiPolygon",
        "coordinates": [
          [
            [
              [
                3.038363927705642,
                42.76660957298645
              ],
              [
                3.042050285676571,
                42.76653777210672
              ],
              [
                3.041913966624214,
                42.76394832150106
              ],
              [
                3.038323452635018,
                42.76402632152412
              ],
              [
                3.038363927705642,
                42.76660957298645
              ]
            ]
          ]
        ]
      }
    },
    {
      "type": "Feature",
      "properties": {
        "info": false,
        "cara": false,
        "regl": false,
        "tech": false,
        "projet": "Pratique de nettoyage des plages",
        "ID": null
      },
      "geometry": {
        "type": "MultiPolygon",
        "coordinates": [
          [
            [
              [
                3.041754079793382,
                42.76101242762725
              ],
              [
                3.038333425093019,
                42.76269004265894
              ],
              [
                3.038323452628555,
                42.7640263116995
              ],
              [
                3.041914073241917,
                42.76394826251529
              ],
              [
                3.041754079793382,
                42.76101242762725
              ]
            ]
          ]
        ]
      }
    },
    {
      "type": "Feature",
      "properties": {
        "info": false,
        "cara": false,
        "regl": false,
        "tech": false,
        "projet": "Pratique de nettoyage des plages",
        "ID": null
      },
      "geometry": {
        "type": "MultiPolygon",
        "coordinates": [
          [
            [
              [
                3.038145292875646,
                42.758544987929916
              ],
              [
                3.038340181790564,
                42.76256429450304
              ],
              [
                3.038333438428941,
                42.76269004265088
              ],
              [
                3.041754093118334,
                42.7610124177966
              ],
              [
                3.041613689821479,
                42.75845429031752
              ],
              [
                3.038145292875646,
                42.758544987929916
              ]
            ]
          ]
        ]
      }
    },
    {
      "type": "Feature",
      "properties": {
        "info": false,
        "cara": false,
        "regl": false,
        "tech": false,
        "projet": "Pratique de nettoyage des plages",
        "ID": null
      },
      "geometry": {
        "type": "MultiPolygon",
        "coordinates": [
          [
            [
              [
                3.038424191176722,
                42.7670705301281
              ],
              [
                3.038635839403106,
                42.77060732813751
              ],
              [
                3.042277881870435,
                42.77056410888006
              ],
              [
                3.042076474016368,
                42.766998730005106
              ],
              [
                3.038424191176722,
                42.7670705301281
              ]
            ]
          ]
        ]
      }
    },
    {
      "type": "Feature",
      "properties": {
        "info": false,
        "cara": false,
        "regl": false,
        "tech": false,
        "projet": "Pratique de nettoyage des plages",
        "ID": null
      },
      "geometry": {
        "type": "MultiPolygon",
        "coordinates": [
          [
            [
              [
                3.042420062236083,
                42.77325779423111
              ],
              [
                3.042277798687646,
                42.77056412934474
              ],
              [
                3.038635839457379,
                42.77060740986495
              ],
              [
                3.038579068291321,
                42.77332201245012
              ],
              [
                3.042420062236083,
                42.77325779423111
              ]
            ]
          ]
        ]
      }
    },
    {
      "type": "Feature",
      "properties": {
        "info": false,
        "cara": false,
        "regl": false,
        "tech": false,
        "projet": "Pratique de nettoyage des plages",
        "ID": null
      },
      "geometry": {
        "type": "MultiPolygon",
        "coordinates": [
          [
            [
              [
                3.042448849256619,
                42.77371280188612
              ],
              [
                3.042420006783547,
                42.77325781468755
              ],
              [
                3.03857906829114,
                42.77332202266872
              ],
              [
                3.038612974990225,
                42.77376367725619
              ],
              [
                3.042448849256619,
                42.77371280188612
              ]
            ]
          ]
        ]
      }
    },
    {
      "type": "Feature",
      "properties": {
        "info": false,
        "cara": false,
        "regl": false,
        "tech": false,
        "projet": "Pratique de nettoyage des plages",
        "ID": null
      },
      "geometry": {
        "type": "MultiPolygon",
        "coordinates": [
          [
            [
              [
                3.039077067615779,
                42.7782891713637
              ],
              [
                3.042684080618907,
                42.77823548974957
              ],
              [
                3.042578281893572,
                42.77624802948944
              ],
              [
                3.038842707008899,
                42.77492086979182
              ],
              [
                3.039077067615779,
                42.7782891713637
              ]
            ]
          ]
        ]
      }
    },
    {
      "type": "Feature",
      "properties": {
        "info": false,
        "cara": false,
        "regl": false,
        "tech": false,
        "projet": "Pratique de nettoyage des plages",
        "ID": null
      },
      "geometry": {
        "type": "MultiPolygon",
        "coordinates": [
          [
            [
              [
                3.038842720869431,
                42.77492085957084
              ],
              [
                3.042578337349282,
                42.77624800903542
              ],
              [
                3.042448793803312,
                42.77371282234044
              ],
              [
                3.038612947269641,
                42.77376369769809
              ],
              [
                3.038842720869431,
                42.77492085957084
              ]
            ]
          ]
        ]
      }
    },
    {
      "type": "Feature",
      "properties": {
        "info": false,
        "cara": false,
        "regl": false,
        "tech": false,
        "projet": "Pratique de nettoyage des plages",
        "ID": null
      },
      "geometry": {
        "type": "MultiPolygon",
        "coordinates": [
          [
            [
              [
                3.043439278340295,
                42.83822522240404
              ],
              [
                3.043567166001252,
                42.838745499412646
              ],
              [
                3.046950326101643,
                42.837072196857264
              ],
              [
                3.046891967719269,
                42.83656895422873
              ],
              [
                3.043439278340295,
                42.83822522240404
              ]
            ]
          ]
        ]
      }
    },
    {
      "type": "Feature",
      "properties": {
        "info": false,
        "cara": false,
        "regl": false,
        "tech": false,
        "projet": "Pratique de nettoyage des plages",
        "ID": null
      },
      "geometry": {
        "type": "MultiPolygon",
        "coordinates": [
          [
            [
              [
                3.043936135646117,
                42.84145495481918
              ],
              [
                3.044026309985384,
                42.8419766581089
              ],
              [
                3.047649920522348,
                42.84354463285307
              ],
              [
                3.047590810585689,
                42.84299599312535
              ],
              [
                3.043936135646117,
                42.84145495481918
              ]
            ]
          ]
        ]
      }
    },
    {
      "type": "Feature",
      "properties": {
        "info": false,
        "cara": false,
        "regl": false,
        "tech": false,
        "projet": "Pratique de nettoyage des plages",
        "ID": null
      },
      "geometry": {
        "type": "MultiPolygon",
        "coordinates": [
          [
            [
              [
                3.043567166001252,
                42.83874549941253
              ],
              [
                3.043936135646117,
                42.84145495481929
              ],
              [
                3.047590810585689,
                42.84299599312546
              ],
              [
                3.046950326101643,
                42.83707219685715
              ],
              [
                3.043567166001252,
                42.83874549941253
              ]
            ]
          ]
        ]
      }
    },
    {
      "type": "Feature",
      "properties": {
        "info": false,
        "cara": false,
        "regl": false,
        "tech": false,
        "projet": "Pratique de nettoyage des plages",
        "ID": null
      },
      "geometry": {
        "type": "MultiPolygon",
        "coordinates": [
          [
            [
              [
                3.044731672893918,
                42.84727777936169
              ],
              [
                3.044772417518711,
                42.84749954367723
              ],
              [
                3.048163040136463,
                42.84726349909714
              ],
              [
                3.048128075426036,
                42.84703746849498
              ],
              [
                3.044731672893918,
                42.84727777936169
              ]
            ]
          ]
        ]
      }
    },
    {
      "type": "Feature",
      "properties": {
        "info": false,
        "cara": false,
        "regl": false,
        "tech": false,
        "projet": "Pratique de nettoyage des plages",
        "ID": null
      },
      "geometry": {
        "type": "MultiPolygon",
        "coordinates": [
          [
            [
              [
                3.044172866191798,
                42.84416454720449
              ],
              [
                3.044731672893918,
                42.84727777936182
              ],
              [
                3.048128075426036,
                42.847037468494975
              ],
              [
                3.047649920522348,
                42.84354463285294
              ],
              [
                3.044172866191798,
                42.84416454720449
              ]
            ]
          ]
        ]
      }
    },
    {
      "type": "Feature",
      "properties": {
        "info": false,
        "cara": false,
        "regl": false,
        "tech": false,
        "projet": "Pratique de nettoyage des plages",
        "ID": null
      },
      "geometry": {
        "type": "MultiPolygon",
        "coordinates": [
          [
            [
              [
                3.047018765175634,
                42.85894110614682
              ],
              [
                3.047065327599928,
                42.8591671344583
              ],
              [
                3.050427653369022,
                42.858952353894686
              ],
              [
                3.050363693264124,
                42.85873486538285
              ],
              [
                3.047018765175634,
                42.85894110614682
              ]
            ]
          ]
        ]
      }
    },
    {
      "type": "Feature",
      "properties": {
        "info": false,
        "cara": false,
        "regl": false,
        "tech": false,
        "projet": "Pratique de nettoyage des plages",
        "ID": null
      },
      "geometry": {
        "type": "MultiPolygon",
        "coordinates": [
          [
            [
              [
                3.047018765175634,
                42.858941106146936
              ],
              [
                3.050363693264124,
                42.858734865382964
              ],
              [
                3.048163040136463,
                42.847263499097025
              ],
              [
                3.044772417518711,
                42.84749954367712
              ],
              [
                3.047018765175634,
                42.858941106146936
              ]
            ]
          ]
        ]
      }
    },
    {
      "type": "Feature",
      "properties": {
        "info": false,
        "cara": false,
        "regl": false,
        "tech": false,
        "projet": "Pratique de nettoyage des plages",
        "ID": null
      },
      "geometry": {
        "type": "MultiPolygon",
        "coordinates": [
          [
            [
              [
                3.048013605154912,
                42.863154562660526
              ],
              [
                3.048153177368731,
                42.86366631057266
              ],
              [
                3.051666655662702,
                42.86362202602942
              ],
              [
                3.051515449376212,
                42.86310175810682
              ],
              [
                3.048013605154912,
                42.863154562660526
              ]
            ]
          ]
        ]
      }
    },
    {
      "type": "Feature",
      "properties": {
        "info": false,
        "cara": false,
        "regl": false,
        "tech": false,
        "projet": "Pratique de nettoyage des plages",
        "ID": null
      },
      "geometry": {
        "type": "MultiPolygon",
        "coordinates": [
          [
            [
              [
                3.047065327599928,
                42.85916713445819
              ],
              [
                3.048013605154912,
                42.863154562660654
              ],
              [
                3.051515449376212,
                42.86310175810694
              ],
              [
                3.050427653369022,
                42.85895235389457
              ],
              [
                3.047065327599928,
                42.85916713445819
              ]
            ]
          ]
        ]
      }
    },
    {
      "type": "Feature",
      "properties": {
        "info": false,
        "cara": false,
        "regl": false,
        "tech": false,
        "projet": "Pratique de nettoyage des plages",
        "ID": null
      },
      "geometry": {
        "type": "MultiPolygon",
        "coordinates": [
          [
            [
              [
                3.048153177368731,
                42.86366631057253
              ],
              [
                3.049986235294223,
                42.8701557178981
              ],
              [
                3.052884468737799,
                42.86896071195309
              ],
              [
                3.051666655662702,
                42.86362202602929
              ],
              [
                3.048153177368731,
                42.86366631057253
              ]
            ]
          ]
        ]
      }
    },
    {
      "type": "Feature",
      "properties": {
        "info": false,
        "cara": false,
        "regl": false,
        "tech": false,
        "projet": "Pratique de nettoyage des plages",
        "ID": null
      },
      "geometry": {
        "type": "MultiPolygon",
        "coordinates": [
          [
            [
              [
                3.050535465143947,
                42.87970842390898
              ],
              [
                3.051750447969973,
                42.88321711752874
              ],
              [
                3.055060991724505,
                42.88256295232098
              ],
              [
                3.054112578787522,
                42.8786346574364
              ],
              [
                3.050535465143947,
                42.87970842390898
              ]
            ]
          ]
        ]
      }
    },
    {
      "type": "Feature",
      "properties": {
        "info": false,
        "cara": false,
        "regl": false,
        "tech": false,
        "projet": "Pratique de nettoyage des plages",
        "ID": null
      },
      "geometry": {
        "type": "MultiPolygon",
        "coordinates": [
          [
            [
              [
                3.050485942632103,
                42.8795003839388
              ],
              [
                3.050535469725863,
                42.87971335531184
              ],
              [
                3.054112578787522,
                42.878634657436415
              ],
              [
                3.054057143307147,
                42.87834552512885
              ],
              [
                3.050485942632103,
                42.8795003839388
              ]
            ]
          ]
        ]
      }
    },
    {
      "type": "Feature",
      "properties": {
        "info": false,
        "cara": false,
        "regl": false,
        "tech": false,
        "projet": "Pratique de nettoyage des plages",
        "ID": null
      },
      "geometry": {
        "type": "MultiPolygon",
        "coordinates": [
          [
            [
              [
                3.050485942632103,
                42.87950038393889
              ],
              [
                3.054057143307147,
                42.87834552512886
              ],
              [
                3.053733458089043,
                42.876982821944914
              ],
              [
                3.050890409204103,
                42.874739290373256
              ],
              [
                3.049826804418489,
                42.87482404106906
              ],
              [
                3.050485942632103,
                42.87950038393889
              ]
            ]
          ]
        ]
      }
    },
    {
      "type": "Feature",
      "properties": {
        "info": false,
        "cara": false,
        "regl": false,
        "tech": false,
        "projet": "Pratique de nettoyage des plages",
        "ID": null
      },
      "geometry": {
        "type": "MultiPolygon",
        "coordinates": [
          [
            [
              [
                3.055271521455299,
                42.90050524492478
              ],
              [
                3.055342071263299,
                42.90071608527558
              ],
              [
                3.058960555324393,
                42.90015955665975
              ],
              [
                3.058898847460269,
                42.89993916809324
              ],
              [
                3.055271521455299,
                42.90050524492478
              ]
            ]
          ]
        ]
      }
    },
    {
      "type": "Feature",
      "properties": {
        "info": false,
        "cara": false,
        "regl": false,
        "tech": false,
        "projet": "Pratique de nettoyage des plages",
        "ID": null
      },
      "geometry": {
        "type": "MultiPolygon",
        "coordinates": [
          [
            [
              [
                3.054641896427764,
                42.89850023686119
              ],
              [
                3.055271521455299,
                42.90050524492478
              ],
              [
                3.058914220001163,
                42.899936769070045
              ],
              [
                3.058396813165807,
                42.897923765586555
              ],
              [
                3.054641896427764,
                42.89850023686119
              ]
            ]
          ]
        ]
      }
    },
    {
      "type": "Feature",
      "properties": {
        "info": false,
        "cara": false,
        "regl": false,
        "tech": false,
        "projet": "Pratique de nettoyage des plages",
        "ID": null
      },
      "geometry": {
        "type": "MultiPolygon",
        "coordinates": [
          [
            [
              [
                3.056471733397908,
                42.904897258754254
              ],
              [
                3.060030492721142,
                42.90443167611055
              ],
              [
                3.058960555324393,
                42.90015955665976
              ],
              [
                3.055342070618989,
                42.90071608551512
              ],
              [
                3.056471733397908,
                42.904897258754254
              ]
            ]
          ]
        ]
      }
    },
    {
      "type": "Feature",
      "properties": {
        "info": false,
        "cara": false,
        "regl": false,
        "tech": false,
        "projet": "Pratique de nettoyage des plages",
        "ID": null
      },
      "geometry": {
        "type": "MultiPolygon",
        "coordinates": [
          [
            [
              [
                3.056471737720343,
                42.90489726105292
              ],
              [
                3.056538598809415,
                42.905108968395076
              ],
              [
                3.060082459237897,
                42.9046305355173
              ],
              [
                3.060030492721143,
                42.90443167611055
              ],
              [
                3.056471737720343,
                42.90489726105292
              ]
            ]
          ]
        ]
      }
    },
    {
      "type": "Feature",
      "properties": {
        "info": false,
        "cara": false,
        "regl": false,
        "tech": false,
        "projet": "Pratique de nettoyage des plages",
        "ID": null
      },
      "geometry": {
        "type": "MultiPolygon",
        "coordinates": [
          [
            [
              [
                3.056538598809415,
                42.90510896839496
              ],
              [
                3.057284373590679,
                42.907290601875864
              ],
              [
                3.060624817224898,
                42.90686465689633
              ],
              [
                3.060069279436424,
                42.90463231483397
              ],
              [
                3.056538598809415,
                42.90510896839496
              ]
            ]
          ]
        ]
      }
    },
    {
      "type": "Feature",
      "properties": {
        "info": false,
        "cara": false,
        "regl": false,
        "tech": false,
        "projet": "Pratique de nettoyage des plages",
        "ID": null
      },
      "geometry": {
        "type": "MultiPolygon",
        "coordinates": [
          [
            [
              [
                3.039951414121414,
                42.930295219274285
              ],
              [
                3.040270332243052,
                42.930593170561956
              ],
              [
                3.04105358155719,
                42.93194128856911
              ],
              [
                3.042127289591276,
                42.93421189035354
              ],
              [
                3.042473418692325,
                42.932054287519506
              ],
              [
                3.040067127799274,
                42.930032590487954
              ],
              [
                3.039951414121414,
                42.930295219274285
              ]
            ]
          ]
        ]
      }
    },
    {
      "type": "Feature",
      "properties": {
        "info": false,
        "cara": false,
        "regl": false,
        "tech": false,
        "projet": "Pratique de nettoyage des plages",
        "ID": null
      },
      "geometry": {
        "type": "MultiPolygon",
        "coordinates": [
          [
            [
              [
                3.040933322607581,
                42.93076034268014
              ],
              [
                3.041902103150692,
                42.930003502976454
              ],
              [
                3.040549852820956,
                42.929791114493526
              ],
              [
                3.040067127799274,
                42.93003259048784
              ],
              [
                3.040933322607581,
                42.93076034268014
              ]
            ]
          ]
        ]
      }
    },
    {
      "type": "Feature",
      "properties": {
        "info": false,
        "cara": false,
        "regl": false,
        "tech": false,
        "projet": "Pratique de nettoyage des plages",
        "ID": null
      },
      "geometry": {
        "type": "MultiPolygon",
        "coordinates": [
          [
            [
              [
                3.042680990933337,
                42.94157384358926
              ],
              [
                3.039341030582558,
                42.94168604481351
              ],
              [
                3.039394342507871,
                42.94195571069382
              ],
              [
                3.042726904591003,
                42.94183378879204
              ],
              [
                3.042680990933337,
                42.94157384358926
              ]
            ]
          ]
        ]
      }
    },
    {
      "type": "Feature",
      "properties": {
        "info": false,
        "cara": false,
        "regl": false,
        "tech": false,
        "projet": "Pratique de nettoyage des plages",
        "ID": null
      },
      "geometry": {
        "type": "MultiPolygon",
        "coordinates": [
          [
            [
              [
                3.039951414121414,
                42.93029521927417
              ],
              [
                3.039392570293466,
                42.932232884138095
              ],
              [
                3.038931470028626,
                42.935951846328315
              ],
              [
                3.039011012325649,
                42.93932996928516
              ],
              [
                3.039341030582558,
                42.94168604481361
              ],
              [
                3.042680990933337,
                42.94157384358938
              ],
              [
                3.042566793444923,
                42.9408473719912
              ],
              [
                3.042371060134641,
                42.93736993556329
              ],
              [
                3.042388978308994,
                42.93545375198366
              ],
              [
                3.042156301392152,
                42.93426155753302
              ],
              [
                3.04105358155719,
                42.93194128856899
              ],
              [
                3.040270332243052,
                42.93059317056184
              ],
              [
                3.039951414121414,
                42.93029521927417
              ]
            ]
          ]
        ]
      }
    },
    {
      "type": "Feature",
      "properties": {
        "info": false,
        "cara": false,
        "regl": false,
        "tech": false,
        "projet": "Pratique de nettoyage des plages",
        "ID": null
      },
      "geometry": {
        "type": "MultiPolygon",
        "coordinates": [
          [
            [
              [
                3.041526196652328,
                42.951294578136505
              ],
              [
                3.041623157092984,
                42.95177713964279
              ],
              [
                3.045450676673271,
                42.95377695813924
              ],
              [
                3.045411684860838,
                42.95333695708637
              ],
              [
                3.041526196652328,
                42.951294578136505
              ]
            ]
          ]
        ]
      }
    },
    {
      "type": "Feature",
      "properties": {
        "info": false,
        "cara": false,
        "regl": false,
        "tech": false,
        "projet": "Pratique de nettoyage des plages",
        "ID": null
      },
      "geometry": {
        "type": "MultiPolygon",
        "coordinates": [
          [
            [
              [
                3.039500944042114,
                42.94245955757867
              ],
              [
                3.040072978823672,
                42.94549686059067
              ],
              [
                3.04077074571723,
                42.94864767347027
              ],
              [
                3.041526196652328,
                42.951294578136626
              ],
              [
                3.045411684860838,
                42.953336957086485
              ],
              [
                3.043211778384878,
                42.9443601240161
              ],
              [
                3.039500944042114,
                42.94245955757867
              ]
            ]
          ]
        ]
      }
    },
    {
      "type": "Feature",
      "properties": {
        "info": false,
        "cara": false,
        "regl": false,
        "tech": false,
        "projet": "Pratique de nettoyage des plages",
        "ID": null
      },
      "geometry": {
        "type": "MultiPolygon",
        "coordinates": [
          [
            [
              [
                3.039394342507871,
                42.941955710693705
              ],
              [
                3.039500944042114,
                42.942459557578786
              ],
              [
                3.043211778384878,
                42.944360124016214
              ],
              [
                3.043121850944353,
                42.943892458218905
              ],
              [
                3.039394342507871,
                42.941955710693705
              ]
            ]
          ]
        ]
      }
    },
    {
      "type": "Feature",
      "properties": {
        "info": false,
        "cara": false,
        "regl": false,
        "tech": false,
        "projet": "Pratique de nettoyage des plages",
        "ID": null
      },
      "geometry": {
        "type": "MultiPolygon",
        "coordinates": [
          [
            [
              [
                3.039394342507871,
                42.941955710693705
              ],
              [
                3.043134153312871,
                42.94389885031233
              ],
              [
                3.042726904591003,
                42.941833788791925
              ],
              [
                3.039394342507871,
                42.941955710693705
              ]
            ]
          ]
        ]
      }
    },
    {
      "type": "Feature",
      "properties": {
        "info": false,
        "cara": false,
        "regl": false,
        "tech": false,
        "projet": "Pratique de nettoyage des plages",
        "ID": null
      },
      "geometry": {
        "type": "MultiPolygon",
        "coordinates": [
          [
            [
              [
                3.037668188667042,
                42.700107235609934
              ],
              [
                3.038771693144119,
                42.70009726591567
              ],
              [
                3.040031217314083,
                42.70042237719835
              ],
              [
                3.04153754148398,
                42.70091016580872
              ],
              [
                3.041068396647107,
                42.698401506738634
              ],
              [
                3.039122059255082,
                42.69985774524516
              ],
              [
                3.037642081361874,
                42.699887003040885
              ],
              [
                3.037668188667042,
                42.700107235609934
              ]
            ]
          ]
        ]
      }
    },
    {
      "type": "Feature",
      "properties": {
        "info": false,
        "cara": false,
        "regl": false,
        "tech": false,
        "projet": "Pratique de nettoyage des plages",
        "ID": null
      },
      "geometry": {
        "type": "MultiPolygon",
        "coordinates": [
          [
            [
              [
                3.041706892065538,
                42.70171446217116
              ],
              [
                3.04153754148398,
                42.70091016580883
              ],
              [
                3.040031217314084,
                42.700422377198464
              ],
              [
                3.039473876239057,
                42.70176318752906
              ],
              [
                3.041109640931118,
                42.701657238715455
              ],
              [
                3.041213415447674,
                42.70153271415651
              ],
              [
                3.041226344019225,
                42.70145610324152
              ],
              [
                3.040693708765148,
                42.70096794431035
              ],
              [
                3.040758581918547,
                42.700910465208985
              ],
              [
                3.040823515352039,
                42.700939167678655
              ],
              [
                3.041706892065538,
                42.70171446217116
              ]
            ]
          ]
        ]
      }
    },
    {
      "type": "Feature",
      "properties": {
        "info": false,
        "cara": false,
        "regl": false,
        "tech": false,
        "projet": "Pratique de nettoyage des plages",
        "ID": null
      },
      "geometry": {
        "type": "MultiPolygon",
        "coordinates": [
          [
            [
              [
                3.038198163684966,
                42.705261015792125
              ],
              [
                3.041676850446479,
                42.705089929082504
              ],
              [
                3.04120793695589,
                42.702964290737874
              ],
              [
                3.040870443105317,
                42.703060177668
              ],
              [
                3.039390727974366,
                42.70359697481223
              ],
              [
                3.038171117575301,
                42.70484226626056
              ],
              [
                3.038198163684966,
                42.705261015792125
              ]
            ]
          ]
        ]
      }
    },
    {
      "type": "Feature",
      "properties": {
        "info": false,
        "cara": false,
        "regl": false,
        "tech": false,
        "projet": "Pratique de nettoyage des plages",
        "ID": null
      },
      "geometry": {
        "type": "MultiPolygon",
        "coordinates": [
          [
            [
              [
                3.038980442406451,
                42.71133436823336
              ],
              [
                3.042797844523621,
                42.711083938873784
              ],
              [
                3.041676850446479,
                42.70508992908263
              ],
              [
                3.038145426476436,
                42.705263609482365
              ],
              [
                3.038980442406451,
                42.71133436823336
              ]
            ]
          ]
        ]
      }
    },
    {
      "type": "Feature",
      "properties": {
        "info": false,
        "cara": false,
        "regl": false,
        "tech": false,
        "projet": "Pratique de nettoyage des plages",
        "ID": null
      },
      "geometry": {
        "type": "MultiPolygon",
        "coordinates": [
          [
            [
              [
                3.034887275476581,
                42.67399070059096
              ],
              [
                3.034952356956014,
                42.67432103385555
              ],
              [
                3.038773384964865,
                42.67550304521659
              ],
              [
                3.038467911102173,
                42.672591452500626
              ],
              [
                3.035536108568945,
                42.6739904870913
              ],
              [
                3.034887275476581,
                42.67399070059096
              ]
            ]
          ]
        ]
      }
    },
    {
      "type": "Feature",
      "properties": {
        "info": false,
        "cara": false,
        "regl": false,
        "tech": false,
        "projet": "Pratique de nettoyage des plages",
        "ID": null
      },
      "geometry": {
        "type": "MultiPolygon",
        "coordinates": [
          [
            [
              [
                3.034952356956014,
                42.67432103385567
              ],
              [
                3.036043490398354,
                42.68656780074501
              ],
              [
                3.03678974304766,
                42.6864622151014
              ],
              [
                3.039702772304658,
                42.685206770681866
              ],
              [
                3.038768268898063,
                42.675449628405886
              ],
              [
                3.034952356956014,
                42.67432103385567
              ]
            ]
          ]
        ]
      }
    },
    {
      "type": "Feature",
      "properties": {
        "info": false,
        "cara": false,
        "regl": false,
        "tech": false,
        "projet": "Pratique de nettoyage des plages",
        "ID": null
      },
      "geometry": {
        "type": "MultiPolygon",
        "coordinates": [
          [
            [
              [
                3.036115002111986,
                42.686768864387865
              ],
              [
                3.039931922647245,
                42.68814639689761
              ],
              [
                3.039702772304658,
                42.68520677068199
              ],
              [
                3.036789743047661,
                42.686462215101514
              ],
              [
                3.036043490398354,
                42.686567800745145
              ],
              [
                3.036115002111986,
                42.686768864387865
              ]
            ]
          ]
        ]
      }
    },
    {
      "type": "Feature",
      "properties": {
        "info": false,
        "cara": false,
        "regl": false,
        "tech": false,
        "projet": "Pratique de nettoyage des plages",
        "ID": null
      },
      "geometry": {
        "type": "MultiPolygon",
        "coordinates": [
          [
            [
              [
                3.036115002111986,
                42.68676886438798
              ],
              [
                3.037642081361874,
                42.69988700304076
              ],
              [
                3.039122059255082,
                42.699857745245055
              ],
              [
                3.039168275560538,
                42.69982316646959
              ],
              [
                3.041068396647107,
                42.69840150673851
              ],
              [
                3.039931922647245,
                42.68814639689773
              ],
              [
                3.036115002111986,
                42.68676886438798
              ]
            ]
          ]
        ]
      }
    },
    {
      "type": "Feature",
      "properties": {
        "info": false,
        "cara": false,
        "regl": false,
        "tech": false,
        "projet": "Pratique de nettoyage des plages",
        "ID": null
      },
      "geometry": {
        "type": "MultiPolygon",
        "coordinates": [
          [
            [
              [
                3.037668188667042,
                42.70010723560982
              ],
              [
                3.037915155020199,
                42.700566783537106
              ],
              [
                3.038512759093088,
                42.70117941734578
              ],
              [
                3.039097277172917,
                42.70161968956762
              ],
              [
                3.039473876239057,
                42.70176318752894
              ],
              [
                3.040031217314083,
                42.70042237719835
              ],
              [
                3.038771693144119,
                42.70009726591555
              ],
              [
                3.037668188667042,
                42.70010723560982
              ]
            ]
          ]
        ]
      }
    },
    {
      "type": "Feature",
      "properties": {
        "info": false,
        "cara": false,
        "regl": false,
        "tech": false,
        "projet": "Pratique de nettoyage des plages",
        "ID": null
      },
      "geometry": {
        "type": "MultiPolygon",
        "coordinates": [
          [
            [
              [
                3.034887275476581,
                42.67399070059084
              ],
              [
                3.035458248598113,
                42.67399051291885
              ],
              [
                3.03720147693647,
                42.67319578556337
              ],
              [
                3.037117992502927,
                42.67199824975967
              ],
              [
                3.034808294310261,
                42.67211393169767
              ],
              [
                3.034887275476581,
                42.67399070059084
              ]
            ]
          ]
        ]
      }
    },
    {
      "type": "Feature",
      "properties": {
        "info": false,
        "cara": false,
        "regl": false,
        "tech": false,
        "projet": "Pratique de nettoyage des plages",
        "ID": null
      },
      "geometry": {
        "type": "MultiPolygon",
        "coordinates": [
          [
            [
              [
                3.034322611865092,
                42.662672713733315
              ],
              [
                3.037969144166498,
                42.663897132133926
              ],
              [
                3.037680035644698,
                42.658219038166585
              ],
              [
                3.03490378722009,
                42.658229555308566
              ],
              [
                3.034851940417663,
                42.65830617498915
              ],
              [
                3.034579748149732,
                42.6587180033411
              ],
              [
                3.034437212012071,
                42.659005309896536
              ],
              [
                3.034385516441491,
                42.65934046396652
              ],
              [
                3.034295626734943,
                42.66091085255407
              ],
              [
                3.034322611865092,
                42.662672713733315
              ]
            ]
          ]
        ]
      }
    },
    {
      "type": "Feature",
      "properties": {
        "info": false,
        "cara": false,
        "regl": false,
        "tech": false,
        "projet": "Pratique de nettoyage des plages",
        "ID": null
      },
      "geometry": {
        "type": "MultiPolygon",
        "coordinates": [
          [
            [
              [
                3.037969356285331,
                42.664222695677076
              ],
              [
                3.037969144166498,
                42.663897132134046
              ],
              [
                3.034322611865093,
                42.662672713733436
              ],
              [
                3.034348780255613,
                42.66304614551905
              ],
              [
                3.037969356285331,
                42.664222695677076
              ]
            ]
          ]
        ]
      }
    },
    {
      "type": "Feature",
      "properties": {
        "info": false,
        "cara": false,
        "regl": false,
        "tech": false,
        "projet": "Pratique de nettoyage des plages",
        "ID": null
      },
      "geometry": {
        "type": "MultiPolygon",
        "coordinates": [
          [
            [
              [
                3.03490378722009,
                42.65822955530869
              ],
              [
                3.037680035644698,
                42.658219038166706
              ],
              [
                3.037705696981104,
                42.65777856326073
              ],
              [
                3.035098142317951,
                42.657827327231786
              ],
              [
                3.03490378722009,
                42.65822955530869
              ]
            ]
          ]
        ]
      }
    },
    {
      "type": "Feature",
      "properties": {
        "info": false,
        "cara": false,
        "regl": false,
        "tech": false,
        "projet": "Pratique de nettoyage des plages",
        "ID": null
      },
      "geometry": {
        "type": "MultiPolygon",
        "coordinates": [
          [
            [
              [
                3.034808294310261,
                42.67211393169756
              ],
              [
                3.037092576867183,
                42.671999522709406
              ],
              [
                3.037091899890515,
                42.6717780229497
              ],
              [
                3.034782204638397,
                42.671884128825454
              ],
              [
                3.034808294310261,
                42.67211393169756
              ]
            ]
          ]
        ]
      }
    },
    {
      "type": "Feature",
      "properties": {
        "info": false,
        "cara": false,
        "regl": false,
        "tech": false,
        "projet": "Pratique de nettoyage des plages",
        "ID": null
      },
      "geometry": {
        "type": "MultiPolygon",
        "coordinates": [
          [
            [
              [
                3.039015276170922,
                42.64704418959114
              ],
              [
                3.039011710004105,
                42.641715581195086
              ],
              [
                3.035496544290052,
                42.640998666236705
              ],
              [
                3.035521336064649,
                42.64371324025024
              ],
              [
                3.039015276170922,
                42.64704418959114
              ]
            ]
          ]
        ]
      }
    },
    {
      "type": "Feature",
      "properties": {
        "info": false,
        "cara": false,
        "regl": false,
        "tech": false,
        "projet": "Pratique de nettoyage des plages",
        "ID": null
      },
      "geometry": {
        "type": "MultiPolygon",
        "coordinates": [
          [
            [
              [
                3.035521336064649,
                42.64371324025036
              ],
              [
                3.035511487957581,
                42.644239867538005
              ],
              [
                3.039002593809868,
                42.64747508029268
              ],
              [
                3.039015276170923,
                42.64704418959128
              ],
              [
                3.035521336064649,
                42.64371324025036
              ]
            ]
          ]
        ]
      }
    },
    {
      "type": "Feature",
      "properties": {
        "info": false,
        "cara": false,
        "regl": false,
        "tech": false,
        "projet": "Pratique de nettoyage des plages",
        "ID": null
      },
      "geometry": {
        "type": "MultiPolygon",
        "coordinates": [
          [
            [
              [
                3.039033807383553,
                42.6414133397154
              ],
              [
                3.035533695804567,
                42.64073866671844
              ],
              [
                3.035496544290052,
                42.64099866623682
              ],
              [
                3.039011710004105,
                42.641715581195214
              ],
              [
                3.039033807383553,
                42.6414133397154
              ]
            ]
          ]
        ]
      }
    },
    {
      "type": "Feature",
      "properties": {
        "info": false,
        "cara": false,
        "regl": false,
        "tech": false,
        "projet": "Pratique de nettoyage des plages",
        "ID": null
      },
      "geometry": {
        "type": "MultiPolygon",
        "coordinates": [
          [
            [
              [
                3.040408614846332,
                42.79528845036838
              ],
              [
                3.040434775462513,
                42.79550870188467
              ],
              [
                3.044127783493328,
                42.79542105634994
              ],
              [
                3.04408861247902,
                42.795210387677784
              ],
              [
                3.040408614846332,
                42.79528845036838
              ]
            ]
          ]
        ]
      }
    },
    {
      "type": "Feature",
      "properties": {
        "info": false,
        "cara": false,
        "regl": false,
        "tech": false,
        "projet": "Pratique de nettoyage des plages",
        "ID": null
      },
      "geometry": {
        "type": "MultiPolygon",
        "coordinates": [
          [
            [
              [
                3.040212658249178,
                42.79398610984624
              ],
              [
                3.040408614846332,
                42.7952884503685
              ],
              [
                3.04408861247902,
                42.79521038767791
              ],
              [
                3.043931569527691,
                42.7938888848678
              ],
              [
                3.040212658249178,
                42.79398610984624
              ]
            ]
          ]
        ]
      }
    },
    {
      "type": "Feature",
      "properties": {
        "info": false,
        "cara": false,
        "regl": false,
        "tech": false,
        "projet": "Pratique de nettoyage des plages",
        "ID": null
      },
      "geometry": {
        "type": "MultiPolygon",
        "coordinates": [
          [
            [
              [
                3.040173495768877,
                42.79376586345768
              ],
              [
                3.040212658249178,
                42.793986109846344
              ],
              [
                3.043931569527691,
                42.793888884867904
              ],
              [
                3.043892382185977,
                42.793654275011974
              ],
              [
                3.040173495768877,
                42.79376586345768
              ]
            ]
          ]
        ]
      }
    },
    {
      "type": "Feature",
      "properties": {
        "info": false,
        "cara": false,
        "regl": false,
        "tech": false,
        "projet": "Pratique de nettoyage des plages",
        "ID": null
      },
      "geometry": {
        "type": "MultiPolygon",
        "coordinates": [
          [
            [
              [
                3.043473808168692,
                42.79035532340216
              ],
              [
                3.03966411660112,
                42.7904717189736
              ],
              [
                3.040186482614612,
                42.79374191717294
              ],
              [
                3.043892382185977,
                42.7936542750121
              ],
              [
                3.043473808168692,
                42.79035532340216
              ]
            ]
          ]
        ]
      }
    },
    {
      "type": "Feature",
      "properties": {
        "info": false,
        "cara": false,
        "regl": false,
        "tech": false,
        "projet": "Pratique de nettoyage des plages",
        "ID": null
      },
      "geometry": {
        "type": "MultiPolygon",
        "coordinates": [
          [
            [
              [
                3.039096363758211,
                42.78729252151041
              ],
              [
                3.03966411660112,
                42.790471718973706
              ],
              [
                3.043473808168692,
                42.79035532340229
              ],
              [
                3.043035888638215,
                42.7872048238635
              ],
              [
                3.039096363758211,
                42.78729252151041
              ]
            ]
          ]
        ]
      }
    },
    {
      "type": "Feature",
      "properties": {
        "info": false,
        "cara": false,
        "regl": false,
        "tech": false,
        "projet": "Pratique de nettoyage des plages",
        "ID": null
      },
      "geometry": {
        "type": "MultiPolygon",
        "coordinates": [
          [
            [
              [
                3.043009728988731,
                42.786994151172074
              ],
              [
                3.039083226670955,
                42.78709141960765
              ],
              [
                3.039096363758211,
                42.787292521510544
              ],
              [
                3.043035888638215,
                42.7872048238636
              ],
              [
                3.043009728988731,
                42.786994151172074
              ]
            ]
          ]
        ]
      }
    },
    {
      "type": "Feature",
      "properties": {
        "info": false,
        "cara": false,
        "regl": false,
        "tech": false,
        "projet": "Pratique de nettoyage des plages",
        "ID": null
      },
      "geometry": {
        "type": "MultiPolygon",
        "coordinates": [
          [
            [
              [
                3.042786904080116,
                42.784557021874335
              ],
              [
                3.038917248190486,
                42.78462969951372
              ],
              [
                3.039083226670955,
                42.78709141960776
              ],
              [
                3.043009728988731,
                42.78699415117219
              ],
              [
                3.042786904080116,
                42.784557021874335
              ]
            ]
          ]
        ]
      }
    },
    {
      "type": "Feature",
      "properties": {
        "info": false,
        "cara": false,
        "regl": false,
        "tech": false,
        "projet": "Pratique de nettoyage des plages",
        "ID": null
      },
      "geometry": {
        "type": "MultiPolygon",
        "coordinates": [
          [
            [
              [
                3.042538232843904,
                42.7823066489394
              ],
              [
                3.038667641196181,
                42.78231635489179
              ],
              [
                3.038916965857558,
                42.78462537719752
              ],
              [
                3.042786904080116,
                42.78455702187444
              ],
              [
                3.042538232843904,
                42.7823066489394
              ]
            ]
          ]
        ]
      }
    },
    {
      "type": "Feature",
      "properties": {
        "info": false,
        "cara": false,
        "regl": false,
        "tech": false,
        "projet": "Pratique de nettoyage des plages",
        "ID": null
      },
      "geometry": {
        "type": "MultiPolygon",
        "coordinates": [
          [
            [
              [
                3.042499090413262,
                42.78211513515765
              ],
              [
                3.038642325677511,
                42.78214601066128
              ],
              [
                3.038669047618233,
                42.78232581846077
              ],
              [
                3.042538232843904,
                42.782306648939525
              ],
              [
                3.042499090413262,
                42.78211513515765
              ]
            ]
          ]
        ]
      }
    },
    {
      "type": "Feature",
      "properties": {
        "info": false,
        "cara": false,
        "regl": false,
        "tech": false,
        "projet": "Pratique de nettoyage des plages",
        "ID": null
      },
      "geometry": {
        "type": "MultiPolygon",
        "coordinates": [
          [
            [
              [
                3.03864076600119,
                42.78213551580731
              ],
              [
                3.042499090413262,
                42.78211513515778
              ],
              [
                3.042446549147799,
                42.781377768459606
              ],
              [
                3.039001147009149,
                42.78102474848685
              ],
              [
                3.03864076600119,
                42.78213551580731
              ]
            ]
          ]
        ]
      }
    },
    {
      "type": "Feature",
      "properties": {
        "info": false,
        "cara": false,
        "regl": false,
        "tech": false,
        "projet": "Pratique de nettoyage des plages",
        "ID": null
      },
      "geometry": {
        "type": "MultiPolygon",
        "coordinates": [
          [
            [
              [
                3.045239905782542,
                42.820880234078786
              ],
              [
                3.045226713769535,
                42.82064560792819
              ],
              [
                3.041376066702898,
                42.8208386984667
              ],
              [
                3.041389243216902,
                42.82107332513195
              ],
              [
                3.045239905782542,
                42.820880234078786
              ]
            ]
          ]
        ]
      }
    },
    {
      "type": "Feature",
      "properties": {
        "info": false,
        "cara": false,
        "regl": false,
        "tech": false,
        "projet": "Pratique de nettoyage des plages",
        "ID": null
      },
      "geometry": {
        "type": "MultiPolygon",
        "coordinates": [
          [
            [
              [
                3.041534564854478,
                42.8241761588567
              ],
              [
                3.045528581652435,
                42.82403088554053
              ],
              [
                3.045239905782542,
                42.820880234078906
              ],
              [
                3.041389243216902,
                42.82107332513207
              ],
              [
                3.041534564854478,
                42.8241761588567
              ]
            ]
          ]
        ]
      }
    },
    {
      "type": "Feature",
      "properties": {
        "info": false,
        "cara": false,
        "regl": false,
        "tech": false,
        "projet": "Pratique de nettoyage des plages",
        "ID": null
      },
      "geometry": {
        "type": "MultiPolygon",
        "coordinates": [
          [
            [
              [
                3.045843363427539,
                42.82724857216651
              ],
              [
                3.045528581652435,
                42.824030885540644
              ],
              [
                3.041534564854479,
                42.82417615885681
              ],
              [
                3.041901149243648,
                42.82736510673131
              ],
              [
                3.045843363427539,
                42.82724857216651
              ]
            ]
          ]
        ]
      }
    },
    {
      "type": "Feature",
      "properties": {
        "info": false,
        "cara": false,
        "regl": false,
        "tech": false,
        "projet": "Pratique de nettoyage des plages",
        "ID": null
      },
      "geometry": {
        "type": "MultiPolygon",
        "coordinates": [
          [
            [
              [
                3.041927323045507,
                42.827575787491035
              ],
              [
                3.045882569955127,
                42.82746882323774
              ],
              [
                3.045843363427539,
                42.82724857216663
              ],
              [
                3.041901149243648,
                42.827365106731435
              ],
              [
                3.041927323045507,
                42.827575787491035
              ]
            ]
          ]
        ]
      }
    },
    {
      "type": "Feature",
      "properties": {
        "info": false,
        "cara": false,
        "regl": false,
        "tech": false,
        "projet": "Pratique de nettoyage des plages",
        "ID": null
      },
      "geometry": {
        "type": "MultiPolygon",
        "coordinates": [
          [
            [
              [
                3.042372156592493,
                42.830951462445874
              ],
              [
                3.046236466805405,
                42.830739174972926
              ],
              [
                3.045882569955127,
                42.82746882323785
              ],
              [
                3.041927323045507,
                42.82757578749115
              ],
              [
                3.042372156592493,
                42.830951462445874
              ]
            ]
          ]
        ]
      }
    },
    {
      "type": "Feature",
      "properties": {
        "info": false,
        "cara": false,
        "regl": false,
        "tech": false,
        "projet": "Pratique de nettoyage des plages",
        "ID": null
      },
      "geometry": {
        "type": "MultiPolygon",
        "coordinates": [
          [
            [
              [
                3.046603385161031,
                42.83397122195572
              ],
              [
                3.046236466805405,
                42.83073917497305
              ],
              [
                3.042372156592493,
                42.830951462445995
              ],
              [
                3.042777863429289,
                42.834135623114754
              ],
              [
                3.046603385161031,
                42.83397122195572
              ]
            ]
          ]
        ]
      }
    },
    {
      "type": "Feature",
      "properties": {
        "info": false,
        "cara": false,
        "regl": false,
        "tech": false,
        "projet": "Pratique de nettoyage des plages",
        "ID": null
      },
      "geometry": {
        "type": "MultiPolygon",
        "coordinates": [
          [
            [
              [
                3.042804050512611,
                42.83435588187895
              ],
              [
                3.04662958666917,
                42.834191479752974
              ],
              [
                3.046603385161032,
                42.83397122195584
              ],
              [
                3.042777863429289,
                42.834135623114875
              ],
              [
                3.042804050512611,
                42.83435588187895
              ]
            ]
          ]
        ]
      }
    },
    {
      "type": "Feature",
      "properties": {
        "info": false,
        "cara": false,
        "regl": false,
        "tech": false,
        "projet": "Pratique de nettoyage des plages",
        "ID": null
      },
      "geometry": {
        "type": "MultiPolygon",
        "coordinates": [
          [
            [
              [
                3.046891967719269,
                42.83656895422862
              ],
              [
                3.04662958666917,
                42.834191479753095
              ],
              [
                3.042804050512612,
                42.834355881879056
              ],
              [
                3.043405514025802,
                42.83822472397122
              ],
              [
                3.046891967719269,
                42.83656895422862
              ]
            ]
          ]
        ]
      }
    },
    {
      "type": "Feature",
      "properties": {
        "info": false,
        "cara": false,
        "regl": false,
        "tech": false,
        "projet": "Pratique de nettoyage des plages",
        "ID": null
      },
      "geometry": {
        "type": "MultiPolygon",
        "coordinates": [
          [
            [
              [
                3.043706612898412,
                42.80600340353664
              ],
              [
                3.043509435524681,
                42.80321667480239
              ],
              [
                3.039334701137867,
                42.80326617065431
              ],
              [
                3.039347739056773,
                42.80331404912644
              ],
              [
                3.039451887229666,
                42.803467237292054
              ],
              [
                3.039581769403264,
                42.803628545996766
              ],
              [
                3.039615830108025,
                42.80379043385569
              ],
              [
                3.039543264825597,
                42.803965189686295
              ],
              [
                3.039452329095013,
                42.80411844970333
              ],
              [
                3.039348413069039,
                42.804310021067806
              ],
              [
                3.039335562813657,
                42.80453986564732
              ],
              [
                3.039361723527533,
                42.804760119297676
              ],
              [
                3.039478938734105,
                42.80499949283574
              ],
              [
                3.039648165670031,
                42.80521969374508
              ],
              [
                3.039758748757082,
                42.80531530917431
              ],
              [
                3.039759814642228,
                42.80541106980597
              ],
              [
                3.039687418855765,
                42.805564439329515
              ],
              [
                3.039596481003889,
                42.8057176996937
              ],
              [
                3.039492562594559,
                42.80590927147893
              ],
              [
                3.03946666089313,
                42.8060720844862
              ],
              [
                3.043706612898412,
                42.80600340353664
              ]
            ]
          ]
        ]
      }
    },
    {
      "type": "Feature",
      "properties": {
        "info": false,
        "cara": false,
        "regl": false,
        "tech": false,
        "projet": "Pratique de nettoyage des plages",
        "ID": null
      },
      "geometry": {
        "type": "MultiPolygon",
        "coordinates": [
          [
            [
              [
                3.039466820160226,
                42.806306713003195
              ],
              [
                3.043719809857482,
                42.80625718007942
              ],
              [
                3.043706612898412,
                42.80600340353676
              ],
              [
                3.03946666089313,
                42.80607208448631
              ],
              [
                3.039466820160226,
                42.806306713003195
              ]
            ]
          ]
        ]
      }
    },
    {
      "type": "Feature",
      "properties": {
        "info": false,
        "cara": false,
        "regl": false,
        "tech": false,
        "projet": "Pratique de nettoyage des plages",
        "ID": null
      },
      "geometry": {
        "type": "MultiPolygon",
        "coordinates": [
          [
            [
              [
                3.039677892930957,
                42.81066403212565
              ],
              [
                3.043890430096559,
                42.80829694458596
              ],
              [
                3.043719809857482,
                42.80625718007954
              ],
              [
                3.039466820160226,
                42.80630671300331
              ],
              [
                3.03955806551475,
                42.80660355642977
              ],
              [
                3.039662252799155,
                42.80680462825016
              ],
              [
                3.039792381408521,
                42.806900346868005
              ],
              [
                3.039935483905714,
                42.806948177088685
              ],
              [
                3.039870537587349,
                42.80707269814367
              ],
              [
                3.039727500274525,
                42.80712063464995
              ],
              [
                3.039584488806642,
                42.80720687769924
              ],
              [
                3.039467548254748,
                42.80737930115253
              ],
              [
                3.039415639377712,
                42.807551700623364
              ],
              [
                3.039363762612364,
                42.80777198353559
              ],
              [
                3.039677892930957,
                42.81066403212565
              ]
            ]
          ]
        ]
      }
    },
    {
      "type": "Feature",
      "properties": {
        "info": false,
        "cara": false,
        "regl": false,
        "tech": false,
        "projet": "Pratique de nettoyage des plages",
        "ID": null
      },
      "geometry": {
        "type": "MultiPolygon",
        "coordinates": [
          [
            [
              [
                3.039912909573518,
                42.81195680232596
              ],
              [
                3.044349410064985,
                42.81320961154327
              ],
              [
                3.043864424041833,
                42.80830653192144
              ],
              [
                3.039677892930958,
                42.81066403212575
              ],
              [
                3.039912909573518,
                42.81195680232596
              ]
            ]
          ]
        ]
      }
    },
    {
      "type": "Feature",
      "properties": {
        "info": false,
        "cara": false,
        "regl": false,
        "tech": false,
        "projet": "Pratique de nettoyage des plages",
        "ID": null
      },
      "geometry": {
        "type": "MultiPolygon",
        "coordinates": [
          [
            [
              [
                3.039939102129049,
                42.812215364240096
              ],
              [
                3.044401660454209,
                42.81349689211637
              ],
              [
                3.044349410064985,
                42.813209611543385
              ],
              [
                3.039912909573519,
                42.81195680232608
              ],
              [
                3.039939102129049,
                42.812215364240096
              ]
            ]
          ]
        ]
      }
    },
    {
      "type": "Feature",
      "properties": {
        "info": false,
        "cara": false,
        "regl": false,
        "tech": false,
        "projet": "Pratique de nettoyage des plages",
        "ID": null
      },
      "geometry": {
        "type": "MultiPolygon",
        "coordinates": [
          [
            [
              [
                3.039978460549164,
                42.812703762888
              ],
              [
                3.044441064554,
                42.8139948664409
              ],
              [
                3.044401660454209,
                42.81349689211649
              ],
              [
                3.039939102129049,
                42.81221536424022
              ],
              [
                3.039978460549164,
                42.812703762888
              ]
            ]
          ]
        ]
      }
    },
    {
      "type": "Feature",
      "properties": {
        "info": false,
        "cara": false,
        "regl": false,
        "tech": false,
        "projet": "Pratique de nettoyage des plages",
        "ID": null
      },
      "geometry": {
        "type": "MultiPolygon",
        "coordinates": [
          [
            [
              [
                3.044807662981285,
                42.81707843027107
              ],
              [
                3.044493352750277,
                42.814330030901104
              ],
              [
                3.040017694378009,
                42.81301020377923
              ],
              [
                3.040605013891238,
                42.81583512393986
              ],
              [
                3.044807662981285,
                42.81707843027107
              ]
            ]
          ]
        ]
      }
    },
    {
      "type": "Feature",
      "properties": {
        "info": false,
        "cara": false,
        "regl": false,
        "tech": false,
        "projet": "Pratique de nettoyage des plages",
        "ID": null
      },
      "geometry": {
        "type": "MultiPolygon",
        "coordinates": [
          [
            [
              [
                3.040644239744742,
                42.81612241195699
              ],
              [
                3.044872957334929,
                42.81740401328394
              ],
              [
                3.044807662981285,
                42.81707843027119
              ],
              [
                3.040605013891238,
                42.81583512393997
              ],
              [
                3.040644239744742,
                42.81612241195699
              ]
            ]
          ]
        ]
      }
    },
    {
      "type": "Feature",
      "properties": {
        "info": false,
        "cara": false,
        "regl": false,
        "tech": false,
        "projet": "Pratique de nettoyage des plages",
        "ID": null
      },
      "geometry": {
        "type": "MultiPolygon",
        "coordinates": [
          [
            [
              [
                3.041376066702898,
                42.820838698466595
              ],
              [
                3.045226713769535,
                42.820645607928085
              ],
              [
                3.044872957334929,
                42.817404013284055
              ],
              [
                3.040644239744742,
                42.81612241195711
              ],
              [
                3.041376066702898,
                42.820838698466595
              ]
            ]
          ]
        ]
      }
    },
    {
      "type": "Feature",
      "properties": {
        "info": false,
        "cara": false,
        "regl": false,
        "tech": false,
        "projet": "Pratique de nettoyage des plages",
        "ID": null
      },
      "geometry": {
        "type": "MultiPolygon",
        "coordinates": [
          [
            [
              [
                3.039112441376755,
                42.801532879526675
              ],
              [
                3.042220625037044,
                42.801474240964296
              ],
              [
                3.040645486617387,
                42.799300955563574
              ],
              [
                3.039475076583064,
                42.79931096944527
              ],
              [
                3.039488224289751,
                42.79952165017838
              ],
              [
                3.039345315395787,
                42.79973238832608
              ],
              [
                3.039176318496305,
                42.79982821640486
              ],
              [
                3.038981279404449,
                42.799876170589734
              ],
              [
                3.03902073067948,
                42.80052736666513
              ],
              [
                3.039151018282815,
                42.8008816544224
              ],
              [
                3.03925513571961,
                42.8009965359221
              ],
              [
                3.040074457782613,
                42.801005809484266
              ],
              [
                3.040061505557794,
                42.80108242737495
              ],
              [
                3.039281229838763,
                42.80112102257517
              ],
              [
                3.039125304737398,
                42.80132218887116
              ],
              [
                3.039112441376755,
                42.801532879526675
              ]
            ]
          ]
        ]
      }
    },
    {
      "type": "Feature",
      "properties": {
        "info": false,
        "cara": false,
        "regl": false,
        "tech": false,
        "projet": "Pratique de nettoyage des plages",
        "ID": null
      },
      "geometry": {
        "type": "MultiPolygon",
        "coordinates": [
          [
            [
              [
                3.042389618886371,
                42.80166872140968
              ],
              [
                3.042220625037044,
                42.8014742409644
              ],
              [
                3.039112441376755,
                42.80153287952679
              ],
              [
                3.039099558603712,
                42.80171484031655
              ],
              [
                3.042389618886371,
                42.80166872140968
              ]
            ]
          ]
        ]
      }
    },
    {
      "type": "Feature",
      "properties": {
        "info": false,
        "cara": false,
        "regl": false,
        "tech": false,
        "projet": "Pratique de nettoyage des plages",
        "ID": null
      },
      "geometry": {
        "type": "MultiPolygon",
        "coordinates": [
          [
            [
              [
                3.039334701137867,
                42.8032661706542
              ],
              [
                3.043509435524681,
                42.80321667480227
              ],
              [
                3.042389618886371,
                42.801668721409804
              ],
              [
                3.039099558603712,
                42.80171484031668
              ],
              [
                3.039138806170669,
                42.802059584992854
              ],
              [
                3.039295050327615,
                42.80232767381143
              ],
              [
                3.039448436206738,
                42.80253840230194
              ],
              [
                3.040114523293207,
                42.802528479902065
              ],
              [
                3.040075560047744,
                42.802605107628686
              ],
              [
                3.039425304675581,
                42.80262450196268
              ],
              [
                3.039308366393462,
                42.80278734787319
              ],
              [
                3.039334701137867,
                42.8032661706542
              ]
            ]
          ]
        ]
      }
    }
  ]
}