{
  "type": "FeatureCollection",
  "name": "ges_med_pnmgl_Limite_parc_ln_4326",
  "crs": {
    "type": "name",
    "properties": {
      "name": "urn:ogc:def:crs:OGC:1.3:CRS84"
    }
  },
  "features": [
    {
      "type": "Feature",
      "properties": {
        "nom": "nord",
        "source": "cf. fichier 'repere'",
        "info": true,
        "cara": false,
        "regl": false,
        "fid": 1.0,
        "num": "AAMP - Ant. Med. - Avril 2011'",
        "tech": true,
        "projet": "Eutrophisation du Golfe du Lion",
        "objectid": 1,
        "objectid_1": 1,
        "objectid_2": 6,
        "shape_leng": 0.85632558,
        "long_km_lb": 69.93569466,
        "st_length_": 0.85632558
      },
      "geometry": {
        "type": "MultiLineString",
        "coordinates": [
          [
            [
              3.043674419000013,
              42.96016278000002
            ],
            [
              3.9,
              42.96016277799998
            ]
          ]
        ]
      }
    },
    {
      "type": "Feature",
      "properties": {
        "nom": "est",
        "source": "cf. fichier 'repere'",
        "info": true,
        "cara": false,
        "regl": false,
        "fid": 2.0,
        "num": "AAMP - Ant. Med. - Avril 2011'",
        "tech": true,
        "projet": "Eutrophisation du Golfe du Lion",
        "objectid": 2,
        "objectid_1": 2,
        "objectid_2": 7,
        "shape_leng": 0.52482945,
        "long_km_lb": 58.3729841,
        "st_length_": 0.52482945
      },
      "geometry": {
        "type": "MultiLineString",
        "coordinates": [
          [
            [
              3.9,
              42.96016277799998
            ],
            [
              3.9,
              42.43533333300002
            ]
          ]
        ]
      }
    },
    {
      "type": "Feature",
      "properties": {
        "nom": "sud",
        "source": "cf. fichier 'repere'",
        "info": true,
        "cara": false,
        "regl": false,
        "fid": 3.0,
        "num": "AAMP - Ant. Med. - Avril 2011'",
        "tech": true,
        "projet": "Eutrophisation du Golfe du Lion",
        "objectid": 3,
        "objectid_1": 3,
        "objectid_2": 8,
        "shape_leng": 0.72538077,
        "long_km_lb": 59.77781299,
        "st_length_": 0.72538077
      },
      "geometry": {
        "type": "MultiLineString",
        "coordinates": [
          [
            [
              3.9,
              42.43533333300002
            ],
            [
              3.174619232,
              42.43533333300002
            ]
          ]
        ]
      }
    },
    {
      "type": "Feature",
      "properties": {
        "nom": "nord 12MN",
        "source": "cf. fichier 'repere'",
        "info": true,
        "cara": false,
        "regl": false,
        "fid": 4.0,
        "num": "AAMP - Ant. Med. - Avril 2011'",
        "tech": true,
        "projet": "Eutrophisation du Golfe du Lion",
        "objectid": 4,
        "objectid_1": 4,
        "objectid_2": 9,
        "shape_leng": 0.28849634,
        "long_km_lb": 23.56145812,
        "st_length_": 0.28849634
      },
      "geometry": {
        "type": "MultiLineString",
        "coordinates": [
          [
            [
              3.043674419000013,
              42.96016278000002
            ],
            [
              3.332170755,
              42.96016277899997
            ]
          ]
        ]
      }
    },
    {
      "type": "Feature",
      "properties": {
        "nom": "sud 12MN",
        "source": "cf. fichier 'repere'",
        "info": true,
        "cara": false,
        "regl": false,
        "fid": 5.0,
        "num": "AAMP - Ant. Med. - Avril 2011'",
        "tech": true,
        "projet": "Eutrophisation du Golfe du Lion",
        "objectid": 5,
        "objectid_1": 5,
        "objectid_2": 10,
        "shape_leng": 0.27141866,
        "long_km_lb": 22.36737396,
        "st_length_": 0.27141866
      },
      "geometry": {
        "type": "MultiLineString",
        "coordinates": [
          [
            [
              3.174619232,
              42.43533333300002
            ],
            [
              3.446037891,
              42.43533333300002
            ]
          ]
        ]
      }
    },
    {
      "type": "Feature",
      "properties": {
        "nom": "nord hors 12MN",
        "source": "cf. fichier 'repere'",
        "info": true,
        "cara": false,
        "regl": false,
        "fid": 6.0,
        "num": "AAMP - Ant. Med. - Avril 2011'",
        "tech": true,
        "projet": "Eutrophisation du Golfe du Lion",
        "objectid": 6,
        "objectid_1": 6,
        "objectid_2": 11,
        "shape_leng": 0.56782925,
        "long_km_lb": 46.37446623,
        "st_length_": 0.56782925
      },
      "geometry": {
        "type": "MultiLineString",
        "coordinates": [
          [
            [
              3.332170755,
              42.96016277899997
            ],
            [
              3.9,
              42.96016277799998
            ]
          ]
        ]
      }
    },
    {
      "type": "Feature",
      "properties": {
        "nom": "sud hors 12MN",
        "source": "cf. fichier 'repere'",
        "info": true,
        "cara": false,
        "regl": false,
        "fid": 7.0,
        "num": "AAMP - Ant. Med. - Avril 2011'",
        "tech": true,
        "projet": "Eutrophisation du Golfe du Lion",
        "objectid": 7,
        "objectid_1": 7,
        "objectid_2": 12,
        "shape_leng": 0.45396211,
        "long_km_lb": 37.41058669,
        "st_length_": 0.45396211
      },
      "geometry": {
        "type": "MultiLineString",
        "coordinates": [
          [
            [
              3.446037891,
              42.43533333300002
            ],
            [
              3.9,
              42.43533333300002
            ]
          ]
        ]
      }
    },
    {
      "type": "Feature",
      "properties": {
        "nom": "côte",
        "source": "cf. fichier 'repere'",
        "info": true,
        "cara": false,
        "regl": false,
        "fid": 9.0,
        "num": "AAMP - Ant. Med. - Avril 2011'",
        "tech": true,
        "projet": "Eutrophisation du Golfe du Lion",
        "objectid": 9,
        "objectid_1": 9,
        "objectid_2": 14,
        "shape_leng": 1.00244873,
        "long_km_lb": 99.23956462,
        "st_length_": 1.00244873
      },
      "geometry": {
        "type": "MultiLineString",
        "coordinates": [
          [
            [
              3.174619232,
              42.43533333300002
            ],
            [
              3.174587611999982,
              42.43536414599998
            ],
            [
              3.174565786000016,
              42.43536957499998
            ],
            [
              3.174440731,
              42.435346408999976
            ],
            [
              3.174404488,
              42.4354004
            ],
            [
              3.17434870400001,
              42.43541217699999
            ],
            [
              3.174266086999978,
              42.43537815500002
            ],
            [
              3.174198650999983,
              42.43514455899998
            ],
            [
              3.174002691999988,
              42.43535341699999
            ],
            [
              3.173956628999974,
              42.43536967099999
            ],
            [
              3.173881654000013,
              42.435456983999984
            ],
            [
              3.173852787999976,
              42.435543323
            ],
            [
              3.17385525200001,
              42.43555590300002
            ],
            [
              3.173919555,
              42.435552202
            ],
            [
              3.173972998000011,
              42.43556919399998
            ],
            [
              3.173968371,
              42.435645605
            ],
            [
              3.173936888000014,
              42.435668127999975
            ],
            [
              3.173889579,
              42.43567359899998
            ],
            [
              3.173842158000014,
              42.43564131699998
            ],
            [
              3.173827609999989,
              42.435645835
            ],
            [
              3.173750203999987,
              42.43573225199998
            ],
            [
              3.173723763999988,
              42.43581858700003
            ],
            [
              3.173649957,
              42.435890616999984
            ],
            [
              3.173602994000021,
              42.43601294000001
            ],
            [
              3.173508578,
              42.436092194000025
            ],
            [
              3.173437272,
              42.436189388
            ],
            [
              3.173399943999982,
              42.43628742499999
            ],
            [
              3.173401254,
              42.43631978299999
            ],
            [
              3.173525145999974,
              42.43635913100002
            ],
            [
              3.173522822999985,
              42.43639419099998
            ],
            [
              3.173468528,
              42.43649944700002
            ],
            [
              3.173489258000018,
              42.436533570999984
            ],
            [
              3.173568188,
              42.43655141900001
            ],
            [
              3.173587908,
              42.43665385899999
            ],
            [
              3.173577111999975,
              42.436696123
            ],
            [
              3.173531207,
              42.43676631
            ],
            [
              3.173497305000012,
              42.43679153300002
            ],
            [
              3.173399524,
              42.43696427499998
            ],
            [
              3.17338996,
              42.437012830000015
            ],
            [
              3.173242425000012,
              42.43718565299997
            ],
            [
              3.173247077999974,
              42.43752721599998
            ],
            [
              3.173354883,
              42.437870410000016
            ],
            [
              3.173540061999972,
              42.438114601999985
            ],
            [
              3.173653359000014,
              42.438262731
            ],
            [
              3.173762884999974,
              42.43836682199998
            ],
            [
              3.173964282999975,
              42.438351211999986
            ],
            [
              3.174017991000028,
              42.438456293
            ],
            [
              3.174219331000018,
              42.43842090800001
            ],
            [
              3.174425610000014,
              42.43841427900003
            ],
            [
              3.174496067,
              42.43843843299999
            ],
            [
              3.174473189000025,
              42.43849869500002
            ],
            [
              3.174467149,
              42.43850769300002
            ],
            [
              3.174356913999986,
              42.438573491
            ],
            [
              3.174443645,
              42.43876480900002
            ],
            [
              3.174627327,
              42.438911924000024
            ],
            [
              3.174711065999986,
              42.43891358399998
            ],
            [
              3.174722012000018,
              42.438921656
            ],
            [
              3.174834905000012,
              42.43893315600002
            ],
            [
              3.174875384000018,
              42.43907780799998
            ],
            [
              3.175489046,
              42.438948261
            ],
            [
              3.175515887000017,
              42.438995857
            ],
            [
              3.175425034,
              42.43904993899997
            ],
            [
              3.175342788000023,
              42.439141759
            ],
            [
              3.175396313000022,
              42.43918481700001
            ],
            [
              3.175556477999976,
              42.439177363
            ],
            [
              3.175963904000014,
              42.439069725000024
            ],
            [
              3.176123927,
              42.43901552800003
            ],
            [
              3.176445543,
              42.439024884
            ],
            [
              3.176604645999987,
              42.43906776699998
            ],
            [
              3.176649516999987,
              42.439057805
            ],
            [
              3.176623812,
              42.43898503899999
            ],
            [
              3.176638325999988,
              42.438968835000026
            ],
            [
              3.176697742999977,
              42.43895345499999
            ],
            [
              3.176826358000028,
              42.43894695
            ],
            [
              3.176880980000021,
              42.43895135399998
            ],
            [
              3.176907732000018,
              42.43896928700002
            ],
            [
              3.176839896999979,
              42.439009849
            ],
            [
              3.176716393999982,
              42.43910173900002
            ],
            [
              3.176934811000024,
              42.43909508399997
            ],
            [
              3.177166606000014,
              42.439098295
            ],
            [
              3.177296582,
              42.43914032599997
            ],
            [
              3.177397537,
              42.43921656200001
            ],
            [
              3.177533418,
              42.43920465000002
            ],
            [
              3.177637808999975,
              42.43921346500002
            ],
            [
              3.177670282,
              42.439117232
            ],
            [
              3.177722472000028,
              42.43911984099998
            ],
            [
              3.177774732999978,
              42.43914582100001
            ],
            [
              3.17781745000002,
              42.43922575
            ],
            [
              3.177806646000022,
              42.43926441899998
            ],
            [
              3.177800785999978,
              42.43933274400001
            ],
            [
              3.177652560000013,
              42.439275463
            ],
            [
              3.177579889000015,
              42.43932232499998
            ],
            [
              3.177543663,
              42.43938171100001
            ],
            [
              3.177560814,
              42.439434716
            ],
            [
              3.177549941,
              42.43945091400002
            ],
            [
              3.177468832999978,
              42.43951666700002
            ],
            [
              3.177395053,
              42.439597688
            ],
            [
              3.177384239999981,
              42.439633661000016
            ],
            [
              3.177431668999986,
              42.43966683999997
            ],
            [
              3.177644172999976,
              42.439710531
            ],
            [
              3.17770991499998,
              42.43977963499998
            ],
            [
              3.177823862000025,
              42.439738096999974
            ],
            [
              3.177845806999983,
              42.439771318
            ],
            [
              3.17784229199998,
              42.439812673
            ],
            [
              3.177815676000023,
              42.439839683
            ],
            [
              3.177748956000016,
              42.43984788400002
            ],
            [
              3.177612038,
              42.439918224999985
            ],
            [
              3.177507746,
              42.439942668000015
            ],
            [
              3.177382919000024,
              42.43999860600002
            ],
            [
              3.177285854,
              42.440005058999986
            ],
            [
              3.177231313,
              42.440027622
            ],
            [
              3.177145638000013,
              42.440188663000015
            ],
            [
              3.177112899,
              42.440197706
            ],
            [
              3.177038833999973,
              42.440185245
            ],
            [
              3.177008549999982,
              42.44020327200002
            ],
            [
              3.177002612000024,
              42.44024642800002
            ],
            [
              3.176922934,
              42.44038408799997
            ],
            [
              3.176893894999978,
              42.44041290000001
            ],
            [
              3.176846575000013,
              42.440415675
            ],
            [
              3.176832047,
              42.44042738500002
            ],
            [
              3.176832257,
              42.44049659799998
            ],
            [
              3.176868889,
              42.44057114399999
            ],
            [
              3.176871416999973,
              42.440604398
            ],
            [
              3.176813187,
              42.44061168500002
            ],
            [
              3.176774329000011,
              42.44060366000002
            ],
            [
              3.176751208999974,
              42.44058302399998
            ],
            [
              3.176744959000018,
              42.44052281
            ],
            [
              3.176724262999983,
              42.44050127100002
            ],
            [
              3.176421017,
              42.440549413999975
            ],
            [
              3.176373776999981,
              42.44057915500002
            ],
            [
              3.17635809,
              42.440608844
            ],
            [
              3.176500555000018,
              42.440766810000014
            ],
            [
              3.176521367000021,
              42.440827
            ],
            [
              3.176503352999987,
              42.440889950999974
            ],
            [
              3.17639072999998,
              42.44096923799998
            ],
            [
              3.176309496999977,
              42.440994541
            ],
            [
              3.176190737000013,
              42.44105136600001
            ],
            [
              3.176104641,
              42.44107398099999
            ],
            [
              3.176067096,
              42.441099211
            ],
            [
              3.176085359000012,
              42.441118956000025
            ],
            [
              3.17614727,
              42.441125146
            ],
            [
              3.176233404000016,
              42.441115116
            ],
            [
              3.176354794000019,
              42.44112570200002
            ],
            [
              3.176528322000024,
              42.44112092
            ],
            [
              3.176596393000011,
              42.44115766099998
            ],
            [
              3.176589198999977,
              42.441186437
            ],
            [
              3.176501965,
              42.441234222
            ],
            [
              3.176446172999988,
              42.441245101
            ],
            [
              3.176262873999974,
              42.44122922399998
            ],
            [
              3.176046901,
              42.44124396299998
            ],
            [
              3.176037263000012,
              42.441267349999976
            ],
            [
              3.176102900999979,
              42.44130229799998
            ],
            [
              3.176112713,
              42.441336439
            ],
            [
              3.176047453000024,
              42.44142733299998
            ],
            [
              3.175983229999986,
              42.44145979799998
            ],
            [
              3.175871595,
              42.44146447700001
            ],
            [
              3.175792666,
              42.441449326
            ],
            [
              3.175706604000027,
              42.44148362499999
            ],
            [
              3.175619258999973,
              42.441494556
            ],
            [
              3.175556017000019,
              42.44144971600002
            ],
            [
              3.175423744999989,
              42.441452630000015
            ],
            [
              3.175347365,
              42.441477925000015
            ],
            [
              3.17521287,
              42.441549157
            ],
            [
              3.175100047,
              42.441562825
            ],
            [
              3.175051601,
              42.441595264
            ],
            [
              3.174989762,
              42.44161334299997
            ],
            [
              3.174967998,
              42.441640345
            ],
            [
              3.174985029000027,
              42.44165380099997
            ],
            [
              3.175279940999985,
              42.441656911999985
            ],
            [
              3.175312737000013,
              42.44166674500002
            ],
            [
              3.175335868,
              42.441690977
            ],
            [
              3.175305714,
              42.441753049
            ],
            [
              3.17532892600002,
              42.441804247
            ],
            [
              3.175260023000021,
              42.44189514599998
            ],
            [
              3.175084240999979,
              42.44195835599999
            ],
            [
              3.174863706,
              42.44207197700001
            ],
            [
              3.174829889000023,
              42.442126863
            ],
            [
              3.174732925,
              42.44216837099998
            ],
            [
              3.17477193000002,
              42.442224936
            ],
            [
              3.174728345,
              42.442260063
            ],
            [
              3.174659237000014,
              42.442282649
            ],
            [
              3.174563359999979,
              42.442281907
            ],
            [
              3.174503809999976,
              42.442254139
            ],
            [
              3.174495106,
              42.44218404100002
            ],
            [
              3.174462283000025,
              42.442165218000014
            ],
            [
              3.174333549999972,
              42.442134867
            ],
            [
              3.174276422999981,
              42.442105298
            ],
            [
              3.174277554000014,
              42.44207743099997
            ],
            [
              3.174276083,
              42.44199114100002
            ],
            [
              3.174242046000018,
              42.44197232
            ],
            [
              3.174102194,
              42.441875470000014
            ],
            [
              3.173982916999989,
              42.441759709999985
            ],
            [
              3.173887148,
              42.441794922999975
            ],
            [
              3.17385439200001,
              42.441798571
            ],
            [
              3.173702976000015,
              42.441894099000024
            ],
            [
              3.173587621000024,
              42.441872714
            ],
            [
              3.173404326000025,
              42.44185863000001
            ],
            [
              3.173225865,
              42.44183734699999
            ],
            [
              3.173181209,
              42.441921015
            ],
            [
              3.173113210999986,
              42.441908540999975
            ],
            [
              3.173093715999983,
              42.44188250600001
            ],
            [
              3.173099713,
              42.44185822600002
            ],
            [
              3.173194202,
              42.44180054499998
            ],
            [
              3.173217142999988,
              42.441760956999985
            ],
            [
              3.173231626000018,
              42.441733967
            ],
            [
              3.173306697999976,
              42.441676316999974
            ],
            [
              3.173316313999976,
              42.44164484100003
            ],
            [
              3.173261670999977,
              42.44163414299999
            ],
            [
              3.173093145,
              42.44168924899998
            ],
            [
              3.173025103999976,
              42.441662393
            ],
            [
              3.173010122999983,
              42.44152129399998
            ],
            [
              3.172985747999974,
              42.441486277000024
            ],
            [
              3.172898184000019,
              42.441423498
            ],
            [
              3.17288325200002,
              42.44129857899998
            ],
            [
              3.172902597000018,
              42.44127427799998
            ],
            [
              3.172964415000024,
              42.44124900899999
            ],
            [
              3.172955838,
              42.44122115800002
            ],
            [
              3.172970164,
              42.441141135
            ],
            [
              3.172819770999979,
              42.44117194
            ],
            [
              3.172751811000012,
              42.44117204999998
            ],
            [
              3.172738496000022,
              42.441183756999976
            ],
            [
              3.172679185,
              42.44123598800002
            ],
            [
              3.172561524,
              42.441255055
            ],
            [
              3.172515364999981,
              42.441240747999984
            ],
            [
              3.172486048999986,
              42.44117607599998
            ],
            [
              3.17244961,
              42.441165349000016
            ],
            [
              3.172408400999984,
              42.44118339300002
            ],
            [
              3.172404925000023,
              42.441239129
            ],
            [
              3.172387981999975,
              42.44125533599998
            ],
            [
              3.172341893,
              42.44126439899998
            ],
            [
              3.172271443999989,
              42.44124383899998
            ],
            [
              3.172249626,
              42.44125286299999
            ],
            [
              3.17222671899998,
              42.441304135999985
            ],
            [
              3.172200153,
              42.44134912200002
            ],
            [
              3.172195425999973,
              42.44139227599999
            ],
            [
              3.172156691999987,
              42.44142649600002
            ],
            [
              3.172077866999985,
              42.44144639799998
            ],
            [
              3.172073012999988,
              42.44144640600001
            ],
            [
              3.171900688999983,
              42.441448482
            ],
            [
              3.171857051000018,
              42.44146563100003
            ],
            [
              3.171820781,
              42.44151243099998
            ],
            [
              3.171734685,
              42.44153594
            ],
            [
              3.171552330999987,
              42.441428369
            ],
            [
              3.171357021,
              42.44145475
            ],
            [
              3.171333883999978,
              42.441427821
            ],
            [
              3.171325228,
              42.44137300400001
            ],
            [
              3.171372233999989,
              42.44126236699998
            ],
            [
              3.171390041999985,
              42.441127506999976
            ],
            [
              3.171350830999984,
              42.440999031
            ],
            [
              3.171255965,
              42.440928171999985
            ],
            [
              3.171213503,
              42.440932735
            ],
            [
              3.171114123999985,
              42.44097873700002
            ],
            [
              3.171092256,
              42.440970682
            ],
            [
              3.171061891000022,
              42.44096174200001
            ],
            [
              3.171042363000026,
              42.440924021
            ],
            [
              3.171056654999973,
              42.440831414
            ],
            [
              3.171114749000026,
              42.440777388000015
            ],
            [
              3.171200783000018,
              42.440733205000015
            ],
            [
              3.17120434200001,
              42.44070533399997
            ],
            [
              3.171204123999985,
              42.440630727999974
            ],
            [
              3.171243781999976,
              42.44049763100003
            ],
            [
              3.171242361,
              42.44042662200002
            ],
            [
              3.171127989000013,
              42.44032523300001
            ],
            [
              3.171016323,
              42.44031912000003
            ],
            [
              3.170973956000012,
              42.44035604200002
            ],
            [
              3.170840680000026,
              42.440429963999975
            ],
            [
              3.170765699000015,
              42.44051907199997
            ],
            [
              3.170467723,
              42.440711908000026
            ],
            [
              3.170348891,
              42.44074535599998
            ],
            [
              3.170178157,
              42.44087596600002
            ],
            [
              3.170072829999981,
              42.440963324999984
            ],
            [
              3.16984358000002,
              42.441003240999976
            ],
            [
              3.169643687000018,
              42.44112310899999
            ],
            [
              3.169517515,
              42.441136793
            ],
            [
              3.169444661,
              42.441123426
            ],
            [
              3.169369157,
              42.441032759
            ],
            [
              3.169234343000028,
              42.44099612000002
            ],
            [
              3.169169899,
              42.44095307600003
            ],
            [
              3.169160076000026,
              42.440913540999986
            ],
            [
              3.169192666000015,
              42.440852366
            ],
            [
              3.169151297999974,
              42.44081557800001
            ],
            [
              3.169154667999976,
              42.44072208900002
            ],
            [
              3.169181290999973,
              42.44069597999999
            ],
            [
              3.16931826299998,
              42.440640031999976
            ],
            [
              3.169296327999973,
              42.44060860600001
            ],
            [
              3.169201498,
              42.44054943100002
            ],
            [
              3.169230496000011,
              42.440505341
            ],
            [
              3.169293331,
              42.44041175799998
            ],
            [
              3.169204507000018,
              42.440331
            ],
            [
              3.169064714,
              42.44025032299999
            ],
            [
              3.168938546,
              42.440264905
            ],
            [
              3.16881241599998,
              42.44029296999997
            ],
            [
              3.168771323999977,
              42.440351462000024
            ],
            [
              3.168715588,
              42.440382112
            ],
            [
              3.168303295999976,
              42.44049332499998
            ],
            [
              3.168246236000016,
              42.440485325
            ],
            [
              3.168204817,
              42.44043055999998
            ],
            [
              3.168159887,
              42.440420743
            ],
            [
              3.168070192000016,
              42.440458637
            ],
            [
              3.168006022999975,
              42.440510873
            ],
            [
              3.167902790000028,
              42.44048317
            ],
            [
              3.167776737,
              42.4405382
            ],
            [
              3.16768212300002,
              42.44055363000001
            ],
            [
              3.167623752999987,
              42.440512373
            ],
            [
              3.167569179,
              42.44052504299998
            ],
            [
              3.16754246,
              42.44051789399998
            ],
            [
              3.167408035,
              42.440616083
            ],
            [
              3.167355965000013,
              42.440655715
            ],
            [
              3.166966908,
              42.44040553899998
            ],
            [
              3.167018901,
              42.440338941
            ],
            [
              3.16674085,
              42.440288141
            ],
            [
              3.166674114999978,
              42.440291840999976
            ],
            [
              3.166635284,
              42.4402928
            ],
            [
              3.166541931999973,
              42.44032530499999
            ],
            [
              3.166377059000013,
              42.440385787000025
            ],
            [
              3.166282616,
              42.44046143999998
            ],
            [
              3.166253718,
              42.44054148499998
            ],
            [
              3.166227242,
              42.440619728
            ],
            [
              3.166134048,
              42.44070796300002
            ],
            [
              3.166025047,
              42.440785436
            ],
            [
              3.16601780100001,
              42.440798031999975
            ],
            [
              3.165975525000022,
              42.44086821000002
            ],
            [
              3.16592106500002,
              42.440921328
            ],
            [
              3.16573605100001,
              42.441155322999975
            ],
            [
              3.165655738999988,
              42.441507807
            ],
            [
              3.165807431000019,
              42.44193363699998
            ],
            [
              3.165931939000018,
              42.44218782500002
            ],
            [
              3.165844651999976,
              42.44222032099998
            ],
            [
              3.165899511000021,
              42.44230742600001
            ],
            [
              3.165997764,
              42.442290195
            ],
            [
              3.16619311,
              42.44227460899998
            ],
            [
              3.166310784000018,
              42.442258246
            ],
            [
              3.166489085000023,
              42.44222381100002
            ],
            [
              3.166563046000022,
              42.442199426
            ],
            [
              3.166714735000028,
              42.442195593
            ],
            [
              3.166876159000026,
              42.44220073399998
            ],
            [
              3.166964769,
              42.442206887
            ],
            [
              3.167077505,
              42.442161767000016
            ],
            [
              3.167157476999989,
              42.442117596
            ],
            [
              3.167371146999983,
              42.44214422699997
            ],
            [
              3.167554613999982,
              42.442218546
            ],
            [
              3.167628643,
              42.44221842899998
            ],
            [
              3.167714649,
              42.442162564
            ],
            [
              3.167928085000028,
              42.441684925
            ],
            [
              3.167983806,
              42.44164888300003
            ],
            [
              3.168068749999975,
              42.44164605200001
            ],
            [
              3.168106394,
              42.441654083
            ],
            [
              3.168138044999978,
              42.44168818999998
            ],
            [
              3.16813102499998,
              42.44177898700002
            ],
            [
              3.167918685000018,
              42.44221527600001
            ],
            [
              3.16781526,
              42.44254442800002
            ],
            [
              3.167809397999974,
              42.44261634700001
            ],
            [
              3.16777923799998,
              42.44267931600001
            ],
            [
              3.167723579999972,
              42.44273783
            ],
            [
              3.167761424,
              42.442815074
            ],
            [
              3.167772349000018,
              42.442815956
            ],
            [
              3.167956850999985,
              42.442827351
            ],
            [
              3.167986047,
              42.442851573999974
            ],
            [
              3.167966794999984,
              42.442909133
            ],
            [
              3.168106438,
              42.442935879
            ],
            [
              3.168150181999977,
              42.442954686
            ],
            [
              3.16822315600001,
              42.44300940199997
            ],
            [
              3.168249972000012,
              42.44304981
            ],
            [
              3.168235567000011,
              42.443104663999975
            ],
            [
              3.16828178999998,
              42.44314144499998
            ],
            [
              3.168297758,
              42.44320793600002
            ],
            [
              3.168368262,
              42.44324737599999
            ],
            [
              3.168379378999987,
              42.44331477399999
            ],
            [
              3.168454698,
              42.443340722000016
            ],
            [
              3.168482693999977,
              42.443369442
            ],
            [
              3.168412612,
              42.443476519
            ],
            [
              3.16837867800001,
              42.443492752
            ],
            [
              3.168302245,
              42.443501862
            ],
            [
              3.168347330000017,
              42.44356471200001
            ],
            [
              3.168142623,
              42.44370256299999
            ],
            [
              3.168131755,
              42.44372145699998
            ],
            [
              3.168140325000024,
              42.443747511000026
            ],
            [
              3.168443914000022,
              42.44380995300003
            ],
            [
              3.168435923,
              42.44398524600001
            ],
            [
              3.16847481100001,
              42.444003162
            ],
            [
              3.168593752,
              42.44400477200003
            ],
            [
              3.168643547999977,
              42.444017278
            ],
            [
              3.168694781999989,
              42.44410798299998
            ],
            [
              3.168755490000024,
              42.44411687600001
            ],
            [
              3.168789542000013,
              42.444141092
            ],
            [
              3.168806657,
              42.444184211
            ],
            [
              3.168728007000027,
              42.444266132999985
            ],
            [
              3.168758459,
              42.44430473699998
            ],
            [
              3.168867910000017,
              42.444381867
            ],
            [
              3.168947189,
              42.44451747199997
            ],
            [
              3.168982477999975,
              42.444549774999984
            ],
            [
              3.169037146999983,
              42.444568565
            ],
            [
              3.169101513999976,
              42.444583744
            ],
            [
              3.169140086000027,
              42.444491997
            ],
            [
              3.169204359999981,
              42.444474817000014
            ],
            [
              3.169368266999982,
              42.444497028
            ],
            [
              3.169403574,
              42.444535624000025
            ],
            [
              3.169372222999982,
              42.44460578600001
            ],
            [
              3.169334696000021,
              42.444639103999975
            ],
            [
              3.16927649500002,
              42.44465807300003
            ],
            [
              3.169196420999981,
              42.44466718899997
            ],
            [
              3.169105662,
              42.44475901800001
            ],
            [
              3.16893468,
              42.444808728
            ],
            [
              3.168757887000027,
              42.44494743500002
            ],
            [
              3.168531529,
              42.44515453499997
            ],
            [
              3.168418814,
              42.445208646000026
            ],
            [
              3.16831814,
              42.44522947899998
            ],
            [
              3.168301159,
              42.445233100999985
            ],
            [
              3.168290332000026,
              42.445266377
            ],
            [
              3.168303788,
              42.44530321000002
            ],
            [
              3.16836586300002,
              42.445365133999985
            ],
            [
              3.168423227,
              42.445476504
            ],
            [
              3.168689047999976,
              42.44548597199997
            ],
            [
              3.168845502000011,
              42.44544797100002
            ],
            [
              3.16891833699998,
              42.445453249000025
            ],
            [
              3.168925737999984,
              42.445494586
            ],
            [
              3.168850865000024,
              42.445624142999975
            ],
            [
              3.16865475100002,
              42.445797937
            ],
            [
              3.168589269999984,
              42.44581781599999
            ],
            [
              3.168653877,
              42.44591569099998
            ],
            [
              3.168688039000017,
              42.44597765999998
            ],
            [
              3.168694242000015,
              42.44602439200003
            ],
            [
              3.168671511000014,
              42.44613858500003
            ],
            [
              3.168695870000022,
              42.44616821
            ],
            [
              3.16873963,
              42.446191511
            ],
            [
              3.168845245999989,
              42.44620033299998
            ],
            [
              3.168934981,
              42.446173225
            ],
            [
              3.169048832999977,
              42.44609214500002
            ],
            [
              3.169136107999975,
              42.44605425399999
            ],
            [
              3.169217361999983,
              42.44603255200002
            ],
            [
              3.16929019600002,
              42.44603693
            ],
            [
              3.169312112,
              42.446061165
            ],
            [
              3.169294045000015,
              42.44610883500002
            ],
            [
              3.169079565,
              42.44622692799999
            ],
            [
              3.169094178000023,
              42.44624398399998
            ],
            [
              3.169160971999986,
              42.44625825999998
            ],
            [
              3.169300712,
              42.44631556600001
            ],
            [
              3.169311729000015,
              42.446347908
            ],
            [
              3.169264597999984,
              42.446418096
            ],
            [
              3.169375161,
              42.446458370000016
            ],
            [
              3.169394663,
              42.44648710299998
            ],
            [
              3.169391143999974,
              42.446529355999985
            ],
            [
              3.169352468,
              42.446585148
            ],
            [
              3.169294289,
              42.44661220699999
            ],
            [
              3.16924939,
              42.446614974
            ],
            [
              3.169155839999974,
              42.446581864
            ],
            [
              3.169074449999982,
              42.446556825000016
            ],
            [
              3.16904426100001,
              42.44660990699998
            ],
            [
              3.168894170999977,
              42.446751269
            ],
            [
              3.169005971,
              42.446799630999976
            ],
            [
              3.168985518,
              42.44686168599998
            ],
            [
              3.168951650999986,
              42.44690218900001
            ],
            [
              3.168687330000012,
              42.44699429299999
            ],
            [
              3.168591645,
              42.44706276
            ],
            [
              3.168983487999981,
              42.44699921799997
            ],
            [
              3.169022445,
              42.44704050399997
            ],
            [
              3.168690398000024,
              42.44721631200002
            ],
            [
              3.168616518000022,
              42.44727036199998
            ],
            [
              3.168515892000016,
              42.44730917200002
            ],
            [
              3.168512484000019,
              42.44739007700002
            ],
            [
              3.168438633999983,
              42.447454913
            ],
            [
              3.168322279,
              42.447510826999974
            ],
            [
              3.168187674000023,
              42.44755148899998
            ],
            [
              3.168133106000028,
              42.447568654
            ],
            [
              3.168105307000019,
              42.447609148000026
            ],
            [
              3.168113891000019,
              42.44763969600001
            ],
            [
              3.168186874000014,
              42.447695312
            ],
            [
              3.168239293,
              42.447775229
            ],
            [
              3.168249049,
              42.44779139399998
            ],
            [
              3.168274569,
              42.44780214000002
            ],
            [
              3.168359466000027,
              42.447780433
            ],
            [
              3.168544845999975,
              42.44766957799999
            ],
            [
              3.168607886000018,
              42.447644309
            ],
            [
              3.168650371000012,
              42.44764604
            ],
            [
              3.168582857,
              42.44780345100003
            ],
            [
              3.168790111000021,
              42.44770244799997
            ],
            [
              3.168832461000022,
              42.447657436999975
            ],
            [
              3.168886762,
              42.447547687999986
            ],
            [
              3.168921923000028,
              42.44753504800002
            ],
            [
              3.168971689999978,
              42.447536766999974
            ],
            [
              3.169127249999974,
              42.447607532
            ],
            [
              3.169180765000021,
              42.447646098
            ],
            [
              3.169194230000016,
              42.44768562799999
            ],
            [
              3.169189994000021,
              42.447899568000025
            ],
            [
              3.169137916000011,
              42.447938303
            ],
            [
              3.169049357,
              42.447952825000016
            ],
            [
              3.168972014000019,
              42.44806890299998
            ],
            [
              3.168906560999972,
              42.44809956900002
            ],
            [
              3.168909284999984,
              42.44820203699999
            ],
            [
              3.168880458999979,
              42.448307252
            ],
            [
              3.168812695999975,
              42.448378371
            ],
            [
              3.168726659000015,
              42.44842614800001
            ],
            [
              3.168667233,
              42.44844242099998
            ],
            [
              3.168537367,
              42.448443526
            ],
            [
              3.168491298999982,
              42.448462474999985
            ],
            [
              3.168415020999987,
              42.44852731499998
            ],
            [
              3.168337371,
              42.44853732500002
            ],
            [
              3.168243809999979,
              42.448501518
            ],
            [
              3.168186643000013,
              42.448459361
            ],
            [
              3.168180479,
              42.448426112
            ],
            [
              3.168215486,
              42.44835953900002
            ],
            [
              3.168228614999975,
              42.448282215
            ],
            [
              3.168112157,
              42.44830307299998
            ],
            [
              3.168071124999983,
              42.448384936000025
            ],
            [
              3.16799007100002,
              42.448477648
            ],
            [
              3.167958922000025,
              42.44861972000001
            ],
            [
              3.167939588000024,
              42.44864941399999
            ],
            [
              3.167910482000025,
              42.44865755
            ],
            [
              3.167843694999988,
              42.448646868000026
            ],
            [
              3.167763708,
              42.448688343000015
            ],
            [
              3.167672708999987,
              42.448699272
            ],
            [
              3.16755493,
              42.448683277999976
            ],
            [
              3.167460318999986,
              42.448704100999976
            ],
            [
              3.167358347,
              42.44869796900002
            ],
            [
              3.167290412,
              42.448709760999975
            ],
            [
              3.167161625,
              42.44866411999999
            ],
            [
              3.166998998,
              42.44866886900002
            ],
            [
              3.166780501,
              42.448660222
            ],
            [
              3.16675372200001,
              42.448633298
            ],
            [
              3.166707577000011,
              42.44862527999999
            ],
            [
              3.166594681999982,
              42.44861916399998
            ],
            [
              3.166357294000022,
              42.448796614
            ],
            [
              3.166222667,
              42.448830982
            ],
            [
              3.166113612,
              42.448894972
            ],
            [
              3.166055562,
              42.44896877100001
            ],
            [
              3.165842041000019,
              42.44900326099997
            ],
            [
              3.165627243000017,
              42.449015280000026
            ],
            [
              3.165561683000021,
              42.44900909
            ],
            [
              3.165467329000023,
              42.449121596
            ],
            [
              3.165311932,
              42.449108353999975
            ],
            [
              3.165251461000025,
              42.44918485300002
            ],
            [
              3.165124064,
              42.44920123000003
            ],
            [
              3.165015340000025,
              42.44938297300001
            ],
            [
              3.164919596,
              42.44943345799999
            ],
            [
              3.164681866000024,
              42.44949225300002
            ],
            [
              3.164629666999986,
              42.449489637
            ],
            [
              3.164539771000022,
              42.449461910000025
            ],
            [
              3.164590164,
              42.44925419100002
            ],
            [
              3.164515127000016,
              42.449330712
            ],
            [
              3.164425916000027,
              42.449546581
            ],
            [
              3.164350843000022,
              42.449610517
            ],
            [
              3.16429997900002,
              42.449651045
            ],
            [
              3.164232045,
              42.44966373400001
            ],
            [
              3.164177403,
              42.44965572900003
            ],
            [
              3.16413608,
              42.44963601699999
            ],
            [
              3.164092203,
              42.449571365
            ],
            [
              3.164056959,
              42.449555239
            ],
            [
              3.164004771,
              42.449556218
            ],
            [
              3.163890482,
              42.44948628100002
            ],
            [
              3.163777762,
              42.44954308400003
            ],
            [
              3.163680802999977,
              42.44959357
            ],
            [
              3.163669035,
              42.44972572400002
            ],
            [
              3.163745763,
              42.44981909
            ],
            [
              3.163884234000022,
              42.449855731000014
            ],
            [
              3.163983799999983,
              42.449869062
            ],
            [
              3.164014295000015,
              42.449922948
            ],
            [
              3.164010742000016,
              42.449954414
            ],
            [
              3.163964673,
              42.449973361
            ],
            [
              3.163821509,
              42.44999515400002
            ],
            [
              3.163807153,
              42.450069784
            ],
            [
              3.163756456999977,
              42.45017053599997
            ],
            [
              3.163619611,
              42.450281309
            ],
            [
              3.163365133000013,
              42.450429116
            ],
            [
              3.163104727000018,
              42.45062816799998
            ],
            [
              3.163100134999979,
              42.450722558
            ],
            [
              3.163042017,
              42.45077388300001
            ],
            [
              3.162964532999979,
              42.450845013
            ],
            [
              3.162902883000015,
              42.450935894
            ],
            [
              3.162716026,
              42.45095955099998
            ],
            [
              3.162431149999975,
              42.45109032300002
            ],
            [
              3.162077168999986,
              42.451250862999984
            ],
            [
              3.161999907999984,
              42.451402891999976
            ],
            [
              3.161788850999983,
              42.45145444899998
            ],
            [
              3.161622594,
              42.451466386
            ],
            [
              3.16166045,
              42.451549026
            ],
            [
              3.161593762999985,
              42.451575194999975
            ],
            [
              3.16152218000002,
              42.45158608999998
            ],
            [
              3.161335246000021,
              42.451582777
            ],
            [
              3.161256267,
              42.451553234000016
            ],
            [
              3.161147873,
              42.45142036300001
            ],
            [
              3.161093881999989,
              42.451648761
            ],
            [
              3.160807911,
              42.451825374
            ],
            [
              3.160798205999981,
              42.451827186
            ],
            [
              3.160782439,
              42.45183170400003
            ],
            [
              3.160707245000026,
              42.45185429000003
            ],
            [
              3.160632012,
              42.45186249300002
            ],
            [
              3.160545689,
              42.45181048799998
            ],
            [
              3.160439054999983,
              42.45187626699999
            ],
            [
              3.160337281000011,
              42.451943836
            ],
            [
              3.160231941,
              42.452039276
            ],
            [
              3.160185641999988,
              42.45197552500002
            ],
            [
              3.160013516,
              42.452061178
            ],
            [
              3.159871523,
              42.45206947999998
            ],
            [
              3.159706396999979,
              42.45205175000001
            ],
            [
              3.159613813000021,
              42.45237368900001
            ],
            [
              3.159669163,
              42.452640574999975
            ],
            [
              3.159651596,
              42.452875211
            ],
            [
              3.159766074,
              42.453013467
            ],
            [
              3.159896291999985,
              42.45313731800002
            ],
            [
              3.160130545000015,
              42.453131573
            ],
            [
              3.160359862,
              42.453096172000016
            ],
            [
              3.160517697999978,
              42.45311031699998
            ],
            [
              3.160565325999983,
              42.45321541499999
            ],
            [
              3.160810484000024,
              42.45320246099999
            ],
            [
              3.160826542999985,
              42.453304011
            ],
            [
              3.160781911000015,
              42.453405652000015
            ],
            [
              3.161046377,
              42.453351320000024
            ],
            [
              3.161119848999988,
              42.45358402
            ],
            [
              3.161296838,
              42.45350015600002
            ],
            [
              3.161422884999979,
              42.453430750999985
            ],
            [
              3.161424254999986,
              42.45348737900002
            ],
            [
              3.161369916000012,
              42.45358993399998
            ],
            [
              3.161666285000024,
              42.453659598
            ],
            [
              3.161779524999986,
              42.453787068
            ],
            [
              3.161970386,
              42.453891049
            ],
            [
              3.16216341400002,
              42.45390064399999
            ],
            [
              3.162384612999972,
              42.454000982000025
            ],
            [
              3.162545152,
              42.45411309899998
            ],
            [
              3.162905458000012,
              42.45403884000001
            ],
            [
              3.163007490999973,
              42.45406385299998
            ],
            [
              3.163087565000012,
              42.45404934800001
            ],
            [
              3.16309623,
              42.45410956
            ],
            [
              3.163121785999977,
              42.45413289200002
            ],
            [
              3.163164293000023,
              42.45414091700002
            ],
            [
              3.16345676200001,
              42.454116199
            ],
            [
              3.163585443999978,
              42.454121395000016
            ],
            [
              3.163612211999975,
              42.454143826
            ],
            [
              3.163614838,
              42.45421483400003
            ],
            [
              3.1635033,
              42.454263545
            ],
            [
              3.163525328,
              42.45432733299998
            ],
            [
              3.163714527000025,
              42.454269513999975
            ],
            [
              3.163994990999981,
              42.45429245399998
            ],
            [
              3.164117931000021,
              42.454413613999975
            ],
            [
              3.164191413000026,
              42.454213048999975
            ],
            [
              3.164270112999986,
              42.454141916000026
            ],
            [
              3.164654924999979,
              42.45414941299998
            ],
            [
              3.164724218,
              42.45418616
            ],
            [
              3.164768002000017,
              42.454216654
            ],
            [
              3.164803292999977,
              42.45424806099999
            ],
            [
              3.164854349999985,
              42.45427494799998
            ],
            [
              3.164884718999986,
              42.454282992
            ],
            [
              3.164936802999989,
              42.45424336000002
            ],
            [
              3.164912255,
              42.45414721700001
            ],
            [
              3.164935252000021,
              42.45412381099999
            ],
            [
              3.164958300000023,
              42.454118382
            ],
            [
              3.165060283,
              42.45412541500002
            ],
            [
              3.165133164999986,
              42.45414327999998
            ],
            [
              3.165343478000011,
              42.45425531500001
            ],
            [
              3.16535941799998,
              42.45431192
            ],
            [
              3.165243230999977,
              42.45443344900002
            ],
            [
              3.16522997300001,
              42.45446672899999
            ],
            [
              3.165254383999979,
              42.454514331999974
            ],
            [
              3.165252045999978,
              42.45454579699998
            ],
            [
              3.165180598,
              42.45460613300003
            ],
            [
              3.165196423999987,
              42.454622288
            ],
            [
              3.165285074,
              42.454635634
            ],
            [
              3.165322802,
              42.45467063199999
            ],
            [
              3.165401802000019,
              42.45470556599997
            ],
            [
              3.165415526,
              42.45483678199997
            ],
            [
              3.165401028000019,
              42.454861075
            ],
            [
              3.165324667,
              42.454900743999985
            ],
            [
              3.165301827,
              42.454979881999975
            ],
            [
              3.165223086000026,
              42.45503663400001
            ],
            [
              3.165214677999984,
              42.45506810799998
            ],
            [
              3.165226834,
              42.455074380999974
            ],
            [
              3.165302032999989,
              42.455052691
            ],
            [
              3.165337271,
              42.455065220999984
            ],
            [
              3.165347165000014,
              42.455129925999984
            ],
            [
              3.165392168999972,
              42.45516221600002
            ],
            [
              3.165403168000012,
              42.455188266
            ],
            [
              3.16532193,
              42.455220752
            ],
            [
              3.165311076000023,
              42.45524593800002
            ],
            [
              3.165427803999989,
              42.455314971
            ],
            [
              3.165444879,
              42.455343708999976
            ],
            [
              3.165413397,
              42.45537162300002
            ],
            [
              3.165320040999973,
              42.455411319
            ],
            [
              3.165202379,
              42.455441165000025
            ],
            [
              3.165172276000021,
              42.45552750500002
            ],
            [
              3.164938163999977,
              42.45558629499999
            ],
            [
              3.165121587999977,
              42.45563185399999
            ],
            [
              3.165036713,
              42.45566614299997
            ],
            [
              3.165032774999986,
              42.455705121
            ],
            [
              3.16503273,
              42.45570556400003
            ],
            [
              3.165028447,
              42.455747955
            ],
            [
              3.165259084000013,
              42.455747598000016
            ],
            [
              3.165288245,
              42.45575744000001
            ],
            [
              3.165328472999988,
              42.455817603000014
            ],
            [
              3.165162611000028,
              42.455973368
            ],
            [
              3.165256081999985,
              42.455974121999986
            ],
            [
              3.165322845999981,
              42.455974019
            ],
            [
              3.16547079999998,
              42.455924349999975
            ],
            [
              3.165544851999982,
              42.455926033000026
            ],
            [
              3.165676147,
              42.45599504400002
            ],
            [
              3.165894693999974,
              42.456011783
            ],
            [
              3.16592993,
              42.456023413000025
            ],
            [
              3.165955537,
              42.45606382300002
            ],
            [
              3.165879388,
              42.456179
            ],
            [
              3.165820239000027,
              42.456295947
            ],
            [
              3.165911290999986,
              42.456299401000024
            ],
            [
              3.166007163000017,
              42.45629026300003
            ],
            [
              3.166044887999988,
              42.456323463
            ],
            [
              3.166174823,
              42.456340339
            ],
            [
              3.166259761999981,
              42.45632852199998
            ],
            [
              3.166358107,
              42.456335559000024
            ],
            [
              3.166484314,
              42.45632187899997
            ],
            [
              3.166638490000025,
              42.456326133
            ],
            [
              3.166704099000015,
              42.456346704
            ],
            [
              3.166802414000017,
              42.456342955000025
            ],
            [
              3.166844965,
              42.456365361
            ],
            [
              3.166939642999978,
              42.456363415
            ],
            [
              3.16701137299998,
              42.456401955
            ],
            [
              3.167086677999976,
              42.456417118
            ],
            [
              3.167145071,
              42.456461072000025
            ],
            [
              3.167197306999981,
              42.456474473000014
            ],
            [
              3.167321637999976,
              42.456654056
            ],
            [
              3.167340036999974,
              42.456720545
            ],
            [
              3.167435074000025,
              42.456843543
            ],
            [
              3.167420569,
              42.456865139
            ],
            [
              3.167304204,
              42.45692464899997
            ],
            [
              3.167294584999979,
              42.45695702400002
            ],
            [
              3.167315384,
              42.45701362099999
            ],
            [
              3.167294791000018,
              42.45702893499998
            ],
            [
              3.167202604000011,
              42.45705334899998
            ],
            [
              3.167050847999974,
              42.457047295
            ],
            [
              3.167024172000026,
              42.457058123000024
            ],
            [
              3.167041220999977,
              42.45707697300003
            ],
            [
              3.167138408000028,
              42.457102889
            ],
            [
              3.167153052,
              42.45712983200002
            ],
            [
              3.167133681,
              42.457147841
            ],
            [
              3.167052375000026,
              42.457156957
            ],
            [
              3.167003721000015,
              42.45712287499998
            ],
            [
              3.166917500000011,
              42.45711132500003
            ],
            [
              3.166814421000026,
              42.457147442
            ],
            [
              3.166824247000022,
              42.45718787599998
            ],
            [
              3.166933965999988,
              42.457351302
            ],
            [
              3.166923095000016,
              42.457370196
            ],
            [
              3.166835832,
              42.457418873
            ],
            [
              3.166641700000014,
              42.457452435
            ],
            [
              3.166508275000012,
              42.45748949799997
            ],
            [
              3.166362631000027,
              42.457498714
            ],
            [
              3.166342045000022,
              42.457516724000016
            ],
            [
              3.166289880000022,
              42.457528491
            ],
            [
              3.166227962999983,
              42.45752589099999
            ],
            [
              3.166189072,
              42.457509771
            ],
            [
              3.166044639,
              42.457518086
            ],
            [
              3.16598753400001,
              42.457500198
            ],
            [
              3.165917239,
              42.45753985800002
            ],
            [
              3.165884475999974,
              42.457544403999975
            ],
            [
              3.165784847999987,
              42.45751399599999
            ],
            [
              3.165708387,
              42.45751950800002
            ],
            [
              3.165612447,
              42.45750527500002
            ],
            [
              3.165540728999986,
              42.45747122900002
            ],
            [
              3.165315134000025,
              42.45753989399998
            ],
            [
              3.16524605799998,
              42.45758135
            ],
            [
              3.16515747,
              42.457591375
            ],
            [
              3.165093203000026,
              42.457616643999984
            ],
            [
              3.164907517000017,
              42.45763221200002
            ],
            [
              3.164698627,
              42.45759837700001
            ],
            [
              3.164531817000011,
              42.45741975599998
            ],
            [
              3.164333747,
              42.45734814999997
            ],
            [
              3.164054495000016,
              42.45732970300003
            ],
            [
              3.163778987,
              42.457348105
            ],
            [
              3.163686935999976,
              42.45742195499997
            ],
            [
              3.163551241999983,
              42.45751654600002
            ],
            [
              3.163343903999987,
              42.45760315799998
            ],
            [
              3.1632444,
              42.457616793
            ],
            [
              3.162998083,
              42.457655822
            ],
            [
              3.162805217000027,
              42.45770915100002
            ],
            [
              3.162614727,
              42.457743600000015
            ],
            [
              3.162559002000023,
              42.45778503399998
            ],
            [
              3.162560386,
              42.457846156000016
            ],
            [
              3.162546045999989,
              42.457927977
            ],
            [
              3.162446650999982,
              42.457981163
            ],
            [
              3.162325294000027,
              42.45799393200002
            ],
            [
              3.162250122999978,
              42.45802730600002
            ],
            [
              3.162196960000017,
              42.458117275
            ],
            [
              3.162130385000012,
              42.458186591000015
            ],
            [
              3.162088013000016,
              42.45822800399998
            ],
            [
              3.1620676,
              42.45830893599998
            ],
            [
              3.162069153,
              42.45843118200003
            ],
            [
              3.162153251,
              42.45855240499998
            ],
            [
              3.162296696999988,
              42.458624996000026
            ],
            [
              3.162302982000028,
              42.458702291
            ],
            [
              3.16229346199998,
              42.45877152000003
            ],
            [
              3.162243795,
              42.45880934899998
            ],
            [
              3.162240263,
              42.458848906000014
            ],
            [
              3.162151773,
              42.45889488400002
            ],
            [
              3.162030211,
              42.45883484299998
            ],
            [
              3.161941360000014,
              42.45875048200003
            ],
            [
              3.161852662,
              42.458721852999986
            ],
            [
              3.161754425000026,
              42.45875526100002
            ],
            [
              3.161699992000024,
              42.45882545699999
            ],
            [
              3.161695327000018,
              42.45889467799998
            ],
            [
              3.161652973,
              42.458943282
            ],
            [
              3.161668889,
              42.458991798
            ],
            [
              3.161665473000028,
              42.45907360299998
            ],
            [
              3.161512766999977,
              42.459164622
            ],
            [
              3.161384216999977,
              42.45921155899998
            ],
            [
              3.161158450000016,
              42.45922178799998
            ],
            [
              3.161102406999987,
              42.459149062999984
            ],
            [
              3.160987072000012,
              42.45914564100002
            ],
            [
              3.160920025,
              42.459044168
            ],
            [
              3.160918655999978,
              42.45898754000001
            ],
            [
              3.160852969000018,
              42.45893909900002
            ],
            [
              3.160879428999976,
              42.45884917
            ],
            [
              3.160822161,
              42.458771952
            ],
            [
              3.160706772000026,
              42.45874875499999
            ],
            [
              3.160530742999981,
              42.458746323000014
            ],
            [
              3.160410743,
              42.45881212299997
            ],
            [
              3.160335681,
              42.458885943999974
            ],
            [
              3.160254650000013,
              42.45899663
            ],
            [
              3.160129872000027,
              42.45909120099998
            ],
            [
              3.160002510000027,
              42.45912914500002
            ],
            [
              3.159865324,
              42.459125755
            ],
            [
              3.159711123000022,
              42.459115199999985
            ],
            [
              3.159612660999983,
              42.459066807
            ],
            [
              3.159512951000011,
              42.459005832
            ],
            [
              3.159380645,
              42.459011423
            ],
            [
              3.159309059,
              42.45902501299997
            ],
            [
              3.159263977000023,
              42.458963956
            ],
            [
              3.159170260999986,
              42.458875106
            ],
            [
              3.159080343000028,
              42.458843779
            ],
            [
              3.158840073000022,
              42.458877396
            ],
            [
              3.158550121000019,
              42.45894434500002
            ],
            [
              3.158182458,
              42.459005117
            ],
            [
              3.157694876,
              42.459163145
            ],
            [
              3.15752035600002,
              42.459270371
            ],
            [
              3.157239253,
              42.45946944100001
            ],
            [
              3.156993515000011,
              42.45972868299998
            ],
            [
              3.156880397,
              42.46009919300002
            ],
            [
              3.156897160000028,
              42.460465017
            ],
            [
              3.157019527999978,
              42.46082619200001
            ],
            [
              3.157137627999987,
              42.46095365999997
            ],
            [
              3.157285893999983,
              42.46101276899998
            ],
            [
              3.157479034,
              42.461055629999976
            ],
            [
              3.157941645999983,
              42.461085508999986
            ],
            [
              3.158469909000019,
              42.461150343999975
            ],
            [
              3.158543090000023,
              42.46127608
            ],
            [
              3.158808979000014,
              42.46128467400001
            ],
            [
              3.159024389000024,
              42.461480311
            ],
            [
              3.159434980000015,
              42.46157498100001
            ],
            [
              3.160088358,
              42.461663891
            ],
            [
              3.160246353,
              42.461727474999975
            ],
            [
              3.160432277999973,
              42.461793714
            ],
            [
              3.160523419000015,
              42.461826836
            ],
            [
              3.160574531,
              42.461871702999986
            ],
            [
              3.160642713000016,
              42.461943512
            ],
            [
              3.160639382,
              42.462056777999976
            ],
            [
              3.160421069999984,
              42.46213351199998
            ],
            [
              3.16052455900001,
              42.46224212300001
            ],
            [
              3.160443265000026,
              42.462258425000016
            ],
            [
              3.160325517999979,
              42.462263097
            ],
            [
              3.160282301,
              42.46244114299998
            ],
            [
              3.16017685700001,
              42.46250512199998
            ],
            [
              3.16005564400001,
              42.462574518999986
            ],
            [
              3.159735364000028,
              42.462655900000016
            ],
            [
              3.159690744999978,
              42.462765632000014
            ],
            [
              3.159878780999975,
              42.462715012
            ],
            [
              3.159973402999981,
              42.462688802
            ],
            [
              3.16014464,
              42.462710119
            ],
            [
              3.160168968999983,
              42.46272806000002
            ],
            [
              3.160171468999977,
              42.462754124000014
            ],
            [
              3.160124279,
              42.462811724
            ],
            [
              3.160067291000018,
              42.462837878000016
            ],
            [
              3.159768825000015,
              42.462905741999975
            ],
            [
              3.15962556,
              42.462902360999976
            ],
            [
              3.159566198,
              42.462948294
            ],
            [
              3.15968317,
              42.46310362700001
            ],
            [
              3.159584014000018,
              42.463248497999984
            ],
            [
              3.159585353000011,
              42.463294339000015
            ],
            [
              3.15961228499998,
              42.463376098000026
            ],
            [
              3.159613783999987,
              42.46348036799998
            ],
            [
              3.159702819000017,
              42.46363035000002
            ],
            [
              3.159809859,
              42.46370479799998
            ],
            [
              3.159897186000023,
              42.463674105
            ],
            [
              3.159972432000018,
              42.46366500300002
            ],
            [
              3.160059814000022,
              42.46365408499997
            ],
            [
              3.160288039000022,
              42.46364834899998
            ],
            [
              3.160345242,
              42.463700399
            ],
            [
              3.160290797000016,
              42.46376879600001
            ],
            [
              3.16015997300002,
              42.463875961999975
            ],
            [
              3.160314546999984,
              42.464017754999986
            ],
            [
              3.160550359000013,
              42.464121671999976
            ],
            [
              3.160959633,
              42.464171393000015
            ],
            [
              3.161163768,
              42.464234007000016
            ],
            [
              3.161343839999972,
              42.464375760999985
            ],
            [
              3.16151268599998,
              42.464408763999984
            ],
            [
              3.161684837999985,
              42.464320412
            ],
            [
              3.161823362,
              42.464364247
            ],
            [
              3.162004078,
              42.46429925199999
            ],
            [
              3.162070873,
              42.46430724099997
            ],
            [
              3.162125548,
              42.464322439
            ],
            [
              3.162165687000027,
              42.46434934500002
            ],
            [
              3.162166026000023,
              42.464471593999974
            ],
            [
              3.162264509000011,
              42.46452358
            ],
            [
              3.162070358999983,
              42.464559830999974
            ],
            [
              3.16212163900002,
              42.464664025
            ],
            [
              3.161969990999978,
              42.46470380699998
            ],
            [
              3.162199715999975,
              42.464799640000024
            ],
            [
              3.162272664,
              42.464837283
            ],
            [
              3.162274131,
              42.464928069
            ],
            [
              3.162440758,
              42.465035683
            ],
            [
              3.162445929,
              42.465148936
            ],
            [
              3.162420653000027,
              42.465228077
            ],
            [
              3.162326303999976,
              42.465354065999975
            ],
            [
              3.16213224400002,
              42.46542357599998
            ],
            [
              3.161924848000012,
              42.465500298
            ],
            [
              3.161778051,
              42.465539173000025
            ],
            [
              3.161661720999973,
              42.46561935099999
            ],
            [
              3.161699618,
              42.465713677999986
            ],
            [
              3.161633071999972,
              42.465796477000026
            ],
            [
              3.161465803999988,
              42.465896508000014
            ],
            [
              3.161173796000014,
              42.46610998800003
            ],
            [
              3.161027133,
              42.466198302
            ],
            [
              3.160894955,
              42.466256031
            ],
            [
              3.160620613,
              42.466272624
            ],
            [
              3.160462815000017,
              42.46628544700002
            ],
            [
              3.160067554000022,
              42.466481101
            ],
            [
              3.159783994,
              42.466679284
            ],
            [
              3.159485741000026,
              42.46683254300001
            ],
            [
              3.159328209000023,
              42.466943343000025
            ],
            [
              3.159264088999976,
              42.467027036
            ],
            [
              3.159321364999983,
              42.46710515500001
            ],
            [
              3.159316694999973,
              42.467173478
            ],
            [
              3.159195346999979,
              42.46719703000002
            ],
            [
              3.159103239999979,
              42.467258292999986
            ],
            [
              3.159046773,
              42.467477708
            ],
            [
              3.158904961000019,
              42.46756601200002
            ],
            [
              3.158774177,
              42.46769205200002
            ],
            [
              3.158941906999985,
              42.46775832100002
            ],
            [
              3.158928838,
              42.46786351100002
            ],
            [
              3.158817366999983,
              42.467948174000014
            ],
            [
              3.158850711000014,
              42.468154871000024
            ],
            [
              3.158852059000026,
              42.468204308
            ],
            [
              3.158723290000012,
              42.468178432
            ],
            [
              3.158485531,
              42.468256989999986
            ],
            [
              3.158047324,
              42.468293596000024
            ],
            [
              3.15786541,
              42.468370272000016
            ],
            [
              3.157728583,
              42.46850800599998
            ],
            [
              3.15757499,
              42.468732059
            ],
            [
              3.157591045,
              42.468832712
            ],
            [
              3.157562182,
              42.46893522900001
            ],
            [
              3.157789208999986,
              42.468927701999974
            ],
            [
              3.157858541999985,
              42.468974342000024
            ],
            [
              3.157802888,
              42.469047235
            ],
            [
              3.157656038000027,
              42.46907082400003
            ],
            [
              3.157536908,
              42.46901796499998
            ],
            [
              3.157386812000027,
              42.46918897699999
            ],
            [
              3.157177902,
              42.46916141999998
            ],
            [
              3.157153994,
              42.469300783999984
            ],
            [
              3.15711421200001,
              42.469406913
            ],
            [
              3.156957687999977,
              42.469445796
            ],
            [
              3.156825808,
              42.469618578999984
            ],
            [
              3.156611881,
              42.4695317
            ],
            [
              3.156473571999982,
              42.469571455
            ],
            [
              3.156224629,
              42.469557437
            ],
            [
              3.155919198999982,
              42.46976013699998
            ],
            [
              3.15573222,
              42.46976130899998
            ],
            [
              3.155534642000021,
              42.46988654400002
            ],
            [
              3.155272767999975,
              42.470032548
            ],
            [
              3.155152949000012,
              42.470177445
            ],
            [
              3.155036666,
              42.470282785
            ],
            [
              3.154823366000016,
              42.470432313
            ],
            [
              3.154700248999973,
              42.470708453999976
            ],
            [
              3.154773397999975,
              42.47082071099999
            ],
            [
              3.154785839999988,
              42.470933953999975
            ],
            [
              3.154656675000012,
              42.471219093
            ],
            [
              3.154511539,
              42.471434140999975
            ],
            [
              3.154315322,
              42.47161780099998
            ],
            [
              3.154074384000012,
              42.47187973000001
            ],
            [
              3.153907222999976,
              42.472031886000025
            ],
            [
              3.153722293999977,
              42.472353958999975
            ],
            [
              3.153725122000026,
              42.47250587000002
            ],
            [
              3.153800929,
              42.47270531700002
            ],
            [
              3.153990782,
              42.47286954200001
            ],
            [
              3.154154891000019,
              42.472940317999985
            ],
            [
              3.154333322000014,
              42.47291668899999
            ],
            [
              3.154369986,
              42.473006526
            ],
            [
              3.154275767,
              42.473192735
            ],
            [
              3.154226301,
              42.47331326
            ],
            [
              3.154397546999974,
              42.47332739500001
            ],
            [
              3.154747525,
              42.47343116000002
            ],
            [
              3.154756088999989,
              42.473455418000015
            ],
            [
              3.154723347000015,
              42.473471646
            ],
            [
              3.154446641999982,
              42.47352598100002
            ],
            [
              3.154269456,
              42.47356219400001
            ],
            [
              3.153915085,
              42.473634618
            ],
            [
              3.153850969000018,
              42.4737255
            ],
            [
              3.153904661000013,
              42.4738261
            ],
            [
              3.154093452999973,
              42.474046956999985
            ],
            [
              3.154248000999985,
              42.47417437799999
            ],
            [
              3.154412332,
              42.47432785299998
            ],
            [
              3.154567983999982,
              42.474413024
            ],
            [
              3.154584039999975,
              42.47451547600002
            ],
            [
              3.154816082000025,
              42.474559184999976
            ],
            [
              3.154789736999987,
              42.474698553999986
            ],
            [
              3.154751142,
              42.474797489000025
            ],
            [
              3.154829044,
              42.47486838999998
            ],
            [
              3.155042931000025,
              42.47493369900002
            ],
            [
              3.155051619,
              42.4750047
            ],
            [
              3.154946074,
              42.47504170899998
            ],
            [
              3.154739636999977,
              42.475038413
            ],
            [
              3.154618452000022,
              42.475130277
            ],
            [
              3.15454349700002,
              42.475255333
            ],
            [
              3.154656612999986,
              42.475326183
            ],
            [
              3.154866920000018,
              42.47541486900002
            ],
            [
              3.154971714,
              42.475552248999975
            ],
            [
              3.154863759000023,
              42.47559645299998
            ],
            [
              3.154884591999974,
              42.47566833500002
            ],
            [
              3.154968544999974,
              42.47573113599998
            ],
            [
              3.155167584000026,
              42.475691295
            ],
            [
              3.155286715999978,
              42.475740561
            ],
            [
              3.155454352999982,
              42.475764588
            ],
            [
              3.155500554000014,
              42.475786094
            ],
            [
              3.155470611999988,
              42.47594254699999
            ],
            [
              3.155588608000016,
              42.47602058000001
            ],
            [
              3.155796167,
              42.475987917
            ],
            [
              3.155787872000019,
              42.47606523500002
            ],
            [
              3.155994248000013,
              42.476044258
            ],
            [
              3.156042867999986,
              42.47606216499997
            ],
            [
              3.156063598,
              42.476094494999984
            ],
            [
              3.156057703999977,
              42.476161022999975
            ],
            [
              3.155895279999982,
              42.47627092699997
            ],
            [
              3.155775324999979,
              42.476369083
            ],
            [
              3.155441563000011,
              42.476434290999975
            ],
            [
              3.155263303000027,
              42.476526239
            ],
            [
              3.154889555000011,
              42.476624764
            ],
            [
              3.15473404,
              42.47659352800002
            ],
            [
              3.154603146,
              42.47668900100001
            ],
            [
              3.154529505000028,
              42.47685270900001
            ],
            [
              3.154540812,
              42.47699561899998
            ],
            [
              3.154664861000015,
              42.47706645300002
            ],
            [
              3.154833748999977,
              42.477103063000015
            ],
            [
              3.154779295000026,
              42.477175053999986
            ],
            [
              3.154864326,
              42.47718571799999
            ],
            [
              3.154944549999982,
              42.477215264999984
            ],
            [
              3.155044165,
              42.477230401999975
            ],
            [
              3.155175290999978,
              42.47722212100001
            ],
            [
              3.155345389999979,
              42.477256931
            ],
            [
              3.155457427999977,
              42.47737722099998
            ],
            [
              3.155209791,
              42.477409943
            ],
            [
              3.155139453,
              42.477445102
            ],
            [
              3.154987914,
              42.47754060699998
            ],
            [
              3.155010098999981,
              42.47766372500001
            ],
            [
              3.154902204,
              42.47773219800001
            ],
            [
              3.154485826999974,
              42.47778583799999
            ],
            [
              3.154327916,
              42.477768088
            ],
            [
              3.154148287,
              42.477803404999975
            ],
            [
              3.154001355,
              42.47780451699998
            ],
            [
              3.154093989999978,
              42.477935623
            ],
            [
              3.154065026000012,
              42.47800398200002
            ],
            [
              3.153948609999986,
              42.478065276
            ],
            [
              3.153819784,
              42.478025011
            ],
            [
              3.153575833,
              42.47807570100002
            ],
            [
              3.153514294,
              42.47822500799998
            ],
            [
              3.153409936,
              42.478253924
            ],
            [
              3.153321286,
              42.47825315199998
            ],
            [
              3.153294528,
              42.47823700999999
            ],
            [
              3.153333096999972,
              42.47812638900001
            ],
            [
              3.153310895,
              42.47799518099998
            ],
            [
              3.153104719999988,
              42.47809615400001
            ],
            [
              3.152922554999975,
              42.478091022
            ],
            [
              3.152952729999981,
              42.47802086399997
            ],
            [
              3.153026658999977,
              42.477965026
            ],
            [
              3.153026587999989,
              42.477938059
            ],
            [
              3.153009531,
              42.47791650900001
            ],
            [
              3.152973077000013,
              42.47790757299998
            ],
            [
              3.152345428,
              42.477971394
            ],
            [
              3.152284526000017,
              42.47790046799997
            ],
            [
              3.15227220700001,
              42.477833067
            ],
            [
              3.152098529,
              42.477822528
            ],
            [
              3.151808427999981,
              42.47787148200001
            ],
            [
              3.151691758000027,
              42.477835691999985
            ],
            [
              3.151558158,
              42.477826892999985
            ],
            [
              3.151398965999988,
              42.47778307200002
            ],
            [
              3.151374896,
              42.477866705
            ],
            [
              3.151234021,
              42.47786241
            ],
            [
              3.151158757000019,
              42.47787240500003
            ],
            [
              3.151050743999974,
              42.477896827999984
            ],
            [
              3.150816592000012,
              42.477980758
            ],
            [
              3.150712198,
              42.477996186999974
            ],
            [
              3.150582242999974,
              42.47798828100002
            ],
            [
              3.15056030400001,
              42.47795685
            ],
            [
              3.150567435000028,
              42.477896612999984
            ],
            [
              3.150588025,
              42.47787590899998
            ],
            [
              3.150742064999974,
              42.47780557700003
            ],
            [
              3.150777170000026,
              42.47776237900001
            ],
            [
              3.150773453,
              42.47773361999998
            ],
            [
              3.150706626999977,
              42.477719332
            ],
            [
              3.150449302000027,
              42.477763741
            ],
            [
              3.150265948000026,
              42.477768493999974
            ],
            [
              3.150042633,
              42.477816451000024
            ],
            [
              3.149996453000028,
              42.477803032
            ],
            [
              3.149894303999986,
              42.47774654400001
            ],
            [
              3.149877068000023,
              42.47765487999999
            ],
            [
              3.149709519999988,
              42.477666801
            ],
            [
              3.149664636000011,
              42.477684841999974
            ],
            [
              3.149640287000011,
              42.47766060599997
            ],
            [
              3.149641444,
              42.47763813199998
            ],
            [
              3.149718969999981,
              42.477563413999974
            ],
            [
              3.149724943000024,
              42.47752475200002
            ],
            [
              3.149700343,
              42.47740253500001
            ],
            [
              3.149475708000011,
              42.47740914299999
            ],
            [
              3.149456289999989,
              42.47741366399998
            ],
            [
              3.149237925000023,
              42.47749756899998
            ],
            [
              3.149142193999978,
              42.477576806
            ],
            [
              3.148914271000024,
              42.47772274800002
            ],
            [
              3.148981460000016,
              42.47787996300002
            ],
            [
              3.14892202599998,
              42.477907013
            ],
            [
              3.14878494300001,
              42.477961139
            ],
            [
              3.148775468999986,
              42.47805553699999
            ],
            [
              3.148761047999983,
              42.478114885000025
            ],
            [
              3.148753821000014,
              42.47813826700002
            ],
            [
              3.148806136000019,
              42.478176846999986
            ],
            [
              3.148799129999986,
              42.478286523
            ],
            [
              3.149018889999979,
              42.478271834
            ],
            [
              3.149034738000012,
              42.478296081999986
            ],
            [
              3.149026317999983,
              42.47832755600001
            ],
            [
              3.148931657999981,
              42.47835106000002
            ],
            [
              3.148767718999977,
              42.47835039
            ],
            [
              3.148625601,
              42.47833530600002
            ],
            [
              3.148574624,
              42.47834526499997
            ],
            [
              3.148522496,
              42.47838039499999
            ],
            [
              3.148534724,
              42.478413638
            ],
            [
              3.148596721999979,
              42.47843962000002
            ],
            [
              3.148622283,
              42.47846295599999
            ],
            [
              3.148607825,
              42.478507921000016
            ],
            [
              3.148541173000012,
              42.47856194899998
            ],
            [
              3.148422228000015,
              42.47858638500003
            ],
            [
              3.148312904000022,
              42.47857395199998
            ],
            [
              3.148248473000024,
              42.478546176
            ],
            [
              3.148177689000022,
              42.478407842000024
            ],
            [
              3.148059612999987,
              42.478295643000024
            ],
            [
              3.147941737,
              42.478262546
            ],
            [
              3.147895620999975,
              42.478274296
            ],
            [
              3.147805759999983,
              42.47827442099998
            ],
            [
              3.147766955,
              42.478296048
            ],
            [
              3.147719798000026,
              42.478376116
            ],
            [
              3.147623997999972,
              42.478429285
            ],
            [
              3.147614351000016,
              42.47845626499998
            ],
            [
              3.147646022,
              42.47849487399998
            ],
            [
              3.147632709999982,
              42.47851287100002
            ],
            [
              3.147558752,
              42.478559717
            ],
            [
              3.14737074300001,
              42.478645373
            ],
            [
              3.147170487999972,
              42.47869059499999
            ],
            [
              3.146921588,
              42.478708016999974
            ],
            [
              3.146814709000012,
              42.47870187199999
            ],
            [
              3.146751677,
              42.478747802999976
            ],
            [
              3.146703136999975,
              42.47876135299998
            ],
            [
              3.146614462,
              42.478750688
            ],
            [
              3.146523531000014,
              42.47880924200001
            ],
            [
              3.146352501000024,
              42.478886783
            ],
            [
              3.146072172,
              42.47896267599998
            ],
            [
              3.14588386600002,
              42.478930573000014
            ],
            [
              3.145701846,
              42.47898475599999
            ],
            [
              3.145621974,
              42.47909543100002
            ],
            [
              3.145753249999984,
              42.47914558999997
            ],
            [
              3.145756983000012,
              42.479181542
            ],
            [
              3.145657633999974,
              42.47927336599997
            ],
            [
              3.145656484000028,
              42.47929943600002
            ],
            [
              3.145700266,
              42.47932544399998
            ],
            [
              3.145858217000011,
              42.479358488
            ],
            [
              3.145892316000015,
              42.479397095000024
            ],
            [
              3.145772194000017,
              42.47943771000001
            ],
            [
              3.145743203999984,
              42.479499773999976
            ],
            [
              3.145642474,
              42.47952508100002
            ],
            [
              3.145602541000017,
              42.47958176700001
            ],
            [
              3.14571070300002,
              42.479614879
            ],
            [
              3.145742315,
              42.479630117
            ],
            [
              3.145914760999972,
              42.47963167900002
            ],
            [
              3.145937870000012,
              42.479646030000026
            ],
            [
              3.145958684999982,
              42.47971431899998
            ],
            [
              3.145947799999988,
              42.47973231200001
            ],
            [
              3.145912609999982,
              42.47974314700002
            ],
            [
              3.145773006000013,
              42.47976311399998
            ],
            [
              3.145667487000026,
              42.479816293
            ],
            [
              3.145668944000022,
              42.47991337399998
            ],
            [
              3.145796459999985,
              42.47991589600002
            ],
            [
              3.14584998700002,
              42.479953577
            ],
            [
              3.145831938000015,
              42.480020121
            ],
            [
              3.145824667,
              42.48002642300003
            ],
            [
              3.145793185,
              42.48006332199998
            ],
            [
              3.145751937999989,
              42.480080456999985
            ],
            [
              3.145641442999988,
              42.480086002
            ],
            [
              3.145547785000019,
              42.48002590300001
            ],
            [
              3.145505248,
              42.480012477
            ],
            [
              3.145429912,
              42.47999460199998
            ],
            [
              3.145343686,
              42.47999292100002
            ],
            [
              3.145267150999985,
              42.47998134
            ],
            [
              3.145174805000011,
              42.47995989200001
            ],
            [
              3.14508271699998,
              42.480042717
            ],
            [
              3.14509983,
              42.480087638999976
            ],
            [
              3.145132761000013,
              42.48014512399999
            ],
            [
              3.145083043,
              42.48017395699998
            ],
            [
              3.144891308000012,
              42.48022995000002
            ],
            [
              3.144664272999989,
              42.480252731
            ],
            [
              3.144583110999974,
              42.48033464100001
            ],
            [
              3.144543082999974,
              42.480353573
            ],
            [
              3.144441072,
              42.48035281199998
            ],
            [
              3.144331556999987,
              42.480263967999974
            ],
            [
              3.14416882,
              42.480260593000025
            ],
            [
              3.144149192999976,
              42.480180615999984
            ],
            [
              3.14399706,
              42.48004508600002
            ],
            [
              3.143987299,
              42.48002622299998
            ],
            [
              3.143934817,
              42.479919323
            ],
            [
              3.143951703000027,
              42.47987255700002
            ],
            [
              3.144116655,
              42.479789634999975
            ],
            [
              3.144020631999979,
              42.479754706999984
            ],
            [
              3.143943932000013,
              42.47967570700001
            ],
            [
              3.143918285999973,
              42.479617312000016
            ],
            [
              3.143929072,
              42.47955886800003
            ],
            [
              3.144036880999977,
              42.47944905600002
            ],
            [
              3.14400142,
              42.47935022399997
            ],
            [
              3.143953975999978,
              42.47931612899998
            ],
            [
              3.143734020000011,
              42.479253502
            ],
            [
              3.143556435999983,
              42.479136883000024
            ],
            [
              3.143447133999985,
              42.479133435
            ],
            [
              3.143345153999974,
              42.479144358999974
            ],
            [
              3.143194658000027,
              42.47917961799999
            ],
            [
              3.14311462500001,
              42.479226469000025
            ],
            [
              3.143081978,
              42.479284043
            ],
            [
              3.143088142000011,
              42.47932178899998
            ],
            [
              3.143132082000022,
              42.47941251999998
            ],
            [
              3.143131005999976,
              42.47946915199998
            ],
            [
              3.143033907000017,
              42.47948995799999
            ],
            [
              3.14274488,
              42.479487647999974
            ],
            [
              3.142736400999979,
              42.479496648
            ],
            [
              3.142873999000017,
              42.479649279
            ],
            [
              3.142892358999973,
              42.479708582
            ],
            [
              3.142866043000026,
              42.479872219000015
            ],
            [
              3.142878253,
              42.47989917000001
            ],
            [
              3.142947626000023,
              42.479962
            ],
            [
              3.142963563000023,
              42.48002310499999
            ],
            [
              3.142958712,
              42.480025808
            ],
            [
              3.142906588000017,
              42.48006453099998
            ],
            [
              3.142662556,
              42.480089127999975
            ],
            [
              3.142644363999977,
              42.48009904100002
            ],
            [
              3.14263594,
              42.480130514
            ],
            [
              3.142666427,
              42.480182609999986
            ],
            [
              3.142825706999986,
              42.480262399000026
            ],
            [
              3.142925368000022,
              42.48029552600002
            ],
            [
              3.142938862999983,
              42.48035124
            ],
            [
              3.142929235999986,
              42.480387209000014
            ],
            [
              3.142849246000026,
              42.480452937
            ],
            [
              3.142873652999981,
              42.480501445000016
            ],
            [
              3.142867595999974,
              42.480507746
            ],
            [
              3.142850636999981,
              42.480524848000016
            ],
            [
              3.142700111000011,
              42.48054932000002
            ],
            [
              3.142556809999974,
              42.480548612
            ],
            [
              3.142513152999982,
              42.48057383999998
            ],
            [
              3.142340723000018,
              42.480579464000016
            ],
            [
              3.142266517999985,
              42.48052742599998
            ],
            [
              3.142153564000012,
              42.48052128400002
            ],
            [
              3.142129286999989,
              42.480525811
            ],
            [
              3.142099997,
              42.48046652199997
            ],
            [
              3.142038335999985,
              42.480578967999975
            ],
            [
              3.142037124000012,
              42.480579869
            ],
            [
              3.141975222999974,
              42.480593435
            ],
            [
              3.141899862,
              42.480565668999986
            ],
            [
              3.141895,
              42.480563877
            ],
            [
              3.141819553,
              42.480500155000016
            ],
            [
              3.141675114,
              42.48053091000003
            ],
            [
              3.141552435,
              42.480520286
            ],
            [
              3.141479471000025,
              42.480479033
            ],
            [
              3.141396777000011,
              42.4804315
            ],
            [
              3.141394344,
              42.480429706
            ],
            [
              3.141346946,
              42.48041448700002
            ],
            [
              3.14129104,
              42.480396583000015
            ],
            [
              3.14123396399998,
              42.48039665800002
            ],
            [
              3.141155014999981,
              42.48039136900002
            ],
            [
              3.14101531,
              42.48037087900002
            ],
            [
              3.140986224000017,
              42.48039518799999
            ],
            [
              3.140887916,
              42.480419589
            ],
            [
              3.140878223000016,
              42.48042859100002
            ],
            [
              3.140896549,
              42.48047441099999
            ],
            [
              3.140880865999975,
              42.48051757899998
            ],
            [
              3.140957459999981,
              42.480553434
            ],
            [
              3.140955056999985,
              42.48056422399998
            ],
            [
              3.14087737,
              42.480578709999975
            ],
            [
              3.140786279999986,
              42.48057433499997
            ],
            [
              3.140746310999987,
              42.480618435
            ],
            [
              3.140700193999976,
              42.48063108000002
            ],
            [
              3.140645559,
              42.48063654600003
            ],
            [
              3.140582377999976,
              42.48062314499998
            ],
            [
              3.14052777,
              42.480639398
            ],
            [
              3.14029098200001,
              42.480647799999986
            ],
            [
              3.140236284000025,
              42.480627197
            ],
            [
              3.140157440999985,
              42.48066595300003
            ],
            [
              3.139886637000018,
              42.48066900600003
            ],
            [
              3.139804051999988,
              42.480666417
            ],
            [
              3.139728655999988,
              42.48062336800001
            ],
            [
              3.139571986000021,
              42.48061818000002
            ],
            [
              3.139502843,
              42.480650631
            ],
            [
              3.139450636999982,
              42.480656093
            ],
            [
              3.139225881000016,
              42.480617732999974
            ],
            [
              3.139043695999987,
              42.480607184
            ],
            [
              3.138991405000013,
              42.480576688999975
            ],
            [
              3.138999769,
              42.480519147999985
            ],
            [
              3.138855121,
              42.48046270499998
            ],
            [
              3.138836981999987,
              42.48049508899999
            ],
            [
              3.138838287999988,
              42.48053374099999
            ],
            [
              3.138800740000022,
              42.480575139999985
            ],
            [
              3.138667234000025,
              42.480607674
            ],
            [
              3.138616327000022,
              42.480649089999986
            ],
            [
              3.138551907000021,
              42.48062490299998
            ],
            [
              3.138486429000011,
              42.48066723699998
            ],
            [
              3.138444143000015,
              42.48075898000002
            ],
            [
              3.138299626999981,
              42.48075826899998
            ],
            [
              3.13823641,
              42.480729586
            ],
            [
              3.138181792000012,
              42.48074224099997
            ],
            [
              3.138084667999976,
              42.480754053
            ],
            [
              3.137919458999988,
              42.480732693
            ],
            [
              3.13787455,
              42.48074263900003
            ],
            [
              3.137813967,
              42.480801145999976
            ],
            [
              3.137723016999985,
              42.480856097000014
            ],
            [
              3.137697721999984,
              42.480944223
            ],
            [
              3.137668646,
              42.480973925
            ],
            [
              3.137548448000018,
              42.480985766
            ],
            [
              3.137490282999977,
              42.481039775
            ],
            [
              3.137387116000014,
              42.481064178999986
            ],
            [
              3.137269135,
              42.480986125000015
            ],
            [
              3.137107593999986,
              42.480975546000025
            ],
            [
              3.137127530999976,
              42.48119125900001
            ],
            [
              3.137125482999977,
              42.481353964
            ],
            [
              3.137148766,
              42.48144292699999
            ],
            [
              3.137215759000014,
              42.48152823700002
            ],
            [
              3.137217102000022,
              42.48158306900001
            ],
            [
              3.137314355,
              42.481625192000024
            ],
            [
              3.137395874999982,
              42.481690707999974
            ],
            [
              3.137412880999989,
              42.481692484
            ],
            [
              3.13747229,
              42.48165105700002
            ],
            [
              3.137542773,
              42.481670743
            ],
            [
              3.137598712,
              42.481703031
            ],
            [
              3.13758668700001,
              42.48175338599998
            ],
            [
              3.137618261999989,
              42.481753345000016
            ],
            [
              3.137646233999988,
              42.48177038799997
            ],
            [
              3.13762211400001,
              42.481842331999985
            ],
            [
              3.137512893,
              42.481874834
            ],
            [
              3.137418191,
              42.48188484399998
            ],
            [
              3.137370815999986,
              42.48187951099999
            ],
            [
              3.137323318000028,
              42.481822041999976
            ],
            [
              3.137240965999979,
              42.481919231
            ],
            [
              3.137221681000028,
              42.481981280000014
            ],
            [
              3.137167090999981,
              42.48200652000003
            ],
            [
              3.137188986000012,
              42.482021772999985
            ],
            [
              3.137410053999986,
              42.482039467
            ],
            [
              3.137462374999984,
              42.482082547
            ],
            [
              3.137542489,
              42.482066264000025
            ],
            [
              3.137572916000011,
              42.48209409100002
            ],
            [
              3.137569392999978,
              42.482145333
            ],
            [
              3.137585249999972,
              42.482174977
            ],
            [
              3.13754891100001,
              42.482214576
            ],
            [
              3.137486937,
              42.48219847500002
            ],
            [
              3.137440814,
              42.48220932200002
            ],
            [
              3.137366702,
              42.482195933000014
            ],
            [
              3.137262274000022,
              42.48220146099999
            ],
            [
              3.137231873000019,
              42.482184421
            ],
            [
              3.137245072999974,
              42.482116986
            ],
            [
              3.137106621999976,
              42.482114466999974
            ],
            [
              3.136993744,
              42.48214157899997
            ],
            [
              3.136987842,
              42.482214398999986
            ],
            [
              3.137100251,
              42.482504603
            ],
            [
              3.137082115,
              42.482538784999974
            ],
            [
              3.137061460999973,
              42.482535214999984
            ],
            [
              3.137034729999982,
              42.482529855999985
            ],
            [
              3.136983574999988,
              42.48246609900002
            ],
            [
              3.13690902899998,
              42.482267536
            ],
            [
              3.136882023,
              42.48214442
            ],
            [
              3.136844227999973,
              42.48208154399998
            ],
            [
              3.136855073999982,
              42.48204557399998
            ],
            [
              3.136912068000015,
              42.482009544
            ],
            [
              3.136920491000012,
              42.481976273999976
            ],
            [
              3.136970062999978,
              42.48188272300001
            ],
            [
              3.136920143,
              42.48182795399998
            ],
            [
              3.136933457999987,
              42.48180905999999
            ],
            [
              3.136803315,
              42.48172383000002
            ],
            [
              3.136781369,
              42.481687003
            ],
            [
              3.136783718,
              42.48165284100003
            ],
            [
              3.13676668,
              42.48163758200002
            ],
            [
              3.136613479,
              42.481558673999984
            ],
            [
              3.136342196999976,
              42.481358564
            ],
            [
              3.136298458999988,
              42.481350529999986
            ],
            [
              3.136053243999982,
              42.48139219299998
            ],
            [
              3.13562463,
              42.4814242
            ],
            [
              3.135374549,
              42.48146227199999
            ],
            [
              3.135077239999987,
              42.48155883200002
            ],
            [
              3.134864955000012,
              42.481662476
            ],
            [
              3.134424453,
              42.48180685699998
            ],
            [
              3.134363685999972,
              42.481787157999975
            ],
            [
              3.134314949999975,
              42.481718003000026
            ],
            [
              3.134313695,
              42.48170002699999
            ],
            [
              3.134345197000016,
              42.481668524999975
            ],
            [
              3.134641316,
              42.481581856
            ],
            [
              3.134796583000025,
              42.48150435399998
            ],
            [
              3.13492159499998,
              42.48147273400002
            ],
            [
              3.135286808999979,
              42.48133204099997
            ],
            [
              3.135429978,
              42.481275228000015
            ],
            [
              3.136038351000025,
              42.48125467800003
            ],
            [
              3.136581412999988,
              42.48082879999998
            ],
            [
              3.136183542000026,
              42.48050210500003
            ],
            [
              3.135903245,
              42.480600444
            ],
            [
              3.135644921,
              42.480225029
            ],
            [
              3.135622986999977,
              42.48019269600002
            ],
            [
              3.135598597000012,
              42.48014868000001
            ],
            [
              3.135333722999974,
              42.48008968900001
            ],
            [
              3.135167317000025,
              42.480074618
            ],
            [
              3.135076219999974,
              42.48006664299999
            ],
            [
              3.134818763999988,
              42.480064272
            ],
            [
              3.134704630999977,
              42.48007250699999
            ],
            [
              3.134492151000018,
              42.480088954999985
            ],
            [
              3.134157116999972,
              42.480148704999976
            ],
            [
              3.133853715999976,
              42.480234483
            ],
            [
              3.133640131999982,
              42.48029947200001
            ],
            [
              3.133540615000015,
              42.48032746299998
            ],
            [
              3.133220263999988,
              42.480436630999975
            ],
            [
              3.132990921999976,
              42.480515122999975
            ],
            [
              3.132887827,
              42.480571882
            ],
            [
              3.132954875,
              42.48068416199999
            ],
            [
              3.13326059000002,
              42.48107930100002
            ],
            [
              3.133358070999975,
              42.481223005
            ],
            [
              3.133382381999979,
              42.481232863
            ],
            [
              3.133828532999985,
              42.48143455899998
            ],
            [
              3.133876078000014,
              42.48151450199998
            ],
            [
              3.133823881000012,
              42.48152445599999
            ],
            [
              3.133698712000012,
              42.481487757000025
            ],
            [
              3.133355896000012,
              42.481334473
            ],
            [
              3.133336467999982,
              42.48133539600002
            ],
            [
              3.133315829000026,
              42.481338118
            ],
            [
              3.133205493999981,
              42.481415562999985
            ],
            [
              3.133068431000027,
              42.481488545
            ],
            [
              3.133167091000018,
              42.481616966
            ],
            [
              3.133244694999973,
              42.48156473300003
            ],
            [
              3.133316418999982,
              42.48159700399998
            ],
            [
              3.133413626,
              42.481620254
            ],
            [
              3.13343677,
              42.481650788000024
            ],
            [
              3.133382201000018,
              42.481685914000025
            ],
            [
              3.133297255,
              42.48171388600002
            ],
            [
              3.133277884,
              42.481739979
            ],
            [
              3.133285267000019,
              42.48178221799998
            ],
            [
              3.133258637999973,
              42.481820905
            ],
            [
              3.133212566,
              42.48185422199998
            ],
            [
              3.133131261000017,
              42.48188129099998
            ],
            [
              3.133071906,
              42.48194788400002
            ],
            [
              3.133047619000024,
              42.481948812999974
            ],
            [
              3.133014765999974,
              42.48192098800001
            ],
            [
              3.133077711999988,
              42.481831019000026
            ],
            [
              3.133094606999975,
              42.481784254
            ],
            [
              3.133082449000028,
              42.48177797699998
            ],
            [
              3.132947726,
              42.481812304000016
            ],
            [
              3.132775295999977,
              42.48182060900001
            ],
            [
              3.132714549000013,
              42.48180899800002
            ],
            [
              3.132582032000016,
              42.481745339999975
            ],
            [
              3.132556452000017,
              42.48171121399997
            ],
            [
              3.132552723,
              42.48167346399998
            ],
            [
              3.132574513,
              42.48164287399999
            ],
            [
              3.132596358,
              42.48163655399998
            ],
            [
              3.132668024999987,
              42.481643657
            ],
            [
              3.132717937,
              42.48169662999999
            ],
            [
              3.132739811000022,
              42.48170289500001
            ],
            [
              3.132770135999976,
              42.48168757600001
            ],
            [
              3.132875646,
              42.48162362199997
            ],
            [
              3.132854751000025,
              42.48151398099998
            ],
            [
              3.132788977000018,
              42.481427768
            ],
            [
              3.132690458000013,
              42.481361371
            ],
            [
              3.132553014,
              42.481266257000016
            ],
            [
              3.132415712000011,
              42.481234067
            ],
            [
              3.132020980999982,
              42.48121298199999
            ],
            [
              3.131729537000012,
              42.481219635
            ],
            [
              3.131625153000016,
              42.481244033999985
            ],
            [
              3.131318728,
              42.481069124999976
            ],
            [
              3.131142501999989,
              42.48100821600002
            ],
            [
              3.131397955000011,
              42.48119846999998
            ],
            [
              3.131445456999984,
              42.481260436000014
            ],
            [
              3.131158957000025,
              42.48130573499998
            ],
            [
              3.130836121000016,
              42.481394223999985
            ],
            [
              3.130462451000028,
              42.481560081
            ],
            [
              3.130142374,
              42.481797785000026
            ],
            [
              3.129867451999985,
              42.48213611
            ],
            [
              3.129696814,
              42.48240509200002
            ],
            [
              3.129551733000028,
              42.482699212
            ],
            [
              3.129511091999973,
              42.48299230700002
            ],
            [
              3.129583008999987,
              42.483111775
            ],
            [
              3.129771396000024,
              42.483178065
            ],
            [
              3.129908710999985,
              42.48321475400002
            ],
            [
              3.130223504000014,
              42.483326734
            ],
            [
              3.130459336,
              42.48342892199997
            ],
            [
              3.131105036,
              42.483795784999984
            ],
            [
              3.131293492,
              42.48389083799998
            ],
            [
              3.131387077999989,
              42.483923084000025
            ],
            [
              3.131553505999989,
              42.483943554
            ],
            [
              3.131575471000019,
              42.48393660800002
            ],
            [
              3.131659090000028,
              42.483910164
            ],
            [
              3.131690677999984,
              42.483915518
            ],
            [
              3.131824439000013,
              42.483990861999985
            ],
            [
              3.131962930999975,
              42.484009567999976
            ],
            [
              3.132023764,
              42.484058033999986
            ],
            [
              3.132112501,
              42.48409387999999
            ],
            [
              3.132164812999974,
              42.484133368000016
            ],
            [
              3.132173373,
              42.48415942499997
            ],
            [
              3.132162465000022,
              42.48416932700002
            ],
            [
              3.132109034999985,
              42.484172090000015
            ],
            [
              3.132102993,
              42.48418558100002
            ],
            [
              3.132211198999983,
              42.48423758400003
            ],
            [
              3.132296256000018,
              42.48425725499999
            ],
            [
              3.132283027000028,
              42.48431480099998
            ],
            [
              3.132143461,
              42.484358122
            ],
            [
              3.132093608,
              42.48433211499997
            ],
            [
              3.132040285000016,
              42.484382520999986
            ],
            [
              3.132017425000015,
              42.48447783400002
            ],
            [
              3.131975162,
              42.484585756
            ],
            [
              3.131977876,
              42.484711600000026
            ],
            [
              3.13199387100002,
              42.484803269
            ],
            [
              3.131985488999987,
              42.484856316
            ],
            [
              3.13201594100002,
              42.48489583000003
            ],
            [
              3.132148492,
              42.484972073999984
            ],
            [
              3.132165552,
              42.484997222
            ],
            [
              3.132144934,
              42.485009832
            ],
            [
              3.132016132,
              42.484980328
            ],
            [
              3.131883674999983,
              42.48494633299998
            ],
            [
              3.13181215100002,
              42.485003952
            ],
            [
              3.131783306999978,
              42.48513882399999
            ],
            [
              3.131855092000023,
              42.485196266
            ],
            [
              3.132079744,
              42.485183404
            ],
            [
              3.132207403999985,
              42.48524437200001
            ],
            [
              3.132319208000013,
              42.485275694999984
            ],
            [
              3.132428541000024,
              42.48528814399998
            ],
            [
              3.132449345999987,
              42.48535823399999
            ],
            [
              3.132529501000022,
              42.48535723499998
            ],
            [
              3.132584179999981,
              42.48536885300001
            ],
            [
              3.132609861999981,
              42.48544702700002
            ],
            [
              3.13255526,
              42.485469567
            ],
            [
              3.132588100000021,
              42.4854911
            ],
            [
              3.132557776999988,
              42.48550821700002
            ],
            [
              3.132463054000027,
              42.48551193100002
            ],
            [
              3.132363399999974,
              42.485483289
            ],
            [
              3.132336618000011,
              42.48545545600001
            ],
            [
              3.132232176,
              42.48545738299998
            ],
            [
              3.132240801000023,
              42.485512207
            ],
            [
              3.132281077000016,
              42.48559935100002
            ],
            [
              3.132273823999981,
              42.48561464199997
            ],
            [
              3.13225197600002,
              42.48562006200001
            ],
            [
              3.132047826000019,
              42.48556997600002
            ],
            [
              3.131900754000014,
              42.48551802100002
            ],
            [
              3.131481676000021,
              42.48548438
            ],
            [
              3.131417312999986,
              42.48548715599998
            ],
            [
              3.131366345,
              42.485505197
            ],
            [
              3.131312990000026,
              42.48554211800001
            ],
            [
              3.131333687,
              42.485564565
            ],
            [
              3.131447928,
              42.485599482
            ],
            [
              3.131695789999981,
              42.48564502099998
            ],
            [
              3.131858711,
              42.48572392400001
            ],
            [
              3.131874558,
              42.485749973
            ],
            [
              3.13174582900001,
              42.48575372800002
            ],
            [
              3.131098249,
              42.48564305999997
            ],
            [
              3.131073996,
              42.485659270999975
            ],
            [
              3.131062008000015,
              42.485729401000015
            ],
            [
              3.131045033000021,
              42.485742006
            ],
            [
              3.130918779000012,
              42.485766432
            ],
            [
              3.130838765000021,
              42.48583035299998
            ],
            [
              3.13066274,
              42.48586562600002
            ],
            [
              3.13066762,
              42.485875508
            ],
            [
              3.130949554999972,
              42.485950672
            ],
            [
              3.131068600999981,
              42.48596131199997
            ],
            [
              3.131114871000023,
              42.486014291
            ],
            [
              3.131174476000012,
              42.486056467000026
            ],
            [
              3.131183039,
              42.486083424000014
            ],
            [
              3.131144194,
              42.486092461
            ],
            [
              3.131020196,
              42.486039576999985
            ],
            [
              3.130977675999986,
              42.48603423600002
            ],
            [
              3.130970401000013,
              42.48603963800002
            ],
            [
              3.131006922999973,
              42.48607824700002
            ],
            [
              3.130997245,
              42.486095337999984
            ],
            [
              3.130818719999979,
              42.486099153
            ],
            [
              3.130778669,
              42.48611178700003
            ],
            [
              3.130804243999989,
              42.486143218
            ],
            [
              3.130585643000018,
              42.48614798
            ],
            [
              3.130568649,
              42.486152495
            ],
            [
              3.130616095999983,
              42.48618839400001
            ],
            [
              3.130591852,
              42.48620909800002
            ],
            [
              3.130532443,
              42.48625501599997
            ],
            [
              3.130220283000028,
              42.486241914
            ],
            [
              3.130104984000013,
              42.486278011000024
            ],
            [
              3.129916778999984,
              42.48629801599998
            ],
            [
              3.129867198,
              42.48639426099999
            ],
            [
              3.12978595300001,
              42.48645189000001
            ],
            [
              3.129729001999976,
              42.486511287999974
            ],
            [
              3.129631871000015,
              42.486524889
            ],
            [
              3.129596693,
              42.486544708
            ],
            [
              3.129543394,
              42.48660769700001
            ],
            [
              3.129588413000022,
              42.486644497999976
            ],
            [
              3.129668634999973,
              42.486673166
            ],
            [
              3.129683241,
              42.48668753099997
            ],
            [
              3.129661425999984,
              42.48670823200001
            ],
            [
              3.129616498000019,
              42.486712781
            ],
            [
              3.129469412,
              42.48665453000001
            ],
            [
              3.129402590999973,
              42.48664472299998
            ],
            [
              3.129392885000016,
              42.48664923000001
            ],
            [
              3.129426963000014,
              42.486681549000025
            ],
            [
              3.129416053,
              42.48669055200003
            ],
            [
              3.129300707000027,
              42.48670597300003
            ],
            [
              3.129277695999974,
              42.486735665000026
            ],
            [
              3.129227931,
              42.48674920899998
            ],
            [
              3.129094311000017,
              42.486739483
            ],
            [
              3.129083396999988,
              42.48674668799998
            ],
            [
              3.129093192000028,
              42.48678263199997
            ],
            [
              3.129076216999977,
              42.48679523800001
            ],
            [
              3.128751964,
              42.48680731500002
            ],
            [
              3.128726519,
              42.486834312999974
            ],
            [
              3.128662464,
              42.486977318000015
            ],
            [
              3.128679514999988,
              42.486998872000015
            ],
            [
              3.128734216,
              42.48702038
            ],
            [
              3.128733059000012,
              42.48704644999998
            ],
            [
              3.128621426999985,
              42.487094227
            ],
            [
              3.128529125,
              42.487095237
            ],
            [
              3.128503663,
              42.487115044
            ],
            [
              3.128508544999988,
              42.48712582500002
            ],
            [
              3.128600914,
              42.48715537800001
            ],
            [
              3.128607035000016,
              42.487176944
            ],
            [
              3.128585210999972,
              42.48719405000003
            ],
            [
              3.128321744,
              42.48723392
            ],
            [
              3.128270799,
              42.487263644999985
            ],
            [
              3.128189459999987,
              42.48727992300002
            ],
            [
              3.128111623999985,
              42.48723147499999
            ],
            [
              3.128037533,
              42.487229765999984
            ],
            [
              3.127994936,
              42.487189366
            ],
            [
              3.127950020000014,
              42.487199308000015
            ],
            [
              3.127914671999974,
              42.48714181999998
            ],
            [
              3.127914582000017,
              42.48710046999997
            ],
            [
              3.127904851999972,
              42.487094189
            ],
            [
              3.127821042999983,
              42.487091593
            ],
            [
              3.127665701000012,
              42.487145714
            ],
            [
              3.127493689,
              42.48735267
            ],
            [
              3.127406799000028,
              42.487608066
            ],
            [
              3.127390287000026,
              42.487833713999976
            ],
            [
              3.127464917999987,
              42.488082624000015
            ],
            [
              3.1276037,
              42.48823077999998
            ],
            [
              3.127759379,
              42.48832947400001
            ],
            [
              3.128033911999978,
              42.48834892100001
            ],
            [
              3.128306076,
              42.488395337999975
            ],
            [
              3.128411825,
              42.488432965000015
            ],
            [
              3.128528406999976,
              42.48842563300002
            ],
            [
              3.128586723000012,
              42.488433653000016
            ],
            [
              3.128674271000023,
              42.488478494
            ],
            [
              3.128823655000019,
              42.488475617
            ],
            [
              3.128855202000011,
              42.488461196
            ],
            [
              3.128870914,
              42.488426119
            ],
            [
              3.128915829,
              42.488415278
            ],
            [
              3.129081074,
              42.48844474200001
            ],
            [
              3.129174666999972,
              42.48847698999998
            ],
            [
              3.129267058999972,
              42.488515532
            ],
            [
              3.129171344999975,
              42.48862261900001
            ],
            [
              3.129156793999982,
              42.48863342300001
            ],
            [
              3.12915446,
              42.48867657400001
            ],
            [
              3.129136265999989,
              42.48868738300001
            ],
            [
              3.129092569000022,
              42.488700021
            ],
            [
              3.129057276000026,
              42.48866770199999
            ],
            [
              3.129015970000012,
              42.488663257999974
            ],
            [
              3.128898217000028,
              42.488690368
            ],
            [
              3.128835125000023,
              42.488720108
            ],
            [
              3.128734447,
              42.488779557999976
            ],
            [
              3.128654477999987,
              42.48886685000002
            ],
            [
              3.128641715000015,
              42.489138337999975
            ],
            [
              3.128708906999975,
              42.48931534399998
            ],
            [
              3.128795469000011,
              42.48946356099998
            ],
            [
              3.129044982999972,
              42.48970147199998
            ],
            [
              3.129260258999977,
              42.489834251
            ],
            [
              3.129430448999983,
              42.48990056500003
            ],
            [
              3.129606658,
              42.4899426
            ],
            [
              3.129787560000011,
              42.48991001899998
            ],
            [
              3.129851899000016,
              42.489894659000015
            ],
            [
              3.129922307000015,
              42.489877493999984
            ],
            [
              3.130015835999984,
              42.489880077
            ],
            [
              3.130114142000025,
              42.489845797999976
            ],
            [
              3.130188228,
              42.48984391
            ],
            [
              3.130230809000011,
              42.48987532000001
            ],
            [
              3.130183552,
              42.489925717
            ],
            [
              3.130279578,
              42.48995886
            ],
            [
              3.130255358999989,
              42.489991251
            ],
            [
              3.130333103,
              42.489995650000026
            ],
            [
              3.130380532,
              42.49002256
            ],
            [
              3.130462136,
              42.490124037999976
            ],
            [
              3.130542408,
              42.490172481
            ],
            [
              3.130582479,
              42.49016793800001
            ],
            [
              3.130661331,
              42.490124692999984
            ],
            [
              3.130729342999985,
              42.490121913
            ],
            [
              3.130809413,
              42.490080465
            ],
            [
              3.130882311,
              42.49009026300001
            ],
            [
              3.131131295999978,
              42.490087260999985
            ],
            [
              3.131295454,
              42.49017065800001
            ],
            [
              3.131351202000019,
              42.49011575600002
            ],
            [
              3.131407140000022,
              42.490145351000024
            ],
            [
              3.13134777099998,
              42.49021014599998
            ],
            [
              3.131318663,
              42.49022906
            ],
            [
              3.131344242000011,
              42.49026138900001
            ],
            [
              3.131398936999972,
              42.49027840100001
            ],
            [
              3.131556804000013,
              42.490264723
            ],
            [
              3.131623658000024,
              42.49028711300002
            ],
            [
              3.131638296,
              42.490314962000014
            ],
            [
              3.131510920999972,
              42.49038523500002
            ],
            [
              3.13156828000001,
              42.49050651800002
            ],
            [
              3.131669131000024,
              42.490523473
            ],
            [
              3.131754177,
              42.49053415499998
            ],
            [
              3.131777342000021,
              42.49057277999998
            ],
            [
              3.131917042999987,
              42.49058249500001
            ],
            [
              3.131925648999982,
              42.490628329
            ],
            [
              3.131963336000013,
              42.49064356399998
            ],
            [
              3.131988837,
              42.49064083600001
            ],
            [
              3.132038557999977,
              42.49060661599998
            ],
            [
              3.132136955000021,
              42.490612785999986
            ],
            [
              3.132189255000014,
              42.49064418400002
            ],
            [
              3.132167440999979,
              42.490665784999976
            ],
            [
              3.132171153,
              42.490696343000025
            ],
            [
              3.132217345000015,
              42.49071246699998
            ],
            [
              3.132327882000027,
              42.49071592500002
            ],
            [
              3.132405808999977,
              42.49080032699999
            ],
            [
              3.132461756,
              42.49083351799999
            ],
            [
              3.132540662999986,
              42.49081454200001
            ],
            [
              3.132590466000011,
              42.49081627800001
            ],
            [
              3.132650072999979,
              42.490856656
            ],
            [
              3.132704575,
              42.49078827
            ],
            [
              3.132772521999982,
              42.490756723
            ],
            [
              3.132833249999976,
              42.490755749000016
            ],
            [
              3.132880677,
              42.49078085899998
            ],
            [
              3.132895336,
              42.49081769700001
            ],
            [
              3.132886919999976,
              42.49085546200001
            ],
            [
              3.132853031000025,
              42.49090854000002
            ],
            [
              3.132745114999977,
              42.490989577
            ],
            [
              3.132657774999984,
              42.49103912700002
            ],
            [
              3.13270044799998,
              42.49111008800003
            ],
            [
              3.132849819,
              42.49109821600001
            ],
            [
              3.132881493000014,
              42.49113952699997
            ],
            [
              3.132978756,
              42.491180756
            ],
            [
              3.133001905000015,
              42.491212189
            ],
            [
              3.13300075,
              42.49123825999999
            ],
            [
              3.132964476999973,
              42.491311117
            ],
            [
              3.132827264000014,
              42.491328367999984
            ],
            [
              3.132735076000017,
              42.491382418
            ],
            [
              3.132647845,
              42.491480508
            ],
            [
              3.132664975000012,
              42.491535321000015
            ],
            [
              3.132651708000026,
              42.491576688
            ],
            [
              3.132667598000012,
              42.49162071500001
            ],
            [
              3.132691933,
              42.49163956199999
            ],
            [
              3.132692159999976,
              42.49173934200002
            ],
            [
              3.13262432800002,
              42.49182212699998
            ],
            [
              3.132590380000011,
              42.491849136999974
            ],
            [
              3.132472618,
              42.49187445299998
            ],
            [
              3.132619595999984,
              42.49187786599998
            ],
            [
              3.132708266,
              42.491878654
            ],
            [
              3.132714341,
              42.491879546
            ],
            [
              3.132750805,
              42.491890287
            ],
            [
              3.132773948000022,
              42.491919024000026
            ],
            [
              3.132783822000022,
              42.491988229000015
            ],
            [
              3.132827608000014,
              42.49201424300003
            ],
            [
              3.132938199000023,
              42.49204017400001
            ],
            [
              3.132968732999984,
              42.492113846999985
            ],
            [
              3.132973747,
              42.49218215899998
            ],
            [
              3.133044305999988,
              42.492230613
            ],
            [
              3.133032304999972,
              42.49229445100002
            ],
            [
              3.133070058999976,
              42.49233845100002
            ],
            [
              3.133051018,
              42.492511067
            ],
            [
              3.132945800000016,
              42.49271165800002
            ],
            [
              3.132947166,
              42.492778176
            ],
            [
              3.132846445999974,
              42.49282055100002
            ],
            [
              3.132754236999972,
              42.49286651099999
            ],
            [
              3.132670602000019,
              42.492943922
            ],
            [
              3.13271211,
              42.493036459
            ],
            [
              3.132701407000013,
              42.493137150999985
            ],
            [
              3.132674942,
              42.493250448000026
            ],
            [
              3.132608330999972,
              42.493336828
            ],
            [
              3.13251746200001,
              42.493438519
            ],
            [
              3.132440094,
              42.49360221799998
            ],
            [
              3.132407736,
              42.493795526999975
            ],
            [
              3.132440997,
              42.494000439
            ],
            [
              3.132602716,
              42.49407394999997
            ],
            [
              3.132730435999974,
              42.494152897
            ],
            [
              3.13282191899998,
              42.49432088100002
            ],
            [
              3.132877104999977,
              42.49455183499998
            ],
            [
              3.132878598,
              42.49467408700002
            ],
            [
              3.132898182000019,
              42.494739684000024
            ],
            [
              3.132912916,
              42.49480888300002
            ],
            [
              3.132904446,
              42.49482327599998
            ],
            [
              3.132787936,
              42.494867468
            ],
            [
              3.132769772000017,
              42.494892661
            ],
            [
              3.132796715999973,
              42.49498971100002
            ],
            [
              3.132822292000014,
              42.495019343000024
            ],
            [
              3.132872159999977,
              42.49504804700001
            ],
            [
              3.13297533399998,
              42.495014658
            ],
            [
              3.133044712000014,
              42.49507659699998
            ],
            [
              3.132968248,
              42.495103659999984
            ],
            [
              3.13291112600001,
              42.495090248
            ],
            [
              3.132852844000013,
              42.495100208
            ],
            [
              3.132771537999986,
              42.49513536699999
            ],
            [
              3.132708392999973,
              42.495143536
            ],
            [
              3.132619771,
              42.49516612000002
            ],
            [
              3.132567586,
              42.49518686
            ],
            [
              3.132497331000025,
              42.49527414200003
            ],
            [
              3.132425871,
              42.49536592099997
            ],
            [
              3.132304907999981,
              42.495589903
            ],
            [
              3.132290547000025,
              42.495685207
            ],
            [
              3.132295619999979,
              42.495779587000015
            ],
            [
              3.13227279,
              42.49589018299997
            ],
            [
              3.132314333000011,
              42.495997104000026
            ],
            [
              3.13226716600002,
              42.496088852000014
            ],
            [
              3.132343063,
              42.496346749
            ],
            [
              3.132474777000027,
              42.496577608999985
            ],
            [
              3.132552689000022,
              42.496652123
            ],
            [
              3.132626851,
              42.496679898000025
            ],
            [
              3.132640374,
              42.49675089599998
            ],
            [
              3.132650211999987,
              42.49680392
            ],
            [
              3.132663858,
              42.496928853999975
            ],
            [
              3.132722537,
              42.49709238499997
            ],
            [
              3.132932993,
              42.49722696200001
            ],
            [
              3.133042655,
              42.49737424900002
            ],
            [
              3.133153515,
              42.497513444
            ],
            [
              3.13334684,
              42.49759230799998
            ],
            [
              3.133529334,
              42.49771523200002
            ],
            [
              3.133703191,
              42.49777973699997
            ],
            [
              3.13390863,
              42.497843303000025
            ],
            [
              3.134233119999976,
              42.497908516999985
            ],
            [
              3.134451937999984,
              42.49797835800001
            ],
            [
              3.134616064,
              42.498036581
            ],
            [
              3.134826350000026,
              42.498093847
            ],
            [
              3.134958714999982,
              42.49807480200002
            ],
            [
              3.135021903999984,
              42.498083711
            ],
            [
              3.135200627000017,
              42.498150006
            ],
            [
              3.135187074999976,
              42.49806822
            ],
            [
              3.135261148999973,
              42.49805644100002
            ],
            [
              3.135278181999979,
              42.498068105000016
            ],
            [
              3.135289134,
              42.49807618099999
            ],
            [
              3.135324353999977,
              42.498072541
            ],
            [
              3.135427487000015,
              42.498020273
            ],
            [
              3.135445763,
              42.49804362100002
            ],
            [
              3.13538993200001,
              42.49806436799997
            ],
            [
              3.135386352000012,
              42.498092239000016
            ],
            [
              3.135420440000019,
              42.49812455699998
            ],
            [
              3.135466641,
              42.498141578
            ],
            [
              3.135610078000013,
              42.498182746
            ],
            [
              3.135770245,
              42.49810433599998
            ],
            [
              3.135873468,
              42.49809072099998
            ],
            [
              3.135926842,
              42.498058291
            ],
            [
              3.136021616,
              42.498068059
            ],
            [
              3.136201509999978,
              42.498114574
            ],
            [
              3.136278014000027,
              42.498103689
            ],
            [
              3.136371693,
              42.498164696
            ],
            [
              3.136353573,
              42.498207868
            ],
            [
              3.136418005,
              42.498229359
            ],
            [
              3.136439914999983,
              42.498248209
            ],
            [
              3.136363502999984,
              42.49829864600002
            ],
            [
              3.136324666,
              42.498313978
            ],
            [
              3.136289471,
              42.498328405
            ],
            [
              3.136347923000017,
              42.49838945800002
            ],
            [
              3.136312745,
              42.498411077000014
            ],
            [
              3.136275099999978,
              42.49841651899999
            ],
            [
              3.136152365999976,
              42.49839869700003
            ],
            [
              3.135897186000022,
              42.498364863
            ],
            [
              3.135851104999972,
              42.498399081
            ],
            [
              3.135771069999976,
              42.498459411
            ],
            [
              3.135604624,
              42.49844973400002
            ],
            [
              3.135470008000027,
              42.49854609
            ],
            [
              3.135359812,
              42.49869635099998
            ],
            [
              3.135246982000012,
              42.498758520000024
            ],
            [
              3.135180226999978,
              42.498783774
            ],
            [
              3.135087973,
              42.49881355500003
            ],
            [
              3.134981219,
              42.49887661499997
            ],
            [
              3.13489047600001,
              42.499034941
            ],
            [
              3.134868978999975,
              42.499194977
            ],
            [
              3.134934811999983,
              42.499296473000015
            ],
            [
              3.135015088999978,
              42.49934041900002
            ],
            [
              3.135052992999988,
              42.499446444
            ],
            [
              3.135173372999986,
              42.499496631
            ],
            [
              3.135261974,
              42.49946236
            ],
            [
              3.135377370000015,
              42.499458618
            ],
            [
              3.135417658,
              42.49954486399997
            ],
            [
              3.135477353999988,
              42.4996185
            ],
            [
              3.135509178,
              42.499721836
            ],
            [
              3.135647807999987,
              42.499783686
            ],
            [
              3.135838531,
              42.49978344300001
            ],
            [
              3.135949142000015,
              42.499811169
            ],
            [
              3.135951662000025,
              42.49984982
            ],
            [
              3.135713681000027,
              42.499901362
            ],
            [
              3.135679644999982,
              42.49989241600002
            ],
            [
              3.135643112000025,
              42.49985380800001
            ],
            [
              3.135560585,
              42.499888071999976
            ],
            [
              3.135415959999989,
              42.499860389
            ],
            [
              3.135369818000015,
              42.49986943699997
            ],
            [
              3.135360151999976,
              42.49989192200002
            ],
            [
              3.135478200000023,
              42.49998346299998
            ],
            [
              3.135507570000016,
              42.500076015
            ],
            [
              3.135661920000018,
              42.500106383
            ],
            [
              3.135670466000022,
              42.50012435100001
            ],
            [
              3.135618245999979,
              42.500131608
            ],
            [
              3.135360645999981,
              42.50010496800002
            ],
            [
              3.135365544000024,
              42.500122041
            ],
            [
              3.135467654000024,
              42.50015067700002
            ],
            [
              3.135488366,
              42.50017672000001
            ],
            [
              3.13542886800002,
              42.500188481
            ],
            [
              3.135256297000012,
              42.500159036000014
            ],
            [
              3.135215035999977,
              42.500177066
            ],
            [
              3.135247885000013,
              42.50019859899999
            ],
            [
              3.135387638,
              42.500219996
            ],
            [
              3.135510404,
              42.500250403999985
            ],
            [
              3.135533523,
              42.500266555
            ],
            [
              3.135523843999977,
              42.500283647
            ],
            [
              3.135472826000012,
              42.500285510000026
            ],
            [
              3.13542666799998,
              42.500287366
            ],
            [
              3.135351432999983,
              42.50032341899998
            ],
            [
              3.135453574999985,
              42.50036553899997
            ],
            [
              3.135479184000019,
              42.500407756000016
            ],
            [
              3.135544858,
              42.500440034
            ],
            [
              3.135509673,
              42.50045895599999
            ],
            [
              3.135484169999984,
              42.500462584
            ],
            [
              3.135345734,
              42.500485233
            ],
            [
              3.135428443000023,
              42.500529175
            ],
            [
              3.135429698999985,
              42.500547152000024
            ],
            [
              3.135399415,
              42.50058404700002
            ],
            [
              3.135431025,
              42.500594794
            ],
            [
              3.13568372200001,
              42.50060166399999
            ],
            [
              3.135733604,
              42.500633962
            ],
            [
              3.135721510999986,
              42.50065734999998
            ],
            [
              3.135586698,
              42.500671005000015
            ],
            [
              3.135440894999988,
              42.50066040299998
            ],
            [
              3.135206270000026,
              42.50058878599998
            ],
            [
              3.135031137999988,
              42.500502711000024
            ],
            [
              3.134920489000024,
              42.500458803000015
            ],
            [
              3.13477844099998,
              42.500495839
            ],
            [
              3.13473473099998,
              42.500505782
            ],
            [
              3.134711698999979,
              42.50052738599999
            ],
            [
              3.134657131999973,
              42.50057060300003
            ],
            [
              3.134660913,
              42.50062992800002
            ],
            [
              3.134679301,
              42.50070181900003
            ],
            [
              3.134484934999989,
              42.50070386200002
            ],
            [
              3.134251593999977,
              42.500661906
            ],
            [
              3.134206674999973,
              42.50067454700002
            ],
            [
              3.134133937,
              42.500740260999976
            ],
            [
              3.134221465,
              42.500767118
            ],
            [
              3.134332135000022,
              42.50082001599998
            ],
            [
              3.134384488000023,
              42.50087029000002
            ],
            [
              3.134299525000017,
              42.500902758
            ],
            [
              3.134124610000015,
              42.50091106899998
            ],
            [
              3.133873075,
              42.50088172
            ],
            [
              3.133783087999973,
              42.50084227999997
            ],
            [
              3.133731797999985,
              42.500725483
            ],
            [
              3.133674542,
              42.50065543900001
            ],
            [
              3.133561504999989,
              42.500629511
            ],
            [
              3.133461931,
              42.500647615
            ],
            [
              3.133320095999977,
              42.500778136
            ],
            [
              3.133136616,
              42.50075948800003
            ],
            [
              3.133117036999977,
              42.50069748599998
            ],
            [
              3.133059988000014,
              42.500718232999986
            ],
            [
              3.132946898,
              42.500668932999986
            ],
            [
              3.132545764999975,
              42.500561560999984
            ],
            [
              3.132479982,
              42.50048073900001
            ],
            [
              3.132448357999976,
              42.500463697999976
            ],
            [
              3.132428742,
              42.500384617
            ],
            [
              3.132365719,
              42.50044941800002
            ],
            [
              3.132315947999984,
              42.500465659999975
            ],
            [
              3.132277105000014,
              42.500479193
            ],
            [
              3.132179902000019,
              42.50047122299998
            ],
            [
              3.13202796500002,
              42.500433655999984
            ],
            [
              3.131984137000018,
              42.50039146
            ],
            [
              3.131955055,
              42.50042385799998
            ],
            [
              3.131913757,
              42.50042660600002
            ],
            [
              3.131733796,
              42.500351318000014
            ],
            [
              3.131698447000019,
              42.50029832500002
            ],
            [
              3.131755506,
              42.50028207399998
            ],
            [
              3.13177244000002,
              42.50024969200001
            ],
            [
              3.131624140999975,
              42.500208524000016
            ],
            [
              3.131541516000027,
              42.500200534999976
            ],
            [
              3.131466035000017,
              42.500127814999985
            ],
            [
              3.13154619300002,
              42.500119626000014
            ],
            [
              3.1315328,
              42.500106158999984
            ],
            [
              3.131460920999984,
              42.500014556999986
            ],
            [
              3.131238669000027,
              42.50004
            ],
            [
              3.131160801000021,
              42.49998616
            ],
            [
              3.131079382999985,
              42.49997457400002
            ],
            [
              3.130982116999974,
              42.499937838
            ],
            [
              3.130967481000027,
              42.499911786999974
            ],
            [
              3.130918695,
              42.499825550000025
            ],
            [
              3.130934387000025,
              42.499780584
            ],
            [
              3.130924562000018,
              42.49973295299998
            ],
            [
              3.130918431,
              42.499707791
            ],
            [
              3.130942738999977,
              42.499713154
            ],
            [
              3.130962153999974,
              42.49970324200001
            ],
            [
              3.130930503,
              42.499673616999985
            ],
            [
              3.130925583000021,
              42.499646655
            ],
            [
              3.130965677,
              42.49964930300001
            ],
            [
              3.130959540999982,
              42.499621443000024
            ],
            [
              3.130915613000013,
              42.49953430099998
            ],
            [
              3.130865713999981,
              42.499493012000016
            ],
            [
              3.13075754800002,
              42.49947067099998
            ],
            [
              3.130529110999987,
              42.49944578100002
            ],
            [
              3.130099009,
              42.499415742999986
            ],
            [
              3.130003134999981,
              42.49945810899999
            ],
            [
              3.129971622000028,
              42.499490509
            ],
            [
              3.129907286,
              42.499512161999974
            ],
            [
              3.129705662999982,
              42.49952679
            ],
            [
              3.129660618,
              42.499482796999985
            ],
            [
              3.129593770999975,
              42.49946759599999
            ],
            [
              3.129417655,
              42.49948039499998
            ],
            [
              3.129145796999978,
              42.499595786999976
            ],
            [
              3.128870399999983,
              42.499759725
            ],
            [
              3.128638744999989,
              42.499928104
            ],
            [
              3.128398721,
              42.50015851799998
            ],
            [
              3.128109129999984,
              42.50049955999998
            ],
            [
              3.128007371000024,
              42.50063002600001
            ],
            [
              3.127993101000015,
              42.500770276000026
            ],
            [
              3.128113461999988,
              42.50081327999999
            ],
            [
              3.128208386999972,
              42.500890474000016
            ],
            [
              3.128192625999986,
              42.500904876
            ],
            [
              3.128123398000014,
              42.50091214999998
            ],
            [
              3.128113701000018,
              42.500922049999986
            ],
            [
              3.128101969999989,
              42.501112637
            ],
            [
              3.128057172000013,
              42.501181009
            ],
            [
              3.128086586999984,
              42.501299631999984
            ],
            [
              3.128198419,
              42.50133006200002
            ],
            [
              3.128254331999983,
              42.501344377
            ],
            [
              3.128306489000011,
              42.501307458999975
            ],
            [
              3.128335648000018,
              42.501309220999985
            ],
            [
              3.128431719,
              42.50135405200001
            ],
            [
              3.128481658999988,
              42.501414220000015
            ],
            [
              3.128478044000019,
              42.501427708999984
            ],
            [
              3.128436772999976,
              42.50144304000003
            ],
            [
              3.128425842000013,
              42.50144395199999
            ],
            [
              3.128269161,
              42.501458523
            ],
            [
              3.128244908999989,
              42.501479228
            ],
            [
              3.128249885,
              42.50153225899999
            ],
            [
              3.128138131000014,
              42.501536887999976
            ],
            [
              3.127942804999975,
              42.501656679
            ],
            [
              3.128004905000012,
              42.501722227000016
            ],
            [
              3.128100908000022,
              42.501736494
            ],
            [
              3.128202895000015,
              42.501709404
            ],
            [
              3.128222355999981,
              42.50172016800002
            ],
            [
              3.128229707,
              42.50174802599997
            ],
            [
              3.12819334400001,
              42.501785824000024
            ],
            [
              3.128198328,
              42.501842451000016
            ],
            [
              3.128202067000018,
              42.501885594999976
            ],
            [
              3.128136499,
              42.501900955999986
            ],
            [
              3.128062258,
              42.50183901899999
            ],
            [
              3.127984482999977,
              42.50182742599998
            ],
            [
              3.127922450000028,
              42.50179244200001
            ],
            [
              3.1278509,
              42.501850059
            ],
            [
              3.127909303000024,
              42.501891339999986
            ],
            [
              3.127902098999982,
              42.501930002999984
            ],
            [
              3.127928876,
              42.501953343000025
            ],
            [
              3.127915568,
              42.501978528999985
            ],
            [
              3.12778438700002,
              42.501988574
            ],
            [
              3.127724845999978,
              42.50198235300002
            ],
            [
              3.127633586,
              42.501915042
            ],
            [
              3.127480511999977,
              42.50191342699998
            ],
            [
              3.127311587,
              42.50188486299999
            ],
            [
              3.127225470999974,
              42.501947890999986
            ],
            [
              3.127084525999976,
              42.50193727200002
            ],
            [
              3.126849820000018,
              42.501826084000015
            ],
            [
              3.126623592999977,
              42.50170319900002
            ],
            [
              3.126399681,
              42.501526376000015
            ],
            [
              3.126346088,
              42.501461716999984
            ],
            [
              3.126236549999987,
              42.501367459
            ],
            [
              3.126140559000021,
              42.50135858300001
            ],
            [
              3.125910949,
              42.501355258
            ],
            [
              3.125675408,
              42.501418461000014
            ],
            [
              3.125316239000028,
              42.50161485000001
            ],
            [
              3.124966944,
              42.50188493799999
            ],
            [
              3.124657741000021,
              42.50215767499998
            ],
            [
              3.124447987,
              42.502352089
            ],
            [
              3.124308736999978,
              42.50256709500002
            ],
            [
              3.124208542000019,
              42.50286745400001
            ],
            [
              3.124187115999973,
              42.503075132
            ],
            [
              3.124192203,
              42.503182098000025
            ],
            [
              3.124219332999985,
              42.503371741000024
            ],
            [
              3.124246471,
              42.503564978999975
            ],
            [
              3.124263883000026,
              42.50375463300003
            ],
            [
              3.124299486999973,
              42.50392988300001
            ],
            [
              3.124377547999984,
              42.50407452000002
            ],
            [
              3.124485731999982,
              42.504102261000014
            ],
            [
              3.124598748999972,
              42.50411741099998
            ],
            [
              3.124659516,
              42.504128127
            ],
            [
              3.124759211000026,
              42.504163069000015
            ],
            [
              3.124700986999983,
              42.50420538700001
            ],
            [
              3.124590448,
              42.50421270700002
            ],
            [
              3.124584449999986,
              42.50424867200002
            ],
            [
              3.124637987000028,
              42.50428726299998
            ],
            [
              3.124644131000025,
              42.50431961700002
            ],
            [
              3.124601692,
              42.504358320999984
            ],
            [
              3.124562825,
              42.504362861
            ],
            [
              3.124498308,
              42.50430270800001
            ],
            [
              3.124455781,
              42.50430006099998
            ],
            [
              3.124443659,
              42.50431265999998
            ],
            [
              3.124431578999975,
              42.50434503600002
            ],
            [
              3.124442578000014,
              42.50437558599998
            ],
            [
              3.124536213,
              42.50441682799999
            ],
            [
              3.124563,
              42.504444664
            ],
            [
              3.124547265,
              42.50447254900001
            ],
            [
              3.124506003000022,
              42.504493272
            ],
            [
              3.12446348200001,
              42.50449332199997
            ],
            [
              3.12436256,
              42.504452988000025
            ],
            [
              3.124265353,
              42.504445909000026
            ],
            [
              3.12416327,
              42.504430746000025
            ],
            [
              3.123915426,
              42.504428338000025
            ],
            [
              3.123782985999981,
              42.504420401
            ],
            [
              3.123589813000024,
              42.504417928
            ],
            [
              3.123418591000018,
              42.50445498200003
            ],
            [
              3.123354247,
              42.50447663099999
            ],
            [
              3.123242517,
              42.50449563799998
            ],
            [
              3.123102986,
              42.50458209599998
            ],
            [
              3.122921136,
              42.50476478899998
            ],
            [
              3.122786744999985,
              42.504985181999984
            ],
            [
              3.122757869,
              42.50511915599998
            ],
            [
              3.122747241000013,
              42.505264795000016
            ],
            [
              3.122781718999988,
              42.505484094999986
            ],
            [
              3.122869705000028,
              42.505727604000015
            ],
            [
              3.12301702100001,
              42.505874859000016
            ],
            [
              3.123161788,
              42.505965484
            ],
            [
              3.123279759000013,
              42.506023778999975
            ],
            [
              3.123379439000018,
              42.50605063199998
            ],
            [
              3.123476649999986,
              42.50605860899998
            ],
            [
              3.123595662000014,
              42.50603420099998
            ],
            [
              3.123649143000023,
              42.506045825
            ],
            [
              3.123680698999976,
              42.506030506
            ],
            [
              3.123663545,
              42.50596220699998
            ],
            [
              3.123676865999983,
              42.505941516
            ],
            [
              3.123748535,
              42.50593604
            ],
            [
              3.123879773,
              42.50594847299999
            ],
            [
              3.123924809000016,
              42.505987973
            ],
            [
              3.123847183,
              42.50604919099999
            ],
            [
              3.123888535,
              42.506069818000014
            ],
            [
              3.123920128,
              42.50607247800002
            ],
            [
              3.123938297,
              42.506046388000016
            ],
            [
              3.123979597000016,
              42.506042745
            ],
            [
              3.124006486999974,
              42.50611912300002
            ],
            [
              3.124130352,
              42.50609201100002
            ],
            [
              3.124210538999989,
              42.50609281599998
            ],
            [
              3.12427743500001,
              42.50612779699998
            ],
            [
              3.124322393,
              42.50613044099998
            ],
            [
              3.12439047700002,
              42.50615283500002
            ],
            [
              3.124494979000019,
              42.506161702999975
            ],
            [
              3.124601972,
              42.506198434
            ],
            [
              3.124598291999973,
              42.50618225699998
            ],
            [
              3.124618914,
              42.506166952
            ],
            [
              3.124705208000023,
              42.50618303099998
            ],
            [
              3.124782962999973,
              42.50618294100002
            ],
            [
              3.124799904999975,
              42.50615145799998
            ],
            [
              3.124940867000021,
              42.50616567600002
            ],
            [
              3.125061131999985,
              42.50615924300001
            ],
            [
              3.125363661999984,
              42.50616517999998
            ],
            [
              3.125424367999983,
              42.506146231
            ],
            [
              3.125503337999987,
              42.506146139
            ],
            [
              3.125582343000019,
              42.506162226000015
            ],
            [
              3.12561645,
              42.506203536999976
            ],
            [
              3.125637336000011,
              42.506311385
            ],
            [
              3.125619240999981,
              42.506371634
            ],
            [
              3.125578032000021,
              42.506417527999986
            ],
            [
              3.125558821000027,
              42.506523625
            ],
            [
              3.125539413000013,
              42.506538031
            ],
            [
              3.125481115000014,
              42.50654708899998
            ],
            [
              3.125535926999987,
              42.50661174700002
            ],
            [
              3.125486282,
              42.506690013000025
            ],
            [
              3.125505815999986,
              42.506734038
            ],
            [
              3.125564198,
              42.50676453300002
            ],
            [
              3.125681906000011,
              42.506698772
            ],
            [
              3.125754884,
              42.50673644099999
            ],
            [
              3.125855730000012,
              42.506739019
            ],
            [
              3.12589082,
              42.50667245699998
            ],
            [
              3.125941746000024,
              42.506625652000025
            ],
            [
              3.126081355,
              42.50657514699998
            ],
            [
              3.126215037,
              42.506592968
            ],
            [
              3.12629776,
              42.506642311
            ],
            [
              3.126337549000027,
              42.506502031000025
            ],
            [
              3.12640066,
              42.50647139199998
            ],
            [
              3.126400608999973,
              42.50644802
            ],
            [
              3.126427281000019,
              42.506421919
            ],
            [
              3.126541565000025,
              42.50645864
            ],
            [
              3.126636449999978,
              42.506514261
            ],
            [
              3.126744786000017,
              42.50660942000002
            ],
            [
              3.126714511999978,
              42.50665530100002
            ],
            [
              3.126776808999978,
              42.506809843999974
            ],
            [
              3.126775802999987,
              42.50690603100003
            ],
            [
              3.126755308999975,
              42.506979768
            ],
            [
              3.126776071999984,
              42.50703008300002
            ],
            [
              3.126720255,
              42.507062511000015
            ],
            [
              3.126745831,
              42.507091247
            ],
            [
              3.126732527,
              42.50711912899999
            ],
            [
              3.126699771,
              42.50714074299998
            ],
            [
              3.126707168999985,
              42.507191074
            ],
            [
              3.12674488,
              42.50721260400002
            ],
            [
              3.126803074,
              42.50715590200002
            ],
            [
              3.126888134000012,
              42.50716209299998
            ],
            [
              3.126903804,
              42.507104543000025
            ],
            [
              3.126935369000023,
              42.50709371800002
            ],
            [
              3.126981555999976,
              42.507102653
            ],
            [
              3.12700457,
              42.507070264
            ],
            [
              3.127034907999985,
              42.507054047
            ],
            [
              3.127067722,
              42.507058502
            ],
            [
              3.127122476000011,
              42.507096192
            ],
            [
              3.127299900000025,
              42.50711485800002
            ],
            [
              3.127308361000019,
              42.50709507200003
            ],
            [
              3.127269177000016,
              42.50695488500003
            ],
            [
              3.127288517000011,
              42.506909016
            ],
            [
              3.127357747000019,
              42.50689904500001
            ],
            [
              3.127485394000018,
              42.50693485
            ],
            [
              3.127529182999979,
              42.50695817000002
            ],
            [
              3.127580344000023,
              42.50701923600002
            ],
            [
              3.127798136000024,
              42.507163704
            ],
            [
              3.127843227000028,
              42.507226576
            ],
            [
              3.12796241,
              42.507280369
            ],
            [
              3.128028154999981,
              42.507343215
            ],
            [
              3.12800513000002,
              42.50737021100002
            ],
            [
              3.128148582999984,
              42.50741049099997
            ],
            [
              3.128213053000025,
              42.50744547199997
            ],
            [
              3.12822646799998,
              42.507468828000015
            ],
            [
              3.128162095,
              42.50747789500002
            ],
            [
              3.12815606800001,
              42.50749947600002
            ],
            [
              3.12811965100002,
              42.50751390300002
            ],
            [
              3.128113606,
              42.50752739400002
            ],
            [
              3.128175612,
              42.507547096
            ],
            [
              3.128325077,
              42.507558603
            ],
            [
              3.128353011,
              42.507554073999984
            ],
            [
              3.128394254,
              42.50752436
            ],
            [
              3.128591340000014,
              42.507643681
            ],
            [
              3.128702092000026,
              42.50772984499997
            ],
            [
              3.128841919000024,
              42.50777821899999
            ],
            [
              3.128925881999976,
              42.507837446999986
            ],
            [
              3.129062006000026,
              42.507858856999974
            ],
            [
              3.129109450999977,
              42.50788666699998
            ],
            [
              3.129115625,
              42.507931606
            ],
            [
              3.129193585,
              42.508023203
            ],
            [
              3.129217998,
              42.508074411999985
            ],
            [
              3.129174275000025,
              42.508081657
            ],
            [
              3.129103755000017,
              42.508058370000015
            ],
            [
              3.128940906000025,
              42.50803879
            ],
            [
              3.128968928,
              42.50807381499999
            ],
            [
              3.128950713,
              42.50807833099998
            ],
            [
              3.128860857,
              42.508101812
            ],
            [
              3.128779553000015,
              42.508146856999986
            ],
            [
              3.128771138,
              42.508187319
            ],
            [
              3.128692291999982,
              42.508244946
            ],
            [
              3.128715603999979,
              42.508348296
            ],
            [
              3.128737638000018,
              42.508422881
            ],
            [
              3.128802163999978,
              42.508483031000026
            ],
            [
              3.128921446,
              42.508579972
            ],
            [
              3.128938515000016,
              42.50860691999998
            ],
            [
              3.128944643000011,
              42.50863118400002
            ],
            [
              3.128896221,
              42.508711247
            ],
            [
              3.128898698,
              42.50873281899999
            ],
            [
              3.128978959,
              42.508765083000014
            ],
            [
              3.129089570000019,
              42.508786524000016
            ],
            [
              3.129103008000016,
              42.50881976800002
            ],
            [
              3.129127341000014,
              42.50883502099998
            ],
            [
              3.129161314999976,
              42.508814304
            ],
            [
              3.129228187000024,
              42.508835798
            ],
            [
              3.129263531,
              42.508885196
            ],
            [
              3.129269856,
              42.50899845499998
            ],
            [
              3.129205556999977,
              42.509041680999985
            ],
            [
              3.129202002,
              42.509082138
            ],
            [
              3.129160743999989,
              42.50910556000002
            ],
            [
              3.129064786000015,
              42.509117361999984
            ],
            [
              3.129038095999988,
              42.509135373
            ],
            [
              3.129036928,
              42.50915694899999
            ],
            [
              3.12906496,
              42.50919646800003
            ],
            [
              3.129010355,
              42.50922799699998
            ],
            [
              3.128961869000022,
              42.509279295
            ],
            [
              3.129006964999974,
              42.509343065
            ],
            [
              3.129079956999988,
              42.509385227
            ],
            [
              3.129162544999986,
              42.50937074400002
            ],
            [
              3.129207478000012,
              42.509360801000014
            ],
            [
              3.129218407,
              42.509358091000024
            ],
            [
              3.129240201000016,
              42.509323904999974
            ],
            [
              3.129303379000021,
              42.50932293
            ],
            [
              3.129361639000024,
              42.50929589100002
            ],
            [
              3.12950014,
              42.50929212699998
            ],
            [
              3.12959142,
              42.509362133000025
            ],
            [
              3.129638840999974,
              42.50937825699998
            ],
            [
              3.129663144,
              42.509380024999984
            ],
            [
              3.129740974000015,
              42.509411393
            ],
            [
              3.129913475000023,
              42.50939859800002
            ],
            [
              3.13011509,
              42.509365092
            ],
            [
              3.130190285000026,
              42.509304772
            ],
            [
              3.130184104000023,
              42.509257135999974
            ],
            [
              3.130193744,
              42.509221165999975
            ],
            [
              3.130238667000015,
              42.50920672900003
            ],
            [
              3.130266544999984,
              42.50917702999999
            ],
            [
              3.130399043000011,
              42.50920563400001
            ],
            [
              3.13043675,
              42.50922446499999
            ],
            [
              3.130452602999981,
              42.50925051500002
            ],
            [
              3.130458832999977,
              42.509319726
            ],
            [
              3.130488050999986,
              42.509345758999984
            ],
            [
              3.130535466000026,
              42.509359185
            ],
            [
              3.13062063000001,
              42.50941031999997
            ],
            [
              3.130813742999976,
              42.509378621
            ],
            [
              3.130836731999977,
              42.50933544399999
            ],
            [
              3.130847545999984,
              42.509281494
            ],
            [
              3.130934989000025,
              42.509265206
            ],
            [
              3.131094173,
              42.509274
            ],
            [
              3.1311794,
              42.50935300200001
            ],
            [
              3.131158831999983,
              42.50939168100001
            ],
            [
              3.131219778,
              42.50947880299998
            ],
            [
              3.131183444999976,
              42.509530986000016
            ],
            [
              3.131280748999984,
              42.509577611
            ],
            [
              3.131308787000023,
              42.509618928
            ],
            [
              3.13161018400001,
              42.509652716
            ],
            [
              3.131728141999986,
              42.509698416
            ],
            [
              3.13177684599998,
              42.50974420199998
            ],
            [
              3.13183515999998,
              42.50974143299999
            ],
            [
              3.131936094000025,
              42.509780861000024
            ],
            [
              3.131921561000013,
              42.509801555000024
            ],
            [
              3.131879057999981,
              42.509811496
            ],
            [
              3.131769716,
              42.509815227
            ],
            [
              3.131722481,
              42.50988180600001
            ],
            [
              3.131613232,
              42.509926888
            ],
            [
              3.131581700000027,
              42.50995299599998
            ],
            [
              3.131586613000024,
              42.509976361999975
            ],
            [
              3.131618256000024,
              42.509999694999976
            ],
            [
              3.131649899000024,
              42.510023029000024
            ],
            [
              3.131681608,
              42.510076027000025
            ],
            [
              3.131680492999976,
              42.51012007600002
            ],
            [
              3.131651391,
              42.51014618099998
            ],
            [
              3.131661198000018,
              42.510184822999975
            ],
            [
              3.13158710099998,
              42.51019300500002
            ],
            [
              3.131621170000017,
              42.510214538000014
            ],
            [
              3.131655228999989,
              42.51023157499998
            ],
            [
              3.131846124999981,
              42.510293365999985
            ],
            [
              3.1320457,
              42.510431556000015
            ],
            [
              3.13211620200002,
              42.510444953
            ],
            [
              3.132272941,
              42.510445657
            ],
            [
              3.132506391,
              42.510519080999984
            ],
            [
              3.132724212000028,
              42.51066533699998
            ],
            [
              3.132737581000015,
              42.510667118000015
            ],
            [
              3.132746003000022,
              42.510630251
            ],
            [
              3.132795817999977,
              42.51063018899998
            ],
            [
              3.133074255,
              42.51071614
            ],
            [
              3.133118077,
              42.510752043000025
            ],
            [
              3.133192421,
              42.510851732
            ],
            [
              3.133131744000025,
              42.51088417
            ],
            [
              3.133131787000025,
              42.510903047
            ],
            [
              3.133378752999988,
              42.511041175
            ],
            [
              3.133335036,
              42.511052017
            ],
            [
              3.133325376000016,
              42.511078097999984
            ],
            [
              3.133279239,
              42.51109343799999
            ],
            [
              3.133297594,
              42.511150048
            ],
            [
              3.133185863,
              42.51117266099999
            ],
            [
              3.133162809999988,
              42.511187072999974
            ],
            [
              3.133141003,
              42.511214967
            ],
            [
              3.133133831,
              42.51126711400002
            ],
            [
              3.132904341000028,
              42.511333922
            ],
            [
              3.132926274999988,
              42.51136176099999
            ],
            [
              3.133026014999984,
              42.51140838200001
            ],
            [
              3.133054086000016,
              42.511463182
            ],
            [
              3.133141658,
              42.51150262599998
            ],
            [
              3.133049390999986,
              42.511536002000014
            ],
            [
              3.133049479000022,
              42.511574656
            ],
            [
              3.133019145999981,
              42.511593571
            ],
            [
              3.132968117000019,
              42.51159453399998
            ],
            [
              3.132967091000012,
              42.511596267000016
            ],
            [
              3.132954801999972,
              42.511617023999975
            ],
            [
              3.132954827,
              42.51162781099998
            ],
            [
              3.133010747000014,
              42.511640327
            ],
            [
              3.133029034,
              42.51166727200001
            ],
            [
              3.133075244999986,
              42.51168429400002
            ],
            [
              3.133085086,
              42.51173731900002
            ],
            [
              3.133063244000027,
              42.51174993199999
            ],
            [
              3.132936894000011,
              42.51175638199999
            ],
            [
              3.132828809999978,
              42.51178078800001
            ],
            [
              3.132765542000016,
              42.51174311099999
            ],
            [
              3.13273647699998,
              42.51178539699998
            ],
            [
              3.132643069999972,
              42.511852035
            ],
            [
              3.132436706000021,
              42.511937690000025
            ],
            [
              3.132433096999989,
              42.51195387500002
            ],
            [
              3.132490271999984,
              42.51198346899997
            ],
            [
              3.132536639000023,
              42.51206971
            ],
            [
              3.132638817999975,
              42.512119923
            ],
            [
              3.132614591999982,
              42.51215321400002
            ],
            [
              3.132553862,
              42.51216317799998
            ],
            [
              3.132494241000018,
              42.512126395999985
            ],
            [
              3.132337448999976,
              42.51210411699998
            ],
            [
              3.132298567000021,
              42.51210416499998
            ],
            [
              3.132279163000021,
              42.51212037
            ],
            [
              3.132303520999983,
              42.51214550999998
            ],
            [
              3.132296307999979,
              42.512179678
            ],
            [
              3.132324359999984,
              42.51222638799999
            ],
            [
              3.132338968999989,
              42.51223895499999
            ],
            [
              3.132398615,
              42.51228652499998
            ],
            [
              3.132416910000018,
              42.51231706599998
            ],
            [
              3.132195871000022,
              42.51236228699997
            ],
            [
              3.132176480999988,
              42.512384785
            ],
            [
              3.132255484999973,
              42.512395474000016
            ],
            [
              3.13230667,
              42.512462831
            ],
            [
              3.132146401999989,
              42.51251606699998
            ],
            [
              3.13210516700002,
              42.512550278
            ],
            [
              3.132186607,
              42.512563661
            ],
            [
              3.132313109,
              42.512623733
            ],
            [
              3.132207499,
              42.51266791199998
            ],
            [
              3.132172363999985,
              42.512712901999976
            ],
            [
              3.132185841000023,
              42.51276232700002
            ],
            [
              3.13215560499998,
              42.51282439200003
            ],
            [
              3.132288105999976,
              42.512850297
            ],
            [
              3.132191013000011,
              42.512899859000015
            ],
            [
              3.132158204,
              42.512899
            ],
            [
              3.132113299000025,
              42.512922428000024
            ],
            [
              3.132034343999976,
              42.51293331300002
            ],
            [
              3.132019918000026,
              42.51300164999998
            ],
            [
              3.131981114999974,
              42.513036757
            ],
            [
              3.131935043999988,
              42.513081761000024
            ],
            [
              3.131952335,
              42.513205793
            ],
            [
              3.132092509000017,
              42.513400690000026
            ],
            [
              3.132137523999972,
              42.513425804
            ],
            [
              3.132208137000021,
              42.51348684499999
            ],
            [
              3.132276178999973,
              42.513485861
            ],
            [
              3.132350283,
              42.513478578
            ],
            [
              3.132509492999986,
              42.51349366199997
            ],
            [
              3.132539818999987,
              42.513471150999976
            ],
            [
              3.132602986999984,
              42.513463881
            ],
            [
              3.13260651600001,
              42.51341263699999
            ],
            [
              3.132630797,
              42.513403617999984
            ],
            [
              3.132760822000023,
              42.51340885000002
            ],
            [
              3.132861742999978,
              42.51343928799997
            ],
            [
              3.132941900999981,
              42.51342300699997
            ],
            [
              3.133011161000013,
              42.51342292099997
            ],
            [
              3.13307196,
              42.513442622000014
            ],
            [
              3.133216576999985,
              42.51345233
            ],
            [
              3.133251882000025,
              42.51348195100002
            ],
            [
              3.13327861099998,
              42.51348101899998
            ],
            [
              3.133288263999987,
              42.513451341
            ],
            [
              3.133451101,
              42.513458329
            ],
            [
              3.133472997000013,
              42.51346908900001
            ],
            [
              3.133470628999987,
              42.51349606100001
            ],
            [
              3.133452488999978,
              42.513533839
            ],
            [
              3.133417301,
              42.513555457
            ],
            [
              3.133418559,
              42.513574333
            ],
            [
              3.133439254,
              42.51359138700002
            ],
            [
              3.133489081,
              42.513594921
            ],
            [
              3.133542594,
              42.51361642799998
            ],
            [
              3.133589937000011,
              42.513596592
            ],
            [
              3.13370532,
              42.51357487299998
            ],
            [
              3.133894882999982,
              42.51357913099997
            ],
            [
              3.134046706,
              42.513551972000016
            ],
            [
              3.134058897999978,
              42.51356993500002
            ],
            [
              3.134046801000011,
              42.513593323
            ],
            [
              3.133936424000012,
              42.51367886100002
            ],
            [
              3.133981436,
              42.51370217700003
            ],
            [
              3.13399125799998,
              42.513746212
            ],
            [
              3.134035034000021,
              42.51376054000002
            ],
            [
              3.134078768999984,
              42.513756890000025
            ],
            [
              3.134090948,
              42.51376946
            ],
            [
              3.134083712,
              42.513792841
            ],
            [
              3.134121387,
              42.513796389
            ],
            [
              3.134132293999983,
              42.51378379099998
            ],
            [
              3.134101841000017,
              42.51375056799998
            ],
            [
              3.134133313,
              42.51369839
            ],
            [
              3.13427176,
              42.513666753
            ],
            [
              3.134336247000022,
              42.513704427
            ],
            [
              3.134318111000027,
              42.51374400399999
            ],
            [
              3.134369156999981,
              42.51374933300002
            ],
            [
              3.134380127999975,
              42.513764601
            ],
            [
              3.134358296000016,
              42.51378170800001
            ],
            [
              3.134270851,
              42.513799797
            ],
            [
              3.134187111000017,
              42.51384395100001
            ],
            [
              3.134072957,
              42.513871961
            ],
            [
              3.133924719,
              42.513873046000015
            ],
            [
              3.133885862999989,
              42.513884781
            ],
            [
              3.133872579000013,
              42.513920756
            ],
            [
              3.133838619000016,
              42.513947766
            ],
            [
              3.133839852,
              42.513955855
            ],
            [
              3.133820480999987,
              42.51398644300002
            ],
            [
              3.133933688000013,
              42.51407529599999
            ],
            [
              3.133942349999984,
              42.514143605000015
            ],
            [
              3.134008092999977,
              42.51419925699997
            ],
            [
              3.13408709700002,
              42.51420904600002
            ],
            [
              3.134118738999973,
              42.514230581
            ],
            [
              3.134231848000013,
              42.514276284
            ],
            [
              3.134325563,
              42.514342688
            ],
            [
              3.134511662000023,
              42.51442425699997
            ],
            [
              3.134543267000026,
              42.514429611000025
            ],
            [
              3.134586943999977,
              42.514400790000025
            ],
            [
              3.13463066700001,
              42.51439174500001
            ],
            [
              3.13472305800002,
              42.51441050699998
            ],
            [
              3.134738642,
              42.514318795
            ],
            [
              3.13484680900001,
              42.514328547
            ],
            [
              3.134846614000026,
              42.51424404699998
            ],
            [
              3.134880577999979,
              42.51421883299997
            ],
            [
              3.134909752999988,
              42.51422419
            ],
            [
              3.135036292999985,
              42.514297742999986
            ],
            [
              3.13503033,
              42.514346294
            ],
            [
              3.135075303,
              42.514352529
            ],
            [
              3.135162870999977,
              42.514387477000014
            ],
            [
              3.135258854000028,
              42.514382861
            ],
            [
              3.135291632000019,
              42.51437023400001
            ],
            [
              3.135323127,
              42.514327944
            ],
            [
              3.135365601,
              42.51430451800002
            ],
            [
              3.135389901,
              42.51430358800002
            ],
            [
              3.13544092799998,
              42.51430082600001
            ],
            [
              3.135463942,
              42.514269334
            ],
            [
              3.135414034,
              42.514230742999985
            ],
            [
              3.135419985999988,
              42.514177698000026
            ],
            [
              3.135305534,
              42.51407716199998
            ],
            [
              3.135285995,
              42.51403493700002
            ],
            [
              3.13529567,
              42.514015148
            ],
            [
              3.135355206999975,
              42.51401417300002
            ],
            [
              3.135451140999976,
              42.51398888099999
            ],
            [
              3.135605524000027,
              42.51401745099997
            ],
            [
              3.135666261999972,
              42.51401018299998
            ],
            [
              3.135690581,
              42.51401734299998
            ],
            [
              3.135694320000027,
              42.51405779100003
            ],
            [
              3.135708915,
              42.514064065000014
            ],
            [
              3.135773255,
              42.51403791400003
            ],
            [
              3.13602841300002,
              42.51403309400001
            ],
            [
              3.136079493000011,
              42.514052806
            ],
            [
              3.136114894,
              42.51412287800002
            ],
            [
              3.13618427199998,
              42.51417313000002
            ],
            [
              3.136251109999989,
              42.51417664000002
            ],
            [
              3.136313013,
              42.514147794999985
            ],
            [
              3.136390833,
              42.514171068
            ],
            [
              3.136473474000013,
              42.514177255
            ],
            [
              3.136484484,
              42.514208704
            ],
            [
              3.136432312000011,
              42.51424203200003
            ],
            [
              3.136285391,
              42.514287165999974
            ],
            [
              3.136317034,
              42.514308700000015
            ],
            [
              3.136295210000014,
              42.51432940400002
            ],
            [
              3.136428877000014,
              42.514331930000026
            ],
            [
              3.136459380000019,
              42.51438582700001
            ],
            [
              3.136557797000023,
              42.51438300500001
            ],
            [
              3.136563786000011,
              42.51434613999999
            ],
            [
              3.136577133,
              42.514338033
            ],
            [
              3.136750830999972,
              42.51431174099997
            ],
            [
              3.136800693999987,
              42.514330555000015
            ],
            [
              3.136865073000024,
              42.514321483
            ],
            [
              3.136901587000011,
              42.51434750599998
            ],
            [
              3.13701340199998,
              42.514358148999975
            ],
            [
              3.137034095999979,
              42.514374304
            ],
            [
              3.137051238000026,
              42.514430016
            ],
            [
              3.137099885,
              42.514447932
            ],
            [
              3.13711809199998,
              42.51443981800003
            ],
            [
              3.137124051,
              42.51439036900001
            ],
            [
              3.13716288,
              42.514366946999985
            ],
            [
              3.137229708,
              42.514365962
            ],
            [
              3.137284438,
              42.51438746600002
            ],
            [
              3.137308791,
              42.51440900900002
            ],
            [
              3.13728701399998,
              42.51444949
            ],
            [
              3.137353852999979,
              42.514452999000014
            ],
            [
              3.137383062000026,
              42.514472738999984
            ],
            [
              3.137403749999976,
              42.514486196
            ],
            [
              3.137361327,
              42.514531197999986
            ],
            [
              3.137315226999988,
              42.514562720000015
            ],
            [
              3.137202345999981,
              42.514615004
            ],
            [
              3.137122324000018,
              42.514689718
            ],
            [
              3.137112673,
              42.514719395999975
            ],
            [
              3.137197754999988,
              42.514730074
            ],
            [
              3.13736186,
              42.514757729999985
            ],
            [
              3.137468692000027,
              42.514716240999974
            ],
            [
              3.137626781,
              42.514769075
            ],
            [
              3.13769858,
              42.514814828
            ],
            [
              3.137719334,
              42.51485615299998
            ],
            [
              3.137847105,
              42.51493419600001
            ],
            [
              3.137850882,
              42.514989925
            ],
            [
              3.137823078,
              42.515051089
            ],
            [
              3.137864568,
              42.515125647
            ],
            [
              3.13789376699998,
              42.51514089199998
            ],
            [
              3.137908203999984,
              42.51507974499998
            ],
            [
              3.137931228000014,
              42.51505274700003
            ],
            [
              3.138086622,
              42.514993216
            ],
            [
              3.138161976,
              42.51500031
            ],
            [
              3.138217841000028,
              42.514987653
            ],
            [
              3.138229911,
              42.514953477
            ],
            [
              3.138325768000016,
              42.51489582099998
            ],
            [
              3.138354941999978,
              42.51490027800003
            ],
            [
              3.138465391000011,
              42.51484709699997
            ],
            [
              3.138561433,
              42.514867648
            ],
            [
              3.138472831,
              42.51491001300002
            ],
            [
              3.13843041299998,
              42.514956813000026
            ],
            [
              3.138364873,
              42.51498926
            ],
            [
              3.138431745,
              42.515006253000024
            ],
            [
              3.138413668999988,
              42.515070101
            ],
            [
              3.138374875000011,
              42.515107907000015
            ],
            [
              3.138326313,
              42.51512594899998
            ],
            [
              3.138229272,
              42.515197091
            ],
            [
              3.13834110099998,
              42.51521312699998
            ],
            [
              3.138347211,
              42.515227502000016
            ],
            [
              3.138302275,
              42.51523744899998
            ],
            [
              3.138288978999981,
              42.51526713099997
            ],
            [
              3.13837537400002,
              42.515318259000026
            ],
            [
              3.138495713,
              42.515336081999976
            ],
            [
              3.138541798,
              42.515298266
            ],
            [
              3.138750678,
              42.515247654
            ],
            [
              3.138773765,
              42.51524762399998
            ],
            [
              3.138838283999974,
              42.515296982
            ],
            [
              3.138964607,
              42.515276142
            ],
            [
              3.139072654000017,
              42.515234650000025
            ],
            [
              3.139129761999982,
              42.515233677000026
            ],
            [
              3.139228283000023,
              42.515274
            ],
            [
              3.139227474999984,
              42.51544480000001
            ],
            [
              3.139290695,
              42.515459100999976
            ],
            [
              3.139305252999975,
              42.515449193999984
            ],
            [
              3.139307551,
              42.51539345600003
            ],
            [
              3.139345123,
              42.515352955000026
            ],
            [
              3.139472641,
              42.515324022000016
            ],
            [
              3.139515174999985,
              42.51532576400001
            ],
            [
              3.139540746000023,
              42.515348205
            ],
            [
              3.139571105000016,
              42.515340074
            ],
            [
              3.139603589999979,
              42.515205191
            ],
            [
              3.139627809,
              42.51517009999998
            ],
            [
              3.139677641999981,
              42.51517542900001
            ],
            [
              3.139748210999983,
              42.515213991
            ],
            [
              3.139766528,
              42.515251722000016
            ],
            [
              3.139854091000018,
              42.515283071
            ],
            [
              3.140080178,
              42.515314236999984
            ],
            [
              3.140108122000015,
              42.515312403
            ],
            [
              3.140108054999985,
              42.51528453499998
            ],
            [
              3.140127445000019,
              42.51526293500001
            ],
            [
              3.140270784999984,
              42.515244768
            ],
            [
              3.140331546000027,
              42.515246486000024
            ],
            [
              3.140393481999979,
              42.51523202200002
            ],
            [
              3.140463964999981,
              42.515234626
            ],
            [
              3.140597738,
              42.515280296000014
            ],
            [
              3.140801966000026,
              42.515316883000025
            ],
            [
              3.140839631,
              42.515315036
            ],
            [
              3.140866253000013,
              42.515269154
            ],
            [
              3.140883251,
              42.51526373799999
            ],
            [
              3.140939203000016,
              42.515287037
            ],
            [
              3.140978178000012,
              42.51532474099997
            ],
            [
              3.140977,
              42.515340025
            ],
            [
              3.140917484999989,
              42.51535088999998
            ],
            [
              3.140902949,
              42.515369787
            ],
            [
              3.140979761999972,
              42.515477558999976
            ],
            [
              3.141095263000011,
              42.51550437499998
            ],
            [
              3.141205964999983,
              42.51555636699999
            ],
            [
              3.141291036999974,
              42.515561648000016
            ],
            [
              3.141309311999976,
              42.515581399999974
            ],
            [
              3.141322738999975,
              42.515606553
            ],
            [
              3.141316813,
              42.51566858799998
            ],
            [
              3.141225841999983,
              42.515736129
            ],
            [
              3.141258775999972,
              42.515788224
            ],
            [
              3.141216325000016,
              42.515820642
            ],
            [
              3.141161666000016,
              42.515829704
            ],
            [
              3.141077714,
              42.51578486699998
            ],
            [
              3.141021844000022,
              42.515795729
            ],
            [
              3.140965927000025,
              42.51578681299998
            ],
            [
              3.140946428,
              42.51576346600001
            ],
            [
              3.140939017999983,
              42.515714033999984
            ],
            [
              3.140907366000022,
              42.51568980500002
            ],
            [
              3.140861175999987,
              42.515683573
            ],
            [
              3.14077252200002,
              42.51570436600002
            ],
            [
              3.140738473,
              42.515693623
            ],
            [
              3.14069727499998,
              42.51574222
            ],
            [
              3.140617151000015,
              42.51577289
            ],
            [
              3.140631797000026,
              42.51579983900001
            ],
            [
              3.140563832,
              42.51583408800002
            ],
            [
              3.14054575900002,
              42.51589793699998
            ],
            [
              3.140500917999987,
              42.51594743800001
            ],
            [
              3.140428047,
              42.51596281600001
            ],
            [
              3.140273695000019,
              42.515950433
            ],
            [
              3.140221436,
              42.51594690600001
            ],
            [
              3.140020916000026,
              42.515937281
            ],
            [
              3.140009998999972,
              42.515945386
            ],
            [
              3.140025939999987,
              42.51600559399998
            ],
            [
              3.13994459700001,
              42.51603536599998
            ],
            [
              3.139851003999979,
              42.516023802
            ],
            [
              3.139738009999974,
              42.516029344
            ],
            [
              3.139677184,
              42.516000657
            ],
            [
              3.139590966000014,
              42.51602414299998
            ],
            [
              3.13946339,
              42.516029703000015
            ],
            [
              3.139357581000013,
              42.515991187
            ],
            [
              3.139125563999983,
              42.51602205400002
            ],
            [
              3.139005264,
              42.516021310999975
            ],
            [
              3.138909198000022,
              42.51599177100002
            ],
            [
              3.138818117000028,
              42.51601436300001
            ],
            [
              3.138692968999976,
              42.51601902099998
            ],
            [
              3.138556876,
              42.51602009700002
            ],
            [
              3.138344679,
              42.516210947
            ],
            [
              3.138140642999986,
              42.51625615900002
            ],
            [
              3.138036195999973,
              42.516279666
            ],
            [
              3.138005914000018,
              42.516320157999985
            ],
            [
              3.137913684000011,
              42.51637151699998
            ],
            [
              3.137843232000023,
              42.516382395
            ],
            [
              3.137774052999987,
              42.516418441999974
            ],
            [
              3.137594343999979,
              42.51647440800002
            ],
            [
              3.137469184,
              42.516474570000014
            ],
            [
              3.137354913000024,
              42.516454040999974
            ],
            [
              3.137292969999976,
              42.51646670600002
            ],
            [
              3.13718736300001,
              42.51651358700002
            ],
            [
              3.137129021000021,
              42.51650736900001
            ],
            [
              3.137061014999972,
              42.516525435
            ],
            [
              3.137024559,
              42.51652458299998
            ],
            [
              3.136996507,
              42.51648057099999
            ],
            [
              3.136829835000015,
              42.516396284
            ],
            [
              3.136807826,
              42.51633788100003
            ],
            [
              3.136697047999974,
              42.516252624
            ],
            [
              3.136620417000017,
              42.516219461
            ],
            [
              3.13651104600001,
              42.516216005
            ],
            [
              3.136419659000012,
              42.51610824900001
            ],
            [
              3.136378552,
              42.51619729700002
            ],
            [
              3.136395783000012,
              42.516290765
            ],
            [
              3.136295105999977,
              42.516368202000024
            ],
            [
              3.136162685999977,
              42.51638095599998
            ],
            [
              3.136021815,
              42.516417993
            ],
            [
              3.135915015000023,
              42.51647476199997
            ],
            [
              3.135824018999983,
              42.51653510699998
            ],
            [
              3.135888497,
              42.516567387
            ],
            [
              3.135920229000021,
              42.51662667699998
            ],
            [
              3.135885094,
              42.516671668000015
            ],
            [
              3.135875476000024,
              42.516715729
            ],
            [
              3.135958241000026,
              42.516774054999985
            ],
            [
              3.1359668,
              42.51679651699999
            ],
            [
              3.135972922,
              42.516816286
            ],
            [
              3.135937776,
              42.516856784000026
            ],
            [
              3.135771378000015,
              42.51689025600001
            ],
            [
              3.135829741,
              42.516905464
            ],
            [
              3.135811548999982,
              42.51692076900002
            ],
            [
              3.135577109,
              42.51695702500001
            ],
            [
              3.13551510100001,
              42.51694182199998
            ],
            [
              3.135392372000013,
              42.51694287599997
            ],
            [
              3.135349771,
              42.516912365999985
            ],
            [
              3.135308459999976,
              42.51691421700002
            ],
            [
              3.135276839000028,
              42.51690257000001
            ],
            [
              3.135254877000023,
              42.51686394400002
            ],
            [
              3.135266977000015,
              42.51684145500002
            ],
            [
              3.135309455000026,
              42.516818926999974
            ],
            [
              3.135354361,
              42.51679549800002
            ],
            [
              3.135333678999984,
              42.51678473700002
            ],
            [
              3.135242533999985,
              42.516781257
            ],
            [
              3.135127118000014,
              42.516791291
            ],
            [
              3.135081136,
              42.51687495099998
            ],
            [
              3.134954837,
              42.51690837199999
            ],
            [
              3.134877151000012,
              42.516944427
            ],
            [
              3.134847981,
              42.51694176799998
            ],
            [
              3.13479444799998,
              42.516913069
            ],
            [
              3.134753204999981,
              42.51694458399999
            ],
            [
              3.134717986999988,
              42.516953618
            ],
            [
              3.134623207,
              42.51695463599998
            ],
            [
              3.134561199000018,
              42.516939433
            ],
            [
              3.134519952,
              42.51696915000002
            ],
            [
              3.134447064000028,
              42.516978231
            ],
            [
              3.134364398,
              42.516963052999984
            ],
            [
              3.134267057999978,
              42.516907441
            ],
            [
              3.134164994,
              42.51691116500001
            ],
            [
              3.134053212000026,
              42.51691669899998
            ],
            [
              3.133954979,
              42.51700132299999
            ],
            [
              3.133989085999985,
              42.517037238
            ],
            [
              3.133979528999987,
              42.51710916600001
            ],
            [
              3.13395527199998,
              42.51712897300001
            ],
            [
              3.133649280999975,
              42.517229139
            ],
            [
              3.133543563999979,
              42.51723017
            ],
            [
              3.133503517,
              42.51725359300002
            ],
            [
              3.133543710000026,
              42.51729399499999
            ],
            [
              3.133489086,
              42.51731923400001
            ],
            [
              3.133473389000017,
              42.51736330099999
            ],
            [
              3.133571932,
              42.517413519
            ],
            [
              3.133669199,
              42.51743677000002
            ],
            [
              3.133681373,
              42.51744664300003
            ],
            [
              3.133668076,
              42.517477224
            ],
            [
              3.133711855,
              42.517491552000024
            ],
            [
              3.133676676999983,
              42.517518564
            ],
            [
              3.133623203000013,
              42.517515934000016
            ],
            [
              3.133567261,
              42.51749622800003
            ],
            [
              3.133408160999977,
              42.51753418200002
            ],
            [
              3.133278121999979,
              42.517527153
            ],
            [
              3.133155607,
              42.51762259399999
            ],
            [
              3.133258975999979,
              42.517657524000015
            ],
            [
              3.133274841,
              42.517687169
            ],
            [
              3.133220229000017,
              42.517717801
            ],
            [
              3.133165575000021,
              42.517730455
            ],
            [
              3.133010055999989,
              42.517740537
            ],
            [
              3.132935861000021,
              42.51771006500002
            ],
            [
              3.132888456999979,
              42.51770473099998
            ],
            [
              3.13260535,
              42.517716769
            ],
            [
              3.132491204000019,
              42.51775197
            ],
            [
              3.132432968999979,
              42.51779339299998
            ],
            [
              3.132405063000022,
              42.517812306
            ],
            [
              3.132169378000015,
              42.517837768
            ],
            [
              3.13216459,
              42.517870136
            ],
            [
              3.132126952000021,
              42.51788456600002
            ],
            [
              3.132037004999972,
              42.517873889999976
            ],
            [
              3.131887539,
              42.51787407400002
            ],
            [
              3.131650509999986,
              42.51784290400002
            ],
            [
              3.131578828999977,
              42.51784928500001
            ],
            [
              3.131559483999979,
              42.517892458
            ],
            [
              3.131576525000014,
              42.51790502199998
            ],
            [
              3.131622778,
              42.517939125
            ],
            [
              3.131627676999983,
              42.517956199000025
            ],
            [
              3.131604621,
              42.51797061100001
            ],
            [
              3.131481915,
              42.517982448
            ],
            [
              3.131419979999976,
              42.51799960400001
            ],
            [
              3.131432163999989,
              42.518013972
            ],
            [
              3.13154764799998,
              42.51803270800002
            ],
            [
              3.131562261999989,
              42.518047073
            ],
            [
              3.131551366,
              42.51806506499997
            ],
            [
              3.131487015,
              42.518088517000024
            ],
            [
              3.131319345,
              42.518099511
            ],
            [
              3.131332738000026,
              42.518111181
            ],
            [
              3.131350998000016,
              42.51812554100002
            ],
            [
              3.131318253000018,
              42.518154348
            ],
            [
              3.131368098999985,
              42.518165074000024
            ],
            [
              3.131368106000025,
              42.51816777099998
            ],
            [
              3.131356045000018,
              42.518208238
            ],
            [
              3.131239499,
              42.518257823
            ],
            [
              3.131147133000013,
              42.51825254300002
            ],
            [
              3.131110775000025,
              42.51829573700002
            ],
            [
              3.131014826000012,
              42.51831832800002
            ],
            [
              3.131005136999988,
              42.518332723000015
            ],
            [
              3.131017316999987,
              42.51834529400003
            ],
            [
              3.131084206000025,
              42.518369483000015
            ],
            [
              3.131011402000013,
              42.51841721599999
            ],
            [
              3.130832828999985,
              42.518443505
            ],
            [
              3.130785431,
              42.518440866
            ],
            [
              3.130773259000023,
              42.51843189099998
            ],
            [
              3.130781678,
              42.518393227
            ],
            [
              3.130729404000022,
              42.518383401999984
            ],
            [
              3.130695328,
              42.51836097
            ],
            [
              3.130748676999985,
              42.518307866999976
            ],
            [
              3.13070247600001,
              42.518297137
            ],
            [
              3.130516646,
              42.51833871500003
            ],
            [
              3.130365998,
              42.518354182
            ],
            [
              3.13033687799998,
              42.518373994
            ],
            [
              3.130300584999986,
              42.518446853
            ],
            [
              3.130250809000017,
              42.51846758900001
            ],
            [
              3.130198555999982,
              42.518467653000016
            ],
            [
              3.130181441,
              42.51842182799999
            ],
            [
              3.130140069,
              42.51839670800001
            ],
            [
              3.130138822,
              42.518382326
            ],
            [
              3.130160509,
              42.518298698000024
            ],
            [
              3.130253775000028,
              42.51816284400002
            ],
            [
              3.130086076,
              42.51816125
            ],
            [
              3.129953752,
              42.518219843
            ],
            [
              3.12976796800001,
              42.518282096
            ],
            [
              3.129725552000025,
              42.51833428600003
            ],
            [
              3.129658735000021,
              42.518342458
            ],
            [
              3.129609023,
              42.518391959999974
            ],
            [
              3.129560396999977,
              42.51838392899998
            ],
            [
              3.129457129,
              42.51839394199999
            ],
            [
              3.129432887,
              42.518421838999984
            ],
            [
              3.129439041000012,
              42.51845688999998
            ],
            [
              3.129383220000022,
              42.51849201700003
            ],
            [
              3.129413713000019,
              42.518543220000026
            ],
            [
              3.129399175,
              42.518563014
            ],
            [
              3.129368821000014,
              42.518574737
            ],
            [
              3.129321420999986,
              42.518571199
            ],
            [
              3.129277772000023,
              42.51861530000002
            ],
            [
              3.129167141999972,
              42.51859385900002
            ],
            [
              3.129122296999981,
              42.518646951
            ],
            [
              3.128918261000024,
              42.518699336
            ],
            [
              3.128751884999986,
              42.51874718099998
            ],
            [
              3.128707096000028,
              42.518825443000026
            ],
            [
              3.128599312,
              42.518992777
            ],
            [
              3.128408713999988,
              42.519078406
            ],
            [
              3.128377177,
              42.519104513
            ],
            [
              3.128345766999985,
              42.519189052
            ],
            [
              3.128202405000025,
              42.519203607
            ],
            [
              3.128151343000013,
              42.51919288099998
            ],
            [
              3.128060302,
              42.519237938
            ],
            [
              3.128048227000022,
              42.519273011
            ],
            [
              3.128010610999979,
              42.51929822699998
            ],
            [
              3.128016743999979,
              42.519324289
            ],
            [
              3.128002217000017,
              42.519349476
            ],
            [
              3.128030206,
              42.519367422000016
            ],
            [
              3.128030249,
              42.519387199
            ],
            [
              3.127978082000027,
              42.519426814999974
            ],
            [
              3.127959859999976,
              42.519429533
            ],
            [
              3.127902686000027,
              42.519402634000016
            ],
            [
              3.127833512,
              42.51944496700003
            ],
            [
              3.127737503,
              42.519441486
            ],
            [
              3.127704557000015,
              42.51937949799998
            ],
            [
              3.127638923,
              42.51937328399998
            ],
            [
              3.12760248,
              42.51937962
            ],
            [
              3.127521156,
              42.519422867
            ],
            [
              3.127432460000023,
              42.519429264999985
            ],
            [
              3.127403376000018,
              42.51946615700001
            ],
            [
              3.127462964000017,
              42.51948586200001
            ],
            [
              3.12744964,
              42.51950565499999
            ],
            [
              3.12731971300002,
              42.519551655999976
            ],
            [
              3.127220094999984,
              42.519565259
            ],
            [
              3.127171531999977,
              42.51958599300002
            ],
            [
              3.127131495000015,
              42.519615706000025
            ],
            [
              3.127113353000027,
              42.519655280999984
            ],
            [
              3.127027198,
              42.519712916
            ],
            [
              3.127007850999973,
              42.519756987
            ],
            [
              3.126954427999976,
              42.519778625000015
            ],
            [
              3.126923988999977,
              42.51975169299999
            ],
            [
              3.126882662000014,
              42.51974724799999
            ],
            [
              3.126862029,
              42.519758959
            ],
            [
              3.126870608,
              42.519792209
            ],
            [
              3.126841481999975,
              42.51981022299998
            ],
            [
              3.126777028999982,
              42.51978872500001
            ],
            [
              3.126650723000012,
              42.51982393399999
            ],
            [
              3.12651097600002,
              42.519824998
            ],
            [
              3.126441683,
              42.51981339399998
            ],
            [
              3.126365175999979,
              42.51983685699997
            ],
            [
              3.126305614999978,
              42.51982973600002
            ],
            [
              3.126224278999985,
              42.519868487
            ],
            [
              3.126128275999974,
              42.51986770100001
            ],
            [
              3.126063930999976,
              42.519896544
            ],
            [
              3.125954605,
              42.51991644999998
            ],
            [
              3.125704209,
              42.519887977999986
            ],
            [
              3.125693297,
              42.519899678
            ],
            [
              3.125751657000023,
              42.519913093000014
            ],
            [
              3.125761425,
              42.519934655999975
            ],
            [
              3.12572013800002,
              42.519949087999976
            ],
            [
              3.125639938,
              42.519950979999976
            ],
            [
              3.125650936999989,
              42.519979734
            ],
            [
              3.125614553999981,
              42.520013936
            ],
            [
              3.125567155,
              42.52001129500002
            ],
            [
              3.12554412999998,
              42.520040988
            ],
            [
              3.125422685,
              42.520077088
            ],
            [
              3.12531089700002,
              42.520082613
            ],
            [
              3.125180953999973,
              42.520122319
            ],
            [
              3.125161655999989,
              42.520190662
            ],
            [
              3.125100950999979,
              42.520216802
            ],
            [
              3.125130155000022,
              42.52023474700002
            ],
            [
              3.125142369,
              42.520263499
            ],
            [
              3.12519955,
              42.52029399600002
            ],
            [
              3.12520446100001,
              42.520317363
            ],
            [
              3.125166848999982,
              42.52034527400002
            ],
            [
              3.125216727,
              42.520370386000025
            ],
            [
              3.125204623,
              42.52039287399998
            ],
            [
              3.125080696999987,
              42.52040560400002
            ],
            [
              3.125025981000022,
              42.52039128500002
            ],
            [
              3.124994319999985,
              42.52036075799998
            ],
            [
              3.124964862000013,
              42.520224153000015
            ],
            [
              3.124934470000028,
              42.520218795
            ],
            [
              3.124837356,
              42.520267451999985
            ],
            [
              3.124794803999976,
              42.520258512
            ],
            [
              3.124779105000016,
              42.520304377
            ],
            [
              3.124737885,
              42.520350270999984
            ],
            [
              3.124761021999973,
              42.520372717999976
            ],
            [
              3.124759853,
              42.52039429400003
            ],
            [
              3.124721029,
              42.520424004
            ],
            [
              3.124680937999983,
              42.520429445
            ],
            [
              3.124629889,
              42.52042501
            ],
            [
              3.124564261999978,
              42.520422388999975
            ],
            [
              3.124509475000025,
              42.520374808999975
            ],
            [
              3.124462167,
              42.520415317000015
            ],
            [
              3.124382011000023,
              42.52043788399999
            ],
            [
              3.124379638,
              42.520464855
            ],
            [
              3.124373721999973,
              42.52054037300002
            ],
            [
              3.124300867999978,
              42.520568325
            ],
            [
              3.124432217999981,
              42.520617614
            ],
            [
              3.124450371000023,
              42.52058253400003
            ],
            [
              3.124474658999986,
              42.52057441599999
            ],
            [
              3.124530578000019,
              42.52058333999997
            ],
            [
              3.124603592000028,
              42.52063
            ],
            [
              3.124621806999983,
              42.52062368600002
            ],
            [
              3.124629027000026,
              42.520590416
            ],
            [
              3.124688585,
              42.52059574100002
            ],
            [
              3.124719014999982,
              42.52061907799998
            ],
            [
              3.124782234,
              42.520631589
            ],
            [
              3.124803,
              42.520681906
            ],
            [
              3.124902668,
              42.520690779
            ],
            [
              3.124946476,
              42.520718595
            ],
            [
              3.124950163999983,
              42.52073836699998
            ],
            [
              3.124863942,
              42.52076633500002
            ],
            [
              3.124840842000026,
              42.52076096899998
            ],
            [
              3.124811618000024,
              42.520734033999986
            ],
            [
              3.124792201999981,
              42.520746642
            ],
            [
              3.12475695400002,
              42.520743987
            ],
            [
              3.12474000200001,
              42.520772772999976
            ],
            [
              3.124780183999974,
              42.520809583000016
            ],
            [
              3.12478511,
              42.520840141
            ],
            [
              3.124764486,
              42.520856346000016
            ],
            [
              3.124714674000018,
              42.520862696999984
            ],
            [
              3.124670848999983,
              42.52082679
            ],
            [
              3.124663452,
              42.520777356999986
            ],
            [
              3.124588057999972,
              42.52075407199999
            ],
            [
              3.124488222000025,
              42.520666092
            ],
            [
              3.124465117,
              42.52065892799999
            ],
            [
              3.124472577,
              42.520738026
            ],
            [
              3.124432593,
              42.52079380700002
            ],
            [
              3.124589502,
              42.520861045
            ],
            [
              3.124594403,
              42.520879917
            ],
            [
              3.124542174999988,
              42.520892564
            ],
            [
              3.124438818999977,
              42.520863917999975
            ],
            [
              3.124352381999984,
              42.52079120399998
            ],
            [
              3.124118867,
              42.520701581000026
            ],
            [
              3.124028948999978,
              42.52070618
            ],
            [
              3.124026555,
              42.52072326299998
            ],
            [
              3.124077651999983,
              42.52075017200002
            ],
            [
              3.124156814,
              42.520830984999975
            ],
            [
              3.124153295999974,
              42.52089121900002
            ],
            [
              3.124135078999984,
              42.520896634
            ],
            [
              3.124109573,
              42.520902955999986
            ],
            [
              3.124009903,
              42.520893183
            ],
            [
              3.123896738999974,
              42.52082409600001
            ],
            [
              3.123873713000023,
              42.52085378800001
            ],
            [
              3.123873797999977,
              42.52089424000002
            ],
            [
              3.123762043,
              42.52091594500001
            ],
            [
              3.123820481999985,
              42.520967117
            ],
            [
              3.123909242000025,
              42.520989487
            ],
            [
              3.123945783000011,
              42.521028999
            ],
            [
              3.12396408,
              42.52106133900003
            ],
            [
              3.123955589,
              42.52106854099998
            ],
            [
              3.123869319,
              42.52107403500003
            ],
            [
              3.123858402,
              42.521083936000025
            ],
            [
              3.123994596999978,
              42.521125128999984
            ],
            [
              3.124006816000019,
              42.52115657799999
            ],
            [
              3.123971623999978,
              42.521179991
            ],
            [
              3.123895086,
              42.52119086800002
            ],
            [
              3.123765022999976,
              42.52117573700002
            ],
            [
              3.123627727999974,
              42.521188481000024
            ],
            [
              3.123585172,
              42.52117774300001
            ],
            [
              3.123474454000018,
              42.521115844
            ],
            [
              3.123247124999978,
              42.52107835100003
            ],
            [
              3.123069580999982,
              42.52102192199999
            ],
            [
              3.123036817000013,
              42.521044432999986
            ],
            [
              3.123034494000024,
              42.521095676000016
            ],
            [
              3.123055224999973,
              42.52112981200003
            ],
            [
              3.123026122,
              42.521159511
            ],
            [
              3.122942297,
              42.521172192999984
            ],
            [
              3.122821928,
              42.52114356499999
            ],
            [
              3.122763669999983,
              42.52117869099999
            ],
            [
              3.122589929000014,
              42.521196869
            ],
            [
              3.122593599000027,
              42.52120855099997
            ],
            [
              3.122647085999972,
              42.52121657999999
            ],
            [
              3.122667802000024,
              42.52124352499999
            ],
            [
              3.122660549999978,
              42.521262411
            ],
            [
              3.122619263999979,
              42.521277741
            ],
            [
              3.12261202000002,
              42.521300223000026
            ],
            [
              3.122698317000015,
              42.521307315
            ],
            [
              3.122742108000011,
              42.521327042
            ],
            [
              3.12274583300001,
              42.521364792999975
            ],
            [
              3.122829777,
              42.521408744999974
            ],
            [
              3.122873630000015,
              42.52145813599998
            ],
            [
              3.122862743999974,
              42.52148242099997
            ],
            [
              3.122783755,
              42.52148340999997
            ],
            [
              3.122715751999976,
              42.52150776000002
            ],
            [
              3.122797255000023,
              42.52154632100002
            ],
            [
              3.122809459999985,
              42.521571478
            ],
            [
              3.122794919,
              42.52159127099998
            ],
            [
              3.122849663000011,
              42.521619075
            ],
            [
              3.122831474,
              42.52163797399999
            ],
            [
              3.122797449000018,
              42.521638912000014
            ],
            [
              3.122599496000021,
              42.52170206599999
            ],
            [
              3.122401433,
              42.52171308099997
            ],
            [
              3.122226416,
              42.521703393
            ],
            [
              3.122159538,
              42.521684591999986
            ],
            [
              3.122086485000011,
              42.521619052
            ],
            [
              3.121938058000012,
              42.52153921500002
            ],
            [
              3.121753307,
              42.521523245000026
            ],
            [
              3.121506606000025,
              42.521520829999986
            ],
            [
              3.121490898,
              42.52156399699999
            ],
            [
              3.121514045000026,
              42.521591838
            ],
            [
              3.121713394999972,
              42.521614983
            ],
            [
              3.121928629000024,
              42.521679462
            ],
            [
              3.121846114,
              42.521737987999984
            ],
            [
              3.121790224999984,
              42.52174434400001
            ],
            [
              3.12162125499998,
              42.521720265
            ],
            [
              3.121412229999976,
              42.521719604
            ],
            [
              3.121341686999983,
              42.521691816999976
            ],
            [
              3.121200698,
              42.52168208900002
            ],
            [
              3.121177757,
              42.521754031
            ],
            [
              3.120980786000018,
              42.52170571099998
            ],
            [
              3.120743812,
              42.52170597899999
            ],
            [
              3.120569935,
              42.52165943
            ],
            [
              3.120445889,
              42.521615522
            ],
            [
              3.12027329,
              42.521599536
            ],
            [
              3.12020161800001,
              42.521613101000014
            ],
            [
              3.120217481,
              42.521644546
            ],
            [
              3.120167669000011,
              42.521650895
            ],
            [
              3.12013977700002,
              42.52167969200002
            ],
            [
              3.120137401000022,
              42.52170576399999
            ],
            [
              3.120188637000012,
              42.52180099499998
            ],
            [
              3.120168078,
              42.52184956100001
            ],
            [
              3.12013046200002,
              42.52187747099998
            ],
            [
              3.120108601000027,
              42.521883788000025
            ],
            [
              3.120013773999972,
              42.521865916000024
            ],
            [
              3.11989834100001,
              42.521874136
            ],
            [
              3.119787722000012,
              42.52185897800001
            ],
            [
              3.119739023000022,
              42.52181588299999
            ],
            [
              3.119619861999979,
              42.52178365499998
            ],
            [
              3.119563975,
              42.521790909
            ],
            [
              3.119474003,
              42.52176943500001
            ],
            [
              3.11936340699998,
              42.521765963
            ],
            [
              3.119324532,
              42.52177229900002
            ],
            [
              3.119260237999981,
              42.52182810599999
            ],
            [
              3.11908298100002,
              42.521911906000014
            ],
            [
              3.119072115,
              42.52194697700003
            ],
            [
              3.119163349000019,
              42.521990922999976
            ],
            [
              3.119253313,
              42.522007902999974
            ],
            [
              3.119305618999988,
              42.522032116
            ],
            [
              3.119316659,
              42.522082445000024
            ],
            [
              3.119237796999982,
              42.522146357999986
            ],
            [
              3.119082158000026,
              42.522104281
            ],
            [
              3.118971498,
              42.52206934600002
            ],
            [
              3.118926534000025,
              42.522069396
            ],
            [
              3.118796781000015,
              42.522207079
            ],
            [
              3.118453325000019,
              42.522435793
            ],
            [
              3.11847039700001,
              42.52246454099998
            ],
            [
              3.118444940000018,
              42.522496032
            ],
            [
              3.118423086,
              42.52250594499998
            ],
            [
              3.118369606999977,
              42.52250240799998
            ],
            [
              3.118325933,
              42.522540212000024
            ],
            [
              3.118260336,
              42.52255376900001
            ],
            [
              3.118245871,
              42.52261221700002
            ],
            [
              3.118215632999977,
              42.522683267
            ],
            [
              3.118044309000027,
              42.52269783999998
            ],
            [
              3.117967932,
              42.522789617
            ],
            [
              3.117986342999984,
              42.522879491000026
            ],
            [
              3.118143100999987,
              42.522873025000024
            ],
            [
              3.118195247000017,
              42.522818132
            ],
            [
              3.118184191000012,
              42.52275971300003
            ],
            [
              3.118226725,
              42.52275966600001
            ],
            [
              3.118277932000012,
              42.52284141299998
            ],
            [
              3.118225833999986,
              42.52291967899998
            ],
            [
              3.118172406999975,
              42.522942211999975
            ],
            [
              3.118011992999982,
              42.52294328800002
            ],
            [
              3.117926942999986,
              42.522953271
            ],
            [
              3.117810283999972,
              42.522956995000015
            ],
            [
              3.11763305300002,
              42.523056075
            ],
            [
              3.117550431999973,
              42.52306515599997
            ],
            [
              3.117479949000028,
              42.52306703099998
            ],
            [
              3.117382677000023,
              42.52304196799997
            ],
            [
              3.117304848,
              42.523016883000025
            ],
            [
              3.117268299999978,
              42.52297197500002
            ],
            [
              3.117242690000012,
              42.522927955
            ],
            [
              3.117397899000025,
              42.52275518699997
            ],
            [
              3.117459831000019,
              42.52273174599998
            ],
            [
              3.117495088,
              42.52273889899999
            ],
            [
              3.117523079000023,
              42.52275864500001
            ],
            [
              3.117725742,
              42.522615488999975
            ],
            [
              3.118313097999987,
              42.522203122
            ],
            [
              3.118833747999986,
              42.52186004499998
            ],
            [
              3.118892099999982,
              42.52186986800001
            ],
            [
              3.119316835,
              42.521573640999975
            ],
            [
              3.11944056599998,
              42.521463831
            ],
            [
              3.119490034000023,
              42.521289379999985
            ],
            [
              3.119442334999974,
              42.52114020800002
            ],
            [
              3.119371538,
              42.520987467
            ],
            [
              3.119271691,
              42.52089049199998
            ],
            [
              3.119210953,
              42.520902246
            ],
            [
              3.11915381,
              42.520888825999975
            ],
            [
              3.119108793,
              42.520862807000015
            ],
            [
              3.119114648999982,
              42.520754926999984
            ],
            [
              3.118973354,
              42.520594173
            ],
            [
              3.118789710999977,
              42.520523361000016
            ],
            [
              3.118624426999986,
              42.520517252
            ],
            [
              3.118528465,
              42.52053713599997
            ],
            [
              3.118482343999972,
              42.520565953000016
            ],
            [
              3.118419162,
              42.520570518
            ],
            [
              3.118364543999974,
              42.52060383899999
            ],
            [
              3.118341537999981,
              42.520645216
            ],
            [
              3.118251660999988,
              42.520669586999986
            ],
            [
              3.118286954999974,
              42.520695618
            ],
            [
              3.118280906,
              42.520709109
            ],
            [
              3.118203150999989,
              42.52071908300002
            ],
            [
              3.118161846000021,
              42.520725422
            ],
            [
              3.118158241,
              42.520745202
            ],
            [
              3.118186358,
              42.52082787400002
            ],
            [
              3.118142606,
              42.520826124999985
            ],
            [
              3.117948002,
              42.52074363700001
            ],
            [
              3.117929721,
              42.520717588000025
            ],
            [
              3.117935777000014,
              42.52070769300002
            ],
            [
              3.117989223999984,
              42.52069594699998
            ],
            [
              3.117996485999981,
              42.520681556
            ],
            [
              3.117878420000011,
              42.520588196
            ],
            [
              3.117799358000013,
              42.52055232599997
            ],
            [
              3.117743346999987,
              42.520497552
            ],
            [
              3.11762170999998,
              42.520441052000024
            ],
            [
              3.117613179999978,
              42.52042937599998
            ],
            [
              3.117628871000022,
              42.520376320000025
            ],
            [
              3.117593489,
              42.520306242
            ],
            [
              3.117556924999974,
              42.520253244
            ],
            [
              3.117554249000023,
              42.520130990999974
            ],
            [
              3.117448292,
              42.52001514300002
            ],
            [
              3.117283639,
              42.51971687499997
            ],
            [
              3.117284843,
              42.51971148000001
            ],
            [
              3.117287237000028,
              42.51969349799998
            ],
            [
              3.117358841,
              42.519646674
            ],
            [
              3.117381857,
              42.519610691000025
            ],
            [
              3.117274883,
              42.51959283000002
            ],
            [
              3.11721527100002,
              42.519559635
            ],
            [
              3.117290484000023,
              42.519494828
            ],
            [
              3.117225873999985,
              42.51939331800003
            ],
            [
              3.11706889300001,
              42.519283819
            ],
            [
              3.116813440999977,
              42.51915375200002
            ],
            [
              3.116708957000014,
              42.519165553
            ],
            [
              3.116465973,
              42.519193686
            ],
            [
              3.116248472,
              42.51920381100001
            ],
            [
              3.116199935999987,
              42.519239821999975
            ],
            [
              3.116162245,
              42.519229973999984
            ],
            [
              3.116098024,
              42.51932263499998
            ],
            [
              3.116067681,
              42.51934154600002
            ],
            [
              3.116031221000014,
              42.519339788000025
            ],
            [
              3.115995930999986,
              42.519314656
            ],
            [
              3.116017586,
              42.519204961000014
            ],
            [
              3.116000462999978,
              42.519149245
            ],
            [
              3.115949318999981,
              42.519096263
            ],
            [
              3.115798330000018,
              42.518942708
            ],
            [
              3.115719228999978,
              42.51888526099998
            ],
            [
              3.115662075999978,
              42.51886554599997
            ],
            [
              3.115604986999983,
              42.51887819299998
            ],
            [
              3.115538226000012,
              42.518916021
            ],
            [
              3.11541207099998,
              42.51903032299998
            ],
            [
              3.115234881999982,
              42.51914647900003
            ],
            [
              3.115214445,
              42.519258869
            ],
            [
              3.115087002999985,
              42.51933721400002
            ],
            [
              3.115025053000011,
              42.51934986600003
            ],
            [
              3.11495456199998,
              42.519345448000024
            ],
            [
              3.114922905000014,
              42.51931401899998
            ],
            [
              3.114872854,
              42.519198109
            ],
            [
              3.114762255000016,
              42.51919013700001
            ],
            [
              3.114716042,
              42.519172207999986
            ],
            [
              3.114656442000012,
              42.51914440500002
            ],
            [
              3.11453011499998,
              42.51917150899999
            ],
            [
              3.114460851999979,
              42.51917338099997
            ],
            [
              3.114261473,
              42.51912954599999
            ],
            [
              3.114195844,
              42.519125122
            ],
            [
              3.114130144,
              42.51908473999998
            ],
            [
              3.114115503999983,
              42.51905509
            ],
            [
              3.114157927,
              42.51899931000003
            ],
            [
              3.11416483,
              42.51880063599998
            ],
            [
              3.114152583000021,
              42.51875210600002
            ],
            [
              3.114165854000021,
              42.51870265000002
            ],
            [
              3.114124468999989,
              42.518667635999975
            ],
            [
              3.114017494999985,
              42.51864887200003
            ],
            [
              3.114027129000021,
              42.51860391500003
            ],
            [
              3.114016096,
              42.51855448499998
            ],
            [
              3.11400512199998,
              42.51853561799999
            ],
            [
              3.11399293,
              42.518514956
            ],
            [
              3.113939056999982,
              42.518307357000026
            ],
            [
              3.11389645600002,
              42.51827144499998
            ],
            [
              3.113879302999976,
              42.518199547999984
            ],
            [
              3.113705348999986,
              42.518105344
            ],
            [
              3.113670053000021,
              42.51807661599997
            ],
            [
              3.113669910999988,
              42.51800380200001
            ],
            [
              3.113381834999984,
              42.51796275700002
            ],
            [
              3.11317526800002,
              42.517969268
            ],
            [
              3.112991893000014,
              42.51802969200003
            ],
            [
              3.112992014999975,
              42.518092618000026
            ],
            [
              3.112992094999981,
              42.51813396900002
            ],
            [
              3.112978861999977,
              42.518203202
            ],
            [
              3.112668036,
              42.51833837200002
            ],
            [
              3.112775226,
              42.518469504
            ],
            [
              3.112672015999976,
              42.518511864
            ],
            [
              3.112109321,
              42.517845439999974
            ],
            [
              3.111959974,
              42.517907623999974
            ],
            [
              3.111884477,
              42.517825899
            ],
            [
              3.11178121,
              42.51783769399998
            ],
            [
              3.111753062999981,
              42.517734345
            ],
            [
              3.111806517,
              42.51772709699998
            ],
            [
              3.111795519999987,
              42.517695646
            ],
            [
              3.111092219,
              42.51784380700002
            ],
            [
              3.10976576500002,
              42.51811755900002
            ],
            [
              3.109318738000013,
              42.51820251800001
            ],
            [
              3.108820808000019,
              42.517707710000025
            ],
            [
              3.108193901,
              42.517116843
            ],
            [
              3.107602241,
              42.516523240000026
            ],
            [
              3.10703374000002,
              42.515961974
            ],
            [
              3.106636778,
              42.516173622
            ],
            [
              3.106432835000021,
              42.51628349600003
            ],
            [
              3.106185174000018,
              42.516408695999985
            ],
            [
              3.105680141999983,
              42.51666719299999
            ],
            [
              3.105833566,
              42.516841436
            ],
            [
              3.107445633,
              42.51858467300002
            ],
            [
              3.107728114,
              42.51888643299998
            ],
            [
              3.10782181899998,
              42.51896005200001
            ],
            [
              3.107898528000021,
              42.51904177900002
            ],
            [
              3.107938794,
              42.519130733
            ],
            [
              3.107947421,
              42.51919634799998
            ],
            [
              3.107937836000019,
              42.519270071
            ],
            [
              3.107907574000023,
              42.519333926
            ],
            [
              3.107882128000028,
              42.51937350600002
            ],
            [
              3.107863948999977,
              42.51940049199999
            ],
            [
              3.107833643999982,
              42.519440975
            ],
            [
              3.10779844000001,
              42.519460788
            ],
            [
              3.107764421000013,
              42.519464417999984
            ],
            [
              3.107747409000012,
              42.51946533400002
            ],
            [
              3.107719460999988,
              42.519466261
            ],
            [
              3.107311222000021,
              42.520166051
            ],
            [
              3.107529215999989,
              42.520421132000024
            ],
            [
              3.107677793999983,
              42.52059447900001
            ],
            [
              3.107802858000014,
              42.520537719
            ],
            [
              3.10834553799998,
              42.520254002
            ],
            [
              3.108763188000012,
              42.52004592100002
            ],
            [
              3.109756958999981,
              42.519898376000015
            ],
            [
              3.110728891,
              42.51977152
            ],
            [
              3.11154902200002,
              42.51969964900002
            ],
            [
              3.111766804000013,
              42.519835162
            ],
            [
              3.112375959000019,
              42.52000801899999
            ],
            [
              3.112440387999982,
              42.52001963700002
            ],
            [
              3.112266896999984,
              42.520168146
            ],
            [
              3.112328961,
              42.520213926999986
            ],
            [
              3.112361815999975,
              42.520236366
            ],
            [
              3.112588143999972,
              42.520390745999975
            ],
            [
              3.112612481999975,
              42.52040779999999
            ],
            [
              3.112861862999978,
              42.520542378000016
            ],
            [
              3.112992059000021,
              42.52062853899997
            ],
            [
              3.113406113999986,
              42.52045370500002
            ],
            [
              3.113713940000025,
              42.520645752
            ],
            [
              3.113660568,
              42.520696149
            ],
            [
              3.113738427999976,
              42.520740115000024
            ],
            [
              3.11385651400002,
              42.520846963
            ],
            [
              3.113919899,
              42.52094577999998
            ],
            [
              3.113933302000021,
              42.52096374400003
            ],
            [
              3.113991703000011,
              42.520999640000014
            ],
            [
              3.114018766000015,
              42.521167714
            ],
            [
              3.114067558999977,
              42.52126115200002
            ],
            [
              3.114063987,
              42.52129891200002
            ],
            [
              3.114038558,
              42.52134568399998
            ],
            [
              3.114015551000023,
              42.52138795899998
            ],
            [
              3.113925761000019,
              42.52145907200003
            ],
            [
              3.113707096999974,
              42.521500656
            ],
            [
              3.113687694000021,
              42.521521353000026
            ],
            [
              3.113709606999976,
              42.52154110599997
            ],
            [
              3.113795918999983,
              42.52155629600003
            ],
            [
              3.113893169999983,
              42.521572374000016
            ],
            [
              3.113917521000019,
              42.52159572
            ],
            [
              3.113837658000023,
              42.521771999
            ],
            [
              3.113780608000013,
              42.521806219999974
            ],
            [
              3.113733219999972,
              42.52180986600001
            ],
            [
              3.113558178,
              42.52178668
            ],
            [
              3.113442664,
              42.521753542
            ],
            [
              3.113408643000014,
              42.52175627499997
            ],
            [
              3.113420949999977,
              42.521836268000015
            ],
            [
              3.113322546,
              42.521852552999974
            ],
            [
              3.113309324999989,
              42.52192807900002
            ],
            [
              3.113285073999975,
              42.521955972
            ],
            [
              3.113140582000028,
              42.522019950000015
            ],
            [
              3.112911151999981,
              42.522151440000016
            ],
            [
              3.11291252,
              42.52223054500001
            ],
            [
              3.112894427000015,
              42.52230068199998
            ],
            [
              3.112717356000019,
              42.52248605300002
            ],
            [
              3.112620463999974,
              42.522656955
            ],
            [
              3.112580379,
              42.52266688499998
            ],
            [
              3.112548748,
              42.52264894000001
            ],
            [
              3.112443166,
              42.52272546199998
            ],
            [
              3.112426163,
              42.522730873
            ],
            [
              3.112376306999977,
              42.522715644000016
            ],
            [
              3.112358094,
              42.52272375299998
            ],
            [
              3.112273156000015,
              42.52279216300002
            ],
            [
              3.11215557700001,
              42.52294960199998
            ],
            [
              3.112096075000011,
              42.52297393600003
            ],
            [
              3.112063321999983,
              42.52300543400003
            ],
            [
              3.111954013,
              42.523039708
            ],
            [
              3.111904160999984,
              42.523026276
            ],
            [
              3.111748793,
              42.523124425
            ],
            [
              3.11157387999998,
              42.523170454000024
            ],
            [
              3.111536172,
              42.523152514
            ],
            [
              3.111476673000027,
              42.52317864600002
            ],
            [
              3.111212954999985,
              42.523178022000025
            ],
            [
              3.111175270999979,
              42.52317266799997
            ],
            [
              3.111141235,
              42.523168208000016
            ],
            [
              3.111126572999979,
              42.52312687199998
            ],
            [
              3.111107113,
              42.523118802
            ],
            [
              3.111047607999978,
              42.52314223600001
            ],
            [
              3.111010035999982,
              42.523195312999974
            ],
            [
              3.11093596500001,
              42.523227752000025
            ],
            [
              3.110921374999975,
              42.52322417200003
            ],
            [
              3.110901918000025,
              42.523217898999974
            ],
            [
              3.110879989000011,
              42.523189156
            ],
            [
              3.110877389,
              42.52310016299998
            ],
            [
              3.11084218000002,
              42.523118178
            ],
            [
              3.110798519000014,
              42.523164969
            ],
            [
              3.110728071999972,
              42.52318571799998
            ],
            [
              3.110615000999985,
              42.523159765
            ],
            [
              3.110550478999983,
              42.52310050199998
            ],
            [
              3.110419224,
              42.523097941
            ],
            [
              3.110332898000024,
              42.52307645500002
            ],
            [
              3.110297667999987,
              42.52308368299998
            ],
            [
              3.110273442999983,
              42.523125959000026
            ],
            [
              3.110234584000011,
              42.52314217999998
            ],
            [
              3.11013486500002,
              42.523107224
            ],
            [
              3.110054661999982,
              42.52311000399999
            ],
            [
              3.109942914999976,
              42.523141582
            ],
            [
              3.109804363000023,
              42.52313633099999
            ],
            [
              3.109698546,
              42.52308969400002
            ],
            [
              3.109622049,
              42.523124832
            ],
            [
              3.109421504000011,
              42.52311245200002
            ],
            [
              3.109344903000022,
              42.52309185500002
            ],
            [
              3.109292584,
              42.52305864800002
            ],
            [
              3.109247686,
              42.523094651
            ],
            [
              3.109214884999972,
              42.523100978
            ],
            [
              3.109095631,
              42.52301749700001
            ],
            [
              3.109050554000021,
              42.522957314
            ],
            [
              3.108965531000024,
              42.522982571
            ],
            [
              3.108907079,
              42.522918806
            ],
            [
              3.108846302000018,
              42.52291167599998
            ],
            [
              3.108800083,
              42.52289104699997
            ],
            [
              3.108690804999981,
              42.52294329799997
            ],
            [
              3.108649496,
              42.52294873300002
            ],
            [
              3.108555895999984,
              42.522936243
            ],
            [
              3.108510822000028,
              42.522877858000015
            ],
            [
              3.108457354999985,
              42.522880609000026
            ],
            [
              3.108435577000023,
              42.52293277000001
            ],
            [
              3.108396748000018,
              42.52296517100001
            ],
            [
              3.10819625900001,
              42.522982454999976
            ],
            [
              3.108141610000018,
              42.52300318599998
            ],
            [
              3.108123416000012,
              42.52302208200001
            ],
            [
              3.108117350999976,
              42.52302838100002
            ],
            [
              3.108108967000021,
              42.523094911999976
            ],
            [
              3.108145509,
              42.52313982200002
            ],
            [
              3.108261073999984,
              42.523200832999976
            ],
            [
              3.108302662000028,
              42.523345522
            ],
            [
              3.10828935,
              42.5233761
            ],
            [
              3.108277215999976,
              42.523386
            ],
            [
              3.10826143700001,
              42.523396804000015
            ],
            [
              3.108171544000015,
              42.52341757099998
            ],
            [
              3.108163095,
              42.52344904199998
            ],
            [
              3.108298010999988,
              42.52345879400002
            ],
            [
              3.108326045000013,
              42.523503713000025
            ],
            [
              3.108392863,
              42.523491060000026
            ],
            [
              3.108395294,
              42.523491057
            ],
            [
              3.108450044999984,
              42.523525162
            ],
            [
              3.108553632,
              42.52367967499998
            ],
            [
              3.108754547999979,
              42.52389072400001
            ],
            [
              3.108800922,
              42.523994056
            ],
            [
              3.108825250999985,
              42.524006616
            ],
            [
              3.108845883000015,
              42.52399131300001
            ],
            [
              3.10889943,
              42.52403081199998
            ],
            [
              3.108942222,
              42.524168307000025
            ],
            [
              3.108975030000011,
              42.52416557700002
            ],
            [
              3.109009018,
              42.524143967999976
            ],
            [
              3.109085612,
              42.52416007
            ],
            [
              3.109189029,
              42.52422199199998
            ],
            [
              3.109249905000013,
              42.524281261
            ],
            [
              3.109286391000012,
              42.52429560600001
            ],
            [
              3.109359311,
              42.52429643099998
            ],
            [
              3.109407885999985,
              42.52427660400002
            ],
            [
              3.109496669,
              42.52431157199999
            ],
            [
              3.109546473000023,
              42.52429893599998
            ],
            [
              3.109579295,
              42.52430339699998
            ],
            [
              3.10961084500002,
              42.524278193999976
            ],
            [
              3.109629085,
              42.52428356899998
            ],
            [
              3.10973006,
              42.524339199999986
            ],
            [
              3.109882210000023,
              42.524464895999984
            ],
            [
              3.109895748999975,
              42.52455567599998
            ],
            [
              3.109993033000023,
              42.52458703899998
            ],
            [
              3.110023567999974,
              42.52466791299997
            ],
            [
              3.10993621,
              42.524744414
            ],
            [
              3.109898554999972,
              42.52475524
            ],
            [
              3.109695601,
              42.52475724599998
            ],
            [
              3.109675128,
              42.524857051000026
            ],
            [
              3.109715415999972,
              42.52495409599999
            ],
            [
              3.109663308999984,
              42.52503505499999
            ],
            [
              3.109634224,
              42.52507913300002
            ],
            [
              3.109620957,
              42.525133084
            ],
            [
              3.109579645,
              42.525137621
            ],
            [
              3.109543278,
              42.52518709999998
            ],
            [
              3.109398568000017,
              42.525141401999974
            ],
            [
              3.109276927999986,
              42.525083994
            ],
            [
              3.109185618000026,
              42.524997789
            ],
            [
              3.109099104999984,
              42.52487741800002
            ],
            [
              3.109084554999981,
              42.52489541199998
            ],
            [
              3.109099285000013,
              42.524973605000014
            ],
            [
              3.109081243,
              42.52507430600002
            ],
            [
              3.109048492,
              42.525107601
            ],
            [
              3.108971823,
              42.52505194399998
            ],
            [
              3.108891543000027,
              42.52501516900003
            ],
            [
              3.108866024,
              42.525016993
            ],
            [
              3.108866135000028,
              42.525076323
            ],
            [
              3.10883577200002,
              42.52508714200002
            ],
            [
              3.108435745,
              42.524986867
            ],
            [
              3.108333556,
              42.52493213399998
            ],
            [
              3.108226543,
              42.524897184
            ],
            [
              3.108209557,
              42.52491248299998
            ],
            [
              3.108270420999986,
              42.524965459999976
            ],
            [
              3.108275444000014,
              42.52505265299999
            ],
            [
              3.108305925000025,
              42.52510566
            ],
            [
              3.108295004000013,
              42.525114659999986
            ],
            [
              3.10816859900001,
              42.52510849599997
            ],
            [
              3.108128443999988,
              42.52508156800002
            ],
            [
              3.10805062999998,
              42.52506366799997
            ],
            [
              3.108001960000024,
              42.52503315299998
            ],
            [
              3.10797510499998,
              42.524969354
            ],
            [
              3.107905851,
              42.52497931300002
            ],
            [
              3.107870640999977,
              42.52499822599998
            ],
            [
              3.107865843000013,
              42.525032391000025
            ],
            [
              3.107889019000027,
              42.52507821400002
            ],
            [
              3.107976638000025,
              42.52514105199998
            ],
            [
              3.107999904999986,
              42.525236317
            ],
            [
              3.107976873999974,
              42.525268703
            ],
            [
              3.107993965,
              42.525310037
            ],
            [
              3.107879957000023,
              42.52543600500002
            ],
            [
              3.107822802999976,
              42.52541808400002
            ],
            [
              3.107811739,
              42.525349775
            ],
            [
              3.10778862799998,
              42.52533901100003
            ],
            [
              3.107655174,
              42.525464999
            ],
            [
              3.107595689,
              42.52550101700001
            ],
            [
              3.107550729000025,
              42.52550465799999
            ],
            [
              3.107485048,
              42.525475958000015
            ],
            [
              3.107476551,
              42.525481360000015
            ],
            [
              3.107453540999984,
              42.525525431
            ],
            [
              3.107465800999989,
              42.52558385100002
            ],
            [
              3.107431866000013,
              42.525635125
            ],
            [
              3.107356596999978,
              42.525679249
            ],
            [
              3.107267910000019,
              42.52569731800003
            ],
            [
              3.107219289,
              42.52569287199998
            ],
            [
              3.107152391,
              42.52566327300002
            ],
            [
              3.10705743699998,
              42.52557707
            ],
            [
              3.106999033000022,
              42.52554027100001
            ],
            [
              3.106974648,
              42.52549714600002
            ],
            [
              3.106939393,
              42.52549178800001
            ],
            [
              3.106896724000023,
              42.52541901500001
            ],
            [
              3.106868924000025,
              42.525502646
            ],
            [
              3.10683387,
              42.525606959000015
            ],
            [
              3.106803540999977,
              42.52563665500003
            ],
            [
              3.106719727999973,
              42.52566101000002
            ],
            [
              3.106742939000014,
              42.52572661
            ],
            [
              3.106665244,
              42.525774332000026
            ],
            [
              3.106589914999972,
              42.52578609400001
            ],
            [
              3.106541347000018,
              42.52581131300002
            ],
            [
              3.106431961999988,
              42.525808725
            ],
            [
              3.106416156000023,
              42.525805145
            ],
            [
              3.106320110000013,
              42.525786363
            ],
            [
              3.106258073999982,
              42.52575675899999
            ],
            [
              3.106242162,
              42.52569474799998
            ],
            [
              3.106058467000025,
              42.525596045999976
            ],
            [
              3.105971034999982,
              42.52563568599999
            ],
            [
              3.105874945999972,
              42.525592631999984
            ],
            [
              3.105795861,
              42.52554416700002
            ],
            [
              3.105698530999973,
              42.525486731
            ],
            [
              3.105467522000026,
              42.525433921
            ],
            [
              3.105342195999981,
              42.525352241
            ],
            [
              3.105317862,
              42.52533698299999
            ],
            [
              3.105198697999981,
              42.52530294000002
            ],
            [
              3.105153807000022,
              42.525345234999975
            ],
            [
              3.105099207000023,
              42.525394731
            ],
            [
              3.105068843000026,
              42.52540554799998
            ],
            [
              3.10502018,
              42.525377728000024
            ],
            [
              3.104932701999985,
              42.52539219800002
            ],
            [
              3.104879271000016,
              42.525416522
            ],
            [
              3.104845319,
              42.525459705
            ],
            [
              3.104767606,
              42.52549753699998
            ],
            [
              3.104714240000021,
              42.52555781900003
            ],
            [
              3.104600047000019,
              42.52558489900002
            ],
            [
              3.104491853000013,
              42.525568824
            ],
            [
              3.104334990999973,
              42.52552133299997
            ],
            [
              3.104091899000025,
              42.52550718700002
            ],
            [
              3.104032388,
              42.52552971900002
            ],
            [
              3.103985099999989,
              42.525591793
            ],
            [
              3.103947464999976,
              42.525614303
            ],
            [
              3.103903736,
              42.52562693099998
            ],
            [
              3.103755463000027,
              42.525626176
            ],
            [
              3.103513487999976,
              42.52555629300002
            ],
            [
              3.103410102,
              42.525509648000025
            ],
            [
              3.103295820000028,
              42.52548638600001
            ],
            [
              3.103298318999975,
              42.52552503800001
            ],
            [
              3.103409094000028,
              42.525626511999974
            ],
            [
              3.103434689999972,
              42.52566873799998
            ],
            [
              3.10343107,
              42.525683125
            ],
            [
              3.103407985,
              42.525686743
            ],
            [
              3.103337472000021,
              42.525673327
            ],
            [
              3.103286368999989,
              42.52564011499999
            ],
            [
              3.103192574,
              42.525518848
            ],
            [
              3.103215119000026,
              42.525209588
            ],
            [
              3.103200451000021,
              42.52516195700002
            ],
            [
              3.10316996,
              42.52510085799997
            ],
            [
              3.102997432999985,
              42.525128892
            ],
            [
              3.10287238799998,
              42.525204525
            ],
            [
              3.102848107,
              42.52521893099998
            ],
            [
              3.102782475000026,
              42.525216297999975
            ],
            [
              3.102755689999981,
              42.525189355
            ],
            [
              3.102750667,
              42.52509766700001
            ],
            [
              3.102726279000024,
              42.525050944999975
            ],
            [
              3.102785730999983,
              42.52499515300002
            ],
            [
              3.102788068999985,
              42.524942113
            ],
            [
              3.102775872999985,
              42.52491785299998
            ],
            [
              3.102711391000014,
              42.524878361
            ],
            [
              3.102712581,
              42.524863977
            ],
            [
              3.102776845,
              42.52477941400002
            ],
            [
              3.102825323,
              42.524702956
            ],
            [
              3.102813086000026,
              42.52465532399998
            ],
            [
              3.102857926000013,
              42.52458336500001
            ],
            [
              3.102828661999979,
              42.524528557
            ],
            [
              3.102785946999973,
              42.524427017
            ],
            [
              3.102652047999982,
              42.524304889
            ],
            [
              3.102485394999974,
              42.524216052999975
            ],
            [
              3.102312801999972,
              42.524204532
            ],
            [
              3.102035670000021,
              42.524180526
            ],
            [
              3.10183398700002,
              42.52421308100003
            ],
            [
              3.101818321,
              42.524289506
            ],
            [
              3.101795359999983,
              42.52436414099998
            ],
            [
              3.101754433999986,
              42.52459071499999
            ],
            [
              3.101721782000027,
              42.52468333799999
            ],
            [
              3.101566360999982,
              42.52476349199998
            ],
            [
              3.101491042000021,
              42.524780643999975
            ],
            [
              3.101485054000023,
              42.52483188999997
            ],
            [
              3.101469357999974,
              42.524891234999984
            ],
            [
              3.101406193,
              42.52490927399998
            ],
            [
              3.101360007999972,
              42.52490752
            ],
            [
              3.101295424,
              42.524808697000026
            ],
            [
              3.101308647999986,
              42.524725081999975
            ],
            [
              3.101183262,
              42.524604742
            ],
            [
              3.101140777000012,
              42.52463444799997
            ],
            [
              3.101126323000017,
              42.524709073999986
            ],
            [
              3.101087561999975,
              42.524783723999974
            ],
            [
              3.10101714000001,
              42.524822444999984
            ],
            [
              3.100950297999987,
              42.524822508
            ],
            [
              3.100884606000022,
              42.524784814999975
            ],
            [
              3.100698280000017,
              42.52456295000002
            ],
            [
              3.100672757999973,
              42.524562974
            ],
            [
              3.100654583999983,
              42.524595353999985
            ],
            [
              3.100630286000012,
              42.52459987100002
            ],
            [
              3.100531756,
              42.52454782500001
            ],
            [
              3.100476932999982,
              42.524469668
            ],
            [
              3.100418298000022,
              42.524295327
            ],
            [
              3.10042188,
              42.52425846699998
            ],
            [
              3.100461891,
              42.52420359299998
            ],
            [
              3.10055524400002,
              42.52407225899998
            ],
            [
              3.100354867000021,
              42.524158747
            ],
            [
              3.100297759999989,
              42.524165992
            ],
            [
              3.100239359999989,
              42.524127392000025
            ],
            [
              3.100222256999984,
              42.52407616800002
            ],
            [
              3.100197907999984,
              42.52405102
            ],
            [
              3.100071421999985,
              42.523995404
            ],
            [
              3.100006939000025,
              42.52395321400002
            ],
            [
              3.099971595999989,
              42.52389571499998
            ],
            [
              3.099967908999986,
              42.52387144599999
            ],
            [
              3.099959317000014,
              42.52382201199998
            ],
            [
              3.099944717000028,
              42.52381213799998
            ],
            [
              3.099880305999989,
              42.52381219799997
            ],
            [
              3.099863272,
              42.523800527
            ],
            [
              3.099855956999988,
              42.52378705000001
            ],
            [
              3.099840109000013,
              42.523758299
            ],
            [
              3.099827837000021,
              42.523688192
            ],
            [
              3.099780436,
              42.523685539999974
            ],
            [
              3.099769475000016,
              42.52367206600002
            ],
            [
              3.099736512999982,
              42.523584898000024
            ],
            [
              3.099699972,
              42.523536389000014
            ],
            [
              3.099703562,
              42.523504023999976
            ],
            [
              3.099657346000015,
              42.52348339100001
            ],
            [
              3.099467765999975,
              42.523486264999974
            ],
            [
              3.099240563000023,
              42.523519737000015
            ],
            [
              3.099098476999984,
              42.523580099000014
            ],
            [
              3.098973425,
              42.52365303
            ],
            [
              3.098905515000013,
              42.52373939199998
            ],
            [
              3.0988595,
              42.52383742
            ],
            [
              3.098860802,
              42.523888657999976
            ],
            [
              3.098931284,
              42.523885896000024
            ],
            [
              3.098986142,
              42.52398562899998
            ],
            [
              3.098942642,
              42.52413399599999
            ],
            [
              3.098974504000012,
              42.524289484
            ],
            [
              3.098958832999983,
              42.52436501
            ],
            [
              3.099005181,
              42.52446295300001
            ],
            [
              3.099183863,
              42.524481665
            ],
            [
              3.099242291,
              42.52453644600001
            ],
            [
              3.099169460999974,
              42.52458865300002
            ],
            [
              3.099153756000021,
              42.52464440199998
            ],
            [
              3.099049455999989,
              42.52477215
            ],
            [
              3.098980299,
              42.52484053400002
            ],
            [
              3.098817634999989,
              42.524952155
            ],
            [
              3.098769049999987,
              42.524968381
            ],
            [
              3.098635328,
              42.524946929
            ],
            [
              3.09856122399998,
              42.524964977000025
            ],
            [
              3.098335401999975,
              42.525100028
            ],
            [
              3.098301387999982,
              42.525109048
            ],
            [
              3.098270975,
              42.52509109699997
            ],
            [
              3.09827212099998,
              42.525049745
            ],
            [
              3.098187068000016,
              42.52506150900001
            ],
            [
              3.098122600000011,
              42.525028307000014
            ],
            [
              3.098135813999988,
              42.524936602000025
            ],
            [
              3.09810782,
              42.52491145800002
            ],
            [
              3.097983865,
              42.524916066
            ],
            [
              3.097796796000011,
              42.52497017500002
            ],
            [
              3.097598704,
              42.524973053
            ],
            [
              3.097505150000018,
              42.52498842
            ],
            [
              3.0974675,
              42.52500373700002
            ],
            [
              3.097389906999979,
              42.52511617599998
            ],
            [
              3.097376638000014,
              42.525175519000015
            ],
            [
              3.097398595000016,
              42.525224042
            ],
            [
              3.097395,
              42.52525461
            ],
            [
              3.097365885999977,
              42.525286999
            ],
            [
              3.097322158,
              42.525301421999984
            ],
            [
              3.097193280999988,
              42.52527007600003
            ],
            [
              3.096989056999973,
              42.525240596
            ],
            [
              3.096867577000012,
              42.52527217
            ],
            [
              3.096831096000017,
              42.525259618
            ],
            [
              3.096828558000027,
              42.525194896000016
            ],
            [
              3.096789619,
              42.52516526599999
            ],
            [
              3.096728859,
              42.525168915999984
            ],
            [
              3.096657247,
              42.525224716000025
            ],
            [
              3.096564939000018,
              42.525258959999974
            ],
            [
              3.09645679099998,
              42.52526894599998
            ],
            [
              3.09631578699998,
              42.525252892000026
            ],
            [
              3.096199071,
              42.525226029
            ],
            [
              3.096079832999976,
              42.52514343299998
            ],
            [
              3.096040937,
              42.52513987200001
            ],
            [
              3.096004505999986,
              42.525156985000024
            ],
            [
              3.095937793000019,
              42.52523615299998
            ],
            [
              3.095900124000025,
              42.52523978200003
            ],
            [
              3.095850252999981,
              42.52521375700002
            ],
            [
              3.095831893000025,
              42.525134665999985
            ],
            [
              3.095857307000017,
              42.52506901999999
            ],
            [
              3.096076878000019,
              42.524824309
            ],
            [
              3.096063344000015,
              42.524723639
            ],
            [
              3.096030467999981,
              42.524685912
            ],
            [
              3.096148089999986,
              42.524525794
            ],
            [
              3.09622821,
              42.52447088600002
            ],
            [
              3.096361761000026,
              42.524389859999985
            ],
            [
              3.096344666,
              42.524341332
            ],
            [
              3.096342095000011,
              42.524255934
            ],
            [
              3.096318823,
              42.52414628399998
            ],
            [
              3.096231199999977,
              42.524072649
            ],
            [
              3.096201977000021,
              42.52403851499997
            ],
            [
              3.096136324999975,
              42.52402329199998
            ],
            [
              3.09601483199998,
              42.52404587500001
            ],
            [
              3.095935934000011,
              42.524104378
            ],
            [
              3.09584596000002,
              42.524079288
            ],
            [
              3.095824038999979,
              42.52405144
            ],
            [
              3.095825198,
              42.52401727900002
            ],
            [
              3.095845726999983,
              42.523937253999975
            ],
            [
              3.095874841000011,
              42.523904866
            ],
            [
              3.09586628400001,
              42.52387431
            ],
            [
              3.09575436199998,
              42.52380429200002
            ],
            [
              3.095592507,
              42.523669595
            ],
            [
              3.095399188999977,
              42.523616730000015
            ],
            [
              3.095320195999989,
              42.52361769999999
            ],
            [
              3.095274034,
              42.523629427
            ],
            [
              3.095146559,
              42.52370954700001
            ],
            [
              3.095089458000018,
              42.523720385
            ],
            [
              3.094950900000015,
              42.52371151900002
            ],
            [
              3.094882762999987,
              42.52366213800002
            ],
            [
              3.094857241,
              42.52366126099997
            ],
            [
              3.094724835000022,
              42.523699135000015
            ],
            [
              3.094694489,
              42.523721635000015
            ],
            [
              3.094650893,
              42.523816963
            ],
            [
              3.094596403000025,
              42.523939268
            ],
            [
              3.094566131000022,
              42.524007615000016
            ],
            [
              3.094500598000025,
              42.524065205
            ],
            [
              3.094322035,
              42.52411840100001
            ],
            [
              3.094206583000016,
              42.524119402
            ],
            [
              3.094161569999983,
              42.524090676000014
            ],
            [
              3.09418817300002,
              42.524007949
            ],
            [
              3.094169909000016,
              42.52398639
            ],
            [
              3.094123712999988,
              42.523977441
            ],
            [
              3.094016271999976,
              42.524035761
            ],
            [
              3.094012070000019,
              42.52403804199997
            ],
            [
              3.093820153000024,
              42.52414221599997
            ],
            [
              3.093596698999988,
              42.524243094999974
            ],
            [
              3.09347397800002,
              42.52425848399997
            ],
            [
              3.093385236000017,
              42.52424328
            ],
            [
              3.093311058999973,
              42.52421637600003
            ],
            [
              3.093294034999985,
              42.524210098000026
            ],
            [
              3.093233268,
              42.52420925299998
            ],
            [
              3.093194402999984,
              42.52422456900001
            ],
            [
              3.0931665,
              42.52425515700003
            ],
            [
              3.093100988,
              42.52432713000002
            ],
            [
              3.093086621,
              42.524462884
            ],
            [
              3.093035654,
              42.524510572999986
            ],
            [
              3.093196072000012,
              42.52450863500002
            ],
            [
              3.093214330000023,
              42.52452659800002
            ],
            [
              3.093203430000017,
              42.52454998000002
            ],
            [
              3.093018853,
              42.52464453099998
            ],
            [
              3.092891244999976,
              42.524644642
            ],
            [
              3.092796412999974,
              42.524621352
            ],
            [
              3.09272961,
              42.52464568099998
            ],
            [
              3.092537847000017,
              42.524807657999986
            ],
            [
              3.092461416999981,
              42.524893125
            ],
            [
              3.092503955999973,
              42.52489488600003
            ],
            [
              3.092502766999985,
              42.524911068
            ],
            [
              3.092389927999989,
              42.52502892799998
            ],
            [
              3.092292825000015,
              42.525106322
            ],
            [
              3.092261238999981,
              42.525114439
            ],
            [
              3.092240512999979,
              42.52507310599998
            ],
            [
              3.092217421999976,
              42.525073126
            ],
            [
              3.092105713000024,
              42.52513704699999
            ],
            [
              3.092083914,
              42.52518561
            ],
            [
              3.092057215000011,
              42.525209904
            ],
            [
              3.092038995,
              42.52521621300002
            ],
            [
              3.091928455000016,
              42.525250468000024
            ],
            [
              3.091889819000016,
              42.525412312000014
            ],
            [
              3.091787927999974,
              42.525537354
            ],
            [
              3.091717684,
              42.52569383100001
            ],
            [
              3.091603626999984,
              42.525811692
            ],
            [
              3.091542888999982,
              42.525829723000015
            ],
            [
              3.091418937000014,
              42.525837919000026
            ],
            [
              3.091380024999978,
              42.525824468
            ],
            [
              3.091274172,
              42.525748148
            ],
            [
              3.091093176000015,
              42.52580583600002
            ],
            [
              3.09108224,
              42.52580674400002
            ],
            [
              3.090997179999988,
              42.525815806000026
            ],
            [
              3.090824667999982,
              42.525858203999974
            ],
            [
              3.090778479999983,
              42.52585464700002
            ],
            [
              3.090709161,
              42.52582594
            ],
            [
              3.09066048699998,
              42.525787326
            ],
            [
              3.090633681999975,
              42.52574329999999
            ],
            [
              3.090496264000024,
              42.525688581
            ],
            [
              3.090480438999975,
              42.525672413
            ],
            [
              3.090486462,
              42.52563734900002
            ],
            [
              3.090594416999977,
              42.525502415
            ],
            [
              3.090581011999973,
              42.525479054000016
            ],
            [
              3.090472852,
              42.52548184199998
            ],
            [
              3.09019815900001,
              42.52546319700002
            ],
            [
              3.089989259,
              42.525552369000025
            ],
            [
              3.089919975999976,
              42.52554613500001
            ],
            [
              3.089802037000027,
              42.525512973
            ],
            [
              3.089642704000028,
              42.525431303
            ],
            [
              3.08959889,
              42.525390887000015
            ],
            [
              3.089604882,
              42.525336046
            ],
            [
              3.089541661999988,
              42.52532081700002
            ],
            [
              3.089517295,
              42.52528128300003
            ],
            [
              3.089530578,
              42.52522553699998
            ],
            [
              3.089596183000026,
              42.52521109899999
            ],
            [
              3.089633777000017,
              42.52515803
            ],
            [
              3.089631306,
              42.52513196199999
            ],
            [
              3.089609379000024,
              42.52509871900003
            ],
            [
              3.089515706999975,
              42.525038568000014
            ],
            [
              3.089494985999977,
              42.52499903199998
            ],
            [
              3.089449835999972,
              42.52487951
            ],
            [
              3.089443589999973,
              42.524768944000016
            ],
            [
              3.089443572999983,
              42.52475725800002
            ],
            [
              3.089421609,
              42.524699743999975
            ],
            [
              3.089324292000015,
              42.524639595
            ],
            [
              3.089128544,
              42.524585822
            ],
            [
              3.088930475999973,
              42.52460396599997
            ],
            [
              3.088892804000011,
              42.524605796
            ],
            [
              3.088811422,
              42.52463462999998
            ],
            [
              3.08875916300002,
              42.52463467299998
            ],
            [
              3.088719047999973,
              42.524628414
            ],
            [
              3.088633926,
              42.524595223
            ],
            [
              3.088498992999973,
              42.524572862000014
            ],
            [
              3.088255969999977,
              42.524599132
            ],
            [
              3.08796688000001,
              42.524701850999975
            ],
            [
              3.087930436000022,
              42.52471177000001
            ],
            [
              3.087828337000019,
              42.524703763
            ],
            [
              3.087719024000023,
              42.524747003000016
            ],
            [
              3.087654595,
              42.524735368999984
            ],
            [
              3.087658185,
              42.52469850900002
            ],
            [
              3.08749766699998,
              42.52463391700002
            ],
            [
              3.087412723,
              42.524719386000015
            ],
            [
              3.087348307000013,
              42.52471674200001
            ],
            [
              3.087200156999984,
              42.524795971
            ],
            [
              3.087249652000025,
              42.524572991000014
            ],
            [
              3.087433023000017,
              42.52447845199998
            ],
            [
              3.087451204,
              42.524446075000014
            ],
            [
              3.087494789,
              42.524335468
            ],
            [
              3.087498244000017,
              42.52420781500001
            ],
            [
              3.087423984,
              42.524123374
            ],
            [
              3.087254918999975,
              42.52403092100002
            ],
            [
              3.087048213,
              42.523960972
            ],
            [
              3.086963116,
              42.523943062
            ],
            [
              3.086733399000025,
              42.523926169
            ],
            [
              3.086517044,
              42.52390477
            ],
            [
              3.086350531,
              42.52389321800001
            ],
            [
              3.086225408000018,
              42.52392837899998
            ],
            [
              3.085910753,
              42.52400144699999
            ],
            [
              3.085496552999984,
              42.52415010599998
            ],
            [
              3.085301077999986,
              42.52427971100002
            ],
            [
              3.085080147999975,
              42.524455182
            ],
            [
              3.085130089000018,
              42.52453245200002
            ],
            [
              3.08512893,
              42.524571107999975
            ],
            [
              3.085203217000014,
              42.524676225
            ],
            [
              3.085245924999981,
              42.52479395400002
            ],
            [
              3.085242326000014,
              42.524826319
            ],
            [
              3.085201113999972,
              42.52490096399998
            ],
            [
              3.085201235999989,
              42.524984566
            ],
            [
              3.085379263999982,
              42.525388951000025
            ],
            [
              3.08543038900001,
              42.525444645
            ],
            [
              3.085548545,
              42.52562793599998
            ],
            [
              3.085603294,
              42.525668344999985
            ],
            [
              3.085643412000024,
              42.52567640299998
            ],
            [
              3.085739499,
              42.525727566
            ],
            [
              3.085741932000019,
              42.525729362
            ],
            [
              3.0857992,
              42.525829999
            ],
            [
              3.085766509,
              42.52591362700002
            ],
            [
              3.08569852,
              42.525961326000015
            ],
            [
              3.085570965999977,
              42.526000082999985
            ],
            [
              3.084990533,
              42.526343946
            ],
            [
              3.084403502999976,
              42.526332724999975
            ],
            [
              3.084401072999981,
              42.52633272700001
            ],
            [
              3.084402422999972,
              42.526426217
            ],
            [
              3.084395179000012,
              42.526459483999986
            ],
            [
              3.084938469,
              42.526478829999974
            ],
            [
              3.084984849000023,
              42.526613635
            ],
            [
              3.085716321,
              42.526497086
            ],
            [
              3.085733372999982,
              42.52652224299999
            ],
            [
              3.085928987999978,
              42.526483430999974
            ],
            [
              3.08602493799998,
              42.526441103000025
            ],
            [
              3.086105060000023,
              42.52637901100002
            ],
            [
              3.086199663,
              42.52624768800001
            ],
            [
              3.086275934000014,
              42.52604716000002
            ],
            [
              3.086294126999974,
              42.526021975
            ],
            [
              3.08631478,
              42.52601656500002
            ],
            [
              3.086360967000019,
              42.52601922399998
            ],
            [
              3.08637192499998,
              42.526032698999984
            ],
            [
              3.086379255,
              42.52605876299998
            ],
            [
              3.086258138,
              42.52634113099998
            ],
            [
              3.086178088999986,
              42.52645266600001
            ],
            [
              3.086026292999975,
              42.526535492
            ],
            [
              3.08585134499998,
              42.526578782
            ],
            [
              3.085766286000023,
              42.52658963800002
            ],
            [
              3.085650864,
              42.526614001999974
            ],
            [
              3.085501427999986,
              42.526650080000024
            ],
            [
              3.085459002,
              42.526726525000015
            ],
            [
              3.085460422999972,
              42.52686676000002
            ],
            [
              3.085515502000021,
              42.52713190600002
            ],
            [
              3.085672632000012,
              42.52736910300001
            ],
            [
              3.085812581000027,
              42.527492146999975
            ],
            [
              3.085915998000019,
              42.527567576000024
            ],
            [
              3.086003505,
              42.52756750499998
            ],
            [
              3.086179818,
              42.52762399699998
            ],
            [
              3.086210204999986,
              42.527625770999975
            ],
            [
              3.086241772999983,
              42.52760417000002
            ],
            [
              3.086457988,
              42.527522191
            ],
            [
              3.086593994999987,
              42.52744477099998
            ],
            [
              3.086670665999975,
              42.52751392800002
            ],
            [
              3.086843101999989,
              42.52741490300002
            ],
            [
              3.086888134999981,
              42.527458016000026
            ],
            [
              3.086867650999977,
              42.527577593
            ],
            [
              3.08714149399998,
              42.527834470000016
            ],
            [
              3.087406637000015,
              42.527961904
            ],
            [
              3.08750154400002,
              42.528032844
            ],
            [
              3.087663211,
              42.52804709399999
            ],
            [
              3.087830941,
              42.52805145100001
            ],
            [
              3.088115115999983,
              42.52790289
            ],
            [
              3.088347065,
              42.527777744
            ],
            [
              3.088323833,
              42.52768517099997
            ],
            [
              3.088367537000011,
              42.527652773
            ],
            [
              3.088479536000023,
              42.527774039
            ],
            [
              3.088080052,
              42.528023379
            ],
            [
              3.088139743,
              42.52811412300002
            ],
            [
              3.088207878,
              42.52816261100003
            ],
            [
              3.088220120000017,
              42.528221031999976
            ],
            [
              3.088200745999984,
              42.52826869299997
            ],
            [
              3.088143726,
              42.52833706000001
            ],
            [
              3.088034345999972,
              42.528340746000026
            ],
            [
              3.088012452999976,
              42.528329977
            ],
            [
              3.087957616999972,
              42.52823473299998
            ],
            [
              3.087846870000021,
              42.528137738
            ],
            [
              3.087687771,
              42.52821517799998
            ],
            [
              3.087754793999977,
              42.52833288599999
            ],
            [
              3.087799887000017,
              42.52841465300003
            ],
            [
              3.087829178,
              42.528495535
            ],
            [
              3.087823158,
              42.52853329599998
            ],
            [
              3.087721131000023,
              42.528577428
            ],
            [
              3.087660369999981,
              42.528583771
            ],
            [
              3.087510942,
              42.52862704299997
            ],
            [
              3.087462389,
              42.52866933400003
            ],
            [
              3.087430767,
              42.528654976999974
            ],
            [
              3.087393093,
              42.528656805000026
            ],
            [
              3.087356629,
              42.528655936
            ],
            [
              3.087298273999977,
              42.528645197
            ],
            [
              3.087237360000017,
              42.528548159000024
            ],
            [
              3.087171575000013,
              42.52844573300001
            ],
            [
              3.087131323,
              42.528348678999976
            ],
            [
              3.087179811999988,
              42.528264138
            ],
            [
              3.087262389999978,
              42.528218224
            ],
            [
              3.087246435,
              42.528114857
            ],
            [
              3.086966715000017,
              42.52799282799998
            ],
            [
              3.086769753999988,
              42.527946242999974
            ],
            [
              3.086527844999978,
              42.527914077
            ],
            [
              3.086441595999986,
              42.527942913
            ],
            [
              3.086382089999972,
              42.52797532400001
            ],
            [
              3.086367569,
              42.52801848500002
            ],
            [
              3.086220598000011,
              42.52807973300003
            ],
            [
              3.086165962999985,
              42.528118431999985
            ],
            [
              3.086114999000017,
              42.528174208
            ],
            [
              3.086104093000017,
              42.528196690000016
            ],
            [
              3.086088349000022,
              42.528234458999975
            ],
            [
              3.085971902999972,
              42.52839186900002
            ],
            [
              3.085835987,
              42.52853311400003
            ],
            [
              3.08572913,
              42.52859972300001
            ],
            [
              3.085568916,
              42.528748178
            ],
            [
              3.085530032,
              42.52875450200003
            ],
            [
              3.085480172000018,
              42.528734765000024
            ],
            [
              3.085419457,
              42.52877257
            ],
            [
              3.085398861999977,
              42.528818433000026
            ],
            [
              3.085440211,
              42.52883548
            ],
            [
              3.085447531,
              42.528854352
            ],
            [
              3.085383160999982,
              42.528885866999985
            ],
            [
              3.085231422999982,
              42.52901453800001
            ],
            [
              3.08502981700002,
              42.52911807800001
            ],
            [
              3.084987265,
              42.52910912300001
            ],
            [
              3.084999322999977,
              42.52904349
            ],
            [
              3.08493857000002,
              42.529055224
            ],
            [
              3.084698178999986,
              42.529234307000024
            ],
            [
              3.084588863000022,
              42.529282937
            ],
            [
              3.084496519000027,
              42.52930188800002
            ],
            [
              3.084364015,
              42.529284913000026
            ],
            [
              3.084334854000019,
              42.52929122900002
            ],
            [
              3.084340992000023,
              42.529333474
            ],
            [
              3.084429823999983,
              42.529407118
            ],
            [
              3.084446894,
              42.529444861
            ],
            [
              3.084434857000019,
              42.529525776000014
            ],
            [
              3.084382663999975,
              42.529574361000016
            ],
            [
              3.084326797000017,
              42.529603172
            ],
            [
              3.084246588999974,
              42.52960952799998
            ],
            [
              3.084074204999979,
              42.52975259700003
            ],
            [
              3.083904190999988,
              42.52985341300001
            ],
            [
              3.083707367999978,
              42.52990570700001
            ],
            [
              3.083555557000011,
              42.52998763099998
            ],
            [
              3.083479008999973,
              42.530003872
            ],
            [
              3.083319795000023,
              42.530008491
            ],
            [
              3.083186162,
              42.530053543
            ],
            [
              3.083126583000023,
              42.530037408
            ],
            [
              3.082945511,
              42.530055528
            ],
            [
              3.082839729,
              42.530027743
            ],
            [
              3.082775481,
              42.53014735300002
            ],
            [
              3.08272581,
              42.530261559
            ],
            [
              3.082727148,
              42.53034785699998
            ],
            [
              3.082690771999978,
              42.530409014999975
            ],
            [
              3.082620357999986,
              42.530466602
            ],
            [
              3.08259611,
              42.53050977100003
            ],
            [
              3.082606054,
              42.53066528199997
            ],
            [
              3.082546617999981,
              42.530750728999976
            ],
            [
              3.082410692,
              42.530894666
            ],
            [
              3.082312317,
              42.530948679
            ],
            [
              3.082108275,
              42.53105761
            ],
            [
              3.082022111000015,
              42.531152066
            ],
            [
              3.081989419000024,
              42.531241088
            ],
            [
              3.081991983000023,
              42.53133547599998
            ],
            [
              3.082010261,
              42.531368723000014
            ],
            [
              3.081942380999976,
              42.53150092200002
            ],
            [
              3.081934006999973,
              42.531596218
            ],
            [
              3.081904918000021,
              42.531654672
            ],
            [
              3.081748275999985,
              42.531763566
            ],
            [
              3.081669388000023,
              42.531847229
            ],
            [
              3.081507875999989,
              42.531950731999984
            ],
            [
              3.081527392,
              42.53200016
            ],
            [
              3.081583336999984,
              42.532024389000014
            ],
            [
              3.08150816,
              42.532154795
            ],
            [
              3.081561724999972,
              42.532214984
            ],
            [
              3.081570316000011,
              42.53227430800001
            ],
            [
              3.081575192,
              42.53228419300001
            ],
            [
              3.081603235999978,
              42.532347098
            ],
            [
              3.081578980000018,
              42.532385772
            ],
            [
              3.081506084000011,
              42.53240920000002
            ],
            [
              3.081458725,
              42.5324407
            ],
            [
              3.081423479000023,
              42.53244252500002
            ],
            [
              3.081344377999983,
              42.53237426499999
            ],
            [
              3.08130425500002,
              42.532365305999974
            ],
            [
              3.081292037000026,
              42.53232036700001
            ],
            [
              3.08131262400002,
              42.532265515
            ],
            [
              3.081284609000022,
              42.532223285999976
            ],
            [
              3.081360935000021,
              42.53204433500002
            ],
            [
              3.081248066,
              42.532166679
            ],
            [
              3.081220111999983,
              42.532167599
            ],
            [
              3.080959090000022,
              42.532387143
            ],
            [
              3.080910495000012,
              42.53240426000002
            ],
            [
              3.080761085,
              42.532471795
            ],
            [
              3.08069681500001,
              42.532580617
            ],
            [
              3.080649462,
              42.53261751000002
            ],
            [
              3.08061544100002,
              42.53262652500001
            ],
            [
              3.08058625000001,
              42.532612164
            ],
            [
              3.080586200000027,
              42.53257620599999
            ],
            [
              3.080726906,
              42.53236664299999
            ],
            [
              3.080862824,
              42.53221101999998
            ],
            [
              3.08065024299998,
              42.53230287500003
            ],
            [
              3.080442576999985,
              42.532433379999986
            ],
            [
              3.080183864,
              42.53256662000001
            ],
            [
              3.079915366000023,
              42.532656717
            ],
            [
              3.079786661000014,
              42.53275569800002
            ],
            [
              3.079651929000022,
              42.53289244000001
            ],
            [
              3.079574166999976,
              42.53291407299997
            ],
            [
              3.079506173000027,
              42.53296806100002
            ],
            [
              3.079325111,
              42.53300145700001
            ],
            [
              3.079235235999988,
              42.533053662999976
            ],
            [
              3.079076176,
              42.533178736000025
            ],
            [
              3.078762738000023,
              42.53329583200002
            ],
            [
              3.078610825,
              42.53331392299998
            ],
            [
              3.078454011000019,
              42.53330235200002
            ],
            [
              3.078450402999977,
              42.533331121
            ],
            [
              3.078488087999972,
              42.533334689000014
            ],
            [
              3.078479599,
              42.533349079
            ],
            [
              3.078300984,
              42.533395956
            ],
            [
              3.078253567,
              42.533386102
            ],
            [
              3.078204907999975,
              42.53335737100002
            ],
            [
              3.078135509999981,
              42.533271121999974
            ],
            [
              3.078123355,
              42.533271131
            ],
            [
              3.078083290999984,
              42.533306219999986
            ],
            [
              3.078132056000015,
              42.53341495799998
            ],
            [
              3.078104154000016,
              42.533455431
            ],
            [
              3.078034937999973,
              42.533505822999985
            ],
            [
              3.07796446499998,
              42.53352565199998
            ],
            [
              3.077742058000013,
              42.53354738899998
            ],
            [
              3.077587748999974,
              42.533592449000025
            ],
            [
              3.076685082999973,
              42.53393470499998
            ],
            [
              3.076564788999974,
              42.533966255
            ],
            [
              3.076315763000025,
              42.534083297
            ],
            [
              3.076274413000021,
              42.534066247
            ],
            [
              3.076258564999989,
              42.53403029999998
            ],
            [
              3.076296083999978,
              42.53390711600002
            ],
            [
              3.076315446000024,
              42.533840579000014
            ],
            [
              3.076318940000021,
              42.533724611000025
            ],
            [
              3.076334708,
              42.53369852999998
            ],
            [
              3.076394246,
              42.533682306
            ],
            [
              3.076413600000024,
              42.53361037600001
            ],
            [
              3.076407416,
              42.533528575
            ],
            [
              3.076356213,
              42.53341264699998
            ],
            [
              3.076258855999981,
              42.53332282100001
            ],
            [
              3.076210205,
              42.53329858400002
            ],
            [
              3.075869722,
              42.533187355999985
            ],
            [
              3.075575485,
              42.53311924399998
            ],
            [
              3.075584084000013,
              42.53318935599998
            ],
            [
              3.075725241999976,
              42.53331331200002
            ],
            [
              3.075812854,
              42.53338786299997
            ],
            [
              3.075901704999978,
              42.533479494
            ],
            [
              3.076115828000013,
              42.533629467000026
            ],
            [
              3.076036842,
              42.53364660300002
            ],
            [
              3.075808274,
              42.53360451499998
            ],
            [
              3.075493385000016,
              42.533547205
            ],
            [
              3.075047342,
              42.53358257899998
            ],
            [
              3.074778789,
              42.533638501999974
            ],
            [
              3.074567377,
              42.53370517299999
            ],
            [
              3.074531029000013,
              42.533796892
            ],
            [
              3.074497114,
              42.533890407
            ],
            [
              3.074459451999985,
              42.533904817
            ],
            [
              3.074365863000025,
              42.533909376999986
            ],
            [
              3.074486294,
              42.533983906
            ],
            [
              3.074485087000028,
              42.533991099
            ],
            [
              3.074482687999989,
              42.534016270999984
            ],
            [
              3.074432902000012,
              42.53405496099998
            ],
            [
              3.074294376000012,
              42.53408831899998
            ],
            [
              3.074288310999975,
              42.534098212
            ],
            [
              3.074307813000019,
              42.534140449
            ],
            [
              3.074245868999981,
              42.534177349
            ],
            [
              3.074121895000019,
              42.534183728000016
            ],
            [
              3.073938418000012,
              42.534235095999975
            ],
            [
              3.07391048300002,
              42.53425219500002
            ],
            [
              3.073909282999978,
              42.53426478199998
            ],
            [
              3.074139068000022,
              42.534306873
            ],
            [
              3.07415125,
              42.53432754099998
            ],
            [
              3.074143968999977,
              42.534337434
            ],
            [
              3.074112418000027,
              42.534378807999985
            ],
            [
              3.073916736,
              42.534391529
            ],
            [
              3.073862097000017,
              42.53443831300001
            ],
            [
              3.073729575000016,
              42.534414132999984
            ],
            [
              3.073688256000025,
              42.534420453999985
            ],
            [
              3.073673687999985,
              42.534434847
            ],
            [
              3.073588601999973,
              42.534434906
            ],
            [
              3.07354969,
              42.53442324600002
            ],
            [
              3.073543570000027,
              42.53438909
            ],
            [
              3.073502228999985,
              42.53437833100003
            ],
            [
              3.073283439000022,
              42.53438117899998
            ],
            [
              3.073177711000028,
              42.53439833099998
            ],
            [
              3.073123034,
              42.534415449
            ],
            [
              3.073080533999985,
              42.53444963800001
            ],
            [
              3.072984696,
              42.53459983
            ],
            [
              3.072979917,
              42.534666356
            ],
            [
              3.072997018000024,
              42.53473376599999
            ],
            [
              3.073006771,
              42.534756233
            ],
            [
              3.073010432,
              42.53476791700001
            ],
            [
              3.072993436,
              42.53478500900002
            ],
            [
              3.072609305000015,
              42.53476459500001
            ],
            [
              3.07249863200002,
              42.53471612599998
            ],
            [
              3.072423275,
              42.534720672
            ],
            [
              3.072358881000014,
              42.534744089000014
            ],
            [
              3.072246010000015,
              42.534883504
            ],
            [
              3.072237729999983,
              42.53506779600002
            ],
            [
              3.072281531999977,
              42.535102825000024
            ],
            [
              3.072381237,
              42.535127929
            ],
            [
              3.072425056999975,
              42.535177342
            ],
            [
              3.072392268999977,
              42.535202535
            ],
            [
              3.072287711,
              42.53518462599999
            ],
            [
              3.072252470000024,
              42.535192741
            ],
            [
              3.072217325999986,
              42.53527816600001
            ],
            [
              3.072167526999976,
              42.53530876399998
            ],
            [
              3.07215306,
              42.535405861000015
            ],
            [
              3.07208625200002,
              42.53544366199998
            ],
            [
              3.071807901999989,
              42.535450143
            ],
            [
              3.071424923999984,
              42.53538207899999
            ],
            [
              3.071198843,
              42.535389421
            ],
            [
              3.071076119999987,
              42.535427259000016
            ],
            [
              3.07102143100002,
              42.53543538600002
            ],
            [
              3.07092909,
              42.535468708999986
            ],
            [
              3.070812374000013,
              42.535448111
            ],
            [
              3.070541411000022,
              42.535532792000026
            ],
            [
              3.070459915000015,
              42.535486999
            ],
            [
              3.070451280999976,
              42.535383625
            ],
            [
              3.070312672,
              42.535352252
            ],
            [
              3.069962632,
              42.53538124900001
            ],
            [
              3.069830159,
              42.53539841600002
            ],
            [
              3.069850914000028,
              42.53547391500001
            ],
            [
              3.069848512000021,
              42.53549818800002
            ],
            [
              3.069848517000025,
              42.535502683
            ],
            [
              3.069790205,
              42.53553058900002
            ],
            [
              3.069714832999978,
              42.535523447
            ],
            [
              3.069606596000028,
              42.53547856900002
            ],
            [
              3.069568940000011,
              42.53550016899999
            ],
            [
              3.069541002,
              42.535516368
            ],
            [
              3.069527672,
              42.535550537
            ],
            [
              3.069492434999972,
              42.53556224699997
            ],
            [
              3.069396399000027,
              42.535555118
            ],
            [
              3.069290667000018,
              42.535572265999974
            ],
            [
              3.069257854,
              42.535577681
            ],
            [
              3.069163043,
              42.53557864200002
            ],
            [
              3.068947942000023,
              42.535621032
            ],
            [
              3.068743713,
              42.53560588099998
            ],
            [
              3.068532319999974,
              42.535700408000025
            ],
            [
              3.068457175999981,
              42.53588743900002
            ],
            [
              3.068332030000022,
              42.53593516400002
            ],
            [
              3.068242071999975,
              42.53592892900002
            ],
            [
              3.068167899,
              42.53590740200002
            ],
            [
              3.068073078,
              42.53590027000001
            ],
            [
              3.068052411999986,
              42.535899385
            ],
            [
              3.067969727,
              42.535875165
            ],
            [
              3.067823841,
              42.53585727900003
            ],
            [
              3.067699872,
              42.535871741
            ],
            [
              3.067517441,
              42.53578645599998
            ],
            [
              3.067365489,
              42.535778461
            ],
            [
              3.067341177,
              42.535777576999976
            ],
            [
              3.067238997,
              42.535713816
            ],
            [
              3.067123493,
              42.53568961600001
            ],
            [
              3.067025033,
              42.535688779
            ],
            [
              3.066987357000016,
              42.535694197
            ],
            [
              3.066840300000024,
              42.53571496500001
            ],
            [
              3.066692065999973,
              42.53576899500001
            ],
            [
              3.066650762999984,
              42.53579149500001
            ],
            [
              3.06657909,
              42.53583019500002
            ],
            [
              3.066478232,
              42.535859024
            ],
            [
              3.066106264999974,
              42.53585026600001
            ],
            [
              3.065953048999972,
              42.53579911999998
            ],
            [
              3.065897162,
              42.53582432500002
            ],
            [
              3.065892302,
              42.53582612600002
            ],
            [
              3.065860680000014,
              42.535810863
            ],
            [
              3.065827809999973,
              42.53576593600002
            ],
            [
              3.065793770000028,
              42.53576146199998
            ],
            [
              3.065729404000024,
              42.53581274200002
            ],
            [
              3.065723331000015,
              42.53581724100002
            ],
            [
              3.065654065,
              42.53583526199998
            ],
            [
              3.065623722999987,
              42.53587663299999
            ],
            [
              3.065600712999981,
              42.535953059
            ],
            [
              3.065584922000028,
              42.53596295699998
            ],
            [
              3.065541156999984,
              42.53595759000001
            ],
            [
              3.065496161,
              42.535939639
            ],
            [
              3.065471817,
              42.535909988000014
            ],
            [
              3.065457080999977,
              42.535776951
            ],
            [
              3.065376758000014,
              42.535689801
            ],
            [
              3.065385150999987,
              42.535586416
            ],
            [
              3.065351002,
              42.535484855
            ],
            [
              3.065259776,
              42.53543097300002
            ],
            [
              3.065242715000011,
              42.535391429000015
            ],
            [
              3.065095569,
              42.535332187999984
            ],
            [
              3.065063923000025,
              42.53529445100003
            ],
            [
              3.065009195000016,
              42.53526841399997
            ],
            [
              3.064993363999974,
              42.535242354
            ],
            [
              3.064993361,
              42.53523965699998
            ],
            [
              3.064988395,
              42.535147068000015
            ],
            [
              3.064951899,
              42.53512012099998
            ],
            [
              3.064768302,
              42.535072588
            ],
            [
              3.064601757,
              42.53505740700001
            ],
            [
              3.064419432000022,
              42.53506111299998
            ],
            [
              3.064169056000026,
              42.535082838
            ],
            [
              3.064058422000016,
              42.535064026999976
            ],
            [
              3.063930829000014,
              42.535098264
            ],
            [
              3.063540706000026,
              42.53515513100001
            ],
            [
              3.063294084,
              42.53527663699998
            ],
            [
              3.063062022999986,
              42.535374760000025
            ],
            [
              3.06295873900001,
              42.535408083
            ],
            [
              3.06291021200002,
              42.53549620899997
            ],
            [
              3.062783785000022,
              42.53548549599998
            ],
            [
              3.062740010000027,
              42.53547113899998
            ],
            [
              3.062686466,
              42.535415435
            ],
            [
              3.062662078000017,
              42.53534353200001
            ],
            [
              3.062597649,
              42.53533817599998
            ],
            [
              3.062501643000019,
              42.53535800999998
            ],
            [
              3.062393430999975,
              42.53533020499998
            ],
            [
              3.062226932999977,
              42.53535906899998
            ],
            [
              3.06211019,
              42.53531059300002
            ],
            [
              3.061988668000026,
              42.53534033
            ],
            [
              3.061672774999977,
              42.535478952
            ],
            [
              3.061545175999981,
              42.53550959
            ],
            [
              3.061424821,
              42.53549437700002
            ],
            [
              3.061365177000027,
              42.53541530299998
            ],
            [
              3.061156036,
              42.535349799000016
            ],
            [
              3.060931147000019,
              42.535335545
            ],
            [
              3.060534908000022,
              42.53536004199998
            ],
            [
              3.059887242,
              42.535569864000024
            ],
            [
              3.059516691999988,
              42.535756156
            ],
            [
              3.059392861999982,
              42.535909048
            ],
            [
              3.059306635999974,
              42.53598550700002
            ],
            [
              3.059286078000014,
              42.53609069700002
            ],
            [
              3.059289751999984,
              42.53611766300003
            ],
            [
              3.059212,
              42.536159957
            ],
            [
              3.059148790999984,
              42.53615999300001
            ],
            [
              3.059053979,
              42.53616094400002
            ],
            [
              3.059006561,
              42.536149283999976
            ],
            [
              3.058946954000021,
              42.53610526799997
            ],
            [
              3.058882464000021,
              42.536039679
            ],
            [
              3.058735325999976,
              42.535984025
            ],
            [
              3.058486121999977,
              42.53596798
            ],
            [
              3.058156745000019,
              42.53600411899998
            ],
            [
              3.057741178000015,
              42.536157167
            ],
            [
              3.057379179,
              42.536397384
            ],
            [
              3.057154462000028,
              42.536562014000026
            ],
            [
              3.05686418099998,
              42.53680668599998
            ],
            [
              3.056453762999979,
              42.53726447399998
            ],
            [
              3.056207385999983,
              42.537664641
            ],
            [
              3.056178241,
              42.53769522099998
            ],
            [
              3.055427910999981,
              42.53864491600001
            ],
            [
              3.054693283,
              42.539511893
            ],
            [
              3.054242828999975,
              42.540095549
            ],
            [
              3.053910283,
              42.54067824499998
            ],
            [
              3.054002957000023,
              42.540986541999985
            ],
            [
              3.054042019,
              42.541160021999985
            ],
            [
              3.054071267999973,
              42.54124001500003
            ],
            [
              3.054286420999972,
              42.54122012900001
            ],
            [
              3.054568454999981,
              42.54122088399998
            ],
            [
              3.054613508999978,
              42.541300869
            ],
            [
              3.054595303999974,
              42.54133324100002
            ],
            [
              3.054574645,
              42.541340443000024
            ],
            [
              3.054184432999989,
              42.541356823
            ],
            [
              3.054124883999975,
              42.541376631
            ],
            [
              3.054129871999976,
              42.541511473000014
            ],
            [
              3.054210630999989,
              42.54207777900001
            ],
            [
              3.054250001000014,
              42.542582078
            ],
            [
              3.054292859999975,
              42.542914672999984
            ],
            [
              3.054240713000013,
              42.543053139999984
            ],
            [
              3.054118070000015,
              42.543206026
            ],
            [
              3.054000187999975,
              42.543250135
            ],
            [
              3.053935761999981,
              42.54325646
            ],
            [
              3.053850631999978,
              42.54322324100002
            ],
            [
              3.053833559999987,
              42.54316661500002
            ],
            [
              3.053852926,
              42.54307401199998
            ],
            [
              3.053919726,
              42.54300565699998
            ],
            [
              3.053958616999978,
              42.54299395100003
            ],
            [
              3.054020537999975,
              42.542907619
            ],
            [
              3.054042362000018,
              42.54284467999997
            ],
            [
              3.053879466000012,
              42.54153407299998
            ],
            [
              3.053215419000026,
              42.541211679000014
            ],
            [
              3.052767889999984,
              42.54102761299998
            ],
            [
              3.052688763,
              42.54090629199999
            ],
            [
              3.052659482000024,
              42.54078854300002
            ],
            [
              3.052711686,
              42.540713004
            ],
            [
              3.052834427999983,
              42.540669793
            ],
            [
              3.052951016,
              42.54054478
            ],
            [
              3.053079696,
              42.540348742
            ],
            [
              3.052989543000024,
              42.540133035999986
            ],
            [
              3.052813238,
              42.540090872
            ],
            [
              3.052584842999977,
              42.540251
            ],
            [
              3.052079472,
              42.540626115
            ],
            [
              3.052054145999989,
              42.54085356500002
            ],
            [
              3.051925467,
              42.541054995000025
            ],
            [
              3.051876927000023,
              42.541152107000016
            ],
            [
              3.051870861,
              42.541166493
            ],
            [
              3.051830756000015,
              42.54117999699997
            ],
            [
              3.051742002000026,
              42.541167454
            ],
            [
              3.051574182000024,
              42.54110011300003
            ],
            [
              3.051552281999989,
              42.541079448
            ],
            [
              3.051597216,
              42.541028185000016
            ],
            [
              3.051795140000024,
              42.54077188500003
            ],
            [
              3.051814529000012,
              42.540702656
            ],
            [
              3.051736697000024,
              42.54066763399999
            ],
            [
              3.051465474,
              42.54051584000001
            ],
            [
              3.051345192999975,
              42.540472813
            ],
            [
              3.051229565000028,
              42.54043145100002
            ],
            [
              3.050385677,
              42.540161265
            ],
            [
              3.050045366,
              42.54024053400002
            ],
            [
              3.049964030000012,
              42.540370920999976
            ],
            [
              3.048729830000013,
              42.539981341999976
            ],
            [
              3.048713996,
              42.53994449200002
            ],
            [
              3.048772236,
              42.539812317999974
            ],
            [
              3.048717521000015,
              42.53979885899997
            ],
            [
              3.048637396,
              42.53992654799998
            ],
            [
              3.048616744000014,
              42.53994273799998
            ],
            [
              3.048448942,
              42.539887978000024
            ],
            [
              3.048251064999988,
              42.54021618899998
            ],
            [
              3.048720429000014,
              42.540369698
            ],
            [
              3.04852132000002,
              42.54067813299997
            ],
            [
              3.047777145999987,
              42.54043574899998
            ],
            [
              3.047580499999981,
              42.54078912900002
            ],
            [
              3.047708173999979,
              42.54082682799998
            ],
            [
              3.047620763999987,
              42.540969802
            ],
            [
              3.047683991999975,
              42.54098685399998
            ],
            [
              3.047754397,
              42.540860968
            ],
            [
              3.048639633,
              42.54115273100001
            ],
            [
              3.048470891000022,
              42.541434184000025
            ],
            [
              3.048345848999986,
              42.541641901
            ],
            [
              3.048194099999989,
              42.54189457799998
            ],
            [
              3.049010079000027,
              42.542162024
            ],
            [
              3.049930566,
              42.542463723000026
            ],
            [
              3.050543606000019,
              42.54144670699998
            ],
            [
              3.050819644,
              42.541540967
            ],
            [
              3.050859906000028,
              42.541707256
            ],
            [
              3.05117485300002,
              42.54180958799998
            ],
            [
              3.051250110000012,
              42.541678303000026
            ],
            [
              3.051888523,
              42.54189014999997
            ],
            [
              3.051898817,
              42.542529307999985
            ],
            [
              3.052120071,
              42.542528302
            ],
            [
              3.052130267999985,
              42.543056888000024
            ],
            [
              3.052177700000016,
              42.54307933899997
            ],
            [
              3.052194744000019,
              42.54310629899999
            ],
            [
              3.052168020000011,
              42.543129685
            ],
            [
              3.05239200699998,
              42.543463092000025
            ],
            [
              3.052368987000023,
              42.54355030300002
            ],
            [
              3.052223095999977,
              42.543543182
            ],
            [
              3.052226781,
              42.543585431999986
            ],
            [
              3.052950341999974,
              42.54382240199999
            ],
            [
              3.05320203399998,
              42.54386632699999
            ],
            [
              3.054005588999985,
              42.54383266100001
            ],
            [
              3.054435905,
              42.543783
            ],
            [
              3.05455742700002,
              42.54372989900003
            ],
            [
              3.054898482,
              42.543134609
            ],
            [
              3.05493248800002,
              42.543099531999985
            ],
            [
              3.0549373,
              42.54304469300001
            ],
            [
              3.055009015,
              42.54303296900002
            ],
            [
              3.055090501999985,
              42.543070683999986
            ],
            [
              3.055096645,
              42.543139001999975
            ],
            [
              3.055073623999988,
              42.54322171899997
            ],
            [
              3.054972883,
              42.54339347299998
            ],
            [
              3.05492317400001,
              42.543536433999975
            ],
            [
              3.054861271,
              42.543640746
            ],
            [
              3.05482007,
              42.543782803
            ],
            [
              3.054724118000024,
              42.54387814299997
            ],
            [
              3.054603822,
              42.54394203099997
            ],
            [
              3.054500508999979,
              42.543966356
            ],
            [
              3.05368361,
              42.544033292999984
            ],
            [
              3.053228944000011,
              42.54404700499998
            ],
            [
              3.053113441,
              42.54403537600001
            ],
            [
              3.052878754,
              42.54397616099999
            ],
            [
              3.052738891999979,
              42.54391599899998
            ],
            [
              3.052583217,
              42.54384505799999
            ],
            [
              3.052482285,
              42.543814543
            ],
            [
              3.052386252000019,
              42.54382357999998
            ],
            [
              3.052081177,
              42.543900141
            ],
            [
              3.051819947000013,
              42.544068374
            ],
            [
              3.051573378,
              42.54431930499999
            ],
            [
              3.051424060999977,
              42.544564794999985
            ],
            [
              3.051060025000027,
              42.545345273
            ],
            [
              3.050998325000023,
              42.54569230300001
            ],
            [
              3.050914692999982,
              42.545984507000014
            ],
            [
              3.050705932000028,
              42.546386445
            ],
            [
              3.050440068,
              42.546836954000014
            ],
            [
              3.050204646999987,
              42.547347678999984
            ],
            [
              3.04999111,
              42.547862888
            ],
            [
              3.049823839999988,
              42.548459881999975
            ],
            [
              3.049721004,
              42.549055947
            ],
            [
              3.049718986000016,
              42.54954229100002
            ],
            [
              3.049492132000012,
              42.55013931299999
            ],
            [
              3.049344159999976,
              42.550567291
            ],
            [
              3.049213483000017,
              42.55132069000001
            ],
            [
              3.049182222000013,
              42.55173782700001
            ],
            [
              3.049135117999981,
              42.55211182199997
            ],
            [
              3.048981141000013,
              42.552636893
            ],
            [
              3.048720469999978,
              42.553531491
            ],
            [
              3.048591016999978,
              42.554311859
            ],
            [
              3.048503969000024,
              42.554913312999986
            ],
            [
              3.048523779,
              42.555340318
            ],
            [
              3.048425619999989,
              42.555741305000026
            ],
            [
              3.048289727999986,
              42.556099158999984
            ],
            [
              3.048174556999982,
              42.55651813399999
            ],
            [
              3.048132195,
              42.55675728099999
            ],
            [
              3.048025575,
              42.557226594999975
            ],
            [
              3.047978494,
              42.55764374199998
            ],
            [
              3.047939946999975,
              42.558087854
            ],
            [
              3.047955085000012,
              42.55875309200002
            ],
            [
              3.047944385,
              42.559049759
            ],
            [
              3.047947030999978,
              42.559310461999985
            ],
            [
              3.047911868000028,
              42.559434537000016
            ],
            [
              3.047740655999974,
              42.55973936800001
            ],
            [
              3.047596137000028,
              42.55997316700001
            ],
            [
              3.047534360999975,
              42.56027075700001
            ],
            [
              3.047223127999985,
              42.561869281999975
            ],
            [
              3.047121501,
              42.562519291
            ],
            [
              3.047109475000013,
              42.56268650700002
            ],
            [
              3.047142545999975,
              42.56297866199998
            ],
            [
              3.047068661000026,
              42.563347277
            ],
            [
              3.046976546999986,
              42.56373387999997
            ],
            [
              3.046934239,
              42.564053038
            ],
            [
              3.046824615999981,
              42.56535571400002
            ],
            [
              3.046841764000021,
              42.56550763500002
            ],
            [
              3.046837077000021,
              42.565729686
            ],
            [
              3.046752232000017,
              42.56608662000002
            ],
            [
              3.046596852,
              42.566450777
            ],
            [
              3.046643306000021,
              42.566750119
            ],
            [
              3.046495360999984,
              42.567290474
            ],
            [
              3.046467743999983,
              42.56773638300001
            ],
            [
              3.046447417000024,
              42.56817509799998
            ],
            [
              3.046408902999985,
              42.56868394100002
            ],
            [
              3.046356893999985,
              42.569048054
            ],
            [
              3.046307474,
              42.56960994299999
            ],
            [
              3.046208293,
              42.570305803
            ],
            [
              3.046173402000022,
              42.570787676
            ],
            [
              3.046021791999976,
              42.57132533700002
            ],
            [
              3.046019652999973,
              42.57169841899997
            ],
            [
              3.046018999000012,
              42.572411319000025
            ],
            [
              3.046062998000025,
              42.572679199
            ],
            [
              3.045959867000022,
              42.573003778999976
            ],
            [
              3.045859296,
              42.57349287400001
            ],
            [
              3.045733262,
              42.574085363
            ],
            [
              3.04572894,
              42.574458592999974
            ],
            [
              3.045725288000028,
              42.57477399499999
            ],
            [
              3.045666106999988,
              42.575311618
            ],
            [
              3.045681108,
              42.57582943199998
            ],
            [
              3.045748224000022,
              42.576103596999985
            ],
            [
              3.045725199,
              42.576213284
            ],
            [
              3.045618285999979,
              42.57637874400001
            ],
            [
              3.045646378000015,
              42.57652526800001
            ],
            [
              3.045664742999975,
              42.57667808999997
            ],
            [
              3.04560195900001,
              42.577277746
            ],
            [
              3.045551414999977,
              42.57797538800003
            ],
            [
              3.045532306999974,
              42.578430288
            ],
            [
              3.045549635999976,
              42.578814152
            ],
            [
              3.045580566000012,
              42.579478497000025
            ],
            [
              3.045469103000016,
              42.58005659999998
            ],
            [
              3.045346654000014,
              42.580589757999974
            ],
            [
              3.045269193000024,
              42.58109772400002
            ],
            [
              3.045362083999976,
              42.58166045799999
            ],
            [
              3.045374537999976,
              42.582032638999976
            ],
            [
              3.045349644,
              42.582872314999975
            ],
            [
              3.045284359,
              42.58339646000002
            ],
            [
              3.045239517000027,
              42.58361583499999
            ],
            [
              3.045172858,
              42.58393950300001
            ],
            [
              3.045179307000012,
              42.584412375
            ],
            [
              3.045037805999982,
              42.58549663100001
            ],
            [
              3.044987538999976,
              42.58595683200002
            ],
            [
              3.044973778999974,
              42.586082807000025
            ],
            [
              3.04488792,
              42.586757095999985
            ],
            [
              3.044931066,
              42.58749066500002
            ],
            [
              3.04491576800001,
              42.588164025000026
            ],
            [
              3.044782546000022,
              42.58895610500002
            ],
            [
              3.044745078,
              42.589279762
            ],
            [
              3.044705055,
              42.589445195999986
            ],
            [
              3.043919472000027,
              42.589950763
            ],
            [
              3.044012060999989,
              42.590113444999986
            ],
            [
              3.044124243999988,
              42.590441536000014
            ],
            [
              3.044144077999988,
              42.590926992
            ],
            [
              3.044322109,
              42.591444747000025
            ],
            [
              3.04448282200002,
              42.59158672299998
            ],
            [
              3.044656907,
              42.591712511000026
            ],
            [
              3.044756731,
              42.59178169299997
            ],
            [
              3.04483224400002,
              42.59188235
            ],
            [
              3.044825071,
              42.59204777100001
            ],
            [
              3.044754683,
              42.592284240000026
            ],
            [
              3.044673347000014,
              42.592525207999984
            ],
            [
              3.044520308000017,
              42.592876784
            ],
            [
              3.044429273,
              42.593166302999975
            ],
            [
              3.044256882000013,
              42.593676113000015
            ],
            [
              3.044032107000021,
              42.594105033
            ],
            [
              3.043913296000028,
              42.594677751
            ],
            [
              3.043833502999973,
              42.595361931000014
            ],
            [
              3.043772118999982,
              42.596257372000025
            ],
            [
              3.043727628999989,
              42.59696671
            ],
            [
              3.043662374,
              42.59757267200001
            ],
            [
              3.043581292999988,
              42.59817144700003
            ],
            [
              3.043521826000017,
              42.59838273999998
            ],
            [
              3.043474745000026,
              42.598888005
            ],
            [
              3.043457026999988,
              42.59960632399998
            ],
            [
              3.043470672000012,
              42.599954238
            ],
            [
              3.043394273,
              42.60030938
            ],
            [
              3.0433433,
              42.600493699000026
            ],
            [
              3.043275379000022,
              42.600796694
            ],
            [
              3.043094412000016,
              42.60127234700002
            ],
            [
              3.042999673,
              42.601516017999984
            ],
            [
              3.042907555,
              42.60201590899999
            ],
            [
              3.042778812,
              42.602358486000014
            ],
            [
              3.042605071000025,
              42.602741536
            ],
            [
              3.042470313000024,
              42.603183907000016
            ],
            [
              3.042456969,
              42.60324324700002
            ],
            [
              3.042433947,
              42.603379906999976
            ],
            [
              3.042381675,
              42.603459041
            ],
            [
              3.042267376999973,
              42.603591242
            ],
            [
              3.042119056999979,
              42.603797176
            ],
            [
              3.04191881700001,
              42.60457490599998
            ],
            [
              3.041952949,
              42.604654005999976
            ],
            [
              3.042006566,
              42.60475107899998
            ],
            [
              3.042005379999978,
              42.60479333400002
            ],
            [
              3.041998096999976,
              42.60482030700001
            ],
            [
              3.041875280999989,
              42.604957905
            ],
            [
              3.041803529999981,
              42.60502895600001
            ],
            [
              3.041595692999977,
              42.60540482699997
            ],
            [
              3.041416063999975,
              42.60608995000001
            ],
            [
              3.041400365000015,
              42.606261669
            ],
            [
              3.041396822000024,
              42.606414503999986
            ],
            [
              3.04139813,
              42.60654216400002
            ],
            [
              3.041386050000028,
              42.60666982999999
            ],
            [
              3.041363000999979,
              42.606775024
            ],
            [
              3.041194400999984,
              42.607577016
            ],
            [
              3.04100762500002,
              42.608498586
            ],
            [
              3.040842782000027,
              42.60946599800002
            ],
            [
              3.040767673,
              42.609966782000015
            ],
            [
              3.040591845999984,
              42.610901834
            ],
            [
              3.040592334999985,
              42.61160577099997
            ],
            [
              3.040501502999973,
              42.61225669999999
            ],
            [
              3.040411918000018,
              42.61295437799998
            ],
            [
              3.040448958000013,
              42.613712243
            ],
            [
              3.040287593000016,
              42.614462092999986
            ],
            [
              3.040293104999989,
              42.61539348399998
            ],
            [
              3.040312968000023,
              42.61595447000002
            ],
            [
              3.040309535,
              42.616270031
            ],
            [
              3.040200347999985,
              42.61679690300002
            ],
            [
              3.040161771999976,
              42.617342629
            ],
            [
              3.040166922000026,
              42.61775078699998
            ],
            [
              3.040206123000019,
              42.618112182
            ],
            [
              3.040242732000024,
              42.618244326000024
            ],
            [
              3.041258536999976,
              42.61910161499998
            ],
            [
              3.041279283,
              42.619175327
            ],
            [
              3.041789196000025,
              42.620695393
            ],
            [
              3.041712612000026,
              42.62084376400003
            ],
            [
              3.041622569000026,
              42.62089864
            ],
            [
              3.041511768000021,
              42.62086362100001
            ],
            [
              3.041494677,
              42.620794402
            ],
            [
              3.04088343,
              42.620575272999986
            ],
            [
              3.040868835000026,
              42.620593258999975
            ],
            [
              3.040816506,
              42.62061575500002
            ],
            [
              3.040346688,
              42.620709433
            ],
            [
              3.040220112999975,
              42.62074634099997
            ],
            [
              3.040149532999976,
              42.62078143000002
            ],
            [
              3.039973126,
              42.620933432000015
            ],
            [
              3.039423254999974,
              42.621463167
            ],
            [
              3.03893541399998,
              42.621924551
            ],
            [
              3.038372144,
              42.622469568999975
            ],
            [
              3.03780035,
              42.623027174000015
            ],
            [
              3.037530259999983,
              42.62328349500001
            ],
            [
              3.037294213,
              42.62347417299998
            ],
            [
              3.037289557,
              42.623809515
            ],
            [
              3.037239086999989,
              42.62484252500002
            ],
            [
              3.037062569,
              42.624849778
            ],
            [
              3.036893367,
              42.624877707
            ],
            [
              3.036769242999981,
              42.62495776399999
            ],
            [
              3.036541758,
              42.62522845199999
            ],
            [
              3.036393469000018,
              42.62560430000002
            ],
            [
              3.036329224999974,
              42.626052043000016
            ],
            [
              3.036296526,
              42.626328059
            ],
            [
              3.036317430999986,
              42.626663393
            ],
            [
              3.036410145,
              42.62696543800001
            ],
            [
              3.036466275,
              42.62716860199998
            ],
            [
              3.036426300000016,
              42.62749136999997
            ],
            [
              3.036306046999982,
              42.62793283899998
            ],
            [
              3.036186977,
              42.628322164
            ],
            [
              3.036192106999977,
              42.62874201400001
            ],
            [
              3.036146243000019,
              42.629386641
            ],
            [
              3.036090564,
              42.629913498
            ],
            [
              3.036067716,
              42.630372916
            ],
            [
              3.036032847,
              42.631084069999986
            ],
            [
              3.035988237000026,
              42.63179432800001
            ],
            [
              3.036032577000014,
              42.63261693800001
            ],
            [
              3.036093821,
              42.633207589
            ],
            [
              3.035987107999972,
              42.633911577
            ],
            [
              3.035931436,
              42.634458214
            ],
            [
              3.035892800999989,
              42.634991361
            ],
            [
              3.035699857,
              42.63606398799999
            ],
            [
              3.035599083000022,
              42.63653781900001
            ],
            [
              3.035623752999982,
              42.63705746
            ],
            [
              3.035459678,
              42.63756457699998
            ],
            [
              3.035323611000024,
              42.63807887799999
            ],
            [
              3.035335982,
              42.63839983399998
            ],
            [
              3.035446971,
              42.63869468500002
            ],
            [
              3.035604325,
              42.63914056099998
            ],
            [
              3.035749372999987,
              42.639370669000016
            ],
            [
              3.03583233,
              42.639619677999974
            ],
            [
              3.035651157000018,
              42.640054879
            ],
            [
              3.035449175999986,
              42.640319267
            ],
            [
              3.035328849,
              42.640695110000024
            ],
            [
              3.035236532999988,
              42.641077237
            ],
            [
              3.035241693999978,
              42.641557327999976
            ],
            [
              3.03530049699998,
              42.642136298000025
            ],
            [
              3.035378724999987,
              42.64261636600003
            ],
            [
              3.035454492999975,
              42.643055077999975
            ],
            [
              3.035530220999988,
              42.643423665
            ],
            [
              3.03556456299998,
              42.64382463099997
            ],
            [
              3.035537891999979,
              42.644022431999986
            ],
            [
              3.035438399999975,
              42.644627528
            ],
            [
              3.035324447999983,
              42.645489758
            ],
            [
              3.035293024,
              42.645884454
            ],
            [
              3.03523614300002,
              42.64647695000002
            ],
            [
              3.035315658,
              42.647061310000026
            ],
            [
              3.035347618,
              42.647548588
            ],
            [
              3.035300579000022,
              42.648305608999976
            ],
            [
              3.035268058999975,
              42.648905291
            ],
            [
              3.035263412,
              42.649276602999976
            ],
            [
              3.035257600000023,
              42.649736024
            ],
            [
              3.035254301,
              42.65032310999999
            ],
            [
              3.035353358,
              42.65098928100002
            ],
            [
              3.035267104000013,
              42.651352529
            ],
            [
              3.035216443000024,
              42.652169791
            ],
            [
              3.035377759000028,
              42.65306520299998
            ],
            [
              3.035274620999985,
              42.653710763
            ],
            [
              3.035311670999988,
              42.65455317200002
            ],
            [
              3.035348554,
              42.655116872
            ],
            [
              3.035355942000024,
              42.655249931000014
            ],
            [
              3.035354788,
              42.65535422300002
            ],
            [
              3.03533173400001,
              42.655500776999986
            ],
            [
              3.03530136,
              42.655627555000024
            ],
            [
              3.035269766,
              42.65575253600002
            ],
            [
              3.035255168,
              42.65583769099999
            ],
            [
              3.035250346,
              42.65586582399999
            ],
            [
              3.035293189000015,
              42.656215546
            ],
            [
              3.035372436999978,
              42.656336893
            ],
            [
              3.035510133,
              42.65642855200002
            ],
            [
              3.035657547000028,
              42.656474355
            ],
            [
              3.035767189000012,
              42.656502190000026
            ],
            [
              3.035865867999973,
              42.65652823
            ],
            [
              3.03613881299998,
              42.656686373000014
            ],
            [
              3.037496394000016,
              42.657704546
            ],
            [
              3.037408744,
              42.657786392
            ],
            [
              3.035862275999989,
              42.656628926
            ],
            [
              3.035479796,
              42.656616467
            ],
            [
              3.035329988,
              42.65663989199999
            ],
            [
              3.035274291,
              42.657191936
            ],
            [
              3.035153869999988,
              42.65747068600001
            ],
            [
              3.035164866,
              42.65752552499998
            ],
            [
              3.035111319,
              42.65760735700002
            ],
            [
              3.035111356000016,
              42.657668494
            ],
            [
              3.035167419,
              42.657719722000024
            ],
            [
              3.035234433000028,
              42.657752066
            ],
            [
              3.035329449000017,
              42.657759227999975
            ],
            [
              3.035419588000025,
              42.65776099599998
            ],
            [
              3.035509726999976,
              42.65776096600001
            ],
            [
              3.035545050999986,
              42.65776005499998
            ],
            [
              3.035564521000026,
              42.657728581000015
            ],
            [
              3.035536461,
              42.65765666599998
            ],
            [
              3.035464562000016,
              42.65760454399998
            ],
            [
              3.035369516,
              42.65754523700002
            ],
            [
              3.035365849000016,
              42.65752456000001
            ],
            [
              3.035388989000012,
              42.65751825799998
            ],
            [
              3.035429194000017,
              42.65753263
            ],
            [
              3.035633929000028,
              42.657690797999976
            ],
            [
              3.035686344,
              42.657751018
            ],
            [
              3.036239357999989,
              42.657753529
            ],
            [
              3.036243026000022,
              42.65777690300001
            ],
            [
              3.036217459,
              42.65779758999997
            ],
            [
              3.03615778,
              42.657808398999975
            ],
            [
              3.035475658999985,
              42.65782481100001
            ],
            [
              3.035256410999978,
              42.657838369
            ],
            [
              3.034885060000022,
              42.65811720099998
            ],
            [
              3.034684232000018,
              42.65838159200001
            ],
            [
              3.034499220999976,
              42.65861990399998
            ],
            [
              3.034359256000016,
              42.658817743999975
            ],
            [
              3.034248677999983,
              42.659278100999984
            ],
            [
              3.034255047999977,
              42.65975280700002
            ],
            [
              3.034279804999983,
              42.660423503
            ],
            [
              3.034238580000022,
              42.660750776999976
            ],
            [
              3.034191393000015,
              42.661296526
            ],
            [
              3.034233081000025,
              42.661756836
            ],
            [
              3.034211432,
              42.662230652
            ],
            [
              3.03427867900001,
              42.66265139500001
            ],
            [
              3.034293564,
              42.66310452099998
            ],
            [
              3.034263392000014,
              42.663585533
            ],
            [
              3.034339118,
              42.66391996300001
            ],
            [
              3.03436122,
              42.664214851
            ],
            [
              3.034349395,
              42.664820829
            ],
            [
              3.034402148000027,
              42.66544566699997
            ],
            [
              3.034468146999984,
              42.665807072
            ],
            [
              3.034498789999986,
              42.666121738000015
            ],
            [
              3.03446853600002,
              42.66646429399998
            ],
            [
              3.034500537999975,
              42.66701631500001
            ],
            [
              3.034469076999983,
              42.667378652000025
            ],
            [
              3.034547374,
              42.66793065799999
            ],
            [
              3.034580553000012,
              42.668410752
            ],
            [
              3.034585676,
              42.668831518
            ],
            [
              3.034554265999986,
              42.66927926699998
            ],
            [
              3.034526641000014,
              42.669949986
            ],
            [
              3.034559833,
              42.67044896300001
            ],
            [
              3.034612612999979,
              42.67110707
            ],
            [
              3.034690964,
              42.67173819599998
            ],
            [
              3.034833962,
              42.672486182
            ],
            [
              3.034861223,
              42.67324949099998
            ],
            [
              3.034901709999986,
              42.67371609999998
            ],
            [
              3.034903421000024,
              42.674537858
            ],
            [
              3.034909817000027,
              42.67504403800001
            ],
            [
              3.035058787000025,
              42.67557534500003
            ],
            [
              3.034993251,
              42.67600962300003
            ],
            [
              3.034997127999986,
              42.676379144
            ],
            [
              3.035082746,
              42.676917666
            ],
            [
              3.035395161,
              42.677710553
            ],
            [
              3.035422419999975,
              42.67845318600001
            ],
            [
              3.035410575000014,
              42.67901331899998
            ],
            [
              3.035392688,
              42.67965706899997
            ],
            [
              3.035256561999972,
              42.68023702300002
            ],
            [
              3.035243405000017,
              42.680645212
            ],
            [
              3.035355787000015,
              42.68109741500001
            ],
            [
              3.035513311999978,
              42.681636814
            ],
            [
              3.035598849999985,
              42.682024292
            ],
            [
              3.035550403,
              42.68251071399999
            ],
            [
              3.035609116999979,
              42.682872127
            ],
            [
              3.035693459000015,
              42.683291972
            ],
            [
              3.035809713,
              42.684081332
            ],
            [
              3.03586255099998,
              42.684790695
            ],
            [
              3.035834919000024,
              42.68543625
            ],
            [
              3.035883895999973,
              42.685809356
            ],
            [
              3.035962215999973,
              42.68633529700003
            ],
            [
              3.036074611,
              42.68678120800001
            ],
            [
              3.036196824,
              42.68733410700003
            ],
            [
              3.036355578999974,
              42.68785103099998
            ],
            [
              3.036505905000013,
              42.68852709599997
            ],
            [
              3.036481708,
              42.68881031799998
            ],
            [
              3.036423426999988,
              42.689160085000026
            ],
            [
              3.036462611,
              42.689454974
            ],
            [
              3.036316633000013,
              42.68989108300002
            ],
            [
              3.036248563000015,
              42.690180613999985
            ],
            [
              3.0362184,
              42.690673328
            ],
            [
              3.036286933999975,
              42.69112644799998
            ],
            [
              3.036389558,
              42.691521115
            ],
            [
              3.036455591,
              42.691869042
            ],
            [
              3.036526751,
              42.69261796400002
            ],
            [
              3.036673692000022,
              42.69370312199999
            ],
            [
              3.036733713999979,
              42.69417602599998
            ],
            [
              3.036944874000028,
              42.694647979000024
            ],
            [
              3.037162089999981,
              42.69505339699998
            ],
            [
              3.037185508999983,
              42.69546157899998
            ],
            [
              3.037148097,
              42.696046905
            ],
            [
              3.037110681,
              42.69662593700002
            ],
            [
              3.037146482000026,
              42.69733621300003
            ],
            [
              3.037241914,
              42.69789451999998
            ],
            [
              3.037314412,
              42.698801687000014
            ],
            [
              3.037422165,
              42.69955689400001
            ],
            [
              3.037534572000027,
              42.69996504699998
            ],
            [
              3.037806679000028,
              42.700390226000025
            ],
            [
              3.038123858,
              42.700763241
            ],
            [
              3.038521528999979,
              42.70118747499998
            ],
            [
              3.039070358,
              42.701605358999984
            ],
            [
              3.039419112000019,
              42.70178055600002
            ],
            [
              3.040944035999985,
              42.70169816499998
            ],
            [
              3.041193903000021,
              42.70165671
            ],
            [
              3.041229183999974,
              42.701557795999975
            ],
            [
              3.041236449,
              42.701488562
            ],
            [
              3.041135191000023,
              42.701373516
            ],
            [
              3.040671674,
              42.700949316
            ],
            [
              3.040675309,
              42.70091784599998
            ],
            [
              3.040697234999982,
              42.700895361
            ],
            [
              3.040737464000017,
              42.700898043
            ],
            [
              3.040886253999986,
              42.701002282
            ],
            [
              3.041379065,
              42.70147771799998
            ],
            [
              3.042006628000024,
              42.702038314
            ],
            [
              3.042085324000027,
              42.702108613
            ],
            [
              3.042548870000019,
              42.70254629300001
            ],
            [
              3.042613534999987,
              42.70262358999997
            ],
            [
              3.042623315000014,
              42.702661348
            ],
            [
              3.042609932,
              42.702697318
            ],
            [
              3.042539257999977,
              42.702738705
            ],
            [
              3.042486844999985,
              42.702745918
            ],
            [
              3.042410038000014,
              42.70273426
            ],
            [
              3.04165307400001,
              42.702810081999985
            ],
            [
              3.041612860999976,
              42.70282987799999
            ],
            [
              3.040936398999975,
              42.70297309699998
            ],
            [
              3.040792586,
              42.703020804
            ],
            [
              3.040429415,
              42.703166597
            ],
            [
              3.040028447999987,
              42.70330790700001
            ],
            [
              3.039829805000011,
              42.70339699200002
            ],
            [
              3.039645769,
              42.703455502
            ],
            [
              3.039392282,
              42.703565287
            ],
            [
              3.039191253000013,
              42.703734392
            ],
            [
              3.039007299,
              42.703916977
            ],
            [
              3.038857473,
              42.70409325600002
            ],
            [
              3.038619910000023,
              42.704324412
            ],
            [
              3.038377468000022,
              42.704553771
            ],
            [
              3.038177710000014,
              42.704812785
            ],
            [
              3.03817304,
              42.705127474
            ],
            [
              3.038267243,
              42.70563543499998
            ],
            [
              3.038383367,
              42.706106525
            ],
            [
              3.038508074,
              42.706648642
            ],
            [
              3.038536384,
              42.707056826999974
            ],
            [
              3.038613509000015,
              42.70754051900002
            ],
            [
              3.038578436000023,
              42.70796580899997
            ],
            [
              3.038560443,
              42.708409975999984
            ],
            [
              3.038598622999984,
              42.708992583999986
            ],
            [
              3.038661148000017,
              42.70951764199998
            ],
            [
              3.038715132999982,
              42.710030115
            ],
            [
              3.038808159999974,
              42.710583933
            ],
            [
              3.038909143000012,
              42.71103953800002
            ],
            [
              3.038924333000011,
              42.711108072
            ],
            [
              3.039033131999986,
              42.711539605999974
            ],
            [
              3.03910176,
              42.71206466199999
            ],
            [
              3.039209342,
              42.712494398
            ],
            [
              3.039196064,
              42.712693107
            ],
            [
              3.039110785,
              42.71279383900003
            ],
            [
              3.039025512000023,
              42.712904461
            ],
            [
              3.038899985,
              42.712987225
            ],
            [
              3.039098288,
              42.714156898
            ],
            [
              3.039276348999977,
              42.71422786300002
            ],
            [
              3.039326624000012,
              42.71464863
            ],
            [
              3.039358572000026,
              42.71501365900002
            ],
            [
              3.03937229600001,
              42.715475798
            ],
            [
              3.039495752999983,
              42.71592890699998
            ],
            [
              3.039650847000019,
              42.716284899000016
            ],
            [
              3.039654698999982,
              42.716569917000015
            ],
            [
              3.039713614,
              42.717138137
            ],
            [
              3.03975667200001,
              42.717696472
            ],
            [
              3.039835169000014,
              42.71836808299997
            ],
            [
              3.039787994999983,
              42.71892555300002
            ],
            [
              3.039797012,
              42.719629559
            ],
            [
              3.039910829,
              42.72023462300001
            ],
            [
              3.040114898000013,
              42.72085853599998
            ],
            [
              3.040073678999988,
              42.72120740899999
            ],
            [
              3.040098429000011,
              42.721733385
            ],
            [
              3.040137673,
              42.72205525499999
            ],
            [
              3.040158539,
              42.722185189000015
            ],
            [
              3.040206255999976,
              42.72248231200001
            ],
            [
              3.040308956999979,
              42.72286979400002
            ],
            [
              3.040437137000026,
              42.72306665299999
            ],
            [
              3.040503075,
              42.723192504999986
            ],
            [
              3.040767790000018,
              42.72332457599998
            ],
            [
              3.040887329999975,
              42.72337218400003
            ],
            [
              3.040914179000026,
              42.72340184400002
            ],
            [
              3.040917851000017,
              42.723421624000025
            ],
            [
              3.040910544999974,
              42.72343601199998
            ],
            [
              3.040894696,
              42.723442311999975
            ],
            [
              3.040871524000011,
              42.72343962399998
            ],
            [
              3.039921401000015,
              42.72320441199997
            ],
            [
              3.039878753999972,
              42.72325298099997
            ],
            [
              3.039761727999974,
              42.72331506400002
            ],
            [
              3.039598416,
              42.72345628599999
            ],
            [
              3.039511914,
              42.723573204
            ],
            [
              3.039381624999976,
              42.72386007199998
            ],
            [
              3.039320816999975,
              42.724105554
            ],
            [
              3.039314854,
              42.72430426300002
            ],
            [
              3.039411283,
              42.724437297
            ],
            [
              3.039552787,
              42.724501982
            ],
            [
              3.039632075999975,
              42.72453522
            ],
            [
              3.040474777999975,
              42.72458885200001
            ],
            [
              3.040478456000017,
              42.724616723999986
            ],
            [
              3.040460176000011,
              42.724633814000015
            ],
            [
              3.039619919000017,
              42.72459007100002
            ],
            [
              3.039538216999972,
              42.724596395
            ],
            [
              3.039487039,
              42.724655756
            ],
            [
              3.039344491,
              42.724851817
            ],
            [
              3.039322635000019,
              42.72499208800002
            ],
            [
              3.039325175999977,
              42.72514314
            ],
            [
              3.039414325999985,
              42.725329225999985
            ],
            [
              3.039486351,
              42.725439790999985
            ],
            [
              3.039637637,
              42.72553774
            ],
            [
              3.039803512999981,
              42.725571845
            ],
            [
              3.039891321000027,
              42.725577207000015
            ],
            [
              3.039929084999983,
              42.72551695200002
            ],
            [
              3.039925359,
              42.725418949000016
            ],
            [
              3.039941193,
              42.72539107
            ],
            [
              3.039963128000011,
              42.72536768499998
            ],
            [
              3.039998487,
              42.72535688200003
            ],
            [
              3.040081407,
              42.72534786
            ],
            [
              3.040133879,
              42.72539639299998
            ],
            [
              3.040143726,
              42.72552945899997
            ],
            [
              3.040097559,
              42.725781230999985
            ],
            [
              3.040058596999984,
              42.725872057
            ],
            [
              3.039981778000026,
              42.725888269999984
            ],
            [
              3.039929326999982,
              42.72587030699998
            ],
            [
              3.039893945000017,
              42.72584604399998
            ],
            [
              3.039878068,
              42.725812782
            ],
            [
              3.039907286000016,
              42.72573994200002
            ],
            [
              3.039914566999983,
              42.725686891
            ],
            [
              3.039876735,
              42.72564734399998
            ],
            [
              3.039781614,
              42.725648278999984
            ],
            [
              3.039582834999976,
              42.725649251
            ],
            [
              3.039426789,
              42.72572573399998
            ],
            [
              3.039293961999988,
              42.72587234000002
            ],
            [
              3.039247741999986,
              42.72605398000002
            ],
            [
              3.039218576,
              42.726205943000025
            ],
            [
              3.039213819999986,
              42.726386667999975
            ],
            [
              3.039262676000021,
              42.726498142000025
            ],
            [
              3.039389554000024,
              42.72656732799999
            ],
            [
              3.039482261999979,
              42.726603259
            ],
            [
              3.03955665,
              42.726597836999986
            ],
            [
              3.040045696999982,
              42.72662013299998
            ],
            [
              3.040015257,
              42.726690276
            ],
            [
              3.039506702999972,
              42.726676978
            ],
            [
              3.039296937000017,
              42.726666266
            ],
            [
              3.039248180000016,
              42.72670224799998
            ],
            [
              3.039108,
              42.72680120299998
            ],
            [
              3.038975199999982,
              42.726994563
            ],
            [
              3.038936283999988,
              42.727158218
            ],
            [
              3.038891262999982,
              42.727310187
            ],
            [
              3.038869439999985,
              42.72750260700002
            ],
            [
              3.038887822999982,
              42.727637469
            ],
            [
              3.038936702,
              42.727782210999976
            ],
            [
              3.03903441,
              42.727997066
            ],
            [
              3.03911496,
              42.728085151000016
            ],
            [
              3.039249169000016,
              42.728170519
            ],
            [
              3.039486999000019,
              42.72819290899997
            ],
            [
              3.039479713999981,
              42.728239667000025
            ],
            [
              3.039204086999973,
              42.728231676
            ],
            [
              3.039066269999978,
              42.728222734999974
            ],
            [
              3.038978476000011,
              42.728244346
            ],
            [
              3.038909029000024,
              42.728346870999985
            ],
            [
              3.038856665000026,
              42.728461978999974
            ],
            [
              3.038844518000019,
              42.728535711
            ],
            [
              3.038853159999974,
              42.728693055
            ],
            [
              3.038876405999986,
              42.72880274
            ],
            [
              3.038948432999973,
              42.728910609000025
            ],
            [
              3.039027761,
              42.72899330000001
            ],
            [
              3.039142446000028,
              42.72906069200002
            ],
            [
              3.039288802999977,
              42.729071428
            ],
            [
              3.039358310000011,
              42.72905791599999
            ],
            [
              3.039376585000014,
              42.72903003599998
            ],
            [
              3.039319213,
              42.72895273199998
            ],
            [
              3.039316755000016,
              42.72892486
            ],
            [
              3.039392344000021,
              42.72888796799998
            ],
            [
              3.039471631000026,
              42.728910417
            ],
            [
              3.039474181,
              42.729073158
            ],
            [
              3.039436521000027,
              42.72928986199997
            ],
            [
              3.039367062999986,
              42.729377102
            ],
            [
              3.03928289800001,
              42.72935735300001
            ],
            [
              3.039271886999984,
              42.72930520699998
            ],
            [
              3.039280397000027,
              42.72926474299999
            ],
            [
              3.039334019000023,
              42.72920628100002
            ],
            [
              3.03932669,
              42.7291892
            ],
            [
              3.039247397999986,
              42.72916045699998
            ],
            [
              3.03908031200001,
              42.729156921000026
            ],
            [
              3.038960786000018,
              42.72914617599997
            ],
            [
              3.038755964000018,
              42.729247851000025
            ],
            [
              3.038590194,
              42.72938907399998
            ],
            [
              3.038536594,
              42.72948260200002
            ],
            [
              3.038491588999989,
              42.72966334300003
            ],
            [
              3.038494140000012,
              42.729832378000026
            ],
            [
              3.038672277999979,
              42.72994830099998
            ],
            [
              3.038860107,
              42.72996441700002
            ],
            [
              3.038860141999976,
              42.730016567
            ],
            [
              3.038606460999972,
              42.730011263999984
            ],
            [
              3.038333261,
              42.729996976
            ],
            [
              3.038205200999982,
              42.729993424999975
            ],
            [
              3.038182033999988,
              42.73000152499998
            ],
            [
              3.038160086,
              42.73000962499998
            ],
            [
              3.038111327000024,
              42.73004740599998
            ],
            [
              3.037921179000023,
              42.730215610000016
            ],
            [
              3.037757941999985,
              42.730508783
            ],
            [
              3.037706945000025,
              42.73085856199998
            ],
            [
              3.037687732999984,
              42.731325216000016
            ],
            [
              3.037711275999982,
              42.73189705300001
            ],
            [
              3.037706604999983,
              42.732217145
            ],
            [
              3.037672773,
              42.732708081
            ],
            [
              3.037664608999989,
              42.733285325
            ],
            [
              3.037700235999978,
              42.73368182899998
            ],
            [
              3.037743099000011,
              42.73395065400001
            ],
            [
              3.037925249000011,
              42.73459077000001
            ],
            [
              3.037969439,
              42.735022336999975
            ],
            [
              3.037958774,
              42.73550067899998
            ],
            [
              3.037951817000021,
              42.73605454699998
            ],
            [
              3.037949781,
              42.73667315
            ],
            [
              3.037973366000017,
              42.737302535000026
            ],
            [
              3.038061657000014,
              42.738019113
            ],
            [
              3.038122982,
              42.738532497
            ],
            [
              3.038151347,
              42.73900543100001
            ],
            [
              3.03822507000001,
              42.739821818999985
            ],
            [
              3.038264524999988,
              42.740462889000014
            ],
            [
              3.038328412999988,
              42.741156999
            ],
            [
              3.038367890000018,
              42.741827741
            ],
            [
              3.038396223,
              42.74224762799997
            ],
            [
              3.038442917,
              42.742760119000025
            ],
            [
              3.038473807,
              42.743355337000025
            ],
            [
              3.038562136,
              42.74410698499997
            ],
            [
              3.038607658999979,
              42.74468961100001
            ],
            [
              3.038698564000015,
              42.745639969000024
            ],
            [
              3.038772329999972,
              42.74649682299997
            ],
            [
              3.038844829000027,
              42.747279049999975
            ],
            [
              3.038883003000024,
              42.747809529
            ],
            [
              3.038901948999978,
              42.748777
            ],
            [
              3.038958426000022,
              42.749311069999976
            ],
            [
              3.038988212,
              42.750065440000014
            ],
            [
              3.039124139000023,
              42.750817074999986
            ],
            [
              3.039151296,
              42.751012815000024
            ],
            [
              3.039245513000026,
              42.75169189899998
            ],
            [
              3.039478676999977,
              42.751888726
            ],
            [
              3.039511801,
              42.75215755800002
            ],
            [
              3.039461808,
              42.75220073600002
            ],
            [
              3.039004416000012,
              42.75239961400001
            ],
            [
              3.038967836999973,
              42.752433795
            ],
            [
              3.038899508999975,
              42.75242752600002
            ],
            [
              3.038875099,
              42.75241494699998
            ],
            [
              3.038795774,
              42.75238440499999
            ],
            [
              3.038687191,
              42.75238894
            ],
            [
              3.038444497,
              42.752539184
            ],
            [
              3.038237244000015,
              42.752782927
            ],
            [
              3.03809348599998,
              42.753104872999984
            ],
            [
              3.03806319,
              42.753420484
            ],
            [
              3.038051516999985,
              42.754227921999984
            ],
            [
              3.038104510999972,
              42.75503533800003
            ],
            [
              3.038091638000026,
              42.75587334800002
            ],
            [
              3.038078585,
              42.756437119
            ],
            [
              3.038075387999982,
              42.757144751
            ],
            [
              3.038049192000017,
              42.758135623999976
            ],
            [
              3.038225452,
              42.75897716600002
            ],
            [
              3.038290825,
              42.760043537
            ],
            [
              3.038210639999988,
              42.76057676300002
            ],
            [
              3.038167016999978,
              42.76104254
            ],
            [
              3.038179262000028,
              42.76126751200002
            ],
            [
              3.038192955,
              42.761519082
            ],
            [
              3.038220066,
              42.761922792
            ],
            [
              3.038266707999981,
              42.762336386000015
            ],
            [
              3.038340095000024,
              42.762594417
            ],
            [
              3.038341076,
              42.762906692
            ],
            [
              3.038325396,
              42.763076738
            ],
            [
              3.038342566999972,
              42.763381283
            ],
            [
              3.038343183,
              42.763577192000014
            ],
            [
              3.038322789,
              42.764110399
            ],
            [
              3.038311986999986,
              42.764384645
            ],
            [
              3.038317549999988,
              42.76542047100003
            ],
            [
              3.038336179,
              42.765911404
            ],
            [
              3.038333990000012,
              42.766293545999986
            ],
            [
              3.038396573,
              42.76681593500001
            ],
            [
              3.038444486,
              42.767296967
            ],
            [
              3.038508383000021,
              42.76795872500003
            ],
            [
              3.038578251,
              42.768419069
            ],
            [
              3.038666815,
              42.76946385999997
            ],
            [
              3.038641698,
              42.770234449999975
            ],
            [
              3.038654209000015,
              42.77069571499999
            ],
            [
              3.038639889000024,
              42.771186662
            ],
            [
              3.038579078999987,
              42.77150768500002
            ],
            [
              3.038548900000023,
              42.772010326999975
            ],
            [
              3.038585985,
              42.772718854
            ],
            [
              3.038655903,
              42.773245738000014
            ],
            [
              3.038709868000012,
              42.77363955200002
            ],
            [
              3.038778536999985,
              42.77412057999999
            ],
            [
              3.038828981999984,
              42.7747248
            ],
            [
              3.038884376,
              42.77542792700001
            ],
            [
              3.038934852000011,
              42.776074408
            ],
            [
              3.038972006,
              42.77687645100002
            ],
            [
              3.039070055000025,
              42.77747526000002
            ],
            [
              3.039076221000016,
              42.77766260200002
            ],
            [
              3.039080894999984,
              42.777804581
            ],
            [
              3.039080908000017,
              42.777804974
            ],
            [
              3.039082515000018,
              42.77785380400002
            ],
            [
              3.039070434,
              42.77803993600003
            ],
            [
              3.039079078999976,
              42.77818919499998
            ],
            [
              3.039072222000016,
              42.778264133
            ],
            [
              3.03906575000002,
              42.77833486499998
            ],
            [
              3.039012133000028,
              42.77846976
            ],
            [
              3.038933961999987,
              42.77847481200001
            ],
            [
              3.038830269000016,
              42.77848151500001
            ],
            [
              3.03876077000001,
              42.77859573400002
            ],
            [
              3.03861262800001,
              42.77864603299997
            ],
            [
              3.038607007,
              42.77864794200002
            ],
            [
              3.038296577999972,
              42.779907788
            ],
            [
              3.038440662000028,
              42.779979669
            ],
            [
              3.038800773,
              42.78000921199998
            ],
            [
              3.038928976000022,
              42.78006131799998
            ],
            [
              3.039008399000011,
              42.78018267700003
            ],
            [
              3.039086619999978,
              42.780330112
            ],
            [
              3.039056239999979,
              42.78053333499997
            ],
            [
              3.038903794000021,
              42.78073750200002
            ],
            [
              3.038823373000014,
              42.78095063400002
            ],
            [
              3.03881736400001,
              42.781092705
            ],
            [
              3.038691691999986,
              42.78117817200001
            ],
            [
              3.038591845999974,
              42.781554061
            ],
            [
              3.038593483,
              42.78218078200001
            ],
            [
              3.03866589,
              42.782762519000016
            ],
            [
              3.038745899999981,
              42.783759671999974
            ],
            [
              3.038776695000024,
              42.784174179
            ],
            [
              3.038899110999978,
              42.784686663
            ],
            [
              3.038957945999982,
              42.78504361300003
            ],
            [
              3.038996054,
              42.78543833600003
            ],
            [
              3.039033199000016,
              42.78621610800002
            ],
            [
              3.039072595,
              42.786708841
            ],
            [
              3.039092362000019,
              42.787057714000014
            ],
            [
              3.039119519,
              42.78750189599998
            ],
            [
              3.039189331999978,
              42.787839061
            ],
            [
              3.03928235,
              42.788188806
            ],
            [
              3.039377984,
              42.78879391700002
            ],
            [
              3.039438103,
              42.789233592000016
            ],
            [
              3.039448081999979,
              42.789547401
            ],
            [
              3.039443518999974,
              42.79001947
            ],
            [
              3.039446178999981,
              42.790341375000025
            ],
            [
              3.039595802,
              42.791336709
            ],
            [
              3.039608381,
              42.791878909
            ],
            [
              3.039634335000017,
              42.79234197699998
            ],
            [
              3.039756773000022,
              42.792849967999985
            ],
            [
              3.039892795000014,
              42.79357825300002
            ],
            [
              3.039989763,
              42.794326335
            ],
            [
              3.040029496999978,
              42.795291141
            ],
            [
              3.040032198,
              42.795666998
            ],
            [
              3.040067884999985,
              42.79607071800001
            ],
            [
              3.040171902999987,
              42.796409671
            ],
            [
              3.040283301999978,
              42.79682684900001
            ],
            [
              3.040498402000026,
              42.79711990200002
            ],
            [
              3.040793936,
              42.79719082499997
            ],
            [
              3.040856212,
              42.797197096
            ],
            [
              3.041381324999975,
              42.797307494
            ],
            [
              3.041527869999982,
              42.79734070699999
            ],
            [
              3.041667115,
              42.797408991
            ],
            [
              3.041673259999982,
              42.79741440599997
            ],
            [
              3.041711782,
              42.79744834899998
            ],
            [
              3.041778297,
              42.797506958999975
            ],
            [
              3.041868739,
              42.797627413999976
            ],
            [
              3.042039905000024,
              42.79793576700001
            ],
            [
              3.042070487999979,
              42.798014883
            ],
            [
              3.042059535000021,
              42.798065242
            ],
            [
              3.041985076,
              42.798097642000016
            ],
            [
              3.041906919999974,
              42.798084185
            ],
            [
              3.041336629,
              42.79798459699998
            ],
            [
              3.041318335000028,
              42.79801517599998
            ],
            [
              3.041289037000013,
              42.79802417899998
            ],
            [
              3.041102221000017,
              42.798026048999986
            ],
            [
              3.039347989000021,
              42.79859319299999
            ],
            [
              3.039316267,
              42.79863096999998
            ],
            [
              3.039457163,
              42.79933228300001
            ],
            [
              3.03947559300002,
              42.799501323000015
            ],
            [
              3.039464642999974,
              42.79955977399999
            ],
            [
              3.039410971,
              42.79964072000001
            ],
            [
              3.039321902999973,
              42.799743260000014
            ],
            [
              3.03925356100001,
              42.79979903399999
            ],
            [
              3.039183990000026,
              42.799842221
            ],
            [
              3.039024053999981,
              42.799878246
            ],
            [
              3.038961829000016,
              42.79995110300001
            ],
            [
              3.038927726999987,
              42.80008239699998
            ],
            [
              3.038907325000025,
              42.80061562100002
            ],
            [
              3.039018704,
              42.801003130000026
            ],
            [
              3.039110330000028,
              42.80106873699998
            ],
            [
              3.039187309999988,
              42.80114514000002
            ],
            [
              3.039077528,
              42.80131782400002
            ],
            [
              3.039030075000028,
              42.801571411
            ],
            [
              3.039026547,
              42.801772831
            ],
            [
              3.039030374,
              42.802016509
            ],
            [
              3.039053759000012,
              42.802290751999976
            ],
            [
              3.039119809999988,
              42.80245528
            ],
            [
              3.039226134999979,
              42.802583825
            ],
            [
              3.039289677999989,
              42.802650341
            ],
            [
              3.039145732,
              42.802868896
            ],
            [
              3.039176452999982,
              42.80315392799997
            ],
            [
              3.039214421999986,
              42.80332385999998
            ],
            [
              3.03937821300002,
              42.80355669
            ],
            [
              3.03952117,
              42.803679826
            ],
            [
              3.039681187999975,
              42.80374990399997
            ],
            [
              3.039705658,
              42.803818233000015
            ],
            [
              3.039564053999982,
              42.80389112
            ],
            [
              3.039377334,
              42.804062934
            ],
            [
              3.039189444999977,
              42.804312977
            ],
            [
              3.039080940000019,
              42.804577377999976
            ],
            [
              3.039097003,
              42.804857019999986
            ],
            [
              3.039170421999984,
              42.805078193999975
            ],
            [
              3.039285345,
              42.80527417500002
            ],
            [
              3.039406328999974,
              42.805402715000014
            ],
            [
              3.039472392,
              42.805578932
            ],
            [
              3.039459086000022,
              42.80576506900002
            ],
            [
              3.039433584999983,
              42.80597728700002
            ],
            [
              3.039423973,
              42.80621018099998
            ],
            [
              3.039447380000013,
              42.80651140200001
            ],
            [
              3.039562321,
              42.806728064000026
            ],
            [
              3.039677202,
              42.806856606
            ],
            [
              3.03980551799998,
              42.80698514300002
            ],
            [
              3.039925239000013,
              42.807046243
            ],
            [
              3.039898435999987,
              42.80713887000002
            ],
            [
              3.039725147000013,
              42.80732146999998
            ],
            [
              3.039608075999979,
              42.807565194
            ],
            [
              3.039458111999977,
              42.80792852299999
            ],
            [
              3.039397190999978,
              42.80813625899998
            ],
            [
              3.039430531999983,
              42.808679359
            ],
            [
              3.039471585,
              42.80978625
            ],
            [
              3.039532899,
              42.810153997999976
            ],
            [
              3.039656477,
              42.810488452000016
            ],
            [
              3.039788677,
              42.810928108999974
            ],
            [
              3.039975879999986,
              42.811428891
            ],
            [
              3.040171574,
              42.811841549
            ],
            [
              3.040303774,
              42.812270415
            ],
            [
              3.040285676,
              42.812590536000016
            ],
            [
              3.040254082999979,
              42.812824337999984
            ],
            [
              3.040172478999978,
              42.813150776999976
            ],
            [
              3.040071276,
              42.813395395999976
            ],
            [
              3.040075178999984,
              42.813741586
            ],
            [
              3.040060958000026,
              42.814373725999985
            ],
            [
              3.04010768,
              42.81482330799997
            ],
            [
              3.040269335,
              42.815448189999984
            ],
            [
              3.040352713,
              42.815913943
            ],
            [
              3.04050227099998,
              42.81669888699997
            ],
            [
              3.040682036000021,
              42.817008144
            ],
            [
              3.040644448000023,
              42.817402007
            ],
            [
              3.040527461000011,
              42.817790506
            ],
            [
              3.04048982,
              42.818112434
            ],
            [
              3.040531698999985,
              42.81861327299998
            ],
            [
              3.040654104999987,
              42.81898549599998
            ],
            [
              3.040782880999984,
              42.81972998499998
            ],
            [
              3.040828297000019,
              42.820044688999985
            ],
            [
              3.040963114000022,
              42.820686668
            ],
            [
              3.041136855,
              42.821093940000026
            ],
            [
              3.041105316000028,
              42.82140507600002
            ],
            [
              3.041064244999973,
              42.822057014
            ],
            [
              3.041241884999977,
              42.822786200999985
            ],
            [
              3.041198338000015,
              42.823392281
            ],
            [
              3.041300289999981,
              42.82418264299997
            ],
            [
              3.041411847,
              42.824735611
            ],
            [
              3.041522085,
              42.82514920400001
            ],
            [
              3.041568787000017,
              42.825542139
            ],
            [
              3.041559273000018,
              42.82590452199997
            ],
            [
              3.041606034999973,
              42.826380185
            ],
            [
              3.041667475999986,
              42.826881919000016
            ],
            [
              3.04186937999998,
              42.82734672999999
            ],
            [
              3.041993043,
              42.827728845000024
            ],
            [
              3.042026207,
              42.827977014
            ],
            [
              3.042046148999987,
              42.82852462400001
            ],
            [
              3.042146904,
              42.82932218299999
            ],
            [
              3.042368717999977,
              42.830267165
            ],
            [
              3.04246817,
              42.830943333
            ],
            [
              3.042574945000013,
              42.831606008999984
            ],
            [
              3.042643696000027,
              42.83206098300002
            ],
            [
              3.042620797999973,
              42.832489915999986
            ],
            [
              3.042583166999975,
              42.832821739999986
            ],
            [
              3.042558959000019,
              42.833132877000025
            ],
            [
              3.04259099799998,
              42.83350513800002
            ],
            [
              3.042685297999981,
              42.83380993399999
            ],
            [
              3.042780833,
              42.83413001600002
            ],
            [
              3.042947259000016,
              42.83448603800002
            ],
            [
              3.043044075000012,
              42.83488435100003
            ],
            [
              3.043027223000024,
              42.83522516
            ],
            [
              3.04292489,
              42.835629848
            ],
            [
              3.042916645999981,
              42.836048885000025
            ],
            [
              3.042985424,
              42.83652993800001
            ],
            [
              3.04307974,
              42.836845525
            ],
            [
              3.043177929000024,
              42.837439867
            ],
            [
              3.043484068,
              42.838342556999976
            ],
            [
              3.043579641,
              42.838698608000016
            ],
            [
              3.043551923,
              42.839212072
            ],
            [
              3.043612102,
              42.839620293
            ],
            [
              3.043827448,
              42.84000686899998
            ],
            [
              3.043809366,
              42.840333292000025
            ],
            [
              3.04379984000002,
              42.84066420900001
            ],
            [
              3.043833185999972,
              42.84113448599999
            ],
            [
              3.043964241000026,
              42.84154177900001
            ],
            [
              3.044118618000027,
              42.84208394500001
            ],
            [
              3.044172667,
              42.842456200000015
            ],
            [
              3.044234155000026,
              42.842968730999985
            ],
            [
              3.044165238,
              42.843936321
            ],
            [
              3.044179085,
              42.844468654000025
            ],
            [
              3.044365444999983,
              42.84527517999999
            ],
            [
              3.044521192,
              42.845993594
            ],
            [
              3.044606194999972,
              42.84688199200002
            ],
            [
              3.044663854000021,
              42.847172417000024
            ],
            [
              3.044894051000028,
              42.847754119
            ],
            [
              3.044906673000014,
              42.848272967000014
            ],
            [
              3.045017022000025,
              42.848739618000025
            ],
            [
              3.045107718999986,
              42.84907768900001
            ],
            [
              3.045280384000023,
              42.84952543100002
            ],
            [
              3.045362469999986,
              42.84978707099998
            ],
            [
              3.045458189999977,
              42.850292395999986
            ],
            [
              3.045437768999989,
              42.850745615
            ],
            [
              3.045357487999979,
              42.85123213100002
            ],
            [
              3.045365354000012,
              42.85191554
            ],
            [
              3.045430453,
              42.85233005700002
            ],
            [
              3.045574972999987,
              42.852718461999984
            ],
            [
              3.045726794000018,
              42.85306280200001
            ],
            [
              3.04584438,
              42.85338737400002
            ],
            [
              3.045958771000016,
              42.854306338000015
            ],
            [
              3.046175077999976,
              42.855813355
            ],
            [
              3.046320940999976,
              42.85633574600001
            ],
            [
              3.046468184,
              42.85705147099998
            ],
            [
              3.046655610000016,
              42.85757384300001
            ],
            [
              3.046821197999975,
              42.85829405700002
            ],
            [
              3.04695596,
              42.858676172
            ],
            [
              3.047164066999983,
              42.85906544900001
            ],
            [
              3.047256160000018,
              42.859581569
            ],
            [
              3.047277388,
              42.86013189099998
            ],
            [
              3.047440798000025,
              42.86116054399997
            ],
            [
              3.047824219,
              42.86216122299999
            ],
            [
              3.047975052000027,
              42.86274386100001
            ],
            [
              3.048051183999974,
              42.863159274
            ],
            [
              3.048011067,
              42.86342816400003
            ],
            [
              3.048198591000016,
              42.86402697199998
            ],
            [
              3.04844241,
              42.864695896
            ],
            [
              3.048720495,
              42.86540347099998
            ],
            [
              3.048961836999979,
              42.866021138
            ],
            [
              3.049056495,
              42.86664696600002
            ],
            [
              3.049250417999986,
              42.867558707
            ],
            [
              3.049360924999974,
              42.868126975999985
            ],
            [
              3.04958905,
              42.86899374
            ],
            [
              3.049804804000019,
              42.86968245999998
            ],
            [
              3.049861330999988,
              42.870020548000014
            ],
            [
              3.049777162,
              42.870238203999975
            ],
            [
              3.049956975999976,
              42.87035412300003
            ],
            [
              3.050095192000015,
              42.870433192
            ],
            [
              3.051087205999977,
              42.87103072100001
            ],
            [
              3.052109843999972,
              42.87167318899998
            ],
            [
              3.052651731000026,
              42.87198855899999
            ],
            [
              3.053380776999973,
              42.87240904599997
            ],
            [
              3.053454198999987,
              42.872481848
            ],
            [
              3.053533754999989,
              42.872576229
            ],
            [
              3.053881723000018,
              42.87338537599999
            ],
            [
              3.053978853,
              42.873634074
            ],
            [
              3.054006727,
              42.873705444
            ],
            [
              3.054011738999975,
              42.87383673199997
            ],
            [
              3.053973862000021,
              42.87386282900002
            ],
            [
              3.053926176,
              42.87385835600003
            ],
            [
              3.053833183999984,
              42.873780168999986
            ],
            [
              3.053791553,
              42.873713645
            ],
            [
              3.052793892000011,
              42.87370874499999
            ],
            [
              3.052786592000018,
              42.873748316
            ],
            [
              3.052737724,
              42.873788806
            ],
            [
              3.052454099999977,
              42.87381502300002
            ],
            [
              3.051699805,
              42.87388553
            ],
            [
              3.050998075,
              42.873947913
            ],
            [
              3.050869713999987,
              42.873964161
            ],
            [
              3.050687596999978,
              42.87402629500002
            ],
            [
              3.050470041999972,
              42.87411002699997
            ],
            [
              3.050295289000019,
              42.87420542900003
            ],
            [
              3.050193954,
              42.87437093800003
            ],
            [
              3.050075694999975,
              42.87476036700002
            ],
            [
              3.050029748999975,
              42.875358387
            ],
            [
              3.049998539,
              42.87603014000001
            ],
            [
              3.05003947199998,
              42.87670905300001
            ],
            [
              3.050075489999983,
              42.87735919199997
            ],
            [
              3.050141923000012,
              42.877831266999976
            ],
            [
              3.050242627999978,
              42.87834379200001
            ],
            [
              3.050418069999978,
              42.879027139000016
            ],
            [
              3.050520870000014,
              42.87913140400002
            ],
            [
              3.050575969000022,
              42.879218605
            ],
            [
              3.050720685999977,
              42.879715823000026
            ],
            [
              3.050815215,
              42.88014741799998
            ],
            [
              3.050975802999972,
              42.880611355999974
            ],
            [
              3.05118659599998,
              42.88115260500001
            ],
            [
              3.051209959,
              42.881300969999984
            ],
            [
              3.051207669,
              42.881477225000026
            ],
            [
              3.051206767999986,
              42.88184232100002
            ],
            [
              3.051297697,
              42.882343161999984
            ],
            [
              3.051482691999979,
              42.882739644000026
            ],
            [
              3.051727632,
              42.883164873
            ],
            [
              3.051944352000021,
              42.88347860699997
            ],
            [
              3.052159900999982,
              42.883848096
            ],
            [
              3.052333729999987,
              42.88405573900002
            ],
            [
              3.052401009,
              42.884080885
            ],
            [
              3.052437707000024,
              42.88409525600002
            ],
            [
              3.052607691999981,
              42.884107761999985
            ],
            [
              3.052961157000027,
              42.88417862900002
            ],
            [
              3.053095707000011,
              42.88421992899998
            ],
            [
              3.053134859000011,
              42.88424239099999
            ],
            [
              3.053182708,
              42.88441502400002
            ],
            [
              3.053179195999974,
              42.884586782999975
            ],
            [
              3.053165773999979,
              42.88461826399998
            ],
            [
              3.053113215,
              42.88464436800001
            ],
            [
              3.052978700999972,
              42.884643535
            ],
            [
              3.052953007999974,
              42.884629159999974
            ],
            [
              3.052764713999977,
              42.88465623000002
            ],
            [
              3.052697482999974,
              42.88468414
            ],
            [
              3.052565430000016,
              42.884701291
            ],
            [
              3.052423606,
              42.88473013599997
            ],
            [
              3.052371048,
              42.88475713899999
            ],
            [
              3.052345396000021,
              42.88478862599999
            ],
            [
              3.052331971,
              42.884817408
            ],
            [
              3.052313922,
              42.885143847
            ],
            [
              3.052311603000021,
              42.88528503100002
            ],
            [
              3.052298215,
              42.88535517899999
            ],
            [
              3.052262800999983,
              42.88540915200002
            ],
            [
              3.052199254000016,
              42.885455944
            ],
            [
              3.051821567,
              42.885656660999985
            ],
            [
              3.051481785000021,
              42.88585466
            ],
            [
              3.051368114000013,
              42.88591856199997
            ],
            [
              3.051111428000013,
              42.886052673999984
            ],
            [
              3.051166648,
              42.886268469000015
            ],
            [
              3.051240291,
              42.88657508
            ],
            [
              3.051409326,
              42.88688704100002
            ],
            [
              3.051686228,
              42.88747951800002
            ],
            [
              3.051873662999981,
              42.887848123000026
            ],
            [
              3.052078181000013,
              42.888172656
            ],
            [
              3.052159185999983,
              42.888498148
            ],
            [
              3.052198681999982,
              42.88890099600002
            ],
            [
              3.052221079,
              42.889328133
            ],
            [
              3.052327005999985,
              42.890164391999974
            ],
            [
              3.052498682000021,
              42.890674188
            ],
            [
              3.052660573000026,
              42.891178593
            ],
            [
              3.052870341000016,
              42.89187901399998
            ],
            [
              3.053121668000017,
              42.892547939
            ],
            [
              3.053215150000028,
              42.893128816
            ],
            [
              3.05333166600002,
              42.89348576499998
            ],
            [
              3.053493458999981,
              42.89386876999998
            ],
            [
              3.053541499,
              42.894238342999984
            ],
            [
              3.053581141999985,
              42.89478687299999
            ],
            [
              3.053640345000019,
              42.895323702999974
            ],
            [
              3.053836467999986,
              42.89578852400001
            ],
            [
              3.054123275999984,
              42.896438548
            ],
            [
              3.054312104000019,
              42.89694204
            ],
            [
              3.054438442,
              42.897324164
            ],
            [
              3.054556347000016,
              42.897840282
            ],
            [
              3.05467803099998,
              42.89847240400002
            ],
            [
              3.054849849999982,
              42.899084716
            ],
            [
              3.055092619999982,
              42.89970238799998
            ],
            [
              3.055177553000021,
              42.900264386
            ],
            [
              3.055342016999987,
              42.900850623999986
            ],
            [
              3.055522447999977,
              42.901500700999975
            ],
            [
              3.055731165,
              42.902304539
            ],
            [
              3.056012181000028,
              42.90323603600001
            ],
            [
              3.056236564000017,
              42.90378267400001
            ],
            [
              3.056327345,
              42.904051508
            ],
            [
              3.056408315,
              42.90429337
            ],
            [
              3.056446559,
              42.90462517999998
            ],
            [
              3.056513006999978,
              42.90502711900001
            ],
            [
              3.05671637,
              42.90533276399998
            ],
            [
              3.056851355999981,
              42.905766142
            ],
            [
              3.056950766999989,
              42.906097021
            ],
            [
              3.057025802999988,
              42.906518740000024
            ],
            [
              3.057179156000018,
              42.90696469699998
            ],
            [
              3.057305573,
              42.90738548899998
            ],
            [
              3.05734371,
              42.907602194
            ],
            [
              3.057443095999986,
              42.90790159900001
            ],
            [
              3.057557144999976,
              42.908182110999974
            ],
            [
              3.057720401999973,
              42.90873687499999
            ],
            [
              3.057866477,
              42.90923409499999
            ],
            [
              3.057975764,
              42.90964230700001
            ],
            [
              3.058033695,
              42.90982757299997
            ],
            [
              3.058039584000028,
              42.909846406999975
            ],
            [
              3.058094910000023,
              42.910120656
            ],
            [
              3.058114694999972,
              42.91033107599998
            ],
            [
              3.058238424000024,
              42.910496476
            ],
            [
              3.058348663,
              42.91062950899999
            ],
            [
              3.058457713,
              42.91079581499997
            ],
            [
              3.058579037000015,
              42.911001683
            ],
            [
              3.058661398000027,
              42.911390125000025
            ],
            [
              3.058698242999981,
              42.911471173999985
            ],
            [
              3.05872725,
              42.91153498199998
            ],
            [
              3.058755811000026,
              42.91159780700002
            ],
            [
              3.058833289,
              42.911995244000025
            ],
            [
              3.058843874,
              42.91211652800001
            ],
            [
              3.058860520999986,
              42.912307278000014
            ],
            [
              3.058879531,
              42.91248581100001
            ],
            [
              3.059170487000017,
              42.91324781999998
            ],
            [
              3.059206843000027,
              42.913343035000025
            ],
            [
              3.059391066999979,
              42.91347652500002
            ],
            [
              3.059324818999983,
              42.91367684099998
            ],
            [
              3.059586417,
              42.91396802899999
            ],
            [
              3.059587724999972,
              42.913972339
            ],
            [
              3.05962359199998,
              42.914019554
            ],
            [
              3.059618761000024,
              42.91406257900002
            ],
            [
              3.059451361000015,
              42.91462079399997
            ],
            [
              3.059415232999982,
              42.915183763000016
            ],
            [
              3.059419183999978,
              42.91545804100002
            ],
            [
              3.059402471999988,
              42.915865424
            ],
            [
              3.059445611,
              42.916173852999975
            ],
            [
              3.05959508799998,
              42.916377007
            ],
            [
              3.059824042,
              42.916528858
            ],
            [
              3.060038957000017,
              42.91660171400002
            ],
            [
              3.060131254,
              42.916633003000015
            ],
            [
              3.060223082,
              42.916694103
            ],
            [
              3.060272085,
              42.91675432699998
            ],
            [
              3.060300547999987,
              42.916836993
            ],
            [
              3.060399964999988,
              42.917003099
            ],
            [
              3.060500644,
              42.917171312
            ],
            [
              3.060490744999981,
              42.917591433999974
            ],
            [
              3.060426286999984,
              42.917811246999975
            ],
            [
              3.060426127000028,
              42.91781179499998
            ],
            [
              3.060313811000015,
              42.918052865
            ],
            [
              3.060206769999979,
              42.918237089
            ],
            [
              3.06019411699998,
              42.918258868
            ],
            [
              3.060165951999977,
              42.918312732
            ],
            [
              3.060057023000013,
              42.91847659899997
            ],
            [
              3.060007227000028,
              42.91871050100002
            ],
            [
              3.059989719999976,
              42.91895987999999
            ],
            [
              3.059957433000022,
              42.919126296
            ],
            [
              3.059874230999981,
              42.919376118
            ],
            [
              3.059857100999977,
              42.91959407000002
            ],
            [
              3.059789808,
              42.919711313
            ],
            [
              3.05955785499998,
              42.91997674800001
            ],
            [
              3.059356677999972,
              42.920261068
            ],
            [
              3.059224104,
              42.920411307
            ],
            [
              3.058839933,
              42.920660914999985
            ],
            [
              3.058556866,
              42.920811056
            ],
            [
              3.058340922000014,
              42.920893342
            ],
            [
              3.057890686,
              42.921175978
            ],
            [
              3.057773468999983,
              42.92121046400001
            ],
            [
              3.057623945999978,
              42.921226064
            ],
            [
              3.057490546,
              42.921310045999974
            ],
            [
              3.057407485,
              42.92132633
            ],
            [
              3.057223652,
              42.921410666999975
            ],
            [
              3.057039947000021,
              42.92144332700002
            ],
            [
              3.05674065,
              42.921576716
            ],
            [
              3.056480571,
              42.921791188999975
            ],
            [
              3.056445492000023,
              42.921809904999975
            ],
            [
              3.056301884,
              42.921886524
            ],
            [
              3.056290260000026,
              42.921909874
            ],
            [
              3.056241003000025,
              42.921923527
            ],
            [
              3.056166099,
              42.92198228199999
            ],
            [
              3.056105,
              42.922068645000024
            ],
            [
              3.055950941,
              42.92219192699997
            ],
            [
              3.055940023,
              42.92229085399998
            ],
            [
              3.055869121,
              42.92236193399998
            ],
            [
              3.055778609000015,
              42.92240155000002
            ],
            [
              3.055685602999972,
              42.922391705999985
            ],
            [
              3.055595069999981,
              42.92240973899999
            ],
            [
              3.055530272999988,
              42.92246822599998
            ],
            [
              3.055388515,
              42.922661645
            ],
            [
              3.055238081000027,
              42.922740859999976
            ],
            [
              3.055159850999985,
              42.92282903
            ],
            [
              3.054916514000013,
              42.92300901099998
            ],
            [
              3.054859041999975,
              42.923050408
            ],
            [
              3.054782042,
              42.923146670999984
            ],
            [
              3.054585272,
              42.92338155599998
            ],
            [
              3.054546140000014,
              42.92342826700002
            ],
            [
              3.054551684999979,
              42.923499076999974
            ],
            [
              3.054564753000022,
              42.923665954
            ],
            [
              3.054689665000012,
              42.923743030000026
            ],
            [
              3.054907598999989,
              42.923943678
            ],
            [
              3.05500715300002,
              42.924026114000014
            ],
            [
              3.055075073000012,
              42.924143561
            ],
            [
              3.055174244999989,
              42.92419341300001
            ],
            [
              3.055152556,
              42.924246407
            ],
            [
              3.055159984,
              42.92425619599999
            ],
            [
              3.05516015500001,
              42.92443605300002
            ],
            [
              3.055116172,
              42.924509817
            ],
            [
              3.055032988,
              42.924537738000026
            ],
            [
              3.05497184,
              42.924576437999974
            ],
            [
              3.054949889,
              42.92465558700002
            ],
            [
              3.054937898,
              42.92491548700002
            ],
            [
              3.054907437999987,
              42.92505579099998
            ],
            [
              3.054824445,
              42.925286949999986
            ],
            [
              3.054713244000027,
              42.925452475999975
            ],
            [
              3.054661994000014,
              42.925607179
            ],
            [
              3.054487099000028,
              42.92570978700002
            ],
            [
              3.054440737999983,
              42.925859092
            ],
            [
              3.054420004,
              42.92593284399999
            ],
            [
              3.054366193000021,
              42.925967044
            ],
            [
              3.054355235,
              42.92602730200002
            ],
            [
              3.054313655999977,
              42.92605609999998
            ],
            [
              3.054286731,
              42.92605251700002
            ],
            [
              3.054246318000025,
              42.92602106200002
            ],
            [
              3.054213231,
              42.92597071900002
            ],
            [
              3.054037041000015,
              42.925998685000025
            ],
            [
              3.053606367999976,
              42.926081635
            ],
            [
              3.053277276000017,
              42.92617802299998
            ],
            [
              3.053197737,
              42.926181659
            ],
            [
              3.052791542000023,
              42.926271789
            ],
            [
              3.052621435,
              42.92626198
            ],
            [
              3.052459962,
              42.926326807
            ],
            [
              3.05237063300001,
              42.92633044799999
            ],
            [
              3.052236059,
              42.926370082
            ],
            [
              3.051905687999977,
              42.926409810999985
            ],
            [
              3.051801695999984,
              42.926437739
            ],
            [
              3.051714834999984,
              42.92646475999999
            ],
            [
              3.051624329999981,
              42.926522358
            ],
            [
              3.051561998000011,
              42.92661051800002
            ],
            [
              3.051513179999972,
              42.92675802399998
            ],
            [
              3.051448352000023,
              42.926791329000025
            ],
            [
              3.051135118,
              42.92684004
            ],
            [
              3.05098338099998,
              42.92684820599999
            ],
            [
              3.050753349,
              42.926882488
            ],
            [
              3.050626118000025,
              42.92692661299998
            ],
            [
              3.050516029,
              42.926981521000016
            ],
            [
              3.050403468000013,
              42.92700765400002
            ],
            [
              3.050088981999977,
              42.927025786
            ],
            [
              3.049710994,
              42.92719862500002
            ],
            [
              3.049125007999976,
              42.927421019
            ],
            [
              3.049021036999989,
              42.927477722
            ],
            [
              3.048931826,
              42.927623446999974
            ],
            [
              3.048854758,
              42.92765765500002
            ],
            [
              3.048644331999981,
              42.927728795
            ],
            [
              3.048090038,
              42.927810879
            ],
            [
              3.047976695999978,
              42.92784629800002
            ],
            [
              3.047927683000012,
              42.927873971
            ],
            [
              3.047660701999973,
              42.92805837499998
            ],
            [
              3.047533473999977,
              42.92811149
            ],
            [
              3.047234915999979,
              42.928161081999974
            ],
            [
              3.047099084000024,
              42.928169234999984
            ],
            [
              3.047019560000024,
              42.92819444999998
            ],
            [
              3.046785909,
              42.928304266
            ],
            [
              3.046499583000013,
              42.928348455
            ],
            [
              3.04617042000001,
              42.928388166
            ],
            [
              3.045955041000013,
              42.928393654
            ],
            [
              3.045884077999972,
              42.928413467999974
            ],
            [
              3.045676403000016,
              42.92842489700001
            ],
            [
              3.045349018000024,
              42.928482315999986
            ],
            [
              3.045194921000018,
              42.928509341999984
            ],
            [
              3.045191034000027,
              42.928510024
            ],
            [
              3.044624156,
              42.928575512
            ],
            [
              3.044173519000026,
              42.928709862
            ],
            [
              3.043823632,
              42.92877617800002
            ],
            [
              3.043589915999974,
              42.928842847
            ],
            [
              3.043274051000026,
              42.928943743
            ],
            [
              3.042590252000025,
              42.92919304999998
            ],
            [
              3.042255620999981,
              42.92923834700002
            ],
            [
              3.042224130000022,
              42.92924261000002
            ],
            [
              3.04195496,
              42.929333139
            ],
            [
              3.04173592,
              42.92937861500002
            ],
            [
              3.041641969000011,
              42.92939811999997
            ],
            [
              3.041178194999986,
              42.929459450000024
            ],
            [
              3.040940832999979,
              42.92953508099998
            ],
            [
              3.040708371999983,
              42.929620602
            ],
            [
              3.040673594999987,
              42.92963897200002
            ],
            [
              3.040430672000014,
              42.92976729100002
            ],
            [
              3.040067341999986,
              42.92996796900002
            ],
            [
              3.039983041000028,
              42.93017303900001
            ],
            [
              3.03980586199998,
              42.930570591
            ],
            [
              3.039688663999982,
              42.930992402000015
            ],
            [
              3.039416142,
              42.931568949
            ],
            [
              3.039263332000019,
              42.931819906999976
            ],
            [
              3.039056598,
              42.93196117100001
            ],
            [
              3.039244377999978,
              42.93274708400003
            ],
            [
              3.039255431000015,
              42.93280373599998
            ],
            [
              3.039265225,
              42.93280822899999
            ],
            [
              3.03905977300002,
              42.93304122
            ],
            [
              3.039007272,
              42.933228292000024
            ],
            [
              3.039000110000018,
              42.933497183999975
            ],
            [
              3.039035776,
              42.93375616700001
            ],
            [
              3.039127731,
              42.933998943
            ],
            [
              3.03919510999998,
              42.934094244
            ],
            [
              3.039251497,
              42.934225519999984
            ],
            [
              3.039247843,
              42.93425160100003
            ],
            [
              3.03913286300002,
              42.93434876700002
            ],
            [
              3.039077852999981,
              42.93444591000002
            ],
            [
              3.039025362000018,
              42.93464917
            ],
            [
              3.038938590999976,
              42.93483715399998
            ],
            [
              3.03892428,
              42.935397420000015
            ],
            [
              3.038917138999977,
              42.93569868600002
            ],
            [
              3.038995654000018,
              42.935972943000024
            ],
            [
              3.039047144,
              42.93609882499999
            ],
            [
              3.03910595100001,
              42.93618603599998
            ],
            [
              3.039174530000025,
              42.936242666
            ],
            [
              3.039203953000026,
              42.93631370000003
            ],
            [
              3.039162407999981,
              42.93641713400001
            ],
            [
              3.039106162,
              42.936498991
            ],
            [
              3.038959384,
              42.936639334
            ],
            [
              3.038908162999974,
              42.936915436
            ],
            [
              3.038899732,
              42.93711958
            ],
            [
              3.039005181,
              42.937400121999985
            ],
            [
              3.039006439,
              42.937450481999974
            ],
            [
              3.038917227000013,
              42.93765465500002
            ],
            [
              3.038867332999985,
              42.938085436
            ],
            [
              3.03894832200001,
              42.93839386600001
            ],
            [
              3.038964512,
              42.93880843599999
            ],
            [
              3.039089621000016,
              42.93919688699998
            ],
            [
              3.039247637000017,
              42.93937489000001
            ],
            [
              3.039226928,
              42.93952148400001
            ],
            [
              3.039185422,
              42.93968427200002
            ],
            [
              3.039076627999975,
              42.939895646000025
            ],
            [
              3.039047492,
              42.940252679000025
            ],
            [
              3.039150517999985,
              42.940561101000014
            ],
            [
              3.039363,
              42.94163118900002
            ],
            [
              3.039527559000021,
              42.94241801700002
            ],
            [
              3.039626062000025,
              42.943263323
            ],
            [
              3.039876142000026,
              42.94379651600002
            ],
            [
              3.039835965,
              42.944113985
            ],
            [
              3.039794557,
              42.94442335999997
            ],
            [
              3.039959157999988,
              42.945250656999974
            ],
            [
              3.040140619999988,
              42.945671463
            ],
            [
              3.040255834,
              42.94588185700002
            ],
            [
              3.040249802,
              42.946008661
            ],
            [
              3.040181370000028,
              42.94618225200003
            ],
            [
              3.040162031000023,
              42.94654018199998
            ],
            [
              3.040245533000018,
              42.946913361999975
            ],
            [
              3.040359667000018,
              42.9473261
            ],
            [
              3.040463941999974,
              42.947642616
            ],
            [
              3.040652619000014,
              42.94786197500002
            ],
            [
              3.040727409,
              42.948024721000024
            ],
            [
              3.040758176999987,
              42.94825762900001
            ],
            [
              3.040842977000011,
              42.94872793299999
            ],
            [
              3.040970936,
              42.94963708300003
            ],
            [
              3.041189296000027,
              42.95026921200002
            ],
            [
              3.041604973,
              42.95119263999999
            ],
            [
              3.041687207999985,
              42.95148488299998
            ],
            [
              3.041606727999977,
              42.95193187000001
            ],
            [
              3.041644919000021,
              42.95226549900002
            ],
            [
              3.041750609000019,
              42.95282392799999
            ],
            [
              3.041924774999984,
              42.95326272300002
            ],
            [
              3.04214448,
              42.954028849
            ],
            [
              3.042353403,
              42.955109737999976
            ],
            [
              3.042639275,
              42.95592889699998
            ],
            [
              3.042779328999984,
              42.956577245
            ],
            [
              3.042996589999973,
              42.957316392
            ],
            [
              3.043135366,
              42.957882902999984
            ],
            [
              3.043221448,
              42.958385584999974
            ],
            [
              3.043442232000018,
              42.958907097
            ],
            [
              3.043492642,
              42.959185864
            ],
            [
              3.043561572999977,
              42.959669667000014
            ],
            [
              3.043674419000013,
              42.96016278000002
            ]
          ]
        ]
      }
    }
  ]
}