{
  "type": "FeatureCollection",
  "name": "phy_med_pnmgl_senvisat_inventaire-ouvrages-2018_aamp_upvd_pol_2154",
  "crs": {
    "type": "name",
    "properties": {
      "name": "urn:ogc:def:crs:EPSG::2154"
    }
  },
  "features": [
    {
      "type": "Feature",
      "properties": {
        "info": false,
        "cara": false,
        "regl": false,
        "id": 0,
        "tech": true,
        "projet": "La biodiversité du Parc",
        "Id": 0,
        "Type": "Batiment"
      },
      "geometry": {
        "type": "MultiPolygon",
        "coordinates": [
          [
            [
              [
                702949.7994059548,
                6169921.021433208
              ],
              [
                702936.3257373199,
                6169919.95251441
              ],
              [
                702935.8389030248,
                6169923.910688985
              ],
              [
                702937.3629060611,
                6169924.312856462
              ],
              [
                702936.1352369413,
                6169933.54154158
              ],
              [
                702947.6247911677,
                6169935.032471649
              ],
              [
                702948.5839076787,
                6169927.194174722
              ],
              [
                702949.4768782109,
                6169927.3264666535
              ],
              [
                702949.7994059548,
                6169921.021433208
              ]
            ]
          ]
        ]
      }
    },
    {
      "type": "Feature",
      "properties": {
        "info": false,
        "cara": false,
        "regl": false,
        "id": 0,
        "tech": true,
        "projet": "La biodiversité du Parc",
        "Id": 0,
        "Type": "Batiment"
      },
      "geometry": {
        "type": "MultiPolygon",
        "coordinates": [
          [
            [
              [
                703021.0049205795,
                6169329.91242113
              ],
              [
                703025.6351381689,
                6169317.609271526
              ],
              [
                703017.3668924645,
                6169314.566557106
              ],
              [
                703011.4799015298,
                6169330.441588853
              ],
              [
                703014.2580320835,
                6169331.433778338
              ],
              [
                703015.4486594722,
                6169327.994188122
              ],
              [
                703021.0049205795,
                6169329.91242113
              ]
            ]
          ]
        ]
      }
    },
    {
      "type": "Feature",
      "properties": {
        "info": false,
        "cara": false,
        "regl": false,
        "id": 0,
        "tech": true,
        "projet": "La biodiversité du Parc",
        "Id": 0,
        "Type": "Batiment"
      },
      "geometry": {
        "type": "MultiPolygon",
        "coordinates": [
          [
            [
              [
                703033.7049459666,
                6169306.761333156
              ],
              [
                703033.7710919455,
                6169301.337363981
              ],
              [
                703021.2695044354,
                6169301.469655912
              ],
              [
                703021.1372125074,
                6169306.761333156
              ],
              [
                703033.7049459666,
                6169306.761333156
              ]
            ]
          ]
        ]
      }
    },
    {
      "type": "Feature",
      "properties": {
        "info": false,
        "cara": false,
        "regl": false,
        "id": 0,
        "tech": true,
        "projet": "La biodiversité du Parc",
        "Id": 0,
        "Type": "Batiment"
      },
      "geometry": {
        "type": "MultiPolygon",
        "coordinates": [
          [
            [
              [
                706282.9133992195,
                6159279.233366691
              ],
              [
                706283.3367334083,
                6159271.401684366
              ],
              [
                706268.2025364637,
                6159270.237515371
              ],
              [
                706266.1916991174,
                6159275.000024896
              ],
              [
                706282.9133992195,
                6159279.233366691
              ]
            ]
          ]
        ]
      }
    },
    {
      "type": "Feature",
      "properties": {
        "info": false,
        "cara": false,
        "regl": false,
        "id": 0,
        "tech": true,
        "projet": "La biodiversité du Parc",
        "Id": 0,
        "Type": "Batiment"
      },
      "geometry": {
        "type": "MultiPolygon",
        "coordinates": [
          [
            [
              [
                703781.2145503387,
                6163133.085002188
              ],
              [
                703781.5320509672,
                6163126.576239169
              ],
              [
                703773.5945350975,
                6163126.417488854
              ],
              [
                703773.435784772,
                6163132.926251873
              ],
              [
                703781.2145503387,
                6163133.085002188
              ]
            ]
          ]
        ]
      }
    },
    {
      "type": "Feature",
      "properties": {
        "info": false,
        "cara": false,
        "regl": false,
        "id": 0,
        "tech": true,
        "projet": "La biodiversité du Parc",
        "Id": 0,
        "Type": "Batiment"
      },
      "geometry": {
        "type": "MultiPolygon",
        "coordinates": [
          [
            [
              [
                702825.0266613886,
                6170919.534185365
              ],
              [
                702837.0652271286,
                6170920.327936947
              ],
              [
                702837.991270639,
                6170908.157079276
              ],
              [
                702825.8204129711,
                6170907.363327682
              ],
              [
                702825.0266613886,
                6170919.534185365
              ]
            ]
          ]
        ]
      }
    },
    {
      "type": "Feature",
      "properties": {
        "info": false,
        "cara": false,
        "regl": false,
        "id": 0,
        "tech": true,
        "projet": "La biodiversité du Parc",
        "Id": 0,
        "Type": "Batiment"
      },
      "geometry": {
        "type": "MultiPolygon",
        "coordinates": [
          [
            [
              [
                703177.8792282194,
                6180957.553563517
              ],
              [
                703184.0969489738,
                6180958.215023179
              ],
              [
                703184.3615328372,
                6180951.600426611
              ],
              [
                703178.1438120753,
                6180951.335842751
              ],
              [
                703177.8792282194,
                6180957.553563517
              ]
            ]
          ]
        ]
      }
    },
    {
      "type": "Feature",
      "properties": {
        "info": false,
        "cara": false,
        "regl": false,
        "id": 0,
        "tech": true,
        "projet": "La biodiversité du Parc",
        "Id": 0,
        "Type": "Batiment"
      },
      "geometry": {
        "type": "MultiPolygon",
        "coordinates": [
          [
            [
              [
                703147.3012712151,
                6186025.720949881
              ],
              [
                703146.9837705866,
                6186014.2909270115
              ],
              [
                703138.4112534374,
                6186014.2909270115
              ],
              [
                703138.5700037628,
                6186025.244698919
              ],
              [
                703147.3012712151,
                6186025.720949881
              ]
            ]
          ]
        ]
      }
    },
    {
      "type": "Feature",
      "properties": {
        "info": false,
        "cara": false,
        "regl": false,
        "id": 0,
        "tech": true,
        "projet": "La biodiversité du Parc",
        "Id": 0,
        "Type": "Batiment"
      },
      "geometry": {
        "type": "MultiPolygon",
        "coordinates": [
          [
            [
              [
                703158.7312940732,
                6186137.798674032
              ],
              [
                703164.2875551954,
                6186137.798674032
              ],
              [
                703164.4463055208,
                6186132.083662603
              ],
              [
                703158.8900443912,
                6186132.242412917
              ],
              [
                703158.7312940732,
                6186137.798674032
              ]
            ]
          ]
        ]
      }
    },
    {
      "type": "Feature",
      "properties": {
        "info": false,
        "cara": false,
        "regl": false,
        "id": 0,
        "tech": true,
        "projet": "La biodiversité du Parc",
        "Id": 0,
        "Type": "Batiment"
      },
      "geometry": {
        "type": "MultiPolygon",
        "coordinates": [
          [
            [
              [
                703168.4150634408,
                6186104.143606722
              ],
              [
                703172.7013220191,
                6186103.984856401
              ],
              [
                703173.0188226476,
                6186096.682341799
              ],
              [
                703168.5738137662,
                6186096.682341799
              ],
              [
                703168.4150634408,
                6186104.143606722
              ]
            ]
          ]
        ]
      }
    },
    {
      "type": "Feature",
      "properties": {
        "info": false,
        "cara": false,
        "regl": false,
        "id": 0,
        "tech": true,
        "projet": "La biodiversité du Parc",
        "Id": 0,
        "Type": "Batiment"
      },
      "geometry": {
        "type": "MultiPolygon",
        "coordinates": [
          [
            [
              [
                703168.2563131228,
                6186190.821280073
              ],
              [
                703172.8600723371,
                6186190.821280073
              ],
              [
                703173.0188226476,
                6186184.471267376
              ],
              [
                703168.2563131228,
                6186184.471267376
              ],
              [
                703168.2563131228,
                6186190.821280073
              ]
            ]
          ]
        ]
      }
    },
    {
      "type": "Feature",
      "properties": {
        "info": false,
        "cara": false,
        "regl": false,
        "id": 0,
        "tech": true,
        "projet": "La biodiversité du Parc",
        "Id": 0,
        "Type": "Batiment"
      },
      "geometry": {
        "type": "MultiPolygon",
        "coordinates": [
          [
            [
              [
                703142.6975120082,
                6186955.680309802
              ],
              [
                703142.2212610617,
                6186961.236570906
              ],
              [
                703150.3175272495,
                6186962.347823136
              ],
              [
                703150.3175272495,
                6186964.252826944
              ],
              [
                703156.5087896287,
                6186964.411577258
              ],
              [
                703157.1437909082,
                6186957.267812975
              ],
              [
                703155.8737883717,
                6186957.109062657
              ],
              [
                703156.1912890002,
                6186953.140304714
              ],
              [
                703150.0000266209,
                6186953.457805354
              ],
              [
                703149.8412762955,
                6186956.632811695
              ],
              [
                703142.6975120082,
                6186955.680309802
              ]
            ]
          ]
        ]
      }
    },
    {
      "type": "Feature",
      "properties": {
        "info": false,
        "cara": false,
        "regl": false,
        "id": 0,
        "tech": true,
        "projet": "La biodiversité du Parc",
        "Id": 0,
        "Type": "Batiment"
      },
      "geometry": {
        "type": "MultiPolygon",
        "coordinates": [
          [
            [
              [
                703170.4126716033,
                6187495.960557029
              ],
              [
                703175.3339314535,
                6187489.769294649
              ],
              [
                703176.286433354,
                6187490.563046228
              ],
              [
                703181.2076932043,
                6187485.324285753
              ],
              [
                703175.651432082,
                6187480.7205265425
              ],
              [
                703173.7464282736,
                6187483.260531627
              ],
              [
                703171.3651735112,
                6187481.673028454
              ],
              [
                703168.1901671663,
                6187485.165535439
              ],
              [
                703170.7301722467,
                6187487.546790201
              ],
              [
                703166.4439136758,
                6187492.785550676
              ],
              [
                703170.4126716033,
                6187495.960557029
              ]
            ]
          ]
        ]
      }
    },
    {
      "type": "Feature",
      "properties": {
        "info": false,
        "cara": false,
        "regl": false,
        "id": 0,
        "tech": true,
        "projet": "La biodiversité du Parc",
        "Id": 0,
        "Type": "Batiment"
      },
      "geometry": {
        "type": "MultiPolygon",
        "coordinates": [
          [
            [
              [
                703213.2752573416,
                6188234.519950818
              ],
              [
                703221.2127732113,
                6188235.313702401
              ],
              [
                703220.8952725679,
                6188238.012457799
              ],
              [
                703225.9752827361,
                6188238.329958439
              ],
              [
                703226.1340330392,
                6188235.631203037
              ],
              [
                703229.4677897245,
                6188235.4724527225
              ],
              [
                703229.785290353,
                6188229.598690972
              ],
              [
                703225.8165324107,
                6188229.439940654
              ],
              [
                703225.8165324107,
                6188227.217436209
              ],
              [
                703222.1652751192,
                6188227.217436209
              ],
              [
                703221.6890241653,
                6188228.804939378
              ],
              [
                703213.2752573416,
                6188228.328688435
              ],
              [
                703213.2752573416,
                6188234.519950818
              ]
            ]
          ]
        ]
      }
    },
    {
      "type": "Feature",
      "properties": {
        "info": false,
        "cara": false,
        "regl": false,
        "id": 0,
        "tech": true,
        "projet": "La biodiversité du Parc",
        "Id": 0,
        "Type": "Batiment"
      },
      "geometry": {
        "type": "MultiPolygon",
        "coordinates": [
          [
            [
              [
                703204.0778813064,
                6189633.950301755
              ],
              [
                703209.6870592013,
                6189627.494455513
              ],
              [
                703211.0628952682,
                6189628.552790962
              ],
              [
                703215.5079041645,
                6189624.3194491565
              ],
              [
                703209.7928927317,
                6189618.710271273
              ],
              [
                703208.2053895518,
                6189620.50944154
              ],
              [
                703206.8295534849,
                6189619.3452725485
              ],
              [
                703203.3370464891,
                6189623.472780798
              ],
              [
                703204.9245496765,
                6189625.483618155
              ],
              [
                703200.6912078485,
                6189630.881128948
              ],
              [
                703204.0778813064,
                6189633.950301755
              ]
            ]
          ]
        ]
      }
    },
    {
      "type": "Feature",
      "properties": {
        "info": false,
        "cara": false,
        "regl": false,
        "id": 0,
        "tech": true,
        "projet": "La biodiversité du Parc",
        "Id": 0,
        "Type": "Batiment"
      },
      "geometry": {
        "type": "MultiPolygon",
        "coordinates": [
          [
            [
              [
                703390.5191048756,
                6192044.057934478
              ],
              [
                703393.8264031634,
                6192044.057934478
              ],
              [
                703394.8185926527,
                6192041.7428256795
              ],
              [
                703394.8185926527,
                6192037.112608086
              ],
              [
                703388.2039960846,
                6192022.891225476
              ],
              [
                703367.3680169061,
                6191994.448460259
              ],
              [
                703353.8080939502,
                6191974.604670569
              ],
              [
                703343.555469282,
                6191968.32080384
              ],
              [
                703342.2325499728,
                6191969.643723149
              ],
              [
                703342.2325499728,
                6191977.250509191
              ],
              [
                703346.8627675697,
                6191985.8494847305
              ],
              [
                703355.461743094,
                6192001.724516477
              ],
              [
                703370.0138555393,
                6192023.221955303
              ],
              [
                703384.8966977969,
                6192041.081366021
              ],
              [
                703390.5191048756,
                6192044.057934478
              ]
            ]
          ]
        ]
      }
    },
    {
      "type": "Feature",
      "properties": {
        "info": false,
        "cara": false,
        "regl": false,
        "id": 0,
        "tech": true,
        "projet": "La biodiversité du Parc",
        "Id": 0,
        "Type": "Batiment"
      },
      "geometry": {
        "type": "MultiPolygon",
        "coordinates": [
          [
            [
              [
                703175.6498445868,
                6204730.150965717
              ],
              [
                703178.4015167654,
                6204728.034294821
              ],
              [
                703178.5073503032,
                6204723.377618846
              ],
              [
                703175.861511685,
                6204720.837613758
              ],
              [
                703171.5223363191,
                6204720.731780212
              ],
              [
                703168.7706641629,
                6204723.165951751
              ],
              [
                703168.7706641629,
                6204727.081792917
              ],
              [
                703171.6281698793,
                6204730.256799262
              ],
              [
                703175.6498445868,
                6204730.150965717
              ]
            ]
          ]
        ]
      }
    },
    {
      "type": "Feature",
      "properties": {
        "info": false,
        "cara": false,
        "regl": false,
        "id": 0,
        "tech": true,
        "projet": "La biodiversité du Parc",
        "Id": 0,
        "Type": "Batiment"
      },
      "geometry": {
        "type": "MultiPolygon",
        "coordinates": [
          [
            [
              [
                703871.7442339957,
                6196276.297301747
              ],
              [
                703872.008817859,
                6196274.445214715
              ],
              [
                703874.257780686,
                6196274.312922787
              ],
              [
                703874.3900726214,
                6196268.359785881
              ],
              [
                703871.6119420677,
                6196268.09520201
              ],
              [
                703871.3473582044,
                6196266.507698838
              ],
              [
                703865.9233890325,
                6196266.37540691
              ],
              [
                703865.7910970971,
                6196268.6243697405
              ],
              [
                703863.9390100613,
                6196268.756661672
              ],
              [
                703863.9390100613,
                6196274.445214715
              ],
              [
                703866.1879728884,
                6196274.5775066465
              ],
              [
                703866.1879728884,
                6196276.297301747
              ],
              [
                703871.7442339957,
                6196276.297301747
              ]
            ]
          ]
        ]
      }
    },
    {
      "type": "Feature",
      "properties": {
        "info": false,
        "cara": false,
        "regl": false,
        "id": 0,
        "tech": true,
        "projet": "La biodiversité du Parc",
        "Id": 0,
        "Type": "Batiment"
      },
      "geometry": {
        "type": "MultiPolygon",
        "coordinates": [
          [
            [
              [
                703900.5838750079,
                6195996.65861747
              ],
              [
                703901.2188762799,
                6196000.045290913
              ],
              [
                704023.9857884794,
                6195999.833623823
              ],
              [
                704024.6207897589,
                6196003.220297266
              ],
              [
                704033.2991404384,
                6196002.7969630845
              ],
              [
                704033.2991404384,
                6195999.198622555
              ],
              [
                704036.6858138964,
                6195999.198622555
              ],
              [
                704036.897480987,
                6195993.695278209
              ],
              [
                704033.5108075291,
                6195993.695278209
              ],
              [
                704033.5108075291,
                6195990.731938958
              ],
              [
                704023.3507872075,
                6195991.7902744
              ],
              [
                704023.1391201168,
                6195995.600282028
              ],
              [
                703900.5838750079,
                6195996.65861747
              ]
            ]
          ]
        ]
      }
    },
    {
      "type": "Feature",
      "properties": {
        "info": false,
        "cara": false,
        "regl": false,
        "id": 0,
        "tech": true,
        "projet": "La biodiversité du Parc",
        "Id": 0,
        "Type": "Batiment"
      },
      "geometry": {
        "type": "MultiPolygon",
        "coordinates": [
          [
            [
              [
                703783.9129750058,
                6195529.029571105
              ],
              [
                703783.9129750058,
                6195525.960398298
              ],
              [
                703786.3471465409,
                6195525.854564752
              ],
              [
                703786.4529800788,
                6195520.562887508
              ],
              [
                703783.7013079152,
                6195520.351220414
              ],
              [
                703783.7013079152,
                6195518.552050151
              ],
              [
                703778.515464209,
                6195518.657883696
              ],
              [
                703778.6212977469,
                6195520.880388137
              ],
              [
                703776.1871262118,
                6195520.774554592
              ],
              [
                703775.8696255833,
                6195526.807066657
              ],
              [
                703778.515464209,
                6195527.018733751
              ],
              [
                703778.3037971184,
                6195528.9237375595
              ],
              [
                703783.9129750058,
                6195529.029571105
              ]
            ]
          ]
        ]
      }
    },
    {
      "type": "Feature",
      "properties": {
        "info": false,
        "cara": false,
        "regl": false,
        "id": 0,
        "tech": true,
        "projet": "La biodiversité du Parc",
        "Id": 0,
        "Type": "Batiment"
      },
      "geometry": {
        "type": "MultiPolygon",
        "coordinates": [
          [
            [
              [
                703692.8326261714,
                6194922.30702433
              ],
              [
                703692.9384597316,
                6194919.661185697
              ],
              [
                703694.7376299873,
                6194919.555352151
              ],
              [
                703694.7376299873,
                6194914.263674904
              ],
              [
                703692.6209590808,
                6194914.369508453
              ],
              [
                703692.5151255429,
                6194911.723669827
              ],
              [
                703687.5409489274,
                6194911.829503365
              ],
              [
                703687.4351153746,
                6194914.475341998
              ],
              [
                703685.3184444681,
                6194914.687009081
              ],
              [
                703685.3184444681,
                6194920.084519882
              ],
              [
                703687.223448284,
                6194920.084519882
              ],
              [
                703687.1176147461,
                6194922.30702433
              ],
              [
                703692.8326261714,
                6194922.30702433
              ]
            ]
          ]
        ]
      }
    },
    {
      "type": "Feature",
      "properties": {
        "info": false,
        "cara": false,
        "regl": false,
        "id": 0,
        "tech": true,
        "projet": "La biodiversité du Parc",
        "Id": 0,
        "Type": "Batiment"
      },
      "geometry": {
        "type": "MultiPolygon",
        "coordinates": [
          [
            [
              [
                703623.4675568938,
                6194221.680136956
              ],
              [
                703623.5733904317,
                6194218.610964149
              ],
              [
                703625.2667271495,
                6194218.505130604
              ],
              [
                703625.2667271495,
                6194213.530953985
              ],
              [
                703622.726722084,
                6194213.530953985
              ],
              [
                703622.726722084,
                6194211.30844954
              ],
              [
                703617.223377727,
                6194211.202615991
              ],
              [
                703617.1175441891,
                6194213.95428817
              ],
              [
                703615.2125403807,
                6194213.848454624
              ],
              [
                703615.635874562,
                6194219.563466053
              ],
              [
                703617.9642125592,
                6194219.880966693
              ],
              [
                703618.1758796349,
                6194221.468469866
              ],
              [
                703623.4675568938,
                6194221.680136956
              ]
            ]
          ]
        ]
      }
    },
    {
      "type": "Feature",
      "properties": {
        "info": false,
        "cara": false,
        "regl": false,
        "id": 0,
        "tech": true,
        "projet": "La biodiversité du Parc",
        "Id": 0,
        "Type": "Batiment"
      },
      "geometry": {
        "type": "MultiPolygon",
        "coordinates": [
          [
            [
              [
                703446.7299464718,
                6192803.195338175
              ],
              [
                703452.3391243666,
                6192796.633658387
              ],
              [
                703453.9266275242,
                6192797.797827374
              ],
              [
                703458.5833035111,
                6192792.823650766
              ],
              [
                703452.8682920858,
                6192788.061141234
              ],
              [
                703451.1749553457,
                6192789.860311504
              ],
              [
                703450.1166199073,
                6192788.9078096
              ],
              [
                703446.7299464718,
                6192792.929484304
              ],
              [
                703447.8941154703,
                6192794.305320393
              ],
              [
                703443.3432730213,
                6192799.914498277
              ],
              [
                703446.7299464718,
                6192803.195338175
              ]
            ]
          ]
        ]
      }
    },
    {
      "type": "Feature",
      "properties": {
        "info": false,
        "cara": false,
        "regl": false,
        "id": 0,
        "tech": true,
        "projet": "La biodiversité du Parc",
        "Id": 0,
        "Type": "Parking - Terre plein"
      },
      "geometry": {
        "type": "MultiPolygon",
        "coordinates": [
          [
            [
              [
                704534.127618663,
                6159733.076535493
              ],
              [
                704531.6934471205,
                6159730.7481975
              ],
              [
                704465.7591486052,
                6159795.835827675
              ],
              [
                704410.7257051915,
                6159848.858433723
              ],
              [
                704416.2290495262,
                6159855.420113511
              ],
              [
                704460.8908055201,
                6159854.467611607
              ],
              [
                704462.0549745187,
                6159865.050966106
              ],
              [
                704457.0807979032,
                6159868.437639549
              ],
              [
                704458.0332998112,
                6159871.824312989
              ],
              [
                704492.7467025667,
                6159847.905931819
              ],
              [
                704512.5375754833,
                6159822.082546838
              ],
              [
                704546.2984763384,
                6159781.654132646
              ],
              [
                704554.9768270403,
                6159770.118276242
              ],
              [
                704545.663475059,
                6159762.28659391
              ],
              [
                704553.4951573908,
                6159751.174071688
              ],
              [
                704534.127618663,
                6159733.076535493
              ]
            ]
          ]
        ]
      }
    },
    {
      "type": "Feature",
      "properties": {
        "info": false,
        "cara": false,
        "regl": false,
        "id": 0,
        "tech": true,
        "projet": "La biodiversité du Parc",
        "Id": 0,
        "Type": "Parking - Terre plein"
      },
      "geometry": {
        "type": "MultiPolygon",
        "coordinates": [
          [
            [
              [
                704430.6224116534,
                6160172.497414336
              ],
              [
                704428.5057407543,
                6160121.485645644
              ],
              [
                704425.5424014851,
                6160106.245615166
              ],
              [
                704414.1123786271,
                6160089.312247962
              ],
              [
                704414.747379899,
                6160081.692232728
              ],
              [
                704421.0973926038,
                6160061.372192077
              ],
              [
                704374.3189657107,
                6160031.950466573
              ],
              [
                704367.1222846583,
                6160040.628817264
              ],
              [
                704373.6839644313,
                6160050.365503404
              ],
              [
                704369.2389555573,
                6160077.882225111
              ],
              [
                704351.2472528964,
                6160125.930654533
              ],
              [
                704430.6224116534,
                6160172.497414336
              ]
            ]
          ]
        ]
      }
    },
    {
      "type": "Feature",
      "properties": {
        "info": false,
        "cara": false,
        "regl": false,
        "id": 0,
        "tech": true,
        "projet": "La biodiversité du Parc",
        "Id": 0,
        "Type": "Parking - Terre plein"
      },
      "geometry": {
        "type": "MultiPolygon",
        "coordinates": [
          [
            [
              [
                702902.1528573111,
                6170398.833143957
              ],
              [
                702912.4716279432,
                6170296.306897234
              ],
              [
                702886.1455336288,
                6170294.983977925
              ],
              [
                702874.3715517446,
                6170395.261261813
              ],
              [
                702902.1528573111,
                6170398.833143957
              ]
            ]
          ]
        ]
      }
    },
    {
      "type": "Feature",
      "properties": {
        "info": false,
        "cara": false,
        "regl": false,
        "id": 0,
        "tech": true,
        "projet": "La biodiversité du Parc",
        "Id": 0,
        "Type": "Parking - Terre plein"
      },
      "geometry": {
        "type": "MultiPolygon",
        "coordinates": [
          [
            [
              [
                702873.1809243709,
                6170400.156063277
              ],
              [
                702860.7454828247,
                6170509.693782344
              ],
              [
                702853.0725508183,
                6170546.735523101
              ],
              [
                702867.889247112,
                6170553.217827726
              ],
              [
                702901.3591057286,
                6170454.5280470215
              ],
              [
                702897.6549316496,
                6170441.960313547
              ],
              [
                702902.5497331023,
                6170402.669609968
              ],
              [
                702873.1809243709,
                6170400.156063277
              ]
            ]
          ]
        ]
      }
    },
    {
      "type": "Feature",
      "properties": {
        "info": false,
        "cara": false,
        "regl": false,
        "id": 0,
        "tech": true,
        "projet": "La biodiversité du Parc",
        "Id": 0,
        "Type": "Parking - Terre plein"
      },
      "geometry": {
        "type": "MultiPolygon",
        "coordinates": [
          [
            [
              [
                702865.3898115754,
                6176397.056022361
              ],
              [
                702892.2715320066,
                6176395.786019828
              ],
              [
                702885.0748509318,
                6176300.112495139
              ],
              [
                702856.7379192635,
                6176303.208126333
              ],
              [
                702860.574385263,
                6176358.638445526
              ],
              [
                702863.6170996726,
                6176397.003105592
              ],
              [
                702865.3898115754,
                6176397.056022361
              ]
            ]
          ]
        ]
      }
    },
    {
      "type": "Feature",
      "properties": {
        "info": false,
        "cara": false,
        "regl": false,
        "id": 0,
        "tech": true,
        "projet": "La biodiversité du Parc",
        "Id": 0,
        "Type": "Parking - Terre plein"
      },
      "geometry": {
        "type": "MultiPolygon",
        "coordinates": [
          [
            [
              [
                702899.3491503149,
                6176433.478195902
              ],
              [
                702897.4573756978,
                6176395.88082904
              ],
              [
                702865.5882494599,
                6176397.508019794
              ],
              [
                702868.339921616,
                6176435.17153262
              ],
              [
                702899.3491503149,
                6176433.478195902
              ]
            ]
          ]
        ]
      }
    },
    {
      "type": "Feature",
      "properties": {
        "info": false,
        "cara": false,
        "regl": false,
        "id": 0,
        "tech": true,
        "projet": "La biodiversité du Parc",
        "Id": 0,
        "Type": "Parking - Terre plein"
      },
      "geometry": {
        "type": "MultiPolygon",
        "coordinates": [
          [
            [
              [
                703048.3998234197,
                6186518.3231850825
              ],
              [
                703174.288825199,
                6186543.246984936
              ],
              [
                703179.6863359958,
                6186511.179420795
              ],
              [
                703090.9449084997,
                6186482.28686301
              ],
              [
                703050.9398284927,
                6186488.319375079
              ],
              [
                703048.3998234197,
                6186518.3231850825
              ]
            ]
          ]
        ]
      }
    },
    {
      "type": "Feature",
      "properties": {
        "info": false,
        "cara": false,
        "regl": false,
        "id": 0,
        "tech": true,
        "projet": "La biodiversité du Parc",
        "Id": 0,
        "Type": "Parking - Terre plein"
      },
      "geometry": {
        "type": "MultiPolygon",
        "coordinates": [
          [
            [
              [
                704599.4402553663,
                6200662.389980204
              ],
              [
                704612.537156567,
                6200656.992469404
              ],
              [
                704604.9171413258,
                6200635.958052341
              ],
              [
                704590.2327369452,
                6200642.704940829
              ],
              [
                704596.0271235332,
                6200657.071844567
              ],
              [
                704597.2971260846,
                6200656.83371909
              ],
              [
                704599.4402553663,
                6200662.389980204
              ]
            ]
          ]
        ]
      }
    },
    {
      "type": "Feature",
      "properties": {
        "info": false,
        "cara": false,
        "regl": false,
        "id": 0,
        "tech": true,
        "projet": "La biodiversité du Parc",
        "Id": 0,
        "Type": "Parking - Terre plein"
      },
      "geometry": {
        "type": "MultiPolygon",
        "coordinates": [
          [
            [
              [
                703122.3653005138,
                6203590.3161895275
              ],
              [
                703136.9703297317,
                6203575.181992594
              ],
              [
                703128.2919790298,
                6203566.926976077
              ],
              [
                703114.1102840155,
                6203582.484507196
              ],
              [
                703122.3653005138,
                6203590.3161895275
              ]
            ]
          ]
        ]
      }
    },
    {
      "type": "Feature",
      "properties": {
        "info": false,
        "cara": false,
        "regl": false,
        "id": 0,
        "tech": true,
        "projet": "La biodiversité du Parc",
        "Id": 0,
        "Type": "Zone Ganivelles"
      },
      "geometry": {
        "type": "MultiPolygon",
        "coordinates": [
          [
            [
              [
                703345.6703762785,
                6167519.914656945
              ],
              [
                703342.495369941,
                6167529.704259854
              ],
              [
                703330.5890961289,
                6167555.633478381
              ],
              [
                703318.4182384536,
                6167582.885616217
              ],
              [
                703303.0723744407,
                6167615.694015168
              ],
              [
                703317.3599030152,
                6167621.250276282
              ],
              [
                703328.4724252224,
                6167597.437728662
              ],
              [
                703341.4370344952,
                6167571.773093995
              ],
              [
                703353.6078921705,
                6167544.256372288
              ],
              [
                703361.280824177,
                6167523.3542471565
              ],
              [
                703345.6703762785,
                6167519.914656945
              ]
            ]
          ]
        ]
      }
    },
    {
      "type": "Feature",
      "properties": {
        "info": false,
        "cara": false,
        "regl": false,
        "id": 0,
        "tech": true,
        "projet": "La biodiversité du Parc",
        "Id": 0,
        "Type": "Zone Ganivelles"
      },
      "geometry": {
        "type": "MultiPolygon",
        "coordinates": [
          [
            [
              [
                703302.895985201,
                6167617.845963921
              ],
              [
                703299.826812394,
                6167625.889313336
              ],
              [
                703296.5459724888,
                6167636.261000752
              ],
              [
                703293.370966129,
                6167649.596027423
              ],
              [
                703291.0426281393,
                6167667.270229433
              ],
              [
                703290.3017933443,
                6167683.3569282815
              ],
              [
                703290.0901262462,
                6167692.881947331
              ],
              [
                703304.6951554492,
                6167704.206136644
              ],
              [
                703305.4359902665,
                6167684.626930814
              ],
              [
                703306.4943257272,
                6167669.810234521
              ],
              [
                703308.6109966114,
                6167651.2893641405
              ],
              [
                703311.0451681614,
                6167637.848503925
              ],
              [
                703317.0776802152,
                6167623.34930826
              ],
              [
                703302.895985201,
                6167617.845963921
              ]
            ]
          ]
        ]
      }
    },
    {
      "type": "Feature",
      "properties": {
        "info": false,
        "cara": false,
        "regl": false,
        "id": 0,
        "tech": true,
        "projet": "La biodiversité du Parc",
        "Id": 0,
        "Type": "Zone Ganivelles"
      },
      "geometry": {
        "type": "MultiPolygon",
        "coordinates": [
          [
            [
              [
                703292.2067971304,
                6167705.370305639
              ],
              [
                703300.9909813702,
                6167711.296984151
              ],
              [
                703311.9976700619,
                6167720.081168391
              ],
              [
                703317.7126814947,
                6167726.854515269
              ],
              [
                703318.4535163045,
                6167745.375385646
              ],
              [
                703320.3585201129,
                6167771.092937082
              ],
              [
                703320.8876878396,
                6167783.263794754
              ],
              [
                703321.2051884681,
                6167789.296306822
              ],
              [
                703321.0993549302,
                6167799.138826508
              ],
              [
                703317.6068479344,
                6167829.83055456
              ],
              [
                703314.9610093161,
                6167853.748935729
              ],
              [
                703312.2093371525,
                6167878.196484625
              ],
              [
                703309.457664974,
                6167906.136540499
              ],
              [
                703314.8551757783,
                6167906.454041138
              ],
              [
                703316.7601795867,
                6167887.509836584
              ],
              [
                703319.3001846522,
                6167865.284792133
              ],
              [
                703323.42769292,
                6167826.655548204
              ],
              [
                703326.6026992649,
                6167797.339656245
              ],
              [
                703323.5335264578,
                6167737.967037499
              ],
              [
                703322.5810245574,
                6167725.372845642
              ],
              [
                703313.9026738703,
                6167714.789491143
              ],
              [
                703292.2067971304,
                6167699.231960025
              ],
              [
                703292.2067971304,
                6167705.370305639
              ]
            ]
          ]
        ]
      }
    },
    {
      "type": "Feature",
      "properties": {
        "info": false,
        "cara": false,
        "regl": false,
        "id": 0,
        "tech": true,
        "projet": "La biodiversité du Parc",
        "Id": 0,
        "Type": "Zone Ganivelles"
      },
      "geometry": {
        "type": "MultiPolygon",
        "coordinates": [
          [
            [
              [
                703309.0343307927,
                6167907.829877228
              ],
              [
                703308.187662445,
                6167918.730732355
              ],
              [
                703305.0126560852,
                6167937.569103371
              ],
              [
                703298.1334756762,
                6167952.491633214
              ],
              [
                703283.9517806321,
                6167982.654193543
              ],
              [
                703288.3967895284,
                6167984.770864442
              ],
              [
                703292.5242977813,
                6167976.515847929
              ],
              [
                703304.9068225473,
                6167950.269128766
              ],
              [
                703310.7276675105,
                6167938.521605276
              ],
              [
                703314.5376751274,
                6167908.782379132
              ],
              [
                703309.0343307927,
                6167907.829877228
              ]
            ]
          ]
        ]
      }
    },
    {
      "type": "Feature",
      "properties": {
        "info": false,
        "cara": false,
        "regl": false,
        "id": 0,
        "tech": true,
        "projet": "La biodiversité du Parc",
        "Id": 0,
        "Type": "Zone Ganivelles"
      },
      "geometry": {
        "type": "MultiPolygon",
        "coordinates": [
          [
            [
              [
                703294.1118009463,
                6167997.858505193
              ],
              [
                703299.4034782052,
                6168003.811642099
              ],
              [
                703302.8430684134,
                6168011.881449908
              ],
              [
                703300.461813651,
                6168029.740860626
              ],
              [
                703296.4930557087,
                6168061.887799919
              ],
              [
                703293.4503412917,
                6168091.256608654
              ],
              [
                703298.0805588886,
                6168091.653484456
              ],
              [
                703301.1232733205,
                6168069.5607319325
              ],
              [
                703307.7378698662,
                6168010.426238667
              ],
              [
                703304.2982796654,
                6168001.165803477
              ],
              [
                703297.8159750253,
                6167994.683498852
              ],
              [
                703294.1118009463,
                6167997.858505193
              ]
            ]
          ]
        ]
      }
    },
    {
      "type": "Feature",
      "properties": {
        "info": false,
        "cara": false,
        "regl": false,
        "id": 0,
        "tech": true,
        "projet": "La biodiversité du Parc",
        "Id": 0,
        "Type": "Zone Ganivelles"
      },
      "geometry": {
        "type": "MultiPolygon",
        "coordinates": [
          [
            [
              [
                703292.3920058534,
                6168093.108695697
              ],
              [
                703291.3336703926,
                6168106.20559689
              ],
              [
                703288.0263721198,
                6168132.928567007
              ],
              [
                703284.5867818967,
                6168163.223419264
              ],
              [
                703279.1628127173,
                6168192.989103794
              ],
              [
                703273.0773838758,
                6168220.50582549
              ],
              [
                703253.7627619132,
                6168245.9058762975
              ],
              [
                703259.4513149709,
                6168246.435044017
              ],
              [
                703277.8398934007,
                6168222.357912533
              ],
              [
                703285.1159496307,
                6168190.607849032
              ],
              [
                703288.555539839,
                6168174.071357615
              ],
              [
                703289.4815833643,
                6168164.017170846
              ],
              [
                703292.9211735725,
                6168138.352536183
              ],
              [
                703297.9482669532,
                6168093.770155355
              ],
              [
                703292.3920058534,
                6168093.108695697
              ]
            ]
          ]
        ]
      }
    },
    {
      "type": "Feature",
      "properties": {
        "info": false,
        "cara": false,
        "regl": false,
        "id": 0,
        "tech": true,
        "projet": "La biodiversité du Parc",
        "Id": 0,
        "Type": "Zone Ganivelles"
      },
      "geometry": {
        "type": "MultiPolygon",
        "coordinates": [
          [
            [
              [
                703251.2492152229,
                6168248.419422988
              ],
              [
                703249.9262959212,
                6168251.462137412
              ],
              [
                703247.6773330867,
                6168281.756989662
              ],
              [
                703237.2262705043,
                6168280.698654212
              ],
              [
                703236.9616866484,
                6168305.966413077
              ],
              [
                703242.1210719645,
                6168306.098705016
              ],
              [
                703242.782531634,
                6168286.916374978
              ],
              [
                703252.7044264749,
                6168287.974710438
              ],
              [
                703254.688805446,
                6168253.049640585
              ],
              [
                703257.7315198556,
                6168249.08088265
              ],
              [
                703251.2492152229,
                6168248.419422988
              ]
            ]
          ]
        ]
      }
    },
    {
      "type": "Feature",
      "properties": {
        "info": false,
        "cara": false,
        "regl": false,
        "id": 0,
        "tech": true,
        "projet": "La biodiversité du Parc",
        "Id": 0,
        "Type": "Zone Ganivelles"
      },
      "geometry": {
        "type": "MultiPolygon",
        "coordinates": [
          [
            [
              [
                703249.3971281946,
                6168317.740394965
              ],
              [
                703261.0388181508,
                6168325.413326975
              ],
              [
                703271.4898807108,
                6168342.21440224
              ],
              [
                703275.1940547749,
                6168378.859267198
              ],
              [
                703273.6065516099,
                6168391.823876459
              ],
              [
                703271.3575887829,
                6168425.16144314
              ],
              [
                703268.4471662939,
                6168461.674016159
              ],
              [
                703266.0659115314,
                6168491.175116837
              ],
              [
                703263.2877809629,
                6168527.423105992
              ],
              [
                703268.182582438,
                6168529.672068823
              ],
              [
                703272.01904843,
                6168485.354271859
              ],
              [
                703275.9878063723,
                6168434.818754122
              ],
              [
                703280.2211481631,
                6168379.785310719
              ],
              [
                703275.8555144444,
                6168339.833147477
              ],
              [
                703265.5367437974,
                6168323.296656072
              ],
              [
                703256.6731844172,
                6168316.814351447
              ],
              [
                703249.3971281946,
                6168317.740394965
              ]
            ]
          ]
        ]
      }
    },
    {
      "type": "Feature",
      "properties": {
        "info": false,
        "cara": false,
        "regl": false,
        "id": 0,
        "tech": true,
        "projet": "La biodiversité du Parc",
        "Id": 0,
        "Type": "Zone Ganivelles"
      },
      "geometry": {
        "type": "MultiPolygon",
        "coordinates": [
          [
            [
              [
                703263.0761138871,
                6168529.566235285
              ],
              [
                703262.2294455245,
                6168539.408754967
              ],
              [
                703259.477773346,
                6168561.422132324
              ],
              [
                703255.4560986459,
                6168591.478859108
              ],
              [
                703249.2119194791,
                6168598.463873081
              ],
              [
                703260.5361088067,
                6168591.690526199
              ],
              [
                703261.5944442451,
                6168584.070510961
              ],
              [
                703264.134449333,
                6168567.772145029
              ],
              [
                703267.838623412,
                6168531.259572007
              ],
              [
                703263.0761138871,
                6168529.566235285
              ]
            ]
          ]
        ]
      }
    },
    {
      "type": "Feature",
      "properties": {
        "info": false,
        "cara": false,
        "regl": false,
        "id": 0,
        "tech": true,
        "projet": "La biodiversité du Parc",
        "Id": 0,
        "Type": "Zone Ganivelles"
      },
      "geometry": {
        "type": "MultiPolygon",
        "coordinates": [
          [
            [
              [
                702858.2187069431,
                6171262.375339799
              ],
              [
                702863.7220512778,
                6171304.920424882
              ],
              [
                702868.5903943628,
                6171381.755578555
              ],
              [
                702866.897057645,
                6171449.277380269
              ],
              [
                702866.6853905544,
                6171506.850828748
              ],
              [
                702879.8087501302,
                6171504.734157845
              ],
              [
                702881.502086848,
                6171496.902475525
              ],
              [
                702886.793764092,
                6171432.344013073
              ],
              [
                702886.3704299107,
                6171416.468981314
              ],
              [
                702884.0420919284,
                6171364.187210083
              ],
              [
                702880.020417206,
                6171264.492010701
              ],
              [
                702858.2187069431,
                6171262.375339799
              ]
            ]
          ]
        ]
      }
    },
    {
      "type": "Feature",
      "properties": {
        "info": false,
        "cara": false,
        "regl": false,
        "id": 0,
        "tech": true,
        "projet": "La biodiversité du Parc",
        "Id": 0,
        "Type": "Zone Ganivelles"
      },
      "geometry": {
        "type": "MultiPolygon",
        "coordinates": [
          [
            [
              [
                702863.1664251685,
                6171509.302639205
              ],
              [
                702861.8435058668,
                6171540.391243055
              ],
              [
                702857.7424559891,
                6171561.557952054
              ],
              [
                702858.1393317804,
                6171579.285070844
              ],
              [
                702861.7112139314,
                6171639.213315692
              ],
              [
                702878.2477053404,
                6171628.365377333
              ],
              [
                702879.1737488508,
                6171576.7715241425
              ],
              [
                702880.6289601028,
                6171507.318260234
              ],
              [
                702863.1664251685,
                6171509.302639205
              ]
            ]
          ]
        ]
      }
    },
    {
      "type": "Feature",
      "properties": {
        "info": false,
        "cara": false,
        "regl": false,
        "id": 0,
        "tech": true,
        "projet": "La biodiversité du Parc",
        "Id": 0,
        "Type": "Zone Ganivelles"
      },
      "geometry": {
        "type": "MultiPolygon",
        "coordinates": [
          [
            [
              [
                702876.7131189257,
                6171762.509395622
              ],
              [
                702878.4064556435,
                6171631.487466916
              ],
              [
                702863.5897593498,
                6171641.647487231
              ],
              [
                702858.9330833778,
                6171642.070821408
              ],
              [
                702850.8897339553,
                6171759.122722179
              ],
              [
                702876.7131189257,
                6171762.509395622
              ]
            ]
          ]
        ]
      }
    },
    {
      "type": "Feature",
      "properties": {
        "info": false,
        "cara": false,
        "regl": false,
        "id": 0,
        "tech": true,
        "projet": "La biodiversité du Parc",
        "Id": 0,
        "Type": "Zone Ganivelles"
      },
      "geometry": {
        "type": "MultiPolygon",
        "coordinates": [
          [
            [
              [
                702854.6997415796,
                6171761.8743943535
              ],
              [
                702851.1278594285,
                6171933.635623287
              ],
              [
                702861.4466300756,
                6171935.381876785
              ],
              [
                702876.6866605505,
                6171932.683121383
              ],
              [
                702876.3956182972,
                6171836.61933551
              ],
              [
                702876.6602021605,
                6171764.255649116
              ],
              [
                702854.6997415796,
                6171761.8743943535
              ]
            ]
          ]
        ]
      }
    },
    {
      "type": "Feature",
      "properties": {
        "info": false,
        "cara": false,
        "regl": false,
        "id": 0,
        "tech": true,
        "projet": "La biodiversité du Parc",
        "Id": 0,
        "Type": "Zone Ganivelles"
      },
      "geometry": {
        "type": "MultiPolygon",
        "coordinates": [
          [
            [
              [
                702851.2866097465,
                6171936.493129004
              ],
              [
                702850.5325457305,
                6172129.652577821
              ],
              [
                702854.8188043237,
                6172131.081330676
              ],
              [
                702873.5513417721,
                6172134.097586714
              ],
              [
                702877.9963506684,
                6172012.653593827
              ],
              [
                702877.1629115045,
                6171934.508750033
              ],
              [
                702861.9228810295,
                6171937.445630908
              ],
              [
                702851.2866097465,
                6171936.493129004
              ]
            ]
          ]
        ]
      }
    },
    {
      "type": "Feature",
      "properties": {
        "info": false,
        "cara": false,
        "regl": false,
        "id": 0,
        "tech": true,
        "projet": "La biodiversité du Parc",
        "Id": 0,
        "Type": "Zone Ganivelles"
      },
      "geometry": {
        "type": "MultiPolygon",
        "coordinates": [
          [
            [
              [
                702873.4719666094,
                6172136.637591794
              ],
              [
                702852.8344253451,
                6172133.0657096505
              ],
              [
                702844.1031578779,
                6172127.906324334
              ],
              [
                702837.5388322547,
                6172175.515544552
              ],
              [
                702836.4275800213,
                6172244.254432034
              ],
              [
                702836.7450806499,
                6172346.807137135
              ],
              [
                702851.8263608292,
                6172345.378384281
              ],
              [
                702867.2251416147,
                6172344.267132051
              ],
              [
                702873.4719666094,
                6172136.637591794
              ]
            ]
          ]
        ]
      }
    },
    {
      "type": "Feature",
      "properties": {
        "info": false,
        "cara": false,
        "regl": false,
        "id": 0,
        "tech": true,
        "projet": "La biodiversité du Parc",
        "Id": 0,
        "Type": "Zone Ganivelles"
      },
      "geometry": {
        "type": "MultiPolygon",
        "coordinates": [
          [
            [
              [
                702867.2251416147,
                6172346.330886174
              ],
              [
                702836.9038309753,
                6172349.347142212
              ],
              [
                702834.8400768638,
                6172462.059867643
              ],
              [
                702833.7288246304,
                6172559.373812269
              ],
              [
                702861.0338792503,
                6172559.532562584
              ],
              [
                702861.9863811508,
                6172459.67861288
              ],
              [
                702865.0026371703,
                6172385.224713974
              ],
              [
                702867.2251416147,
                6172346.330886174
              ]
            ]
          ]
        ]
      }
    },
    {
      "type": "Feature",
      "properties": {
        "info": false,
        "cara": false,
        "regl": false,
        "id": 0,
        "tech": true,
        "projet": "La biodiversité du Parc",
        "Id": 0,
        "Type": "Zone Ganivelles"
      },
      "geometry": {
        "type": "MultiPolygon",
        "coordinates": [
          [
            [
              [
                702861.1926295534,
                6172561.913817346
              ],
              [
                702833.8875749409,
                6172561.755067032
              ],
              [
                702831.982571125,
                6172646.36898626
              ],
              [
                702831.347569868,
                6172711.4566164315
              ],
              [
                702861.5101301968,
                6172705.900355324
              ],
              [
                702861.1926295534,
                6172561.913817346
              ]
            ]
          ]
        ]
      }
    },
    {
      "type": "Feature",
      "properties": {
        "info": false,
        "cara": false,
        "regl": false,
        "id": 0,
        "tech": true,
        "projet": "La biodiversité du Parc",
        "Id": 0,
        "Type": "Zone Ganivelles"
      },
      "geometry": {
        "type": "MultiPolygon",
        "coordinates": [
          [
            [
              [
                702898.3798914254,
                6172701.151074991
              ],
              [
                702861.5498177782,
                6172708.559423137
              ],
              [
                702860.7031494156,
                6172861.171395026
              ],
              [
                702844.6164505854,
                6172924.036520764
              ],
              [
                702833.186427705,
                6172945.203229763
              ],
              [
                702827.2597491816,
                6172950.706574101
              ],
              [
                702884.1981964037,
                6172964.464934953
              ],
              [
                702898.3798914254,
                6172701.151074991
              ]
            ]
          ]
        ]
      }
    },
    {
      "type": "Feature",
      "properties": {
        "info": false,
        "cara": false,
        "regl": false,
        "id": 0,
        "tech": true,
        "projet": "La biodiversité du Parc",
        "Id": 0,
        "Type": "Zone Ganivelles"
      },
      "geometry": {
        "type": "MultiPolygon",
        "coordinates": [
          [
            [
              [
                702818.1580643207,
                6173107.551887788
              ],
              [
                702823.6614086553,
                6173145.440296903
              ],
              [
                702811.808051616,
                6173221.428782206
              ],
              [
                702804.1880363747,
                6173281.753902853
              ],
              [
                702813.7130554244,
                6173279.42556487
              ],
              [
                702824.7197441161,
                6173222.487117656
              ],
              [
                702837.6314366013,
                6173153.271979231
              ],
              [
                702844.8281176612,
                6173127.871928427
              ],
              [
                702838.478104949,
                6173126.390258804
              ],
              [
                702839.5364404097,
                6173123.215252452
              ],
              [
                702824.5080770254,
                6173124.0619208105
              ],
              [
                702818.1580643207,
                6173107.551887788
              ]
            ]
          ]
        ]
      }
    },
    {
      "type": "Feature",
      "properties": {
        "info": false,
        "cara": false,
        "regl": false,
        "id": 0,
        "tech": true,
        "projet": "La biodiversité du Parc",
        "Id": 0,
        "Type": "Zone Ganivelles"
      },
      "geometry": {
        "type": "MultiPolygon",
        "coordinates": [
          [
            [
              [
                702812.0197187066,
                6173283.870573755
              ],
              [
                702802.2830325663,
                6173285.7755775675
              ],
              [
                702786.4080008268,
                6173406.637485966
              ],
              [
                702776.4596475959,
                6173472.04261677
              ],
              [
                702760.7962829322,
                6173474.159287669
              ],
              [
                702773.919642508,
                6173487.917648524
              ],
              [
                702777.941317223,
                6173491.092654865
              ],
              [
                702782.3863261119,
                6173491.51598905
              ],
              [
                702812.0197187066,
                6173283.870573755
              ]
            ]
          ]
        ]
      }
    },
    {
      "type": "Feature",
      "properties": {
        "info": false,
        "cara": false,
        "regl": false,
        "id": 0,
        "tech": true,
        "projet": "La biodiversité du Parc",
        "Id": 0,
        "Type": "Zone Ganivelles"
      },
      "geometry": {
        "type": "MultiPolygon",
        "coordinates": [
          [
            [
              [
                702765.0296247378,
                6173482.8376383595
              ],
              [
                702762.7012867406,
                6173511.201028418
              ],
              [
                702766.0879601762,
                6173522.207717102
              ],
              [
                702769.4746336266,
                6173563.906133834
              ],
              [
                702778.9996526763,
                6173571.10281489
              ],
              [
                702779.6346539408,
                6173603.699546751
              ],
              [
                702784.2913299277,
                6173600.101206224
              ],
              [
                702791.4880109802,
                6173599.2545378655
              ],
              [
                702782.3863261119,
                6173494.267661221
              ],
              [
                702777.5179830343,
                6173494.479328312
              ],
              [
                702765.0296247378,
                6173482.8376383595
              ]
            ]
          ]
        ]
      }
    },
    {
      "type": "Feature",
      "properties": {
        "info": false,
        "cara": false,
        "regl": false,
        "id": 0,
        "tech": true,
        "projet": "La biodiversité du Parc",
        "Id": 0,
        "Type": "Zone Ganivelles"
      },
      "geometry": {
        "type": "MultiPolygon",
        "coordinates": [
          [
            [
              [
                702791.4880109802,
                6173603.276212577
              ],
              [
                702784.9263311848,
                6173603.48787966
              ],
              [
                702759.5262803957,
                6173621.691249397
              ],
              [
                702758.2562778443,
                6173708.474756304
              ],
              [
                702756.813916266,
                6173751.333500423
              ],
              [
                702787.6780033633,
                6173732.604804564
              ],
              [
                702791.4880109802,
                6173603.276212577
              ]
            ]
          ]
        ]
      }
    },
    {
      "type": "Feature",
      "properties": {
        "info": false,
        "cara": false,
        "regl": false,
        "id": 0,
        "tech": true,
        "projet": "La biodiversité du Parc",
        "Id": 0,
        "Type": "Zone Ganivelles"
      },
      "geometry": {
        "type": "MultiPolygon",
        "coordinates": [
          [
            [
              [
                702757.007442005,
                6173753.401096158
              ],
              [
                702758.3568197191,
                6173787.056163471
              ],
              [
                702767.4849629775,
                6173800.311814975
              ],
              [
                702765.9768349603,
                6173819.917479191
              ],
              [
                702771.691846393,
                6173888.656366669
              ],
              [
                702791.1387602836,
                6173887.148238651
              ],
              [
                702789.7893825844,
                6173852.223168798
              ],
              [
                702788.7575055212,
                6173819.520603389
              ],
              [
                702787.3287526593,
                6173734.827309005
              ],
              [
                702757.007442005,
                6173753.401096158
              ]
            ]
          ]
        ]
      }
    },
    {
      "type": "Feature",
      "properties": {
        "info": false,
        "cara": false,
        "regl": false,
        "id": 0,
        "tech": true,
        "projet": "La biodiversité du Parc",
        "Id": 0,
        "Type": "Zone Ganivelles"
      },
      "geometry": {
        "type": "MultiPolygon",
        "coordinates": [
          [
            [
              [
                702791.2181354389,
                6173888.815116983
              ],
              [
                702772.6443482935,
                6173890.720120795
              ],
              [
                702751.3718057424,
                6173892.466374278
              ],
              [
                702755.0230630562,
                6173943.583976518
              ],
              [
                702755.4199388474,
                6173986.208436772
              ],
              [
                702758.5684868097,
                6174097.831076678
              ],
              [
                702796.6685630083,
                6174088.094390538
              ],
              [
                702794.5518921092,
                6174002.157552
              ],
              [
                702792.4352212101,
                6173941.620764259
              ],
              [
                702791.2181354389,
                6173888.815116983
              ]
            ]
          ]
        ]
      }
    },
    {
      "type": "Feature",
      "properties": {
        "info": false,
        "cara": false,
        "regl": false,
        "id": 0,
        "tech": true,
        "projet": "La biodiversité du Parc",
        "Id": 0,
        "Type": "Zone Ganivelles"
      },
      "geometry": {
        "type": "MultiPolygon",
        "coordinates": [
          [
            [
              [
                702796.4127986059,
                6174090.069950052
              ],
              [
                702767.0439898819,
                6174097.61059013
              ],
              [
                702758.3127224147,
                6174100.653304551
              ],
              [
                702759.6356417164,
                6174185.584724408
              ],
              [
                702760.5616852418,
                6174218.260831427
              ],
              [
                702769.1606607661,
                6174240.88275167
              ],
              [
                702794.2961277068,
                6174232.548360001
              ],
              [
                702791.3857052252,
                6174175.795121495
              ],
              [
                702794.9575873613,
                6174128.699193981
              ],
              [
                702796.4127986059,
                6174090.069950052
              ]
            ]
          ]
        ]
      }
    },
    {
      "type": "Feature",
      "properties": {
        "info": false,
        "cara": false,
        "regl": false,
        "id": 0,
        "tech": true,
        "projet": "La biodiversité du Parc",
        "Id": 0,
        "Type": "Zone Ganivelles"
      },
      "geometry": {
        "type": "MultiPolygon",
        "coordinates": [
          [
            [
              [
                702794.4284196347,
                6174235.061906703
              ],
              [
                702768.3669091836,
                6174242.999422573
              ],
              [
                702770.3512881547,
                6174288.243263066
              ],
              [
                702771.2773316652,
                6174316.818320215
              ],
              [
                702783.3158974275,
                6174316.686028283
              ],
              [
                702796.5450905412,
                6174317.347487934
              ],
              [
                702794.4284196347,
                6174235.061906703
              ]
            ]
          ]
        ]
      }
    },
    {
      "type": "Feature",
      "properties": {
        "info": false,
        "cara": false,
        "regl": false,
        "id": 0,
        "tech": true,
        "projet": "La biodiversité du Parc",
        "Id": 0,
        "Type": "Zone Ganivelles"
      },
      "geometry": {
        "type": "MultiPolygon",
        "coordinates": [
          [
            [
              [
                702796.5450905412,
                6174319.728742696
              ],
              [
                702780.6700587869,
                6174319.0672830455
              ],
              [
                702771.4096236154,
                6174318.934991114
              ],
              [
                702775.2460896075,
                6174364.443415459
              ],
              [
                702776.7013008446,
                6174416.301852509
              ],
              [
                702799.3232210949,
                6174414.18518161
              ],
              [
                702796.5450905412,
                6174319.728742696
              ]
            ]
          ]
        ]
      }
    },
    {
      "type": "Feature",
      "properties": {
        "info": false,
        "cara": false,
        "regl": false,
        "id": 0,
        "tech": true,
        "projet": "La biodiversité du Parc",
        "Id": 0,
        "Type": "Zone Ganivelles"
      },
      "geometry": {
        "type": "MultiPolygon",
        "coordinates": [
          [
            [
              [
                702799.0586372316,
                6174417.492479891
              ],
              [
                702774.452338025,
                6174418.947691135
              ],
              [
                702756.7252192274,
                6174473.716550678
              ],
              [
                702760.0325175077,
                6174517.108304128
              ],
              [
                702765.456486702,
                6174516.049968671
              ],
              [
                702785.9617360458,
                6174509.3030801825
              ],
              [
                702783.7127732188,
                6174439.188356616
              ],
              [
                702799.0586372316,
                6174417.492479891
              ]
            ]
          ]
        ]
      }
    },
    {
      "type": "Feature",
      "properties": {
        "info": false,
        "cara": false,
        "regl": false,
        "id": 0,
        "tech": true,
        "projet": "La biodiversité du Parc",
        "Id": 0,
        "Type": "Zone Ganivelles"
      },
      "geometry": {
        "type": "MultiPolygon",
        "coordinates": [
          [
            [
              [
                702785.9617360458,
                6174511.816626873
              ],
              [
                702765.0596109107,
                6174518.431223441
              ],
              [
                702759.2387659252,
                6174518.828099232
              ],
              [
                702760.6939771771,
                6174593.043872666
              ],
              [
                702762.281480357,
                6174616.327252567
              ],
              [
                702767.1762817949,
                6174620.42830243
              ],
              [
                702775.6429653987,
                6174620.16371857
              ],
              [
                702789.401326254,
                6174619.1053831205
              ],
              [
                702785.9617360458,
                6174511.816626873
              ]
            ]
          ]
        ]
      }
    },
    {
      "type": "Feature",
      "properties": {
        "info": false,
        "cara": false,
        "regl": false,
        "id": 0,
        "tech": true,
        "projet": "La biodiversité du Parc",
        "Id": 0,
        "Type": "Zone Ganivelles"
      },
      "geometry": {
        "type": "MultiPolygon",
        "coordinates": [
          [
            [
              [
                702790.3273697644,
                6174621.486637883
              ],
              [
                702770.0867042914,
                6174623.471016854
              ],
              [
                702770.8804558739,
                6174651.120030481
              ],
              [
                702771.0127478018,
                6174676.520081278
              ],
              [
                702771.1450397372,
                6174688.823230889
              ],
              [
                702791.650289081,
                6174681.150298879
              ],
              [
                702790.3273697644,
                6174621.486637883
              ]
            ]
          ]
        ]
      }
    },
    {
      "type": "Feature",
      "properties": {
        "info": false,
        "cara": false,
        "regl": false,
        "id": 0,
        "tech": true,
        "projet": "La biodiversité du Parc",
        "Id": 0,
        "Type": "Zone Ganivelles"
      },
      "geometry": {
        "type": "MultiPolygon",
        "coordinates": [
          [
            [
              [
                702791.650289081,
                6174683.399261713
              ],
              [
                702768.6314930394,
                6174691.998237241
              ],
              [
                702767.5731576011,
                6174713.561822031
              ],
              [
                702768.2346172482,
                6174726.791015156
              ],
              [
                702792.7086245269,
                6174723.748300742
              ],
              [
                702791.650289081,
                6174683.399261713
              ]
            ]
          ]
        ]
      }
    },
    {
      "type": "Feature",
      "properties": {
        "info": false,
        "cara": false,
        "regl": false,
        "id": 0,
        "tech": true,
        "projet": "La biodiversité du Parc",
        "Id": 0,
        "Type": "Zone Ganivelles"
      },
      "geometry": {
        "type": "MultiPolygon",
        "coordinates": [
          [
            [
              [
                702794.1638357788,
                6174729.039977986
              ],
              [
                702769.8221204355,
                6174732.214984339
              ],
              [
                702772.7325429171,
                6174778.649452206
              ],
              [
                702775.2460896075,
                6174795.847403273
              ],
              [
                702799.4555130228,
                6174794.127608161
              ],
              [
                702794.1638357788,
                6174729.039977986
              ]
            ]
          ]
        ]
      }
    },
    {
      "type": "Feature",
      "properties": {
        "info": false,
        "cara": false,
        "regl": false,
        "id": 0,
        "tech": true,
        "projet": "La biodiversité du Parc",
        "Id": 0,
        "Type": "Zone Ganivelles"
      },
      "geometry": {
        "type": "MultiPolygon",
        "coordinates": [
          [
            [
              [
                703104.6133108512,
                6178509.4031810835
              ],
              [
                703113.0799944401,
                6178507.815677911
              ],
              [
                703119.1654232815,
                6178506.492758602
              ],
              [
                703122.3404296264,
                6178500.936497483
              ],
              [
                703122.0758457705,
                6178492.469813887
              ],
              [
                703119.1654232815,
                6178468.128098544
              ],
              [
                703113.0799944401,
                6178443.257215459
              ],
              [
                703102.2320560887,
                6178417.063413072
              ],
              [
                703092.971620895,
                6178408.067561746
              ],
              [
                703091.6487015784,
                6178409.919648785
              ],
              [
                703098.5278820023,
                6178416.269661482
              ],
              [
                703103.8195592463,
                6178434.26136414
              ],
              [
                703105.6716462895,
                6178458.603079494
              ],
              [
                703104.6133108512,
                6178509.4031810835
              ]
            ]
          ]
        ]
      }
    },
    {
      "type": "Feature",
      "properties": {
        "info": false,
        "cara": false,
        "regl": false,
        "id": 0,
        "tech": true,
        "projet": "La biodiversité du Parc",
        "Id": 0,
        "Type": "Zone Ganivelles"
      },
      "geometry": {
        "type": "MultiPolygon",
        "coordinates": [
          [
            [
              [
                703104.3487269878,
                6178514.694858339
              ],
              [
                703105.1424785703,
                6178564.172040626
              ],
              [
                703109.6404042318,
                6178564.965792209
              ],
              [
                703122.6050134897,
                6178566.024127658
              ],
              [
                703122.3404296264,
                6178513.371939026
              ],
              [
                703118.9008394256,
                6178512.049019717
              ],
              [
                703104.3487269878,
                6178514.694858339
              ]
            ]
          ]
        ]
      }
    },
    {
      "type": "Feature",
      "properties": {
        "info": false,
        "cara": false,
        "regl": false,
        "id": 0,
        "tech": true,
        "projet": "La biodiversité du Parc",
        "Id": 0,
        "Type": "Zone Ganivelles"
      },
      "geometry": {
        "type": "MultiPolygon",
        "coordinates": [
          [
            [
              [
                703105.6451878995,
                6178566.566524576
              ],
              [
                703105.0101866424,
                6178607.682856813
              ],
              [
                703122.4727215543,
                6178601.015343476
              ],
              [
                703122.9489725083,
                6178567.995277435
              ],
              [
                703109.6139458418,
                6178567.360276166
              ],
              [
                703105.6451878995,
                6178566.566524576
              ]
            ]
          ]
        ]
      }
    },
    {
      "type": "Feature",
      "properties": {
        "info": false,
        "cara": false,
        "regl": false,
        "id": 0,
        "tech": true,
        "projet": "La biodiversité du Parc",
        "Id": 0,
        "Type": "Zone Ganivelles"
      },
      "geometry": {
        "type": "MultiPolygon",
        "coordinates": [
          [
            [
              [
                703105.1689369604,
                6178610.3816122115
              ],
              [
                703107.7089420334,
                6178642.766676981
              ],
              [
                703128.9814845845,
                6178661.975465395
              ],
              [
                703130.0927367955,
                6178703.726798896
              ],
              [
                703147.0790207833,
                6178697.3767861985
              ],
              [
                703145.1740169674,
                6178657.847957138
              ],
              [
                703138.3477533162,
                6178647.052935552
              ],
              [
                703125.4889775962,
                6178632.289156027
              ],
              [
                703122.7902221903,
                6178602.761596974
              ],
              [
                703105.1689369604,
                6178610.3816122115
              ]
            ]
          ]
        ]
      }
    },
    {
      "type": "Feature",
      "properties": {
        "info": false,
        "cara": false,
        "regl": false,
        "id": 0,
        "tech": true,
        "projet": "La biodiversité du Parc",
        "Id": 0,
        "Type": "Zone Ganivelles"
      },
      "geometry": {
        "type": "MultiPolygon",
        "coordinates": [
          [
            [
              [
                703077.8003822267,
                6183815.694279809
              ],
              [
                703073.0378727019,
                6183932.852014124
              ],
              [
                703069.0691147521,
                6184052.549753521
              ],
              [
                703080.6578879356,
                6184049.374747165
              ],
              [
                703082.5628917441,
                6183929.8357580975
              ],
              [
                703084.3091452345,
                6183877.924404267
              ],
              [
                703079.5466357097,
                6183876.97190237
              ],
              [
                703082.2453911006,
                6183814.741777904
              ],
              [
                703077.8003822267,
                6183815.694279809
              ]
            ]
          ]
        ]
      }
    },
    {
      "type": "Feature",
      "properties": {
        "info": false,
        "cara": false,
        "regl": false,
        "id": 0,
        "tech": true,
        "projet": "La biodiversité du Parc",
        "Id": 0,
        "Type": "Zone Ganivelles"
      },
      "geometry": {
        "type": "MultiPolygon",
        "coordinates": [
          [
            [
              [
                703080.1056563035,
                6184049.526043508
              ],
              [
                703068.7516141236,
                6184054.613507651
              ],
              [
                703066.3703593612,
                6184098.111094642
              ],
              [
                703071.60911984,
                6184098.269844964
              ],
              [
                703086.3728993684,
                6184122.082392588
              ],
              [
                703080.0228866637,
                6184085.252318926
              ],
              [
                703079.5466357097,
                6184074.774797969
              ],
              [
                703080.1056563035,
                6184049.526043508
              ]
            ]
          ]
        ]
      }
    },
    {
      "type": "Feature",
      "properties": {
        "info": false,
        "cara": false,
        "regl": false,
        "id": 0,
        "tech": true,
        "projet": "La biodiversité du Parc",
        "Id": 0,
        "Type": "Zone Ganivelles"
      },
      "geometry": {
        "type": "MultiPolygon",
        "coordinates": [
          [
            [
              [
                703082.0866407976,
                6184490.541879512
              ],
              [
                703081.9278904721,
                6184491.018130466
              ],
              [
                703107.9629425555,
                6184492.129382685
              ],
              [
                703108.1216928586,
                6184467.999334421
              ],
              [
                703103.3591833338,
                6184475.460599348
              ],
              [
                703093.0404127017,
                6184483.874366179
              ],
              [
                703082.0866407976,
                6184490.541879512
              ]
            ]
          ]
        ]
      }
    },
    {
      "type": "Feature",
      "properties": {
        "info": false,
        "cara": false,
        "regl": false,
        "id": 0,
        "tech": true,
        "projet": "La biodiversité du Parc",
        "Id": 0,
        "Type": "Zone Ganivelles"
      },
      "geometry": {
        "type": "MultiPolygon",
        "coordinates": [
          [
            [
              [
                703100.9779285714,
                6184568.488285404
              ],
              [
                703104.9466865137,
                6184569.599537622
              ],
              [
                703112.090450801,
                6184569.440787308
              ],
              [
                703109.5504457131,
                6184494.9868883975
              ],
              [
                703100.6604279429,
                6184494.510637447
              ],
              [
                703102.4066814259,
                6184513.084424593
              ],
              [
                703102.7241820768,
                6184546.263240952
              ],
              [
                703100.9779285714,
                6184568.488285404
              ]
            ]
          ]
        ]
      }
    },
    {
      "type": "Feature",
      "properties": {
        "info": false,
        "cara": false,
        "regl": false,
        "id": 0,
        "tech": true,
        "projet": "La biodiversité du Parc",
        "Id": 0,
        "Type": "Zone Ganivelles"
      },
      "geometry": {
        "type": "MultiPolygon",
        "coordinates": [
          [
            [
              [
                703104.4704355597,
                6184571.980792385
              ],
              [
                703104.1529349163,
                6184617.224632878
              ],
              [
                703108.2804431841,
                6184615.160878755
              ],
              [
                703113.2017030269,
                6184614.0496265255
              ],
              [
                703112.2492011264,
                6184572.774543975
              ],
              [
                703106.3754393682,
                6184572.61579366
              ],
              [
                703104.4704355597,
                6184571.980792385
              ]
            ]
          ]
        ]
      }
    },
    {
      "type": "Feature",
      "properties": {
        "info": false,
        "cara": false,
        "regl": false,
        "id": 0,
        "tech": true,
        "projet": "La biodiversité du Parc",
        "Id": 0,
        "Type": "Zone Ganivelles"
      },
      "geometry": {
        "type": "MultiPolygon",
        "coordinates": [
          [
            [
              [
                703098.596673809,
                6184622.939644307
              ],
              [
                703097.0091706291,
                6184680.883510195
              ],
              [
                703095.5804177895,
                6184759.78241799
              ],
              [
                703107.0104406327,
                6184756.607411645
              ],
              [
                703109.867946364,
                6184711.681071792
              ],
              [
                703112.090450801,
                6184677.549753528
              ],
              [
                703113.677953966,
                6184615.954630334
              ],
              [
                703107.6454419047,
                6184618.01838446
              ],
              [
                703098.596673809,
                6184622.939644307
              ]
            ]
          ]
        ]
      }
    },
    {
      "type": "Feature",
      "properties": {
        "info": false,
        "cara": false,
        "regl": false,
        "id": 0,
        "tech": true,
        "projet": "La biodiversité du Parc",
        "Id": 0,
        "Type": "Zone Ganivelles"
      },
      "geometry": {
        "type": "MultiPolygon",
        "coordinates": [
          [
            [
              [
                703096.0566687435,
                6184763.274924982
              ],
              [
                703098.120422855,
                6184901.54645152
              ],
              [
                703098.7554241344,
                6184926.470251374
              ],
              [
                703102.7241820768,
                6184923.295245022
              ],
              [
                703100.6604279429,
                6184835.823820081
              ],
              [
                703100.1841769889,
                6184795.659989748
              ],
              [
                703111.4554495215,
                6184790.897480223
              ],
              [
                703108.2804431841,
                6184759.782417998
              ],
              [
                703096.0566687435,
                6184763.274924982
              ]
            ]
          ]
        ]
      }
    },
    {
      "type": "Feature",
      "properties": {
        "info": false,
        "cara": false,
        "regl": false,
        "id": 0,
        "tech": true,
        "projet": "La biodiversité du Parc",
        "Id": 0,
        "Type": "Zone Ganivelles"
      },
      "geometry": {
        "type": "MultiPolygon",
        "coordinates": [
          [
            [
              [
                703098.4379235059,
                6184928.851506136
              ],
              [
                703100.8191782683,
                6184981.71536186
              ],
              [
                703104.6291858703,
                6185085.6968198195
              ],
              [
                703094.7866661921,
                6185094.42808729
              ],
              [
                703095.5804177895,
                6185098.238094907
              ],
              [
                703108.7566941306,
                6185096.174340777
              ],
              [
                703108.2804431841,
                6185066.646781724
              ],
              [
                703105.2641871423,
                6184992.5103834495
              ],
              [
                703101.6206737682,
                6184924.178051673
              ],
              [
                703098.4379235059,
                6184928.851506136
              ]
            ]
          ]
        ]
      }
    },
    {
      "type": "Feature",
      "properties": {
        "info": false,
        "cara": false,
        "regl": false,
        "id": 0,
        "tech": true,
        "projet": "La biodiversité du Parc",
        "Id": 0,
        "Type": "Zone Ganivelles"
      },
      "geometry": {
        "type": "MultiPolygon",
        "coordinates": [
          [
            [
              [
                703090.6274078712,
                6185101.079725586
              ],
              [
                703096.3424192965,
                6185106.239110913
              ],
              [
                703105.2324370891,
                6185113.3828752
              ],
              [
                703109.6774459705,
                6185129.416657258
              ],
              [
                703109.042444706,
                6185147.196692824
              ],
              [
                703104.5974358097,
                6185151.3242010735
              ],
              [
                703104.7561861351,
                6185154.340457112
              ],
              [
                703103.9624345377,
                6185183.550515525
              ],
              [
                703103.0099326298,
                6185221.015590455
              ],
              [
                703104.5974358097,
                6185251.336901102
              ],
              [
                703110.629947871,
                6185251.654401738
              ],
              [
                703109.2011950165,
                6185221.809342049
              ],
              [
                703116.9799605757,
                6185221.491841409
              ],
              [
                703113.3287032843,
                6185187.201772831
              ],
              [
                703113.8049542308,
                6185150.530449491
              ],
              [
                703115.3130822554,
                6185132.353538137
              ],
              [
                703114.3605803326,
                6185097.507843442
              ],
              [
                703090.6274078712,
                6185101.079725586
              ]
            ]
          ]
        ]
      }
    },
    {
      "type": "Feature",
      "properties": {
        "info": false,
        "cara": false,
        "regl": false,
        "id": 0,
        "tech": true,
        "projet": "La biodiversité du Parc",
        "Id": 0,
        "Type": "Zone Ganivelles"
      },
      "geometry": {
        "type": "MultiPolygon",
        "coordinates": [
          [
            [
              [
                703126.0287286714,
                6185326.902052239
              ],
              [
                703126.0287286714,
                6185379.448407326
              ],
              [
                703126.0287286714,
                6185455.4898094125
              ],
              [
                703124.7587261423,
                6185535.817470066
              ],
              [
                703128.4099834338,
                6185541.849982135
              ],
              [
                703132.8549923301,
                6185544.389987212
              ],
              [
                703133.4899935871,
                6185459.458567347
              ],
              [
                703134.283745192,
                6185411.674721777
              ],
              [
                703134.283745192,
                6185359.763367958
              ],
              [
                703133.807494238,
                6185328.965806361
              ],
              [
                703132.2199910581,
                6185326.902052239
              ],
              [
                703126.0287286714,
                6185326.902052239
              ]
            ]
          ]
        ]
      }
    },
    {
      "type": "Feature",
      "properties": {
        "info": false,
        "cara": false,
        "regl": false,
        "id": 0,
        "tech": true,
        "projet": "La biodiversité du Parc",
        "Id": 0,
        "Type": "Zone Ganivelles"
      },
      "geometry": {
        "type": "MultiPolygon",
        "coordinates": [
          [
            [
              [
                703123.647473909,
                6185540.262478955
              ],
              [
                703126.8224802762,
                6185586.300071038
              ],
              [
                703128.2512331158,
                6185664.405227244
              ],
              [
                703134.1249948665,
                6185786.642971721
              ],
              [
                703142.2212610617,
                6185785.690469816
              ],
              [
                703141.7450101078,
                6185763.465425365
              ],
              [
                703138.0937528089,
                6185705.839060109
              ],
              [
                703136.9825005829,
                6185672.025242481
              ],
              [
                703136.1887490004,
                6185612.176372785
              ],
              [
                703136.3474993259,
                6185575.981300399
              ],
              [
                703132.6962420121,
                6185546.929992288
              ],
              [
                703126.3462292999,
                6185544.072486583
              ],
              [
                703123.647473909,
                6185540.262478955
              ]
            ]
          ]
        ]
      }
    },
    {
      "type": "Feature",
      "properties": {
        "info": false,
        "cara": false,
        "regl": false,
        "id": 0,
        "tech": true,
        "projet": "La biodiversité du Parc",
        "Id": 0,
        "Type": "Zone Ganivelles"
      },
      "geometry": {
        "type": "MultiPolygon",
        "coordinates": [
          [
            [
              [
                703142.2212610617,
                6185787.754223943
              ],
              [
                703134.1249948665,
                6185788.865476161
              ],
              [
                703137.7762521654,
                6185836.966822367
              ],
              [
                703139.5225056633,
                6185885.226918884
              ],
              [
                703148.0950228125,
                6185884.750667941
              ],
              [
                703144.9200164527,
                6185830.775559988
              ],
              [
                703142.2212610617,
                6185787.754223943
              ]
            ]
          ]
        ]
      }
    },
    {
      "type": "Feature",
      "properties": {
        "info": false,
        "cara": false,
        "regl": false,
        "id": 0,
        "tech": true,
        "projet": "La biodiversité du Parc",
        "Id": 0,
        "Type": "Zone Ganivelles"
      },
      "geometry": {
        "type": "MultiPolygon",
        "coordinates": [
          [
            [
              [
                703141.5862597823,
                6186000.797150027
              ],
              [
                703150.0000266209,
                6186001.5909016095
              ],
              [
                703146.3487693071,
                6185945.86954017
              ],
              [
                703150.4762775749,
                6185910.150718734
              ],
              [
                703148.5712737665,
                6185904.753207944
              ],
              [
                703144.2850151882,
                6185942.6945338175
              ],
              [
                703138.0937528089,
                6185950.314549055
              ],
              [
                703141.5862597823,
                6186000.797150027
              ]
            ]
          ]
        ]
      }
    },
    {
      "type": "Feature",
      "properties": {
        "info": false,
        "cara": false,
        "regl": false,
        "id": 0,
        "tech": true,
        "projet": "La biodiversité du Parc",
        "Id": 0,
        "Type": "Zone Ganivelles"
      },
      "geometry": {
        "type": "MultiPolygon",
        "coordinates": [
          [
            [
              [
                703144.9200164527,
                6186031.43596131
              ],
              [
                703144.4437654987,
                6186063.344775125
              ],
              [
                703146.190019004,
                6186168.596235622
              ],
              [
                703146.5075196326,
                6186280.19770883
              ],
              [
                703156.3500393108,
                6186280.8327100985
              ],
              [
                703154.4450355023,
                6186191.932532299
              ],
              [
                703153.4925336093,
                6186126.844902128
              ],
              [
                703153.1750329658,
                6186031.43596131
              ],
              [
                703144.9200164527,
                6186031.43596131
              ]
            ]
          ]
        ]
      }
    },
    {
      "type": "Feature",
      "properties": {
        "info": false,
        "cara": false,
        "regl": false,
        "id": 0,
        "tech": true,
        "projet": "La biodiversité du Parc",
        "Id": 0,
        "Type": "Zone Ganivelles"
      },
      "geometry": {
        "type": "MultiPolygon",
        "coordinates": [
          [
            [
              [
                703146.9837705866,
                6186282.578963593
              ],
              [
                703148.7300240844,
                6186315.122778684
              ],
              [
                703149.523775667,
                6186400.847950131
              ],
              [
                703158.5725437626,
                6186400.212948862
              ],
              [
                703157.6200418621,
                6186364.335377105
              ],
              [
                703156.3500393108,
                6186282.737713907
              ],
              [
                703146.9837705866,
                6186282.578963593
              ]
            ]
          ]
        ]
      }
    },
    {
      "type": "Feature",
      "properties": {
        "info": false,
        "cara": false,
        "regl": false,
        "id": 0,
        "tech": true,
        "projet": "La biodiversité du Parc",
        "Id": 0,
        "Type": "Zone Ganivelles"
      },
      "geometry": {
        "type": "MultiPolygon",
        "coordinates": [
          [
            [
              [
                703152.2225310579,
                6186454.664307766
              ],
              [
                703153.9687845483,
                6186501.019400481
              ],
              [
                703162.2238010615,
                6186502.606903654
              ],
              [
                703161.1125488356,
                6186454.505557444
              ],
              [
                703152.2225310579,
                6186454.664307766
              ]
            ]
          ]
        ]
      }
    },
    {
      "type": "Feature",
      "properties": {
        "info": false,
        "cara": false,
        "regl": false,
        "id": 0,
        "tech": true,
        "projet": "La biodiversité du Parc",
        "Id": 0,
        "Type": "Zone Ganivelles"
      },
      "geometry": {
        "type": "MultiPolygon",
        "coordinates": [
          [
            [
              [
                703134.918746449,
                6186826.45755136
              ],
              [
                703136.029998675,
                6186952.822804086
              ],
              [
                703142.8562623337,
                6186951.076550592
              ],
              [
                703143.0150126591,
                6186925.517749473
              ],
              [
                703143.4912636131,
                6186842.015082467
              ],
              [
                703134.918746449,
                6186826.45755136
              ]
            ]
          ]
        ]
      }
    },
    {
      "type": "Feature",
      "properties": {
        "info": false,
        "cara": false,
        "regl": false,
        "id": 0,
        "tech": true,
        "projet": "La biodiversité du Parc",
        "Id": 0,
        "Type": "Zone Ganivelles"
      },
      "geometry": {
        "type": "MultiPolygon",
        "coordinates": [
          [
            [
              [
                703135.2362470925,
                6186971.7140918635
              ],
              [
                703142.8562623337,
                6187069.186786812
              ],
              [
                703150.0000266209,
                6187067.758033954
              ],
              [
                703143.0150126591,
                6186975.524099492
              ],
              [
                703135.2362470925,
                6186971.7140918635
              ]
            ]
          ]
        ]
      }
    },
    {
      "type": "Feature",
      "properties": {
        "info": false,
        "cara": false,
        "regl": false,
        "id": 0,
        "tech": true,
        "projet": "La biodiversité du Parc",
        "Id": 0,
        "Type": "Zone Ganivelles"
      },
      "geometry": {
        "type": "MultiPolygon",
        "coordinates": [
          [
            [
              [
                703143.1737629622,
                6187071.091790624
              ],
              [
                703147.3012712151,
                6187204.283307008
              ],
              [
                703153.8100342378,
                6187204.124556683
              ],
              [
                703150.4762775749,
                6187069.980538402
              ],
              [
                703143.1737629622,
                6187071.091790624
              ]
            ]
          ]
        ]
      }
    },
    {
      "type": "Feature",
      "properties": {
        "info": false,
        "cara": false,
        "regl": false,
        "id": 0,
        "tech": true,
        "projet": "La biodiversité du Parc",
        "Id": 0,
        "Type": "Zone Ganivelles"
      },
      "geometry": {
        "type": "MultiPolygon",
        "coordinates": [
          [
            [
              [
                703176.4134336114,
                6187824.957360856
              ],
              [
                703176.8896845579,
                6187812.257335454
              ],
              [
                703171.9684247151,
                6187814.479839902
              ],
              [
                703171.6509240866,
                6187821.623604186
              ],
              [
                703176.4134336114,
                6187824.957360856
              ]
            ]
          ]
        ]
      }
    },
    {
      "type": "Feature",
      "properties": {
        "info": false,
        "cara": false,
        "regl": false,
        "id": 0,
        "tech": true,
        "projet": "La biodiversité du Parc",
        "Id": 0,
        "Type": "Zone Ganivelles"
      },
      "geometry": {
        "type": "MultiPolygon",
        "coordinates": [
          [
            [
              [
                703184.5096997991,
                6187976.8814147
              ],
              [
                703196.0984729826,
                6187976.722664386
              ],
              [
                703195.7809723392,
                6187965.610142168
              ],
              [
                703191.4947137833,
                6187965.610142168
              ],
              [
                703184.1921991706,
                6187967.832646605
              ],
              [
                703184.5096997991,
                6187976.8814147
              ]
            ]
          ]
        ]
      }
    },
    {
      "type": "Feature",
      "properties": {
        "info": false,
        "cara": false,
        "regl": false,
        "id": 0,
        "tech": true,
        "projet": "La biodiversité du Parc",
        "Id": 0,
        "Type": "Zone Ganivelles"
      },
      "geometry": {
        "type": "MultiPolygon",
        "coordinates": [
          [
            [
              [
                703199.432229653,
                6188086.101633143
              ],
              [
                703197.8447264656,
                6188044.826550592
              ],
              [
                703183.8746985272,
                6188048.001556944
              ],
              [
                703185.3034513965,
                6188078.957868855
              ],
              [
                703199.432229653,
                6188086.101633143
              ]
            ]
          ]
        ]
      }
    },
    {
      "type": "Feature",
      "properties": {
        "info": false,
        "cara": false,
        "regl": false,
        "id": 0,
        "tech": true,
        "projet": "La biodiversité du Parc",
        "Id": 0,
        "Type": "Zone Ganivelles"
      },
      "geometry": {
        "type": "MultiPolygon",
        "coordinates": [
          [
            [
              [
                703229.1185390279,
                6188220.245651431
              ],
              [
                703215.7835123539,
                6188177.224315386
              ],
              [
                703209.5922499746,
                6188184.209329359
              ],
              [
                703221.6572741121,
                6188218.340647623
              ],
              [
                703229.1185390279,
                6188220.245651431
              ]
            ]
          ]
        ]
      }
    },
    {
      "type": "Feature",
      "properties": {
        "info": false,
        "cara": false,
        "regl": false,
        "id": 0,
        "tech": true,
        "projet": "La biodiversité du Parc",
        "Id": 0,
        "Type": "Zone Ganivelles"
      },
      "geometry": {
        "type": "MultiPolygon",
        "coordinates": [
          [
            [
              [
                703196.2572233081,
                6188235.168181274
              ],
              [
                703207.3697455153,
                6188233.580678102
              ],
              [
                703193.8759685457,
                6188210.403131746
              ],
              [
                703185.1447010785,
                6188217.229395401
              ],
              [
                703196.2572233081,
                6188235.168181274
              ]
            ]
          ]
        ]
      }
    },
    {
      "type": "Feature",
      "properties": {
        "info": false,
        "cara": false,
        "regl": false,
        "id": 0,
        "tech": true,
        "projet": "La biodiversité du Parc",
        "Id": 0,
        "Type": "Zone Ganivelles"
      },
      "geometry": {
        "type": "MultiPolygon",
        "coordinates": [
          [
            [
              [
                703201.8553768694,
                6189646.3328265175
              ],
              [
                703202.4903781265,
                6189748.3563639
              ],
              [
                703223.6570871249,
                6189746.874694277
              ],
              [
                703226.620426394,
                6189734.174668875
              ],
              [
                703221.9637504071,
                6189704.96461045
              ],
              [
                703214.5554022565,
                6189685.70290526
              ],
              [
                703208.2053895518,
                6189646.3328265175
              ],
              [
                703201.8553768694,
                6189646.3328265175
              ]
            ]
          ]
        ]
      }
    },
    {
      "type": "Feature",
      "properties": {
        "info": false,
        "cara": false,
        "regl": false,
        "id": 0,
        "tech": true,
        "projet": "La biodiversité du Parc",
        "Id": 0,
        "Type": "Zone Ganivelles"
      },
      "geometry": {
        "type": "MultiPolygon",
        "coordinates": [
          [
            [
              [
                703202.4903781265,
                6189750.6847018935
              ],
              [
                703198.5480785742,
                6189750.7905354425
              ],
              [
                703198.5480785742,
                6189779.762468379
              ],
              [
                703197.7543269917,
                6189795.240624335
              ],
              [
                703197.3574512005,
                6189816.936501067
              ],
              [
                703211.7772717103,
                6189816.804209128
              ],
              [
                703211.168728821,
                6189801.061469309
              ],
              [
                703224.0804213062,
                6189748.991365168
              ],
              [
                703202.4903781265,
                6189750.6847018935
              ]
            ]
          ]
        ]
      }
    },
    {
      "type": "Feature",
      "properties": {
        "info": false,
        "cara": false,
        "regl": false,
        "id": 0,
        "tech": true,
        "projet": "La biodiversité du Parc",
        "Id": 0,
        "Type": "Zone Ganivelles"
      },
      "geometry": {
        "type": "MultiPolygon",
        "coordinates": [
          [
            [
              [
                703441.7822282463,
                6192536.514648564
              ],
              [
                703431.5296035707,
                6192457.139489807
              ],
              [
                703419.2925999239,
                6192458.793138955
              ],
              [
                703429.5452245995,
                6192537.837567877
              ],
              [
                703441.7822282463,
                6192536.514648564
              ]
            ]
          ]
        ]
      }
    },
    {
      "type": "Feature",
      "properties": {
        "info": false,
        "cara": false,
        "regl": false,
        "id": 0,
        "tech": true,
        "projet": "La biodiversité du Parc",
        "Id": 0,
        "Type": "Zone Ganivelles"
      },
      "geometry": {
        "type": "MultiPolygon",
        "coordinates": [
          [
            [
              [
                703431.5296035707,
                6192541.806325812
              ],
              [
                703442.7744177356,
                6192608.28302126
              ],
              [
                703451.7041230872,
                6192606.960101947
              ],
              [
                703441.4514984116,
                6192540.814136323
              ],
              [
                703431.5296035707,
                6192541.806325812
              ]
            ]
          ]
        ]
      }
    },
    {
      "type": "Feature",
      "properties": {
        "info": false,
        "cara": false,
        "regl": false,
        "id": 0,
        "tech": true,
        "projet": "La biodiversité du Parc",
        "Id": 0,
        "Type": "Zone Ganivelles"
      },
      "geometry": {
        "type": "MultiPolygon",
        "coordinates": [
          [
            [
              [
                703450.0504739359,
                6192705.848320562
              ],
              [
                703458.3187196329,
                6192704.856131073
              ],
              [
                703457.9879898205,
                6192674.759716719
              ],
              [
                703449.058284469,
                6192682.035772938
              ],
              [
                703450.0504739359,
                6192705.848320562
              ]
            ]
          ]
        ]
      }
    },
    {
      "type": "Feature",
      "properties": {
        "info": false,
        "cara": false,
        "regl": false,
        "id": 0,
        "tech": true,
        "projet": "La biodiversité du Parc",
        "Id": 0,
        "Type": "Zone Ganivelles"
      },
      "geometry": {
        "type": "MultiPolygon",
        "coordinates": [
          [
            [
              [
                703458.3187196329,
                6192783.900559995
              ],
              [
                703458.9801793024,
                6192767.36406859
              ],
              [
                703449.058284469,
                6192772.325016022
              ],
              [
                703449.058284469,
                6192783.900559995
              ],
              [
                703458.3187196329,
                6192783.900559995
              ]
            ]
          ]
        ]
      }
    },
    {
      "type": "Feature",
      "properties": {
        "info": false,
        "cara": false,
        "regl": false,
        "id": 0,
        "tech": true,
        "projet": "La biodiversité du Parc",
        "Id": 0,
        "Type": "Zone Ganivelles"
      },
      "geometry": {
        "type": "MultiPolygon",
        "coordinates": [
          [
            [
              [
                703454.349961713,
                6192813.666244537
              ],
              [
                703463.6103968993,
                6192856.330392361
              ],
              [
                703473.2015619054,
                6192855.99966253
              ],
              [
                703463.6103968993,
                6192813.335514702
              ],
              [
                703454.349961713,
                6192813.666244537
              ]
            ]
          ]
        ]
      }
    },
    {
      "type": "Feature",
      "properties": {
        "info": false,
        "cara": false,
        "regl": false,
        "id": 0,
        "tech": true,
        "projet": "La biodiversité du Parc",
        "Id": 0,
        "Type": "Zone Ganivelles"
      },
      "geometry": {
        "type": "MultiPolygon",
        "coordinates": [
          [
            [
              [
                703470.8864531144,
                6192934.713361625
              ],
              [
                703482.1312672794,
                6192933.721172139
              ],
              [
                703479.1546988189,
                6192897.671620879
              ],
              [
                703468.5713443309,
                6192905.93986658
              ],
              [
                703470.8864531144,
                6192934.713361625
              ]
            ]
          ]
        ]
      }
    },
    {
      "type": "Feature",
      "properties": {
        "info": false,
        "cara": false,
        "regl": false,
        "id": 0,
        "tech": true,
        "projet": "La biodiversité du Parc",
        "Id": 0,
        "Type": "Zone Ganivelles"
      },
      "geometry": {
        "type": "MultiPolygon",
        "coordinates": [
          [
            [
              [
                704155.7353228256,
                6198552.327062149
              ],
              [
                704169.3878501207,
                6198671.866051227
              ],
              [
                704185.262881875,
                6198670.278548054
              ],
              [
                704176.2141137794,
                6198577.092111677
              ],
              [
                704165.8291971758,
                6198551.877269581
              ],
              [
                704155.7353228256,
                6198552.327062149
              ]
            ]
          ]
        ]
      }
    },
    {
      "type": "Feature",
      "properties": {
        "info": false,
        "cara": false,
        "regl": false,
        "id": 0,
        "tech": true,
        "projet": "La biodiversité du Parc",
        "Id": 0,
        "Type": "Dune Artificielle"
      },
      "geometry": {
        "type": "MultiPolygon",
        "coordinates": [
          [
            [
              [
                702959.5757796541,
                6169769.705922261
              ],
              [
                702962.5920356959,
                6169770.023422901
              ],
              [
                702965.1320407838,
                6169755.259643365
              ],
              [
                702967.5132955462,
                6169736.527105901
              ],
              [
                702964.0207885504,
                6169733.987100825
              ],
              [
                702960.8457822055,
                6169734.304601453
              ],
              [
                702959.0995287076,
                6169737.16210717
              ],
              [
                702957.0357745737,
                6169752.560887974
              ],
              [
                702955.2895210832,
                6169768.118419081
              ],
              [
                702959.5757796541,
                6169769.705922261
              ]
            ]
          ]
        ]
      }
    },
    {
      "type": "Feature",
      "properties": {
        "info": false,
        "cara": false,
        "regl": false,
        "id": 0,
        "tech": true,
        "projet": "La biodiversité du Parc",
        "Id": 0,
        "Type": "Dune Artificielle"
      },
      "geometry": {
        "type": "MultiPolygon",
        "coordinates": [
          [
            [
              [
                702963.5445376039,
                6169730.653344151
              ],
              [
                702967.0370445698,
                6169729.383341614
              ],
              [
                702971.1645528376,
                6169707.6345481165
              ],
              [
                702973.7045579255,
                6169680.96449478
              ],
              [
                702972.5933056995,
                6169678.106989063
              ],
              [
                702967.3545452207,
                6169678.265739378
              ],
              [
                702964.8145401329,
                6169680.64699414
              ],
              [
                702963.0682866499,
                6169691.283265419
              ],
              [
                702961.3220331594,
                6169709.222051289
              ],
              [
                702960.2107809335,
                6169722.239577327
              ],
              [
                702961.004532516,
                6169728.907090664
              ],
              [
                702963.5445376039,
                6169730.653344151
              ]
            ]
          ]
        ]
      }
    },
    {
      "type": "Feature",
      "properties": {
        "info": false,
        "cara": false,
        "regl": false,
        "id": 0,
        "tech": true,
        "projet": "La biodiversité du Parc",
        "Id": 0,
        "Type": "Dune Artificielle"
      },
      "geometry": {
        "type": "MultiPolygon",
        "coordinates": [
          [
            [
              [
                702974.1808088571,
                6169674.455731757
              ],
              [
                702975.1333107799,
                6169672.074476995
              ],
              [
                702976.244562991,
                6169660.961954776
              ],
              [
                702980.6895718873,
                6169606.828096509
              ],
              [
                702979.8958203048,
                6169602.859338563
              ],
              [
                702976.244562991,
                6169602.065586984
              ],
              [
                702974.1808088571,
                6169603.653090157
              ],
              [
                702972.275805071,
                6169615.083113015
              ],
              [
                702968.7832980752,
                6169647.150677152
              ],
              [
                702966.4020433128,
                6169669.375721596
              ],
              [
                702967.8307961747,
                6169671.756976359
              ],
              [
                702970.0533006117,
                6169673.3444795385
              ],
              [
                702974.1808088571,
                6169674.455731757
              ]
            ]
          ]
        ]
      }
    },
    {
      "type": "Feature",
      "properties": {
        "info": false,
        "cara": false,
        "regl": false,
        "id": 0,
        "tech": true,
        "projet": "La biodiversité du Parc",
        "Id": 0,
        "Type": "Dune Artificielle"
      },
      "geometry": {
        "type": "MultiPolygon",
        "coordinates": [
          [
            [
              [
                702979.7370699868,
                6169598.255579356
              ],
              [
                702981.8008241206,
                6169596.668076184
              ],
              [
                702982.4358253777,
                6169589.841812532
              ],
              [
                702984.4995795116,
                6169575.236783322
              ],
              [
                702987.3570852205,
                6169551.582986012
              ],
              [
                702992.2783450708,
                6169501.100385051
              ],
              [
                702992.1195947453,
                6169493.321619488
              ],
              [
                702988.4683374316,
                6169492.051616952
              ],
              [
                702985.928332366,
                6169493.321619488
              ],
              [
                702985.769582063,
                6169500.624134097
              ],
              [
                702984.182078883,
                6169513.4829098135
              ],
              [
                702982.5945756957,
                6169528.564189978
              ],
              [
                702981.0070725381,
                6169541.7404663265
              ],
              [
                702978.4670674503,
                6169556.980496805
              ],
              [
                702976.0858126879,
                6169579.999292847
              ],
              [
                702975.4508114159,
                6169593.016818877
              ],
              [
                702976.5620636195,
                6169597.461827774
              ],
              [
                702979.7370699868,
                6169598.255579356
              ]
            ]
          ]
        ]
      }
    },
    {
      "type": "Feature",
      "properties": {
        "info": false,
        "cara": false,
        "regl": false,
        "id": 0,
        "tech": true,
        "projet": "La biodiversité du Parc",
        "Id": 0,
        "Type": "Dune Artificielle"
      },
      "geometry": {
        "type": "MultiPolygon",
        "coordinates": [
          [
            [
              [
                702992.7545960248,
                6169490.146613143
              ],
              [
                702994.5008495077,
                6169486.971606791
              ],
              [
                702995.4533514157,
                6169477.446587741
              ],
              [
                702997.5171055496,
                6169455.539043929
              ],
              [
                702996.2471029982,
                6169450.141533129
              ],
              [
                702993.7070979327,
                6169449.982782811
              ],
              [
                702991.1670928448,
                6169452.681538206
              ],
              [
                702989.8970903084,
                6169460.619054083
              ],
              [
                702988.627087757,
                6169474.112831075
              ],
              [
                702987.6745858565,
                6169484.590352029
              ],
              [
                702987.9920864999,
                6169488.5591099635
              ],
              [
                702989.5795896649,
                6169490.464113772
              ],
              [
                702992.7545960248,
                6169490.146613143
              ]
            ]
          ]
        ]
      }
    },
    {
      "type": "Feature",
      "properties": {
        "info": false,
        "cara": false,
        "regl": false,
        "id": 0,
        "tech": true,
        "projet": "La biodiversité du Parc",
        "Id": 0,
        "Type": "Dune Artificielle"
      },
      "geometry": {
        "type": "MultiPolygon",
        "coordinates": [
          [
            [
              [
                702906.6816510856,
                6170276.295978747
              ],
              [
                702907.7929033116,
                6170270.18409152
              ],
              [
                702910.0154077709,
                6170253.039057229
              ],
              [
                702912.3172873706,
                6170225.257751673
              ],
              [
                702911.3647854626,
                6170224.146499444
              ],
              [
                702906.999151729,
                6170223.273372702
              ],
              [
                702905.4910237119,
                6170224.305249769
              ],
              [
                702903.6653950587,
                6170227.162755482
              ],
              [
                702902.0778918788,
                6170240.577157315
              ],
              [
                702898.5853848904,
                6170275.422851995
              ],
              [
                702906.6816510856,
                6170276.295978747
              ]
            ]
          ]
        ]
      }
    },
    {
      "type": "Feature",
      "properties": {
        "info": false,
        "cara": false,
        "regl": false,
        "id": 0,
        "tech": true,
        "projet": "La biodiversité du Parc",
        "Id": 0,
        "Type": "Dune Artificielle"
      },
      "geometry": {
        "type": "MultiPolygon",
        "coordinates": [
          [
            [
              [
                702911.9997867197,
                6170221.288993727
              ],
              [
                702913.6666650623,
                6170219.463365082
              ],
              [
                702915.1747930795,
                6170214.145229444
              ],
              [
                702917.7147981524,
                6170195.015816189
              ],
              [
                702918.0322987959,
                6170176.362653881
              ],
              [
                702915.8891694993,
                6170174.537025224
              ],
              [
                702911.7616612539,
                6170175.013276178
              ],
              [
                702909.1422810256,
                6170177.712031577
              ],
              [
                702908.110403955,
                6170183.506418169
              ],
              [
                702906.3641504496,
                6170196.44456904
              ],
              [
                702905.0147727579,
                6170208.906468965
              ],
              [
                702904.4591466412,
                6170215.891482938
              ],
              [
                702905.6497740299,
                6170219.701490559
              ],
              [
                702908.586654894,
                6170221.209618576
              ],
              [
                702911.9997867197,
                6170221.288993727
              ]
            ]
          ]
        ]
      }
    },
    {
      "type": "Feature",
      "properties": {
        "info": false,
        "cara": false,
        "regl": false,
        "id": 0,
        "tech": true,
        "projet": "La biodiversité du Parc",
        "Id": 0,
        "Type": "Dune Artificielle"
      },
      "geometry": {
        "type": "MultiPolygon",
        "coordinates": [
          [
            [
              [
                702917.7147981524,
                6170172.870146893
              ],
              [
                702919.2229261696,
                6170170.092016339
              ],
              [
                702921.1279299781,
                6170157.074490309
              ],
              [
                702924.2235611826,
                6170126.038803235
              ],
              [
                702923.6679350659,
                6170123.260672674
              ],
              [
                702918.4291745871,
                6170122.070045292
              ],
              [
                702915.33354339,
                6170124.213174578
              ],
              [
                702913.746040225,
                6170128.420057997
              ],
              [
                702912.6347879991,
                6170144.13633943
              ],
              [
                702909.9360326082,
                6170168.742638644
              ],
              [
                702911.8410363942,
                6170171.758894671
              ],
              [
                702917.7147981524,
                6170172.870146893
              ]
            ]
          ]
        ]
      }
    },
    {
      "type": "Feature",
      "properties": {
        "info": false,
        "cara": false,
        "regl": false,
        "id": 0,
        "tech": true,
        "projet": "La biodiversité du Parc",
        "Id": 0,
        "Type": "Dune Artificielle"
      },
      "geometry": {
        "type": "MultiPolygon",
        "coordinates": [
          [
            [
              [
                702924.1441860199,
                6170119.053789262
              ],
              [
                702926.128564991,
                6170108.338142831
              ],
              [
                702930.9704496786,
                6170064.99930615
              ],
              [
                702934.3042063415,
                6170025.311726779
              ],
              [
                702933.5104547441,
                6170023.327347808
              ],
              [
                702931.1291999817,
                6170021.263593681
              ],
              [
                702927.0016917363,
                6170021.263593681
              ],
              [
                702926.0491898283,
                6170024.041724235
              ],
              [
                702923.0329337865,
                6170049.521150194
              ],
              [
                702919.9373026043,
                6170075.079951312
              ],
              [
                702917.0797968954,
                6170103.25813267
              ],
              [
                702915.5716688707,
                6170116.513784185
              ],
              [
                702918.2704242617,
                6170119.926916007
              ],
              [
                702921.5248057693,
                6170120.244416643
              ],
              [
                702924.1441860199,
                6170119.053789262
              ]
            ]
          ]
        ]
      }
    },
    {
      "type": "Feature",
      "properties": {
        "info": false,
        "cara": false,
        "regl": false,
        "id": 0,
        "tech": true,
        "projet": "La biodiversité du Parc",
        "Id": 0,
        "Type": "Dune Artificielle"
      },
      "geometry": {
        "type": "MultiPolygon",
        "coordinates": [
          [
            [
              [
                702933.8279553875,
                6170019.834840827
              ],
              [
                702934.4100398794,
                6170019.5967153385
              ],
              [
                702934.7275405079,
                6170018.908797305
              ],
              [
                702935.2567082271,
                6170014.887122594
              ],
              [
                702936.2621269226,
                6170004.832935821
              ],
              [
                702936.3150436878,
                6169992.450411048
              ],
              [
                702935.6800424159,
                6169984.883312587
              ],
              [
                702934.3571231142,
                6169984.036644228
              ],
              [
                702932.1875354424,
                6169983.877893906
              ],
              [
                702929.7004471272,
                6169985.571230631
              ],
              [
                702928.2187775001,
                6169990.80999111
              ],
              [
                702926.5254407823,
                6170007.267107353
              ],
              [
                702926.4460656196,
                6170013.564203281
              ],
              [
                702927.6366929933,
                6170015.945458043
              ],
              [
                702933.8279553875,
                6170019.834840827
              ]
            ]
          ]
        ]
      }
    },
    {
      "type": "Feature",
      "properties": {
        "info": false,
        "cara": false,
        "regl": false,
        "id": 0,
        "tech": true,
        "projet": "La biodiversité du Parc",
        "Id": 0,
        "Type": "Dune Artificielle"
      },
      "geometry": {
        "type": "MultiPolygon",
        "coordinates": [
          [
            [
              [
                703204.1043396816,
                6189818.524004236
              ],
              [
                703206.6178863943,
                6189870.647025149
              ],
              [
                703212.8356071487,
                6189870.250149351
              ],
              [
                703211.5126878321,
                6189818.788588099
              ],
              [
                703204.1043396816,
                6189818.524004236
              ]
            ]
          ]
        ]
      }
    },
    {
      "type": "Feature",
      "properties": {
        "info": false,
        "cara": false,
        "regl": false,
        "id": 0,
        "tech": true,
        "projet": "La biodiversité du Parc",
        "Id": 0,
        "Type": "Dune Artificielle"
      },
      "geometry": {
        "type": "MultiPolygon",
        "coordinates": [
          [
            [
              [
                703206.8824702501,
                6189872.234528322
              ],
              [
                703209.7928927317,
                6189930.046102278
              ],
              [
                703216.1429054439,
                6189929.913810346
              ],
              [
                703213.23248294,
                6189871.8376525305
              ],
              [
                703206.8824702501,
                6189872.234528322
              ]
            ]
          ]
        ]
      }
    },
    {
      "type": "Feature",
      "properties": {
        "info": false,
        "cara": false,
        "regl": false,
        "id": 0,
        "tech": true,
        "projet": "La biodiversité du Parc",
        "Id": 0,
        "Type": "Dune Artificielle"
      },
      "geometry": {
        "type": "MultiPolygon",
        "coordinates": [
          [
            [
              [
                703210.189768523,
                6189931.7658973895
              ],
              [
                703211.5126878321,
                6189953.329482179
              ],
              [
                703217.4658247456,
                6189952.932606388
              ],
              [
                703216.5397812352,
                6189931.501313526
              ],
              [
                703210.189768523,
                6189931.7658973895
              ]
            ]
          ]
        ]
      }
    },
    {
      "type": "Feature",
      "properties": {
        "info": false,
        "cara": false,
        "regl": false,
        "id": 0,
        "tech": true,
        "projet": "La biodiversité du Parc",
        "Id": 0,
        "Type": "Dune Artificielle"
      },
      "geometry": {
        "type": "MultiPolygon",
        "coordinates": [
          [
            [
              [
                703211.3803959191,
                6189955.208027605
              ],
              [
                703212.0153971761,
                6189965.050547294
              ],
              [
                703218.4712434188,
                6189964.8388802
              ],
              [
                703217.9420756921,
                6189954.678859886
              ],
              [
                703211.3803959191,
                6189955.208027605
              ]
            ]
          ]
        ]
      }
    },
    {
      "type": "Feature",
      "properties": {
        "info": false,
        "cara": false,
        "regl": false,
        "id": 0,
        "tech": true,
        "projet": "La biodiversité du Parc",
        "Id": 0,
        "Type": "Dune Artificielle"
      },
      "geometry": {
        "type": "MultiPolygon",
        "coordinates": [
          [
            [
              [
                703212.3328978196,
                6189966.849717557
              ],
              [
                703213.602900356,
                6190010.876472276
              ],
              [
                703220.5879143178,
                6190010.982305821
              ],
              [
                703218.6829105094,
                6189966.532216918
              ],
              [
                703212.3328978196,
                6189966.849717557
              ]
            ]
          ]
        ]
      }
    },
    {
      "type": "Feature",
      "properties": {
        "info": false,
        "cara": false,
        "regl": false,
        "id": 0,
        "tech": true,
        "projet": "La biodiversité du Parc",
        "Id": 0,
        "Type": "Dune Artificielle"
      },
      "geometry": {
        "type": "MultiPolygon",
        "coordinates": [
          [
            [
              [
                703214.5554022565,
                6190013.522310898
              ],
              [
                703216.5662396103,
                6190060.618238423
              ],
              [
                703223.8687542155,
                6190061.253239702
              ],
              [
                703221.3287491351,
                6190013.522310898
              ],
              [
                703214.5554022565,
                6190013.522310898
              ]
            ]
          ]
        ]
      }
    },
    {
      "type": "Feature",
      "properties": {
        "info": false,
        "cara": false,
        "regl": false,
        "id": 0,
        "tech": true,
        "projet": "La biodiversité du Parc",
        "Id": 0,
        "Type": "Dune Artificielle"
      },
      "geometry": {
        "type": "MultiPolygon",
        "coordinates": [
          [
            [
              [
                703216.9895737916,
                6190062.205741607
              ],
              [
                703218.8945776001,
                6190101.469986793
              ],
              [
                703225.9854251221,
                6190100.94081907
              ],
              [
                703224.503755495,
                6190063.264077049
              ],
              [
                703216.9895737916,
                6190062.205741607
              ]
            ]
          ]
        ]
      }
    },
    {
      "type": "Feature",
      "properties": {
        "info": false,
        "cara": false,
        "regl": false,
        "id": 0,
        "tech": true,
        "projet": "La biodiversité du Parc",
        "Id": 0,
        "Type": "Dune Artificielle"
      },
      "geometry": {
        "type": "MultiPolygon",
        "coordinates": [
          [
            [
              [
                703219.7412459478,
                6190102.52832225
              ],
              [
                703221.7520833164,
                6190144.438406069
              ],
              [
                703222.5987516865,
                6190144.438406069
              ],
              [
                703225.6679244936,
                6190142.427568711
              ],
              [
                703228.1020960212,
                6190138.829228185
              ],
              [
                703226.8320934847,
                6190102.951656427
              ],
              [
                703219.7412459478,
                6190102.52832225
              ]
            ]
          ]
        ]
      }
    },
    {
      "type": "Feature",
      "properties": {
        "info": false,
        "cara": false,
        "regl": false,
        "id": 0,
        "tech": true,
        "projet": "La biodiversité du Parc",
        "Id": 0,
        "Type": "Dune Artificielle"
      },
      "geometry": {
        "type": "MultiPolygon",
        "coordinates": [
          [
            [
              [
                703322.9840739742,
                6191309.440840241
              ],
              [
                703321.6611546725,
                6191294.094976213
              ],
              [
                703310.548632443,
                6191293.301224634
              ],
              [
                703311.8715517446,
                6191307.853337068
              ],
              [
                703322.9840739742,
                6191309.440840241
              ]
            ]
          ]
        ]
      }
    },
    {
      "type": "Feature",
      "properties": {
        "info": false,
        "cara": false,
        "regl": false,
        "id": 0,
        "tech": true,
        "projet": "La biodiversité du Parc",
        "Id": 0,
        "Type": "Dune Artificielle"
      },
      "geometry": {
        "type": "MultiPolygon",
        "coordinates": [
          [
            [
              [
                703318.2215644494,
                6191358.653438669
              ],
              [
                703324.0424094349,
                6191424.931696232
              ],
              [
                703338.2637920305,
                6191416.00199087
              ],
              [
                703331.9799253047,
                6191360.439379744
              ],
              [
                703318.2215644494,
                6191358.653438669
              ]
            ]
          ]
        ]
      }
    },
    {
      "type": "Feature",
      "properties": {
        "info": false,
        "cara": false,
        "regl": false,
        "id": 0,
        "tech": true,
        "projet": "La biodiversité du Parc",
        "Id": 0,
        "Type": "Dune Artificielle"
      },
      "geometry": {
        "type": "MultiPolygon",
        "coordinates": [
          [
            [
              [
                703362.0763396546,
                6191627.669080865
              ],
              [
                703359.7612308711,
                6191610.140399974
              ],
              [
                703347.5242272243,
                6191615.101347402
              ],
              [
                703348.5164167061,
                6191628.9920001775
              ],
              [
                703362.0763396546,
                6191627.669080865
              ]
            ]
          ]
        ]
      }
    },
    {
      "type": "Feature",
      "properties": {
        "info": false,
        "cara": false,
        "regl": false,
        "id": 0,
        "tech": true,
        "projet": "La biodiversité du Parc",
        "Id": 0,
        "Type": "Dune Artificielle"
      },
      "geometry": {
        "type": "MultiPolygon",
        "coordinates": [
          [
            [
              [
                703393.1649434939,
                6191939.547308788
              ],
              [
                703390.8498347104,
                6191912.42746288
              ],
              [
                703382.2508591712,
                6191914.742571678
              ],
              [
                703384.565967977,
                6191937.232199997
              ],
              [
                703393.1649434939,
                6191939.547308788
              ]
            ]
          ]
        ]
      }
    },
    {
      "type": "Feature",
      "properties": {
        "info": false,
        "cara": false,
        "regl": false,
        "id": 0,
        "tech": true,
        "projet": "La biodiversité du Parc",
        "Id": 0,
        "Type": "Dune Artificielle"
      },
      "geometry": {
        "type": "MultiPolygon",
        "coordinates": [
          [
            [
              [
                703393.1649434939,
                6191905.812866323
              ],
              [
                703389.1961855739,
                6191867.11747643
              ],
              [
                703380.2664802149,
                6191868.440395743
              ],
              [
                703382.9123188257,
                6191905.482136495
              ],
              [
                703393.1649434939,
                6191905.812866323
              ]
            ]
          ]
        ]
      }
    }
  ]
}