{
  "type": "FeatureCollection",
  "name": "phy_med_pnmgl_senvisat_inventaire-ouvrages-2018_aamp_upvd_ln_2154",
  "crs": {
    "type": "name",
    "properties": {
      "name": "urn:ogc:def:crs:EPSG::2154"
    }
  },
  "features": [
    {
      "type": "Feature",
      "properties": {
        "info": false,
        "cara": false,
        "regl": false,
        "id": 0,
        "tech": true,
        "projet": "La biodiversité du Parc",
        "Id": 0,
        "Type": "Enrochement"
      },
      "geometry": {
        "type": "MultiLineString",
        "coordinates": [
          [
            [
              713735.1167654544,
              6148939.040476207
            ],
            [
              713734.8262144774,
              6148940.609451491
            ],
            [
              713697.6516905278,
              6148961.688854836
            ]
          ]
        ]
      }
    },
    {
      "type": "Feature",
      "properties": {
        "info": false,
        "cara": false,
        "regl": false,
        "id": 0,
        "tech": true,
        "projet": "La biodiversité du Parc",
        "Id": 0,
        "Type": "Enrochement"
      },
      "geometry": {
        "type": "MultiLineString",
        "coordinates": [
          [
            [
              713703.1550348699,
              6148979.680557493
            ],
            [
              713705.0600386783,
              6148984.125566378
            ],
            [
              713701.8850323334,
              6148990.687246166
            ],
            [
              713694.9000183567,
              6148998.307261407
            ],
            [
              713688.3383385763,
              6149007.408946272
            ],
            [
              713682.1999929622,
              6149014.605627336
            ],
            [
              713679.0249866173,
              6149019.897304583
            ],
            [
              713675.0033119023,
              6149024.553980563
            ],
            [
              713672.6749739125,
              6149022.225642577
            ],
            [
              713674.579977721,
              6149015.8756298795
            ],
            [
              713676.9083157107,
              6149011.430620983
            ],
            [
              713677.1199828088,
              6149007.832280457
            ]
          ]
        ]
      }
    },
    {
      "type": "Feature",
      "properties": {
        "info": false,
        "cara": false,
        "regl": false,
        "id": 0,
        "tech": true,
        "projet": "La biodiversité du Parc",
        "Id": 0,
        "Type": "Enrochement"
      },
      "geometry": {
        "type": "MultiLineString",
        "coordinates": [
          [
            [
              710956.3512079194,
              6153545.260313667
            ],
            [
              710950.424529396,
              6153530.231950272
            ],
            [
              710938.1478381827,
              6153512.451914713
            ],
            [
              710913.8061228245,
              6153481.760186665
            ]
          ]
        ]
      }
    },
    {
      "type": "Feature",
      "properties": {
        "info": false,
        "cara": false,
        "regl": false,
        "id": 0,
        "tech": true,
        "projet": "La biodiversité du Parc",
        "Id": 0,
        "Type": "Enrochement"
      },
      "geometry": {
        "type": "MultiLineString",
        "coordinates": [
          [
            [
              710832.7376273647,
              6153474.140171424
            ],
            [
              710832.525960274,
              6153476.256842326
            ],
            [
              710827.8692842871,
              6153479.008514497
            ],
            [
              710823.212608315,
              6153477.950179044
            ],
            [
              710795.2725524306,
              6153459.746809304
            ],
            [
              710795.2725524306,
              6153455.513467502
            ]
          ]
        ]
      }
    },
    {
      "type": "Feature",
      "properties": {
        "info": false,
        "cara": false,
        "regl": false,
        "id": 0,
        "tech": true,
        "projet": "La biodiversité du Parc",
        "Id": 0,
        "Type": "Enrochement"
      },
      "geometry": {
        "type": "MultiLineString",
        "coordinates": [
          [
            [
              710469.5102863163,
              6154179.209862821
            ],
            [
              710470.9390391782,
              6154206.991168376
            ],
            [
              710472.5265423581,
              6154214.1349326745
            ],
            [
              710471.0977894962,
              6154214.452433303
            ],
            [
              710468.5577844158,
              6154208.419921245
            ],
            [
              710466.1765296534,
              6154205.403665207
            ]
          ]
        ]
      }
    },
    {
      "type": "Feature",
      "properties": {
        "info": false,
        "cara": false,
        "regl": false,
        "id": 0,
        "tech": true,
        "projet": "La biodiversité du Parc",
        "Id": 0,
        "Type": "Enrochement"
      },
      "geometry": {
        "type": "MultiLineString",
        "coordinates": [
          [
            [
              709610.7195452675,
              6157712.157464821
            ],
            [
              709599.7666857168,
              6157715.528628174
            ],
            [
              709587.8604119048,
              6157718.306758724
            ],
            [
              709579.1291444376,
              6157718.8359264545
            ],
            [
              709566.2968271151,
              6157719.100510314
            ],
            [
              709553.0676339865,
              6157718.439050656
            ],
            [
              709546.4530374184,
              6157715.793212034
            ],
            [
              709538.5155215487,
              6157703.093186632
            ],
            [
              709521.0529866293,
              6157681.132726047
            ],
            [
              709516.1581851617,
              6157676.634800386
            ]
          ]
        ]
      }
    },
    {
      "type": "Feature",
      "properties": {
        "info": false,
        "cara": false,
        "regl": false,
        "id": 0,
        "tech": true,
        "projet": "La biodiversité du Parc",
        "Id": 0,
        "Type": "Enrochement"
      },
      "geometry": {
        "type": "MultiLineString",
        "coordinates": [
          [
            [
              709289.8066908047,
              6157583.898156576
            ],
            [
              709294.5692003295,
              6157595.804430384
            ],
            [
              709299.4640017822,
              6157607.842996135
            ],
            [
              709299.1994179264,
              6157610.224250898
            ],
            [
              709298.1410824656,
              6157611.414878279
            ],
            [
              709279.6202120855,
              6157622.2628166415
            ],
            [
              709272.3441558704,
              6157626.893034235
            ],
            [
              709269.0368575975,
              6157624.511779472
            ]
          ]
        ]
      }
    },
    {
      "type": "Feature",
      "properties": {
        "info": false,
        "cara": false,
        "regl": false,
        "id": 0,
        "tech": true,
        "projet": "La biodiversité du Parc",
        "Id": 0,
        "Type": "Enrochement"
      },
      "geometry": {
        "type": "MultiLineString",
        "coordinates": [
          [
            [
              709352.5130662099,
              6157884.730008248
            ],
            [
              709357.8047434539,
              6157886.58209528
            ],
            [
              709363.3610045761,
              6157892.667524114
            ],
            [
              709369.578725338,
              6157901.266499646
            ],
            [
              709371.0339365825,
              6157907.219636552
            ],
            [
              709369.0495576113,
              6157911.849854145
            ],
            [
              709366.6683028489,
              6157913.966525048
            ]
          ]
        ]
      }
    },
    {
      "type": "Feature",
      "properties": {
        "info": false,
        "cara": false,
        "regl": false,
        "id": 0,
        "tech": true,
        "projet": "La biodiversité du Parc",
        "Id": 0,
        "Type": "Enrochement"
      },
      "geometry": {
        "type": "MultiLineString",
        "coordinates": [
          [
            [
              707143.6399817914,
              6158686.856556945
            ],
            [
              707117.7107632682,
              6158685.692387946
            ]
          ]
        ]
      }
    },
    {
      "type": "Feature",
      "properties": {
        "info": false,
        "cara": false,
        "regl": false,
        "id": 0,
        "tech": true,
        "projet": "La biodiversité du Parc",
        "Id": 0,
        "Type": "Enrochement"
      },
      "geometry": {
        "type": "MultiLineString",
        "coordinates": [
          [
            [
              704224.67033308,
              6160383.7411701605
            ],
            [
              704252.6103889719,
              6160381.624499258
            ],
            [
              704276.7404372245,
              6160379.507828366
            ],
            [
              704288.8054613546,
              6160377.179490373
            ],
            [
              704291.9804676995,
              6160374.851152375
            ],
            [
              704293.250470236,
              6160371.041144758
            ],
            [
              704291.7688006088,
              6160368.289472587
            ],
            [
              704288.3821271732,
              6160367.019470047
            ]
          ]
        ]
      }
    },
    {
      "type": "Feature",
      "properties": {
        "info": false,
        "cara": false,
        "regl": false,
        "id": 0,
        "tech": true,
        "projet": "La biodiversité du Parc",
        "Id": 0,
        "Type": "Enrochement"
      },
      "geometry": {
        "type": "MultiLineString",
        "coordinates": [
          [
            [
              704227.6336723343,
              6160400.886204448
            ],
            [
              704263.4054105505,
              6160397.287863921
            ],
            [
              704270.6020916104,
              6160396.229528468
            ],
            [
              704275.4704346731,
              6160397.287863921
            ],
            [
              704290.7104651704,
              6160403.214542441
            ],
            [
              704302.3521551043,
              6160407.236217152
            ],
            [
              704307.0088310912,
              6160408.294552606
            ],
            [
              704308.067166552,
              6160411.469558947
            ]
          ]
        ]
      }
    },
    {
      "type": "Feature",
      "properties": {
        "info": false,
        "cara": false,
        "regl": false,
        "id": 0,
        "tech": true,
        "projet": "La biodiversité du Parc",
        "Id": 0,
        "Type": "Enrochement"
      },
      "geometry": {
        "type": "MultiLineString",
        "coordinates": [
          [
            [
              703427.6913736612,
              6167136.003472451
            ],
            [
              703424.7809511796,
              6167158.757684633
            ],
            [
              703418.695522353,
              6167198.70984786
            ],
            [
              703411.0225903243,
              6167238.132843379
            ],
            [
              703405.466329217,
              6167254.272458997
            ]
          ]
        ]
      }
    },
    {
      "type": "Feature",
      "properties": {
        "info": false,
        "cara": false,
        "regl": false,
        "id": 0,
        "tech": true,
        "projet": "La biodiversité du Parc",
        "Id": 0,
        "Type": "Enrochement"
      },
      "geometry": {
        "type": "MultiLineString",
        "coordinates": [
          [
            [
              703247.2010821328,
              6168628.467683088
            ],
            [
              703247.2010821328,
              6168647.358970869
            ],
            [
              703242.7560732365,
              6168659.741495635
            ]
          ]
        ]
      }
    },
    {
      "type": "Feature",
      "properties": {
        "info": false,
        "cara": false,
        "regl": false,
        "id": 0,
        "tech": true,
        "projet": "La biodiversité du Parc",
        "Id": 0,
        "Type": "Enrochement"
      },
      "geometry": {
        "type": "MultiLineString",
        "coordinates": [
          [
            [
              702708.514511697,
              6173078.13016228
            ],
            [
              702779.2113197744,
              6173088.078515515
            ]
          ]
        ]
      }
    },
    {
      "type": "Feature",
      "properties": {
        "info": false,
        "cara": false,
        "regl": false,
        "id": 0,
        "tech": true,
        "projet": "La biodiversité du Parc",
        "Id": 0,
        "Type": "Enrochement"
      },
      "geometry": {
        "type": "MultiLineString",
        "coordinates": [
          [
            [
              702710.8428496867,
              6173029.6583986655
            ],
            [
              702771.8029716089,
              6173022.250050519
            ],
            [
              702806.3047072738,
              6173011.666696016
            ]
          ]
        ]
      }
    },
    {
      "type": "Feature",
      "properties": {
        "info": false,
        "cara": false,
        "regl": false,
        "id": 0,
        "tech": true,
        "projet": "La biodiversité du Parc",
        "Id": 0,
        "Type": "Enrochement"
      },
      "geometry": {
        "type": "MultiLineString",
        "coordinates": [
          [
            [
              703149.8439221308,
              6179429.533250514
            ],
            [
              703162.7556146309,
              6179443.503278449
            ],
            [
              703163.1789488122,
              6179466.3633241765
            ],
            [
              703161.2739450037,
              6179484.9900280945
            ],
            [
              703157.0406031981,
              6179503.193397831
            ]
          ]
        ]
      }
    },
    {
      "type": "Feature",
      "properties": {
        "info": false,
        "cara": false,
        "regl": false,
        "id": 0,
        "tech": true,
        "projet": "La biodiversité du Parc",
        "Id": 0,
        "Type": "Enrochement"
      },
      "geometry": {
        "type": "MultiLineString",
        "coordinates": [
          [
            [
              703257.5219018534,
              6180351.669201657
            ],
            [
              703242.2366069257,
              6180353.883432563
            ],
            [
              703232.843879804,
              6180356.264687322
            ],
            [
              703221.4667737186,
              6180362.217824228
            ],
            [
              703210.7511272952,
              6180366.451166026
            ],
            [
              703204.1365307271,
              6180367.906377267
            ],
            [
              703195.8021390513,
              6180367.509501476
            ],
            [
              703184.1604491025,
              6180365.260538645
            ]
          ]
        ]
      }
    },
    {
      "type": "Feature",
      "properties": {
        "info": false,
        "cara": false,
        "regl": false,
        "id": 0,
        "tech": true,
        "projet": "La biodiversité du Parc",
        "Id": 0,
        "Type": "Enrochement"
      },
      "geometry": {
        "type": "MultiLineString",
        "coordinates": [
          [
            [
              703129.3386727944,
              6180534.475147907
            ],
            [
              703146.8012077138,
              6180524.950128857
            ],
            [
              703154.5799732804,
              6180523.521376006
            ],
            [
              703161.2474866137,
              6180523.20387537
            ],
            [
              703167.914999947,
              6180520.346369654
            ],
            [
              703167.7562496439,
              6180515.583860129
            ],
            [
              703166.0099961385,
              6180512.567604091
            ]
          ]
        ]
      }
    },
    {
      "type": "Feature",
      "properties": {
        "info": false,
        "cara": false,
        "regl": false,
        "id": 0,
        "tech": true,
        "projet": "La biodiversité du Parc",
        "Id": 0,
        "Type": "Enrochement"
      },
      "geometry": {
        "type": "MultiLineString",
        "coordinates": [
          [
            [
              703222.8426098004,
              6180567.653964266
            ],
            [
              703209.9838340878,
              6180597.975274909
            ],
            [
              703214.1113423333,
              6180658.300395567
            ],
            [
              703211.8888378963,
              6180659.094147146
            ],
            [
              703210.4600850418,
              6180659.252897464
            ]
          ]
        ]
      }
    },
    {
      "type": "Feature",
      "properties": {
        "info": false,
        "cara": false,
        "regl": false,
        "id": 0,
        "tech": true,
        "projet": "La biodiversité du Parc",
        "Id": 0,
        "Type": "Enrochement"
      },
      "geometry": {
        "type": "MultiLineString",
        "coordinates": [
          [
            [
              703214.4288429618,
              6180660.681650329
            ],
            [
              703217.762599647,
              6180661.316651594
            ],
            [
              703218.7151015401,
              6180663.062905092
            ],
            [
              703218.7151015401,
              6180666.872912709
            ],
            [
              703217.9213499576,
              6180668.936666835
            ],
            [
              703215.8575958386,
              6180670.206669379
            ],
            [
              703213.6350913867,
              6180669.730418425
            ]
          ]
        ]
      }
    },
    {
      "type": "Feature",
      "properties": {
        "info": false,
        "cara": false,
        "regl": false,
        "id": 0,
        "tech": true,
        "projet": "La biodiversité du Parc",
        "Id": 0,
        "Type": "Enrochement"
      },
      "geometry": {
        "type": "MultiLineString",
        "coordinates": [
          [
            [
              703210.1425844133,
              6180670.365419693
            ],
            [
              703211.7300875708,
              6180672.90542477
            ],
            [
              703211.2538366243,
              6180681.636692237
            ],
            [
              703208.3963309079,
              6180704.814238593
            ],
            [
              703225.7001155168,
              6180711.3230016045
            ],
            [
              703226.1763664708,
              6180715.133009225
            ],
            [
              703221.0963563025,
              6180725.610530179
            ],
            [
              703214.7463436127,
              6180737.1993033625
            ],
            [
              703211.4125869423,
              6180746.883072726
            ],
            [
              703207.920079954,
              6180753.391835745
            ],
            [
              703206.4913270995,
              6180754.026837014
            ],
            [
              703203.1575704291,
              6180754.026837014
            ],
            [
              703201.4113169461,
              6180752.756834477
            ]
          ]
        ]
      }
    },
    {
      "type": "Feature",
      "properties": {
        "info": false,
        "cara": false,
        "regl": false,
        "id": 0,
        "tech": true,
        "projet": "La biodiversité du Parc",
        "Id": 0,
        "Type": "Enrochement"
      },
      "geometry": {
        "type": "MultiLineString",
        "coordinates": [
          [
            [
              703200.3000647128,
              6180754.820588604
            ],
            [
              703202.8400698006,
              6180757.36059368
            ],
            [
              703199.8238137588,
              6180762.440603841
            ],
            [
              703193.4738010764,
              6180771.648122255
            ],
            [
              703190.7750456631,
              6180775.299379557
            ],
            [
              703188.2350405827,
              6180778.474385913
            ],
            [
              703186.0125361383,
              6180780.696890358
            ]
          ]
        ]
      }
    },
    {
      "type": "Feature",
      "properties": {
        "info": false,
        "cara": false,
        "regl": false,
        "id": 0,
        "tech": true,
        "projet": "La biodiversité du Parc",
        "Id": 0,
        "Type": "Enrochement"
      },
      "geometry": {
        "type": "MultiLineString",
        "coordinates": [
          [
            [
              703153.6274713725,
              6180810.065699097
            ],
            [
              703156.6437274143,
              6180851.499531962
            ],
            [
              703159.0249821767,
              6180876.26458149
            ],
            [
              703164.1049923301,
              6180878.487085938
            ],
            [
              703164.2637426481,
              6180884.519598
            ],
            [
              703159.5012331232,
              6180889.282107525
            ]
          ]
        ]
      }
    },
    {
      "type": "Feature",
      "properties": {
        "info": false,
        "cara": false,
        "regl": false,
        "id": 0,
        "tech": true,
        "projet": "La biodiversité du Parc",
        "Id": 0,
        "Type": "Enrochement"
      },
      "geometry": {
        "type": "MultiLineString",
        "coordinates": [
          [
            [
              703126.798667714,
              6181013.901106764
            ],
            [
              703146.9599580392,
              6181032.316143595
            ],
            [
              703153.468721047,
              6181036.126151215
            ],
            [
              703159.1837324798,
              6181039.936158836
            ],
            [
              703159.6599834338,
              6181047.397423759
            ],
            [
              703144.4199529514,
              6181062.6374542415
            ],
            [
              703135.5299351811,
              6181067.558714081
            ]
          ]
        ]
      }
    },
    {
      "type": "Feature",
      "properties": {
        "info": false,
        "cara": false,
        "regl": false,
        "id": 0,
        "tech": true,
        "projet": "La biodiversité du Parc",
        "Id": 0,
        "Type": "Enrochement"
      },
      "geometry": {
        "type": "MultiLineString",
        "coordinates": [
          [
            [
              703077.9591325298,
              6181147.895194206
            ],
            [
              703073.5141236484,
              6181157.10271262
            ],
            [
              703069.3866153806,
              6181232.191612795
            ],
            [
              703065.1003568321,
              6181300.454249322
            ],
            [
              703061.4490995184,
              6181379.670657754
            ],
            [
              703055.8928383887,
              6181449.997048408
            ],
            [
              703051.4478295147,
              6181541.754731927
            ],
            [
              703048.1140728444,
              6181598.587345596
            ]
          ]
        ]
      }
    },
    {
      "type": "Feature",
      "properties": {
        "info": false,
        "cara": false,
        "regl": false,
        "id": 0,
        "tech": true,
        "projet": "La biodiversité du Parc",
        "Id": 0,
        "Type": "Enrochement"
      },
      "geometry": {
        "type": "MultiLineString",
        "coordinates": [
          [
            [
              703144.7612661421,
              6186010.957170345
            ],
            [
              703148.888774395,
              6186011.750921935
            ],
            [
              703151.2700291574,
              6186014.132176697
            ],
            [
              703152.0637807399,
              6186020.164688766
            ],
            [
              703151.9050304294,
              6186025.403449241
            ],
            [
              703150.6350279003,
              6186027.4672033675
            ],
            [
              703146.190019004,
              6186029.530957498
            ],
            [
              703141.9037604257,
              6186030.007208444
            ],
            [
              703138.7287540883,
              6186029.84845813
            ]
          ]
        ]
      }
    },
    {
      "type": "Feature",
      "properties": {
        "info": false,
        "cara": false,
        "regl": false,
        "id": 0,
        "tech": true,
        "projet": "La biodiversité du Parc",
        "Id": 0,
        "Type": "Enrochement"
      },
      "geometry": {
        "type": "MultiLineString",
        "coordinates": [
          [
            [
              703177.6225818619,
              6186508.798166033
            ],
            [
              703119.9962166175,
              6186490.383129202
            ]
          ]
        ]
      }
    },
    {
      "type": "Feature",
      "properties": {
        "info": false,
        "cara": false,
        "regl": false,
        "id": 0,
        "tech": true,
        "projet": "La biodiversité du Parc",
        "Id": 0,
        "Type": "Enrochement"
      },
      "geometry": {
        "type": "MultiLineString",
        "coordinates": [
          [
            [
              703179.6863359958,
              6186516.576931588
            ],
            [
              703189.370105356,
              6186515.783180006
            ],
            [
              703201.276379168,
              6186515.624429684
            ],
            [
              703208.7376440987,
              6186513.084424607
            ],
            [
              703212.071400769,
              6186512.925674293
            ],
            [
              703214.928906478,
              6186514.036926512
            ],
            [
              703218.7389141023,
              6186518.640685722
            ],
            [
              703220.3264172599,
              6186524.514447466
            ],
            [
              703221.7551701218,
              6186534.356967151
            ],
            [
              703220.6439179108,
              6186540.865730174
            ],
            [
              703215.8814083859,
              6186546.739491917
            ],
            [
              703209.8488963097,
              6186550.073248584
            ],
            [
              703199.8476263061,
              6186552.454503346
            ],
            [
              703187.1476009116,
              6186551.660751756
            ],
            [
              703167.1450609118,
              6186548.485745404
            ],
            [
              703147.3012712151,
              6186545.310739059
            ],
            [
              703134.1249948665,
              6186540.548229534
            ],
            [
              703094.7549161315,
              6186533.086964611
            ]
          ]
        ]
      }
    },
    {
      "type": "Feature",
      "properties": {
        "info": false,
        "cara": false,
        "regl": false,
        "id": 0,
        "tech": true,
        "projet": "La biodiversité du Parc",
        "Id": 0,
        "Type": "Enrochement"
      },
      "geometry": {
        "type": "MultiLineString",
        "coordinates": [
          [
            [
              703170.7963182032,
              6186842.173832789
            ],
            [
              703178.4163334444,
              6186844.2375869155
            ],
            [
              703180.9563385323,
              6186843.7613359615
            ],
            [
              703181.9088404402,
              6186840.745079931
            ],
            [
              703179.0513347238,
              6186823.758795958
            ],
            [
              703173.6538239196,
              6186811.8525221385
            ],
            [
              703164.9225564674,
              6186800.739999916
            ],
            [
              703145.0787667707,
              6186785.182468809
            ],
            [
              703088.5636537373,
              6186740.89113022
            ],
            [
              703055.3848373815,
              6186723.746095929
            ],
            [
              702997.7584721372,
              6186697.552293543
            ],
            [
              702957.2771411762,
              6186679.45475734
            ]
          ]
        ]
      }
    },
    {
      "type": "Feature",
      "properties": {
        "info": false,
        "cara": false,
        "regl": false,
        "id": 0,
        "tech": true,
        "projet": "La biodiversité du Parc",
        "Id": 0,
        "Type": "Enrochement"
      },
      "geometry": {
        "type": "MultiLineString",
        "coordinates": [
          [
            [
              703230.0710409284,
              6188556.637574218
            ],
            [
              703240.3898115605,
              6188573.465107869
            ],
            [
              703245.4698217362,
              6188576.481363907
            ],
            [
              703258.8048483878,
              6188601.8814147115
            ],
            [
              703258.6460980773,
              6188607.755176455
            ]
          ]
        ]
      }
    },
    {
      "type": "Feature",
      "properties": {
        "info": false,
        "cara": false,
        "regl": false,
        "id": 0,
        "tech": true,
        "projet": "La biodiversité du Parc",
        "Id": 0,
        "Type": "Enrochement"
      },
      "geometry": {
        "type": "MultiLineString",
        "coordinates": [
          [
            [
              703173.0862915441,
              6188995.096029259
            ],
            [
              703173.0862915441,
              6189011.764812596
            ],
            [
              703174.4092108458,
              6189037.1648634
            ],
            [
              703174.1446270049,
              6189052.1138516255
            ],
            [
              703174.6737947091,
              6189064.152417377
            ],
            [
              703175.5998382345,
              6189108.337922409
            ],
            [
              703184.463397637,
              6189107.941046618
            ],
            [
              703185.9186088666,
              6189108.602506269
            ],
            [
              703186.9769443274,
              6189113.365015794
            ],
            [
              703187.3738201186,
              6189118.127525318
            ],
            [
              703186.4477766082,
              6189122.096283264
            ],
            [
              703183.8019379675,
              6189123.9483702965
            ],
            [
              703186.3154846728,
              6189163.371365812
            ],
            [
              703185.3894411474,
              6189183.612031292
            ],
            [
              703185.1248572841,
              6189204.911032222
            ],
            [
              703186.9769443274,
              6189241.55589718
            ],
            [
              703187.7706959099,
              6189262.193438452
            ],
            [
              703187.9029878378,
              6189275.422631584
            ],
            [
              703185.7863169387,
              6189302.67476942
            ],
            [
              703185.1248572841,
              6189318.285217304
            ],
            [
              703184.463397637,
              6189336.806087684
            ],
            [
              703184.595689565,
              6189348.712361496
            ]
          ]
        ]
      }
    },
    {
      "type": "Feature",
      "properties": {
        "info": false,
        "cara": false,
        "regl": false,
        "id": 0,
        "tech": true,
        "projet": "La biodiversité du Parc",
        "Id": 0,
        "Type": "Enrochement"
      },
      "geometry": {
        "type": "MultiLineString",
        "coordinates": [
          [
            [
              703949.3202224821,
              6196657.853689864
            ],
            [
              703983.6102910787,
              6196684.523743205
            ],
            [
              704021.4987001792,
              6196717.332142156
            ],
            [
              704067.0071245283,
              6196752.8922132775
            ],
            [
              704104.8955336362,
              6196784.8539438695
            ]
          ]
        ]
      }
    },
    {
      "type": "Feature",
      "properties": {
        "info": false,
        "cara": false,
        "regl": false,
        "id": 0,
        "tech": true,
        "projet": "La biodiversité du Parc",
        "Id": 0,
        "Type": "Enrochement"
      },
      "geometry": {
        "type": "MultiLineString",
        "coordinates": [
          [
            [
              704018.53536091,
              6196926.670894168
            ],
            [
              704041.1837395355,
              6196852.375745576
            ]
          ]
        ]
      }
    },
    {
      "type": "Feature",
      "properties": {
        "info": false,
        "cara": false,
        "regl": false,
        "id": 0,
        "tech": true,
        "projet": "La biodiversité du Parc",
        "Id": 0,
        "Type": "Enrochement"
      },
      "geometry": {
        "type": "MultiLineString",
        "coordinates": [
          [
            [
              703731.276661396,
              6197410.779987391
            ],
            [
              703717.0949663594,
              6197387.919941664
            ],
            [
              703772.9750781208,
              6197354.899875626
            ],
            [
              703789.2734440565,
              6197287.801408097
            ],
            [
              703793.9301200435,
              6197282.298063759
            ],
            [
              703818.6951695755,
              6197268.116368722
            ],
            [
              703901.8803359345,
              6197218.797936756
            ],
            [
              703906.7486790121,
              6197218.374602575
            ],
            [
              703914.5803613439,
              6197220.914607659
            ],
            [
              703957.5487806052,
              6197234.037967239
            ],
            [
              703969.8254718333,
              6197238.482976124
            ],
            [
              703984.4305010363,
              6197241.022981208
            ],
            [
              703996.707192257,
              6197240.176312849
            ],
            [
              704017.4505670741,
              6197235.731303956
            ],
            [
              704040.0989457071,
              6197226.629619088
            ],
            [
              704046.025624223,
              6197223.66627983
            ]
          ]
        ]
      }
    },
    {
      "type": "Feature",
      "properties": {
        "info": false,
        "cara": false,
        "regl": false,
        "id": 0,
        "tech": true,
        "projet": "La biodiversité du Parc",
        "Id": 0,
        "Type": "Enrochement"
      },
      "geometry": {
        "type": "MultiLineString",
        "coordinates": [
          [
            [
              704051.5289685652,
              6197479.360124547
            ],
            [
              704057.2439800128,
              6197482.323463805
            ],
            [
              704061.6889888868,
              6197487.191806875
            ],
            [
              704063.8056597933,
              6197492.483484123
            ],
            [
              704063.1706585139,
              6197499.2568310015
            ],
            [
              704060.8423205242,
              6197502.431837358
            ],
            [
              704057.0323129222,
              6197505.818510801
            ],
            [
              704052.3756369278,
              6197507.511847518
            ],
            [
              704046.025624223,
              6197508.358515877
            ],
            [
              704040.9456140697,
              6197508.570182968
            ]
          ]
        ]
      }
    },
    {
      "type": "Feature",
      "properties": {
        "info": false,
        "cara": false,
        "regl": false,
        "id": 0,
        "tech": true,
        "projet": "La biodiversité du Parc",
        "Id": 0,
        "Type": "Enrochement"
      },
      "geometry": {
        "type": "MultiLineString",
        "coordinates": [
          [
            [
              704037.7706077248,
              6197598.317029126
            ],
            [
              704044.5439545959,
              6197607.842048176
            ]
          ]
        ]
      }
    },
    {
      "type": "Feature",
      "properties": {
        "info": false,
        "cara": false,
        "regl": false,
        "id": 0,
        "tech": true,
        "projet": "La biodiversité du Parc",
        "Id": 0,
        "Type": "Enrochement"
      },
      "geometry": {
        "type": "MultiLineString",
        "coordinates": [
          [
            [
              704055.1273090914,
              6197627.315420456
            ],
            [
              704081.5856953561,
              6197668.167168826
            ],
            [
              704090.2640460357,
              6197684.677201845
            ],
            [
              704096.6140587404,
              6197690.180546194
            ],
            [
              704103.3874056116,
              6197696.530558888
            ],
            [
              704111.0074208528,
              6197715.580596987
            ],
            [
              704109.5257512257,
              6197730.185626201
            ],
            [
              704106.5624119788,
              6197738.652309798
            ],
            [
              704108.4674157873,
              6197743.097318687
            ],
            [
              704107.6207474172,
              6197748.600663025
            ],
            [
              704102.5407372639,
              6197751.775669377
            ],
            [
              704093.8623865619,
              6197755.16234282
            ],
            [
              704086.2423713282,
              6197757.914014991
            ]
          ]
        ]
      }
    },
    {
      "type": "Feature",
      "properties": {
        "info": false,
        "cara": false,
        "regl": false,
        "id": 0,
        "tech": true,
        "projet": "La biodiversité du Parc",
        "Id": 0,
        "Type": "Enrochement"
      },
      "geometry": {
        "type": "MultiLineString",
        "coordinates": [
          [
            [
              704118.627436094,
              6197991.806149438
            ],
            [
              704136.8308058381,
              6198036.89123961
            ],
            [
              704145.2974894345,
              6198058.692949884
            ]
          ]
        ]
      }
    },
    {
      "type": "Feature",
      "properties": {
        "info": false,
        "cara": false,
        "regl": false,
        "id": 0,
        "tech": true,
        "projet": "La biodiversité du Parc",
        "Id": 0,
        "Type": "Enrochement"
      },
      "geometry": {
        "type": "MultiLineString",
        "coordinates": [
          [
            [
              704146.9908261523,
              6198062.079623323
            ],
            [
              704153.7641730383,
              6198080.917994328
            ],
            [
              704170.4858731404,
              6198106.741379306
            ],
            [
              704186.9959061742,
              6198131.718095928
            ],
            [
              704200.7542670295,
              6198160.081485994
            ],
            [
              704209.6442847997,
              6198183.999867164
            ],
            [
              704220.015972197,
              6198207.494914148
            ],
            [
              704240.1243457571,
              6198234.376634579
            ],
            [
              704259.386050947,
              6198260.623353742
            ],
            [
              704272.9327447116,
              6198283.483399462
            ],
            [
              704279.2827574164,
              6198290.891747609
            ]
          ]
        ]
      }
    },
    {
      "type": "Feature",
      "properties": {
        "info": false,
        "cara": false,
        "regl": false,
        "id": 0,
        "tech": true,
        "projet": "La biodiversité du Parc",
        "Id": 0,
        "Type": "Enrochement"
      },
      "geometry": {
        "type": "MultiLineString",
        "coordinates": [
          [
            [
              704158.2091819346,
              6198430.168692831
            ],
            [
              704169.6392047927,
              6198404.133640766
            ],
            [
              704175.5658833161,
              6198399.265297696
            ],
            [
              704185.7259036228,
              6198395.666957159
            ],
            [
              704266.5827320069,
              6198343.173518844
            ],
            [
              704275.0494156107,
              6198340.210179582
            ],
            [
              704281.3994283155,
              6198341.056847941
            ],
            [
              704286.2677713782,
              6198345.290189743
            ],
            [
              704289.5142785013,
              6198352.544549864
            ]
          ]
        ]
      }
    },
    {
      "type": "Feature",
      "properties": {
        "info": false,
        "cara": false,
        "regl": false,
        "id": 0,
        "tech": true,
        "projet": "La biodiversité du Parc",
        "Id": 0,
        "Type": "Enrochement"
      },
      "geometry": {
        "type": "MultiLineString",
        "coordinates": [
          [
            [
              704278.2244219556,
              6198309.30678444
            ],
            [
              704191.4409150556,
              6198367.726901289
            ],
            [
              704160.9608540908,
              6198388.681943189
            ],
            [
              704149.7424983233,
              6198389.105277371
            ]
          ]
        ]
      }
    },
    {
      "type": "Feature",
      "properties": {
        "info": false,
        "cara": false,
        "regl": false,
        "id": 0,
        "tech": true,
        "projet": "La biodiversité du Parc",
        "Id": 0,
        "Type": "Enrochement"
      },
      "geometry": {
        "type": "MultiLineString",
        "coordinates": [
          [
            [
              704454.2388365045,
              6200073.472604454
            ],
            [
              704454.2388365045,
              6200089.61222006
            ],
            [
              704451.5929978639,
              6200115.806022447
            ],
            [
              704449.4763269573,
              6200137.766483035
            ],
            [
              704449.7409108207,
              6200154.170682512
            ]
          ]
        ]
      }
    },
    {
      "type": "Feature",
      "properties": {
        "info": false,
        "cara": false,
        "regl": false,
        "id": 0,
        "tech": true,
        "projet": "La biodiversité du Parc",
        "Id": 0,
        "Type": "Enrochement"
      },
      "geometry": {
        "type": "MultiLineString",
        "coordinates": [
          [
            [
              704448.1534076557,
              6200163.431117702
            ],
            [
              704452.6513333246,
              6200202.85411321
            ]
          ]
        ]
      }
    },
    {
      "type": "Feature",
      "properties": {
        "info": false,
        "cara": false,
        "regl": false,
        "id": 0,
        "tech": true,
        "projet": "La biodiversité du Parc",
        "Id": 0,
        "Type": "Enrochement"
      },
      "geometry": {
        "type": "MultiLineString",
        "coordinates": [
          [
            [
              704454.5034203455,
              6200163.960285421
            ],
            [
              704460.0596814677,
              6200175.072807651
            ],
            [
              704465.3513587117,
              6200185.126994424
            ],
            [
              704467.203445755,
              6200195.445765063
            ],
            [
              704466.9388618916,
              6200210.791629087
            ],
            [
              704465.0867748559,
              6200219.522896547
            ],
            [
              704459.7950976118,
              6200223.227070618
            ],
            [
              704449.4763269573,
              6200228.783331737
            ],
            [
              704441.0096433684,
              6200228.783331737
            ],
            [
              704434.924214527,
              6200226.4020769745
            ]
          ]
        ]
      }
    },
    {
      "type": "Feature",
      "properties": {
        "info": false,
        "cara": false,
        "regl": false,
        "id": 0,
        "tech": true,
        "projet": "La biodiversité du Parc",
        "Id": 0,
        "Type": "Enrochement"
      },
      "geometry": {
        "type": "MultiLineString",
        "coordinates": [
          [
            [
              704650.2954785973,
              6200815.31283813
            ],
            [
              704659.6617473364,
              6200836.744130991
            ],
            [
              704662.9955040067,
              6200847.380402271
            ],
            [
              704668.8692657575,
              6200871.351700209
            ]
          ]
        ]
      }
    },
    {
      "type": "Feature",
      "properties": {
        "info": false,
        "cara": false,
        "regl": false,
        "id": 0,
        "tech": true,
        "projet": "La biodiversité du Parc",
        "Id": 0,
        "Type": "Enrochement"
      },
      "geometry": {
        "type": "MultiLineString",
        "coordinates": [
          [
            [
              704669.9805179685,
              6200877.384212274
            ],
            [
              704672.8380236849,
              6200878.654214811
            ],
            [
              704675.6955294013,
              6200887.067981638
            ],
            [
              704684.744297497,
              6200926.914311331
            ],
            [
              704690.4593089297,
              6200951.044359595
            ],
            [
              704695.2218184546,
              6200969.459396426
            ],
            [
              704703.4239181951,
              6201000.627375428
            ],
            [
              704717.393946141,
              6201046.1357997805
            ]
          ]
        ]
      }
    },
    {
      "type": "Feature",
      "properties": {
        "info": false,
        "cara": false,
        "regl": false,
        "id": 0,
        "tech": true,
        "projet": "La biodiversité du Parc",
        "Id": 0,
        "Type": "Enrochement"
      },
      "geometry": {
        "type": "MultiLineString",
        "coordinates": [
          [
            [
              704717.393946141,
              6201051.004142854
            ],
            [
              704723.9556259215,
              6201080.849202536
            ],
            [
              704727.9773006365,
              6201097.359235559
            ],
            [
              704732.6339766085,
              6201119.160945825
            ],
            [
              704736.655651331,
              6201141.174323183
            ],
            [
              704741.312327303,
              6201166.786041081
            ],
            [
              704742.7939969301,
              6201185.624412086
            ],
            [
              704740.042324774,
              6201213.987802152
            ],
            [
              704740.2539918646,
              6201218.009476863
            ]
          ]
        ]
      }
    },
    {
      "type": "Feature",
      "properties": {
        "info": false,
        "cara": false,
        "regl": false,
        "id": 0,
        "tech": true,
        "projet": "La biodiversité du Parc",
        "Id": 0,
        "Type": "Enrochement"
      },
      "geometry": {
        "type": "MultiLineString",
        "coordinates": [
          [
            [
              703454.1647530124,
              6203312.4553324245
            ],
            [
              703441.4647276029,
              6203320.922016021
            ],
            [
              703419.66301734,
              6203329.177032538
            ],
            [
              703402.0946488678,
              6203333.198707242
            ],
            [
              703387.7012867406,
              6203335.315378141
            ],
            [
              703367.5929132029,
              6203338.913718678
            ],
            [
              703358.0678941533,
              6203342.300392114
            ],
            [
              703342.4045294896,
              6203351.190409899
            ],
            [
              703328.0111673549,
              6203359.4454264045
            ],
            [
              703310.8661330715,
              6203370.875449263
            ],
            [
              703294.1444329619,
              6203386.327146836
            ],
            [
              703284.8310810104,
              6203396.910501335
            ],
            [
              703280.8094062954,
              6203399.8738405965
            ],
            [
              703272.5543897822,
              6203423.580554683
            ],
            [
              703268.7443821579,
              6203437.5505826175
            ],
            [
              703264.7227074504,
              6203453.8489485495
            ],
            [
              703261.5477011055,
              6203459.1406257935
            ],
            [
              703255.8326896727,
              6203458.928958703
            ],
            [
              703252.8693504259,
              6203453.425614364
            ],
            [
              703254.774354212,
              6203443.688928224
            ],
            [
              703257.9493605793,
              6203426.120559759
            ],
            [
              703259.8543643877,
              6203413.208867263
            ],
            [
              703263.0293707326,
              6203401.990511496
            ],
            [
              703263.4527049139,
              6203393.100493714
            ]
          ]
        ]
      }
    },
    {
      "type": "Feature",
      "properties": {
        "info": false,
        "cara": false,
        "regl": false,
        "id": 0,
        "tech": true,
        "projet": "La biodiversité du Parc",
        "Id": 0,
        "Type": "Enrochement"
      },
      "geometry": {
        "type": "MultiLineString",
        "coordinates": [
          [
            [
              703224.0867713243,
              6203444.290150944
            ],
            [
              703148.3628698811,
              6203526.681565728
            ],
            [
              703147.7278686091,
              6203527.316566996
            ]
          ]
        ]
      }
    },
    {
      "type": "Feature",
      "properties": {
        "info": false,
        "cara": false,
        "regl": false,
        "id": 0,
        "tech": true,
        "projet": "La biodiversité du Parc",
        "Id": 0,
        "Type": "Muret de haut de plage"
      },
      "geometry": {
        "type": "MultiLineString",
        "coordinates": [
          [
            [
              703049.0977295339,
              6169295.889141295
            ],
            [
              703047.1794965342,
              6169296.815184806
            ]
          ]
        ]
      }
    },
    {
      "type": "Feature",
      "properties": {
        "info": false,
        "cara": false,
        "regl": false,
        "id": 0,
        "tech": true,
        "projet": "La biodiversité du Parc",
        "Id": 0,
        "Type": "Muret de haut de plage"
      },
      "geometry": {
        "type": "MultiLineString",
        "coordinates": [
          [
            [
              703043.2768845707,
              6169297.741228327
            ],
            [
              703040.1680241823,
              6169298.601125885
            ],
            [
              703035.9346823767,
              6169299.394877475
            ],
            [
              703029.320085831,
              6169299.85789923
            ],
            [
              703024.3591383994,
              6169300.056337126
            ],
            [
              703020.6549643129,
              6169300.387066949
            ],
            [
              703016.0247467235,
              6169301.776132237
            ],
            [
              703012.8497403786,
              6169303.165197514
            ],
            [
              703009.8731719181,
              6169304.686554719
            ],
            [
              703007.8887929469,
              6169306.538641762
            ],
            [
              703005.9044139981,
              6169309.11833442
            ],
            [
              703004.9122244939,
              6169311.63188111
            ],
            [
              703004.3169108108,
              6169313.748552013
            ],
            [
              703003.986180976,
              6169315.336055186
            ]
          ]
        ]
      }
    },
    {
      "type": "Feature",
      "properties": {
        "info": false,
        "cara": false,
        "regl": false,
        "id": 0,
        "tech": true,
        "projet": "La biodiversité du Parc",
        "Id": 0,
        "Type": "Muret de haut de plage"
      },
      "geometry": {
        "type": "MultiLineString",
        "coordinates": [
          [
            [
              703003.920035027,
              6169318.246477678
            ],
            [
              703002.5309697315,
              6169332.401714321
            ]
          ]
        ]
      }
    },
    {
      "type": "Feature",
      "properties": {
        "info": false,
        "cara": false,
        "regl": false,
        "id": 0,
        "tech": true,
        "projet": "La biodiversité du Parc",
        "Id": 0,
        "Type": "Muret de haut de plage"
      },
      "geometry": {
        "type": "MultiLineString",
        "coordinates": [
          [
            [
              703002.3325318396,
              6169334.055363458
            ],
            [
              703000.8773205951,
              6169348.0783081725
            ]
          ]
        ]
      }
    },
    {
      "type": "Feature",
      "properties": {
        "info": false,
        "cara": false,
        "regl": false,
        "id": 0,
        "tech": true,
        "projet": "La biodiversité du Parc",
        "Id": 0,
        "Type": "Muret de haut de plage"
      },
      "geometry": {
        "type": "MultiLineString",
        "coordinates": [
          [
            [
              702998.5622118041,
              6169365.342405204
            ],
            [
              702999.8189851493,
              6169353.766861215
            ]
          ]
        ]
      }
    },
    {
      "type": "Feature",
      "properties": {
        "info": false,
        "cara": false,
        "regl": false,
        "id": 0,
        "tech": true,
        "projet": "La biodiversité du Parc",
        "Id": 0,
        "Type": "Muret de haut de plage"
      },
      "geometry": {
        "type": "MultiLineString",
        "coordinates": [
          [
            [
              702997.6626266688,
              6169374.047214288
            ],
            [
              702998.5622118041,
              6169365.342405204
            ]
          ]
        ]
      }
    },
    {
      "type": "Feature",
      "properties": {
        "info": false,
        "cara": false,
        "regl": false,
        "id": 0,
        "tech": true,
        "projet": "La biodiversité du Parc",
        "Id": 0,
        "Type": "Muret de haut de plage"
      },
      "geometry": {
        "type": "MultiLineString",
        "coordinates": [
          [
            [
              702997.6626266688,
              6169375.793467775
            ],
            [
              702995.0432464406,
              6169397.224760644
            ]
          ]
        ]
      }
    },
    {
      "type": "Feature",
      "properties": {
        "info": false,
        "cara": false,
        "regl": false,
        "id": 0,
        "tech": true,
        "projet": "La biodiversité du Parc",
        "Id": 0,
        "Type": "Muret de haut de plage"
      },
      "geometry": {
        "type": "MultiLineString",
        "coordinates": [
          [
            [
              702994.7257457897,
              6169399.129764445
            ],
            [
              702992.1857407019,
              6169421.275433734
            ]
          ]
        ]
      }
    },
    {
      "type": "Feature",
      "properties": {
        "info": false,
        "cara": false,
        "regl": false,
        "id": 0,
        "tech": true,
        "projet": "La biodiversité du Parc",
        "Id": 0,
        "Type": "Muret de haut de plage"
      },
      "geometry": {
        "type": "MultiLineString",
        "coordinates": [
          [
            [
              702991.947615236,
              6169423.4185630195
            ],
            [
              702989.4869853109,
              6169444.45298009
            ]
          ]
        ]
      }
    },
    {
      "type": "Feature",
      "properties": {
        "info": false,
        "cara": false,
        "regl": false,
        "id": 0,
        "tech": true,
        "projet": "La biodiversité du Parc",
        "Id": 0,
        "Type": "Muret de haut de plage"
      },
      "geometry": {
        "type": "MultiLineString",
        "coordinates": [
          [
            [
              702989.2488598451,
              6169446.278608739
            ],
            [
              702985.7563528568,
              6169475.964918114
            ]
          ]
        ]
      }
    },
    {
      "type": "Feature",
      "properties": {
        "info": false,
        "cara": false,
        "regl": false,
        "id": 0,
        "tech": true,
        "projet": "La biodiversité du Parc",
        "Id": 0,
        "Type": "Muret de haut de plage"
      },
      "geometry": {
        "type": "MultiLineString",
        "coordinates": [
          [
            [
              702985.2007267401,
              6169479.774925735
            ],
            [
              702984.8038509488,
              6169482.473681137
            ]
          ]
        ]
      }
    },
    {
      "type": "Feature",
      "properties": {
        "info": false,
        "cara": false,
        "regl": false,
        "id": 0,
        "tech": true,
        "projet": "La biodiversité du Parc",
        "Id": 0,
        "Type": "Muret de haut de plage"
      },
      "geometry": {
        "type": "MultiLineString",
        "coordinates": [
          [
            [
              702983.5338484198,
              6169494.221204624
            ],
            [
              702977.1044605523,
              6169552.244445674
            ],
            [
              702972.024450399,
              6169594.551405281
            ]
          ]
        ]
      }
    },
    {
      "type": "Feature",
      "properties": {
        "info": false,
        "cara": false,
        "regl": false,
        "id": 0,
        "tech": true,
        "projet": "La biodiversité du Parc",
        "Id": 0,
        "Type": "Muret de haut de plage"
      },
      "geometry": {
        "type": "MultiLineString",
        "coordinates": [
          [
            [
              702971.3100739568,
              6169601.139543455
            ],
            [
              702962.4994313493,
              6169670.989683162
            ]
          ]
        ]
      }
    },
    {
      "type": "Feature",
      "properties": {
        "info": false,
        "cara": false,
        "regl": false,
        "id": 0,
        "tech": true,
        "projet": "La biodiversité du Parc",
        "Id": 0,
        "Type": "Muret de haut de plage"
      },
      "geometry": {
        "type": "MultiLineString",
        "coordinates": [
          [
            [
              702962.2613058612,
              6169673.529688239
            ],
            [
              702956.7844199166,
              6169726.790419754
            ]
          ]
        ]
      }
    },
    {
      "type": "Feature",
      "properties": {
        "info": false,
        "cara": false,
        "regl": false,
        "id": 0,
        "tech": true,
        "projet": "La biodiversité du Parc",
        "Id": 0,
        "Type": "Muret de haut de plage"
      },
      "geometry": {
        "type": "MultiLineString",
        "coordinates": [
          [
            [
              702956.3875441104,
              6169730.600427374
            ],
            [
              702952.0219103917,
              6169772.907386988
            ]
          ]
        ]
      }
    },
    {
      "type": "Feature",
      "properties": {
        "info": false,
        "cara": false,
        "regl": false,
        "id": 0,
        "tech": true,
        "projet": "La biodiversité du Parc",
        "Id": 0,
        "Type": "Muret de haut de plage"
      },
      "geometry": {
        "type": "MultiLineString",
        "coordinates": [
          [
            [
              702951.3869091123,
              6169776.479269132
            ],
            [
              702941.5443894342,
              6169856.330678832
            ]
          ]
        ]
      }
    },
    {
      "type": "Feature",
      "properties": {
        "info": false,
        "cara": false,
        "regl": false,
        "id": 0,
        "tech": true,
        "projet": "La biodiversité du Parc",
        "Id": 0,
        "Type": "Muret de haut de plage"
      },
      "geometry": {
        "type": "MultiLineString",
        "coordinates": [
          [
            [
              702940.9887633249,
              6169860.616937395
            ],
            [
              702937.8931321204,
              6169893.478253126
            ]
          ]
        ]
      }
    },
    {
      "type": "Feature",
      "properties": {
        "info": false,
        "cara": false,
        "regl": false,
        "id": 0,
        "tech": true,
        "projet": "La biodiversité du Parc",
        "Id": 0,
        "Type": "Muret de haut de plage"
      },
      "geometry": {
        "type": "MultiLineString",
        "coordinates": [
          [
            [
              702937.6550066546,
              6169898.478888128
            ],
            [
              702936.7025047541,
              6169907.130780432
            ]
          ]
        ]
      }
    },
    {
      "type": "Feature",
      "properties": {
        "info": false,
        "cara": false,
        "regl": false,
        "id": 0,
        "tech": true,
        "projet": "La biodiversité du Parc",
        "Id": 0,
        "Type": "Muret de haut de plage"
      },
      "geometry": {
        "type": "MultiLineString",
        "coordinates": [
          [
            [
              702935.7500028461,
              6169920.38643194
            ],
            [
              702936.3850041255,
              6169912.369540911
            ]
          ]
        ]
      }
    },
    {
      "type": "Feature",
      "properties": {
        "info": false,
        "cara": false,
        "regl": false,
        "id": 0,
        "tech": true,
        "projet": "La biodiversité du Parc",
        "Id": 0,
        "Type": "Muret de haut de plage"
      },
      "geometry": {
        "type": "MultiLineString",
        "coordinates": [
          [
            [
              713697.6516905278,
              6148961.688854836
            ],
            [
              713697.8633576259,
              6148970.790539708
            ],
            [
              713697.2283563465,
              6148979.680557493
            ],
            [
              713695.1116854474,
              6148983.913899288
            ],
            [
              713690.4550094754,
              6148990.263911985
            ],
            [
              713683.2583284229,
              6148998.307261407
            ],
            [
              713675.0033119023,
              6149007.620613363
            ],
            [
              713669.288300477,
              6149014.393960245
            ],
            [
              713668.8649662882,
              6149017.780633688
            ],
            [
              713665.0549586713,
              6149022.648976762
            ],
            [
              713661.0332839563,
              6149028.363988191
            ],
            [
              713658.7049459666,
              6149036.195670523
            ],
            [
              713656.7999421582,
              6149043.815685753
            ],
            [
              713654.2599370852,
              6149051.859035175
            ],
            [
              713652.5666003674,
              6149059.4790504165
            ]
          ]
        ]
      }
    },
    {
      "type": "Feature",
      "properties": {
        "info": false,
        "cara": false,
        "regl": false,
        "id": 0,
        "tech": true,
        "projet": "La biodiversité du Parc",
        "Id": 0,
        "Type": "Muret de haut de plage"
      },
      "geometry": {
        "type": "MultiLineString",
        "coordinates": [
          [
            [
              713653.6249358132,
              6149102.870803867
            ],
            [
              713661.4566181451,
              6149133.350864824
            ],
            [
              713666.5366282985,
              6149132.504196465
            ],
            [
              713671.1933042854,
              6149150.9192333
            ],
            [
              713675.426646091,
              6149161.290920705
            ]
          ]
        ]
      }
    },
    {
      "type": "Feature",
      "properties": {
        "info": false,
        "cara": false,
        "regl": false,
        "id": 0,
        "tech": true,
        "projet": "La biodiversité du Parc",
        "Id": 0,
        "Type": "Muret de haut de plage"
      },
      "geometry": {
        "type": "MultiLineString",
        "coordinates": [
          [
            [
              713679.6599878743,
              6149169.122603036
            ],
            [
              713704.636704497,
              6149166.370930869
            ]
          ]
        ]
      }
    },
    {
      "type": "Feature",
      "properties": {
        "info": false,
        "cara": false,
        "regl": false,
        "id": 0,
        "tech": true,
        "projet": "La biodiversité du Parc",
        "Id": 0,
        "Type": "Muret de haut de plage"
      },
      "geometry": {
        "type": "MultiLineString",
        "coordinates": [
          [
            [
              712882.94506111,
              6151196.284782376
            ],
            [
              712886.5963184237,
              6151196.919783644
            ],
            [
              712888.9775731862,
              6151197.554784913
            ],
            [
              712892.1525795236,
              6151198.824787457
            ]
          ]
        ]
      }
    },
    {
      "type": "Feature",
      "properties": {
        "info": false,
        "cara": false,
        "regl": false,
        "id": 0,
        "tech": true,
        "projet": "La biodiversité du Parc",
        "Id": 0,
        "Type": "Muret de haut de plage"
      },
      "geometry": {
        "type": "MultiLineString",
        "coordinates": [
          [
            [
              712897.0738393739,
              6151201.047291901
            ],
            [
              712899.2963438109,
              6151203.269796342
            ],
            [
              712898.5025922358,
              6151207.238554284
            ]
          ]
        ]
      }
    },
    {
      "type": "Feature",
      "properties": {
        "info": false,
        "cara": false,
        "regl": false,
        "id": 0,
        "tech": true,
        "projet": "La biodiversité du Parc",
        "Id": 0,
        "Type": "Muret de haut de plage"
      },
      "geometry": {
        "type": "MultiLineString",
        "coordinates": [
          [
            [
              712901.9950992092,
              6151209.143558096
            ],
            [
              712908.345111914,
              6151213.588566981
            ],
            [
              712911.5201182514,
              6151218.82732746
            ],
            [
              712913.9013730139,
              6151227.399844602
            ],
            [
              712915.8063768297,
              6151247.084883977
            ],
            [
              712932.6339104846,
              6151249.942389682
            ],
            [
              712939.4601741433,
              6151259.943659693
            ]
          ]
        ]
      }
    },
    {
      "type": "Feature",
      "properties": {
        "info": false,
        "cara": false,
        "regl": false,
        "id": 0,
        "tech": true,
        "projet": "La biodiversité du Parc",
        "Id": 0,
        "Type": "Muret de haut de plage"
      },
      "geometry": {
        "type": "MultiLineString",
        "coordinates": [
          [
            [
              710830.1976222843,
              6153473.716837242
            ],
            [
              710857.9260110632,
              6153465.461820733
            ],
            [
              710903.2227683291,
              6153462.921815656
            ]
          ]
        ]
      }
    },
    {
      "type": "Feature",
      "properties": {
        "info": false,
        "cara": false,
        "regl": false,
        "id": 0,
        "tech": true,
        "projet": "La biodiversité du Parc",
        "Id": 0,
        "Type": "Muret de haut de plage"
      },
      "geometry": {
        "type": "MultiLineString",
        "coordinates": [
          [
            [
              710727.750750713,
              6153503.985231116
            ],
            [
              710746.5891217217,
              6153489.380201902
            ],
            [
              710760.7708167583,
              6153479.855182856
            ],
            [
              710759.0774800405,
              6153454.243464969
            ]
          ]
        ]
      }
    },
    {
      "type": "Feature",
      "properties": {
        "info": false,
        "cara": false,
        "regl": false,
        "id": 0,
        "tech": true,
        "projet": "La biodiversité du Parc",
        "Id": 0,
        "Type": "Muret de haut de plage"
      },
      "geometry": {
        "type": "MultiLineString",
        "coordinates": [
          [
            [
              710715.6857265756,
              6153496.57688297
            ],
            [
              710704.0440366417,
              6153512.663581807
            ],
            [
              710690.0740087032,
              6153536.581962977
            ],
            [
              710677.7973174751,
              6153555.632001076
            ],
            [
              710667.4256300703,
              6153569.602029018
            ]
          ]
        ]
      }
    },
    {
      "type": "Feature",
      "properties": {
        "info": false,
        "cara": false,
        "regl": false,
        "id": 0,
        "tech": true,
        "projet": "La biodiversité du Parc",
        "Id": 0,
        "Type": "Muret de haut de plage"
      },
      "geometry": {
        "type": "MultiLineString",
        "coordinates": [
          [
            [
              710670.799074322,
              6153569.430049501
            ],
            [
              710671.39438802,
              6153572.274326026
            ],
            [
              710670.6006364152,
              6153574.655580789
            ],
            [
              710669.0131332576,
              6153576.176937997
            ],
            [
              710666.4995865449,
              6153577.235273447
            ],
            [
              710664.7797914296,
              6153577.169127483
            ]
          ]
        ]
      }
    },
    {
      "type": "Feature",
      "properties": {
        "info": false,
        "cara": false,
        "regl": false,
        "id": 0,
        "tech": true,
        "projet": "La biodiversité du Parc",
        "Id": 0,
        "Type": "Muret de haut de plage"
      },
      "geometry": {
        "type": "MultiLineString",
        "coordinates": [
          [
            [
              710663.3179655969,
              6153576.408448879
            ],
            [
              710659.9842089266,
              6153581.805959672
            ],
            [
              710652.9991949648,
              6153593.553483166
            ],
            [
              710648.077935122,
              6153602.443500951
            ],
            [
              710644.902928777,
              6153610.381016817
            ],
            [
              710642.9979249611,
              6153616.254778571
            ],
            [
              710641.8866727352,
              6153619.906035878
            ],
            [
              710643.7916765437,
              6153620.8585377745
            ],
            [
              710641.2516714633,
              6153631.177308414
            ],
            [
              710640.1404192522,
              6153640.702327464
            ],
            [
              710638.8704167008,
              6153652.132350322
            ],
            [
              710638.7116663903,
              6153661.6573693715
            ],
            [
              710639.3466676474,
              6153677.373650812
            ],
            [
              710640.9341708347,
              6153689.279924624
            ],
            [
              710643.9504268691,
              6153695.629937321
            ],
            [
              710650.6179402024,
              6153703.091202244
            ],
            [
              710657.444203861,
              6153708.012462083
            ],
            [
              710666.0167210102,
              6153711.504969075
            ],
            [
              710677.6054941714,
              6153714.838725742
            ],
            [
              710696.6555322707,
              6153720.553737171
            ],
            [
              710721.7380824462,
              6153731.507509079
            ],
            [
              710745.7093803957,
              6153747.858791787
            ],
            [
              710766.029421024,
              6153765.003826067
            ],
            [
              710782.6982043609,
              6153779.926355917
            ],
            [
              710798.7319864258,
              6153794.0551341735
            ],
            [
              710810.7970105559,
              6153804.056404177
            ]
          ]
        ]
      }
    },
    {
      "type": "Feature",
      "properties": {
        "info": false,
        "cara": false,
        "regl": false,
        "id": 0,
        "tech": true,
        "projet": "La biodiversité du Parc",
        "Id": 0,
        "Type": "Muret de haut de plage"
      },
      "geometry": {
        "type": "MultiLineString",
        "coordinates": [
          [
            [
              710538.8841750696,
              6154155.556065511
            ],
            [
              710521.1041395068,
              6154137.93478027
            ]
          ]
        ]
      }
    },
    {
      "type": "Feature",
      "properties": {
        "info": false,
        "cara": false,
        "regl": false,
        "id": 0,
        "tech": true,
        "projet": "La biodiversité du Parc",
        "Id": 0,
        "Type": "Muret de haut de plage"
      },
      "geometry": {
        "type": "MultiLineString",
        "coordinates": [
          [
            [
              710511.2616198286,
              6154128.0922605805
            ],
            [
              710482.0515614077,
              6154117.138488676
            ]
          ]
        ]
      }
    },
    {
      "type": "Feature",
      "properties": {
        "info": false,
        "cara": false,
        "regl": false,
        "id": 0,
        "tech": true,
        "projet": "La biodiversité du Parc",
        "Id": 0,
        "Type": "Muret de haut de plage"
      },
      "geometry": {
        "type": "MultiLineString",
        "coordinates": [
          [
            [
              710482.0515614077,
              6154117.138488676
            ],
            [
              710477.2890518829,
              6154117.138488676
            ],
            [
              710475.384048067,
              6154123.964752335
            ],
            [
              710479.1940556914,
              6154131.267266937
            ],
            [
              710468.3990340903,
              6154163.334831066
            ],
            [
              710474.590296492,
              6154166.192336779
            ],
            [
              710474.590296492,
              6154168.732341867
            ],
            [
              710473.4790442586,
              6154170.478595354
            ],
            [
              710469.9865372702,
              6154170.637345675
            ],
            [
              710469.8277869672,
              6154175.5586055145
            ]
          ]
        ]
      }
    },
    {
      "type": "Feature",
      "properties": {
        "info": false,
        "cara": false,
        "regl": false,
        "id": 0,
        "tech": true,
        "projet": "La biodiversité du Parc",
        "Id": 0,
        "Type": "Muret de haut de plage"
      },
      "geometry": {
        "type": "MultiLineString",
        "coordinates": [
          [
            [
              710462.2077717036,
              6154207.308669016
            ],
            [
              710468.5577844158,
              6154227.628709659
            ],
            [
              710477.6065525115,
              6154250.488755375
            ],
            [
              710484.1153155416,
              6154265.728785854
            ],
            [
              710488.719074741,
              6154272.713799827
            ],
            [
              710498.4028441161,
              6154286.048826497
            ]
          ]
        ]
      }
    },
    {
      "type": "Feature",
      "properties": {
        "info": false,
        "cara": false,
        "regl": false,
        "id": 0,
        "tech": true,
        "projet": "La biodiversité du Parc",
        "Id": 0,
        "Type": "Muret de haut de plage"
      },
      "geometry": {
        "type": "MultiLineString",
        "coordinates": [
          [
            [
              710566.4538135454,
              6154342.894669361
            ],
            [
              710563.2788071856,
              6154347.974679515
            ],
            [
              710561.7971375585,
              6154353.689690944
            ],
            [
              710562.2204717472,
              6154360.886372007
            ],
            [
              710563.7021413669,
              6154371.258059416
            ]
          ]
        ]
      }
    },
    {
      "type": "Feature",
      "properties": {
        "info": false,
        "cara": false,
        "regl": false,
        "id": 0,
        "tech": true,
        "projet": "La biodiversité du Parc",
        "Id": 0,
        "Type": "Muret de haut de plage"
      },
      "geometry": {
        "type": "MultiLineString",
        "coordinates": [
          [
            [
              710564.1254755557,
              6154375.491401222
            ],
            [
              710564.1254755557,
              6154379.089741748
            ],
            [
              710565.3954780847,
              6154386.286422804
            ],
            [
              710566.8771477342,
              6154393.059769683
            ],
            [
              710570.475488238,
              6154400.679784924
            ],
            [
              710576.1904996857,
              6154408.299800165
            ],
            [
              710585.5038516447,
              6154418.883154664
            ],
            [
              710593.758868143,
              6154427.561505355
            ],
            [
              710616.4072467908,
              6154450.6332181655
            ],
            [
              710628.0489367247,
              6154459.311568856
            ],
            [
              710636.9389545098,
              6154464.179911926
            ],
            [
              710650.6973153651,
              6154469.471589182
            ],
            [
              710662.9740065783,
              6154473.916598067
            ],
            [
              710667.6306825653,
              6154474.339932241
            ]
          ]
        ]
      }
    },
    {
      "type": "Feature",
      "properties": {
        "info": false,
        "cara": false,
        "regl": false,
        "id": 0,
        "tech": true,
        "projet": "La biodiversité du Parc",
        "Id": 0,
        "Type": "Muret de haut de plage"
      },
      "geometry": {
        "type": "MultiLineString",
        "coordinates": [
          [
            [
              710785.2435011268,
              6155527.820268374
            ],
            [
              710779.6872400045,
              6155513.0564888455
            ]
          ]
        ]
      }
    },
    {
      "type": "Feature",
      "properties": {
        "info": false,
        "cara": false,
        "regl": false,
        "id": 0,
        "tech": true,
        "projet": "La biodiversité du Parc",
        "Id": 0,
        "Type": "Muret de haut de plage"
      },
      "geometry": {
        "type": "MultiLineString",
        "coordinates": [
          [
            [
              710776.1947330311,
              6155514.008990753
            ],
            [
              710777.4647355601,
              6155517.977748688
            ],
            [
              710762.2247050852,
              6155520.994004726
            ],
            [
              710706.9795945957,
              6155514.008990753
            ]
          ]
        ]
      }
    },
    {
      "type": "Feature",
      "properties": {
        "info": false,
        "cara": false,
        "regl": false,
        "id": 0,
        "tech": true,
        "projet": "La biodiversité du Parc",
        "Id": 0,
        "Type": "Muret de haut de plage"
      },
      "geometry": {
        "type": "MultiLineString",
        "coordinates": [
          [
            [
              710705.8683423698,
              6155515.278993294
            ],
            [
              710700.629581891,
              6155520.835254408
            ]
          ]
        ]
      }
    },
    {
      "type": "Feature",
      "properties": {
        "info": false,
        "cara": false,
        "regl": false,
        "id": 0,
        "tech": true,
        "projet": "La biodiversité du Parc",
        "Id": 0,
        "Type": "Muret de haut de plage"
      },
      "geometry": {
        "type": "MultiLineString",
        "coordinates": [
          [
            [
              710586.0118526518,
              6155566.396595534
            ],
            [
              710585.3768513799,
              6155556.554075845
            ],
            [
              710597.4418755099,
              6155545.282803301
            ],
            [
              710605.5381417051,
              6155538.6152899675
            ],
            [
              710617.1269148886,
              6155528.296519328
            ],
            [
              710634.748200126,
              6155514.167741068
            ],
            [
              710648.5594777465,
              6155518.612749964
            ]
          ]
        ]
      }
    },
    {
      "type": "Feature",
      "properties": {
        "info": false,
        "cara": false,
        "regl": false,
        "id": 0,
        "tech": true,
        "projet": "La biodiversité du Parc",
        "Id": 0,
        "Type": "Muret de haut de plage"
      },
      "geometry": {
        "type": "MultiLineString",
        "coordinates": [
          [
            [
              710414.7202600688,
              6155756.103224941
            ],
            [
              710391.8602143526,
              6155730.861924458
            ]
          ]
        ]
      }
    },
    {
      "type": "Feature",
      "properties": {
        "info": false,
        "cara": false,
        "regl": false,
        "id": 0,
        "tech": true,
        "projet": "La biodiversité du Parc",
        "Id": 0,
        "Type": "Muret de haut de plage"
      },
      "geometry": {
        "type": "MultiLineString",
        "coordinates": [
          [
            [
              710386.3039532453,
              6155727.845668428
            ],
            [
              710346.6163738668,
              6155724.353161439
            ],
            [
              710291.8475143313,
              6155769.438251618
            ]
          ]
        ]
      }
    },
    {
      "type": "Feature",
      "properties": {
        "info": false,
        "cara": false,
        "regl": false,
        "id": 0,
        "tech": true,
        "projet": "La biodiversité du Parc",
        "Id": 0,
        "Type": "Muret de haut de plage"
      },
      "geometry": {
        "type": "MultiLineString",
        "coordinates": [
          [
            [
              710288.831258297,
              6155772.930758599
            ],
            [
              710261.8437043279,
              6155800.553313844
            ],
            [
              710241.6824139953,
              6155821.667106073
            ],
            [
              710227.8711363748,
              6155836.430885591
            ],
            [
              710221.2036230415,
              6155848.019658774
            ],
            [
              710211.2023530379,
              6155868.445532963
            ],
            [
              710206.1223428696,
              6155881.357225448
            ],
            [
              710204.6406732425,
              6155887.918905247
            ],
            [
              710201.4656668976,
              6155918.18729911
            ],
            [
              710193.8456516564,
              6155917.340630751
            ],
            [
              710168.8689350411,
              6155911.837286416
            ]
          ]
        ]
      }
    },
    {
      "type": "Feature",
      "properties": {
        "info": false,
        "cara": false,
        "regl": false,
        "id": 0,
        "tech": true,
        "projet": "La biodiversité du Parc",
        "Id": 0,
        "Type": "Muret de haut de plage"
      },
      "geometry": {
        "type": "MultiLineString",
        "coordinates": [
          [
            [
              710155.9572425559,
              6156081.373806037
            ],
            [
              710129.8957320824,
              6156074.362333689
            ],
            [
              710119.9738372415,
              6156070.5258676745
            ]
          ]
        ]
      }
    },
    {
      "type": "Feature",
      "properties": {
        "info": false,
        "cara": false,
        "regl": false,
        "id": 0,
        "tech": true,
        "projet": "La biodiversité du Parc",
        "Id": 0,
        "Type": "Muret de haut de plage"
      },
      "geometry": {
        "type": "MultiLineString",
        "coordinates": [
          [
            [
              710117.5925824791,
              6156074.097749818
            ],
            [
              710111.9040294439,
              6156091.427992813
            ],
            [
              710107.6706876382,
              6156107.567608431
            ],
            [
              710099.3362959772,
              6156139.185379993
            ]
          ]
        ]
      }
    },
    {
      "type": "Feature",
      "properties": {
        "info": false,
        "cara": false,
        "regl": false,
        "id": 0,
        "tech": true,
        "projet": "La biodiversité du Parc",
        "Id": 0,
        "Type": "Muret de haut de plage"
      },
      "geometry": {
        "type": "MultiLineString",
        "coordinates": [
          [
            [
              710097.6165008694,
              6156145.66768463
            ],
            [
              710096.5581654087,
              6156154.795827888
            ],
            [
              710097.8810847253,
              6156176.8885804005
            ],
            [
              710099.2040040344,
              6156199.642792579
            ],
            [
              710099.9977556318,
              6156218.03137102
            ],
            [
              710115.47591158,
              6156233.244943116
            ]
          ]
        ]
      }
    },
    {
      "type": "Feature",
      "properties": {
        "info": false,
        "cara": false,
        "regl": false,
        "id": 0,
        "tech": true,
        "projet": "La biodiversité du Parc",
        "Id": 0,
        "Type": "Muret de haut de plage"
      },
      "geometry": {
        "type": "MultiLineString",
        "coordinates": [
          [
            [
              710135.8488689959,
              6156250.442894179
            ],
            [
              710146.2999315709,
              6156259.306453571
            ]
          ]
        ]
      }
    },
    {
      "type": "Feature",
      "properties": {
        "info": false,
        "cara": false,
        "regl": false,
        "id": 0,
        "tech": true,
        "projet": "La biodiversité du Parc",
        "Id": 0,
        "Type": "Muret de haut de plage"
      },
      "geometry": {
        "type": "MultiLineString",
        "coordinates": [
          [
            [
              709785.2752511948,
              6158017.466219898
            ],
            [
              709832.2168381214,
              6157974.824120719
            ],
            [
              709840.1543539912,
              6157963.2485767305
            ],
            [
              709842.7869634256,
              6157955.241607599
            ],
            [
              709842.6546714976,
              6157951.272849664
            ],
            [
              709839.4796651378,
              6157938.572824262
            ],
            [
              709835.6431991383,
              6157922.300916716
            ],
            [
              709833.2619443759,
              6157914.495692778
            ],
            [
              709828.6317267865,
              6157917.273823328
            ],
            [
              709814.0796143487,
              6157898.885244884
            ]
          ]
        ]
      }
    },
    {
      "type": "Feature",
      "properties": {
        "info": false,
        "cara": false,
        "regl": false,
        "id": 0,
        "tech": true,
        "projet": "La biodiversité du Parc",
        "Id": 0,
        "Type": "Muret de haut de plage"
      },
      "geometry": {
        "type": "MultiLineString",
        "coordinates": [
          [
            [
              709654.9324210435,
              6157760.111009005
            ],
            [
              709629.9292460456,
              6157723.466144051
            ],
            [
              709630.3261218369,
              6157722.54010053
            ],
            [
              709624.7698607296,
              6157717.777591005
            ],
            [
              709607.5719096586,
              6157710.898410577
            ]
          ]
        ]
      }
    },
    {
      "type": "Feature",
      "properties": {
        "info": false,
        "cara": false,
        "regl": false,
        "id": 0,
        "tech": true,
        "projet": "La biodiversité du Parc",
        "Id": 0,
        "Type": "Muret de haut de plage"
      },
      "geometry": {
        "type": "MultiLineString",
        "coordinates": [
          [
            [
              709389.1579311714,
              6157640.386811219
            ],
            [
              709383.8662539124,
              6157638.931599978
            ],
            [
              709381.6172910929,
              6157634.698258184
            ],
            [
              709379.6329121217,
              6157633.507630803
            ],
            [
              709376.0610299706,
              6157616.441971667
            ],
            [
              709371.5631043091,
              6157614.060716905
            ],
            [
              709370.9016446546,
              6157606.1232010275
            ],
            [
              709355.0266129002,
              6157593.952343352
            ],
            [
              709358.20161926,
              6157587.205454856
            ],
            [
              709360.5828740224,
              6157583.368988853
            ],
            [
              709358.7307869792,
              6157582.575237263
            ],
            [
              709359.3922466338,
              6157581.120026022
            ],
            [
              709350.92556303,
              6157575.960640706
            ],
            [
              709341.7974197865,
              6157569.21375221
            ]
          ]
        ]
      }
    },
    {
      "type": "Feature",
      "properties": {
        "info": false,
        "cara": false,
        "regl": false,
        "id": 0,
        "tech": true,
        "projet": "La biodiversité du Parc",
        "Id": 0,
        "Type": "Muret de haut de plage"
      },
      "geometry": {
        "type": "MultiLineString",
        "coordinates": [
          [
            [
              709342.591171369,
              6157574.240845595
            ],
            [
              709334.9182393625,
              6157569.7429199405
            ],
            [
              709316.2650770545,
              6157567.493957099
            ],
            [
              709309.2536046952,
              6157569.7429199405
            ],
            [
              709289.8066908047,
              6157583.898156576
            ]
          ]
        ]
      }
    },
    {
      "type": "Feature",
      "properties": {
        "info": false,
        "cara": false,
        "regl": false,
        "id": 0,
        "tech": true,
        "projet": "La biodiversité du Parc",
        "Id": 0,
        "Type": "Muret de haut de plage"
      },
      "geometry": {
        "type": "MultiLineString",
        "coordinates": [
          [
            [
              708198.3982579783,
              6158182.677895803
            ],
            [
              708184.5340635851,
              6158180.772891995
            ]
          ]
        ]
      }
    },
    {
      "type": "Feature",
      "properties": {
        "info": false,
        "cara": false,
        "regl": false,
        "id": 0,
        "tech": true,
        "projet": "La biodiversité du Parc",
        "Id": 0,
        "Type": "Muret de haut de plage"
      },
      "geometry": {
        "type": "MultiLineString",
        "coordinates": [
          [
            [
              708178.5015515313,
              6158179.608723007
            ],
            [
              708139.6606405005,
              6158183.630397718
            ],
            [
              708135.2156316265,
              6158181.302059725
            ]
          ]
        ]
      }
    },
    {
      "type": "Feature",
      "properties": {
        "info": false,
        "cara": false,
        "regl": false,
        "id": 0,
        "tech": true,
        "projet": "La biodiversité du Parc",
        "Id": 0,
        "Type": "Muret de haut de plage"
      },
      "geometry": {
        "type": "MultiLineString",
        "coordinates": [
          [
            [
              707934.5552302897,
              6158259.7247165665
            ],
            [
              707937.9419037253,
              6158265.65139509
            ],
            [
              707939.2119062766,
              6158270.308071066
            ],
            [
              707939.5294069052,
              6158273.80057805
            ],
            [
              707939.5294069052,
              6158278.563087575
            ],
            [
              707939.2119062766,
              6158281.3147597425
            ]
          ]
        ]
      }
    },
    {
      "type": "Feature",
      "properties": {
        "info": false,
        "cara": false,
        "regl": false,
        "id": 0,
        "tech": true,
        "projet": "La biodiversité du Parc",
        "Id": 0,
        "Type": "Muret de haut de plage"
      },
      "geometry": {
        "type": "MultiLineString",
        "coordinates": [
          [
            [
              707932.6502264813,
              6158255.279707681
            ],
            [
              707930.4277220219,
              6158253.057203233
            ],
            [
              707927.7818834037,
              6158250.72886524
            ],
            [
              707924.7127106115,
              6158249.564696241
            ]
          ]
        ]
      }
    },
    {
      "type": "Feature",
      "properties": {
        "info": false,
        "cara": false,
        "regl": false,
        "id": 0,
        "tech": true,
        "projet": "La biodiversité du Parc",
        "Id": 0,
        "Type": "Muret de haut de plage"
      },
      "geometry": {
        "type": "MultiLineString",
        "coordinates": [
          [
            [
              707891.1634768471,
              6158236.441336665
            ],
            [
              707882.2734590545,
              6158231.361326512
            ],
            [
              707881.2151236162,
              6158226.492983438
            ],
            [
              707878.6751185283,
              6158221.836307462
            ],
            [
              707856.2384069934,
              6158204.3737725355
            ],
            [
              707854.7567373663,
              6158204.797106709
            ],
            [
              707854.4392367229,
              6158206.067109253
            ],
            [
              707850.7350626588,
              6158206.596276972
            ],
            [
              707849.041725941,
              6158204.47960607
            ],
            [
              707837.9292037115,
              6158206.913777612
            ]
          ]
        ]
      }
    },
    {
      "type": "Feature",
      "properties": {
        "info": false,
        "cara": false,
        "regl": false,
        "id": 0,
        "tech": true,
        "projet": "La biodiversité du Parc",
        "Id": 0,
        "Type": "Muret de haut de plage"
      },
      "geometry": {
        "type": "MultiLineString",
        "coordinates": [
          [
            [
              707362.6483920217,
              6158327.564018909
            ],
            [
              707358.6796341017,
              6158311.953571025
            ],
            [
              707335.3962541968,
              6158310.366067853
            ],
            [
              707333.2795832977,
              6158305.603558317
            ],
            [
              707325.6066512838,
              6158306.132726047
            ],
            [
              707317.6691353992,
              6158315.128577378
            ],
            [
              707304.1753584296,
              6158320.420254622
            ]
          ]
        ]
      }
    },
    {
      "type": "Feature",
      "properties": {
        "info": false,
        "cara": false,
        "regl": false,
        "id": 0,
        "tech": true,
        "projet": "La biodiversité du Parc",
        "Id": 0,
        "Type": "Muret de haut de plage"
      },
      "geometry": {
        "type": "MultiLineString",
        "coordinates": [
          [
            [
              707304.1753584296,
              6158320.420254622
            ],
            [
              707300.8909907266,
              6158321.326895326
            ],
            [
              707293.165141955,
              6158317.19938707
            ],
            [
              707286.8151292503,
              6158315.61188389
            ],
            [
              707279.1951140091,
              6158314.765215531
            ],
            [
              707265.5425867066,
              6158315.61188389
            ],
            [
              707254.1125638485,
              6158321.326895326
            ],
            [
              707238.7666998133,
              6158328.735243473
            ],
            [
              707227.8658446819,
              6158325.983571306
            ],
            [
              707214.5308180302,
              6158328.523576383
            ],
            [
              707203.5241293311,
              6158324.925235856
            ],
            [
              707194.4224444702,
              6158331.381082099
            ],
            [
              707193.3641090244,
              6158331.486915644
            ],
            [
              707183.9449235126,
              6158344.081107501
            ],
            [
              707182.780754514,
              6158343.128605597
            ],
            [
              707191.7766058445,
              6158330.851914376
            ],
            [
              707186.0615944192,
              6158329.370244741
            ]
          ]
        ]
      }
    },
    {
      "type": "Feature",
      "properties": {
        "info": false,
        "cara": false,
        "regl": false,
        "id": 0,
        "tech": true,
        "projet": "La biodiversité du Parc",
        "Id": 0,
        "Type": "Muret de haut de plage"
      },
      "geometry": {
        "type": "MultiLineString",
        "coordinates": [
          [
            [
              707177.8065778986,
              6158313.918547172
            ],
            [
              707192.3057735637,
              6158303.123525586
            ],
            [
              707193.7874431908,
              6158301.536022406
            ],
            [
              707195.1632792801,
              6158297.408514157
            ],
            [
              707197.8091179058,
              6158278.570143152
            ],
            [
              707198.5499527156,
              6158269.468458276
            ],
            [
              707195.1632792801,
              6158260.155106321
            ],
            [
              707193.1524419338,
              6158257.4034341425
            ],
            [
              707189.6599349454,
              6158251.47675563
            ],
            [
              707186.2732615098,
              6158256.239265155
            ]
          ]
        ]
      }
    },
    {
      "type": "Feature",
      "properties": {
        "info": false,
        "cara": false,
        "regl": false,
        "id": 0,
        "tech": true,
        "projet": "La biodiversité du Parc",
        "Id": 0,
        "Type": "Muret de haut de plage"
      },
      "geometry": {
        "type": "MultiLineString",
        "coordinates": [
          [
            [
              707189.6599349454,
              6158251.47675563
            ],
            [
              707183.6274228841,
              6158245.338410016
            ],
            [
              707176.4307418317,
              6158240.999234665
            ],
            [
              707170.9273974746,
              6158236.765892871
            ],
            [
              707165.5298866704,
              6158233.590886518
            ],
            [
              707159.9207087979,
              6158231.262548525
            ],
            [
              707152.8298612833,
              6158229.040044084
            ],
            [
              707151.7715258375,
              6158251.053421445
            ]
          ]
        ]
      }
    },
    {
      "type": "Feature",
      "properties": {
        "info": false,
        "cara": false,
        "regl": false,
        "id": 0,
        "tech": true,
        "projet": "La biodiversité du Parc",
        "Id": 0,
        "Type": "Muret de haut de plage"
      },
      "geometry": {
        "type": "MultiLineString",
        "coordinates": [
          [
            [
              707152.8298612833,
              6158229.040044084
            ],
            [
              707150.6073568389,
              6158228.193375725
            ],
            [
              707146.3740150407,
              6158237.82422832
            ],
            [
              707141.8231726065,
              6158235.601723872
            ],
            [
              707131.8748193681,
              6158234.966722608
            ],
            [
              707119.3864610493,
              6158235.178389691
            ],
            [
              707107.6389375627,
              6158235.8133909665
            ],
            [
              707100.7597571388,
              6158236.660059325
            ],
            [
              707092.2930735499,
              6158238.565063134
            ],
            [
              707082.979721576,
              6158241.1050682105
            ],
            [
              707073.666369617,
              6158243.539239753
            ],
            [
              707058.6380062252,
              6158248.0900821835
            ],
            [
              707049.3246542737,
              6158250.9475879
            ],
            [
              707042.4454738423,
              6158253.064258799
            ],
            [
              707037.365463689,
              6158256.239265155
            ],
            [
              707032.1796199828,
              6158260.4726069495
            ],
            [
              707022.5487673804,
              6158267.986788642
            ],
            [
              707012.7062477022,
              6158276.770972878
            ],
            [
              707004.6628982723,
              6158283.54431976
            ],
            [
              706998.2070520297,
              6158289.047664095
            ],
            [
              706997.1487165913,
              6158288.306829285
            ],
            [
              706995.2437127829,
              6158282.697651401
            ],
            [
              706992.068706423,
              6158275.289303251
            ]
          ]
        ]
      }
    },
    {
      "type": "Feature",
      "properties": {
        "info": false,
        "cara": false,
        "regl": false,
        "id": 0,
        "tech": true,
        "projet": "La biodiversité du Parc",
        "Id": 0,
        "Type": "Muret de haut de plage"
      },
      "geometry": {
        "type": "MultiLineString",
        "coordinates": [
          [
            [
              706984.6603582725,
              6158276.770972878
            ],
            [
              706991.4337051585,
              6158295.926844522
            ],
            [
              707000.7470571175,
              6158325.242736492
            ]
          ],
          [
            [
              707003.4987292811,
              6158313.389379449
            ],
            [
              707008.4729058966,
              6158325.242736492
            ],
            [
              707013.9762502536,
              6158336.249425169
            ],
            [
              707015.6695869714,
              6158341.223601785
            ],
            [
              707012.2829135135,
              6158347.573614489
            ],
            [
              707009.4254077971,
              6158352.441957563
            ],
            [
              707008.8962400779,
              6158357.8394683525
            ],
            [
              707011.0129109845,
              6158364.824482318
            ],
            [
              707014.39958442,
              6158373.1853323765
            ],
            [
              707022.7604344711,
              6158395.516210377
            ],
            [
              707030.486283265,
              6158418.270422548
            ],
            [
              707034.8254586011,
              6158428.536276411
            ],
            [
              707037.1537965983,
              6158433.192952391
            ],
            [
              707040.7521371245,
              6158437.108793557
            ],
            [
              707046.5729820952,
              6158439.860465724
            ],
            [
              707051.4413251728,
              6158440.601300545
            ],
            [
              707055.1454992518,
              6158442.71797144
            ],
            [
              707058.2146720588,
              6158447.057146788
            ],
            [
              707060.331342943,
              6158450.23215314
            ],
            [
              707060.6488435715,
              6158454.359661389
            ],
            [
              707058.9555068538,
              6158461.344675362
            ],
            [
              707055.4629998878,
              6158466.213018432
            ],
            [
              707053.2404954433,
              6158468.647189964
            ]
          ]
        ]
      }
    },
    {
      "type": "Feature",
      "properties": {
        "info": false,
        "cara": false,
        "regl": false,
        "id": 0,
        "tech": true,
        "projet": "La biodiversité du Parc",
        "Id": 0,
        "Type": "Muret de haut de plage"
      },
      "geometry": {
        "type": "MultiLineString",
        "coordinates": [
          [
            [
              707049.1129871756,
              6158470.446360238
            ],
            [
              707042.4454738423,
              6158472.457197584
            ],
            [
              707040.8579706848,
              6158472.880531769
            ]
          ]
        ]
      }
    },
    {
      "type": "Feature",
      "properties": {
        "info": false,
        "cara": false,
        "regl": false,
        "id": 0,
        "tech": true,
        "projet": "La biodiversité du Parc",
        "Id": 0,
        "Type": "Muret de haut de plage"
      },
      "geometry": {
        "type": "MultiLineString",
        "coordinates": [
          [
            [
              707020.2204293981,
              6158546.858179726
            ],
            [
              707014.2408341095,
              6158548.110543333
            ],
            [
              707014.0291670188,
              6158549.168878783
            ],
            [
              707013.0766651109,
              6158550.756381962
            ],
            [
              707012.2299967483,
              6158551.497216776
            ],
            [
              707011.1716613024,
              6158552.026384499
            ],
            [
              707009.6899916753,
              6158552.23805159
            ],
            [
              707005.0333156884,
              6158553.0847199485
            ],
            [
              707009.0549904034,
              6158571.288089689
            ],
            [
              707012.9708315581,
              6158587.163121443
            ],
            [
              707015.510836646,
              6158597.217308216
            ],
            [
              707018.1566752717,
              6158603.355653826
            ],
            [
              707022.4958506078,
              6158610.446501344
            ],
            [
              707025.2475227863,
              6158613.409840599
            ],
            [
              707028.528362684,
              6158617.537348855
            ],
            [
              707031.4917019382,
              6158620.818188753
            ],
            [
              707034.6667082831,
              6158624.522362828
            ],
            [
              707039.3233842701,
              6158629.496539444
            ],
            [
              707042.8158912584,
              6158633.412380602
            ],
            [
              707046.3083982319,
              6158636.481553409
            ],
            [
              707049.271737501,
              6158639.127392039
            ],
            [
              707052.5525773987,
              6158641.349896479
            ],
            [
              707054.2459141165,
              6158642.196564838
            ],
            [
              707071.2851148546,
              6158652.039084524
            ],
            [
              707078.4817959294,
              6158642.196564838
            ],
            [
              707095.2034960315,
              6158652.250751618
            ],
            [
              707110.0201923251,
              6158642.090731293
            ],
            [
              707120.7093803734,
              6158635.105717327
            ],
            [
              707118.8043765649,
              6158633.094879974
            ],
            [
              707116.5818721205,
              6158630.343207803
            ],
            [
              707117.216873385,
              6158626.744867269
            ],
            [
              707119.7568784654,
              6158624.416529283
            ],
            [
              707124.5193879902,
              6158625.369031187
            ],
            [
              707128.1177285239,
              6158627.274034996
            ],
            [
              707129.4935646057,
              6158630.237374257
            ],
            [
              707129.0702304244,
              6158633.941548333
            ],
            [
              707127.165226616,
              6158636.164052781
            ],
            [
              707132.2452367842,
              6158641.773230664
            ],
            [
              707161.5611287504,
              6158615.209010869
            ],
            [
              707164.4186344594,
              6158618.807351399
            ],
            [
              707149.6019381657,
              6158630.76654198
            ]
          ]
        ]
      }
    },
    {
      "type": "Feature",
      "properties": {
        "info": false,
        "cara": false,
        "regl": false,
        "id": 0,
        "tech": true,
        "projet": "La biodiversité du Parc",
        "Id": 0,
        "Type": "Muret de haut de plage"
      },
      "geometry": {
        "type": "MultiLineString",
        "coordinates": [
          [
            [
              707149.6019381657,
              6158630.76654198
            ],
            [
              707148.7199919447,
              6158629.634123053
            ],
            [
              707130.6224557534,
              6158645.403321255
            ],
            [
              707138.8774722666,
              6158658.103346657
            ],
            [
              707130.4107886627,
              6158664.135858722
            ],
            [
              707132.3157924712,
              6158667.310865078
            ],
            [
              707138.0308039039,
              6158672.285041682
            ],
            [
              707138.7716387138,
              6158672.814209413
            ],
            [
              707136.1258000955,
              6158676.518383488
            ],
            [
              707154.5408369303,
              6158691.229246248
            ],
            [
              707183.3275611699,
              6158714.195125509
            ],
            [
              707186.8200681657,
              6158710.385117892
            ],
            [
              707191.1592435017,
              6158706.786777355
            ]
          ]
        ]
      }
    },
    {
      "type": "Feature",
      "properties": {
        "info": false,
        "cara": false,
        "regl": false,
        "id": 0,
        "tech": true,
        "projet": "La biodiversité du Parc",
        "Id": 0,
        "Type": "Muret de haut de plage"
      },
      "geometry": {
        "type": "MultiLineString",
        "coordinates": [
          [
            [
              707211.3734505847,
              6158716.205962867
            ],
            [
              707278.3660845757,
              6158669.004201796
            ]
          ]
        ]
      }
    },
    {
      "type": "Feature",
      "properties": {
        "info": false,
        "cara": false,
        "regl": false,
        "id": 0,
        "tech": true,
        "projet": "La biodiversité du Parc",
        "Id": 0,
        "Type": "Muret de haut de plage"
      },
      "geometry": {
        "type": "MultiLineString",
        "coordinates": [
          [
            [
              707278.3660845757,
              6158669.004201796
            ],
            [
              707260.6918825656,
              6158645.29748771
            ],
            [
              707263.3377211913,
              6158642.757482629
            ],
            [
              707280.2710883841,
              6158666.887530893
            ],
            [
              707297.8394568563,
              6158654.716673221
            ]
          ]
        ]
      }
    },
    {
      "type": "Feature",
      "properties": {
        "info": false,
        "cara": false,
        "regl": false,
        "id": 0,
        "tech": true,
        "projet": "La biodiversité du Parc",
        "Id": 0,
        "Type": "Muret de haut de plage"
      },
      "geometry": {
        "type": "MultiLineString",
        "coordinates": [
          [
            [
              707180.6817225292,
              6158714.584945731
            ],
            [
              707126.3891139477,
              6158671.510692917
            ],
            [
              707111.6782512069,
              6158679.977376517
            ]
          ]
        ]
      }
    },
    {
      "type": "Feature",
      "properties": {
        "info": false,
        "cara": false,
        "regl": false,
        "id": 0,
        "tech": true,
        "projet": "La biodiversité du Parc",
        "Id": 0,
        "Type": "Muret de haut de plage"
      },
      "geometry": {
        "type": "MultiLineString",
        "coordinates": [
          [
            [
              707117.7107632682,
              6158685.692387946
            ],
            [
              707110.4082486555,
              6158684.422385402
            ],
            [
              707103.1057340503,
              6158689.396562021
            ]
          ]
        ]
      }
    },
    {
      "type": "Feature",
      "properties": {
        "info": false,
        "cara": false,
        "regl": false,
        "id": 0,
        "tech": true,
        "projet": "La biodiversité du Parc",
        "Id": 0,
        "Type": "Muret de haut de plage"
      },
      "geometry": {
        "type": "MultiLineString",
        "coordinates": [
          [
            [
              707103.1057340503,
              6158689.396562021
            ],
            [
              707101.094896704,
              6158687.1740575805
            ],
            [
              707091.9932118356,
              6158697.439911444
            ]
          ]
        ]
      }
    },
    {
      "type": "Feature",
      "properties": {
        "info": false,
        "cara": false,
        "regl": false,
        "id": 0,
        "tech": true,
        "projet": "La biodiversité du Parc",
        "Id": 0,
        "Type": "Muret de haut de plage"
      },
      "geometry": {
        "type": "MultiLineString",
        "coordinates": [
          [
            [
              706188.4040435404,
              6159296.590068072
            ],
            [
              706177.1856877729,
              6159301.458411142
            ]
          ]
        ]
      }
    },
    {
      "type": "Feature",
      "properties": {
        "info": false,
        "cara": false,
        "regl": false,
        "id": 0,
        "tech": true,
        "projet": "La biodiversité du Parc",
        "Id": 0,
        "Type": "Muret de haut de plage"
      },
      "geometry": {
        "type": "MultiLineString",
        "coordinates": [
          [
            [
              706173.9048478752,
              6159303.257581413
            ],
            [
              706156.0189787745,
              6159313.523435276
            ],
            [
              706145.7531249076,
              6159318.497611895
            ],
            [
              706142.5781185478,
              6159321.143450517
            ],
            [
              706141.6256166399,
              6159322.73095369
            ]
          ]
        ]
      }
    },
    {
      "type": "Feature",
      "properties": {
        "info": false,
        "cara": false,
        "regl": false,
        "id": 0,
        "tech": true,
        "projet": "La biodiversité du Parc",
        "Id": 0,
        "Type": "Muret de haut de plage"
      },
      "geometry": {
        "type": "MultiLineString",
        "coordinates": [
          [
            [
              706282.9133992195,
              6159279.233366691
            ],
            [
              706283.2308998704,
              6159291.721725002
            ],
            [
              706285.5592378452,
              6159302.728413686
            ],
            [
              706287.5700752065,
              6159311.830098551
            ],
            [
              706288.8400777429,
              6159319.238446705
            ],
            [
              706288.3109100237,
              6159323.683455594
            ],
            [
              706286.3000726774,
              6159328.12846449
            ],
            [
              706283.1250663102,
              6159332.255972739
            ],
            [
              706281.4317295924,
              6159334.160976548
            ],
            [
              706280.7967283204,
              6159341.569324706
            ]
          ]
        ]
      }
    },
    {
      "type": "Feature",
      "properties": {
        "info": false,
        "cara": false,
        "regl": false,
        "id": 0,
        "tech": true,
        "projet": "La biodiversité du Parc",
        "Id": 0,
        "Type": "Muret de haut de plage"
      },
      "geometry": {
        "type": "MultiLineString",
        "coordinates": [
          [
            [
              705349.2939625457,
              6159492.144000847
            ],
            [
              705347.5741674304,
              6159491.879416987
            ],
            [
              705346.2512481138,
              6159486.720031671
            ],
            [
              705346.3835400641,
              6159484.074193049
            ],
            [
              705352.6012608185,
              6159477.988764204
            ]
          ]
        ]
      }
    },
    {
      "type": "Feature",
      "properties": {
        "info": false,
        "cara": false,
        "regl": false,
        "id": 0,
        "tech": true,
        "projet": "La biodiversité du Parc",
        "Id": 0,
        "Type": "Muret de haut de plage"
      },
      "geometry": {
        "type": "MultiLineString",
        "coordinates": [
          [
            [
              705348.3679190129,
              6159478.385640003
            ],
            [
              705330.5085083097,
              6159476.665844891
            ]
          ]
        ]
      }
    },
    {
      "type": "Feature",
      "properties": {
        "info": false,
        "cara": false,
        "regl": false,
        "id": 0,
        "tech": true,
        "projet": "La biodiversité du Parc",
        "Id": 0,
        "Type": "Muret de haut de plage"
      },
      "geometry": {
        "type": "MultiLineString",
        "coordinates": [
          [
            [
              705327.7303777561,
              6159476.136677168
            ],
            [
              705313.1782653034,
              6159474.813757859
            ]
          ]
        ]
      }
    },
    {
      "type": "Feature",
      "properties": {
        "info": false,
        "cara": false,
        "regl": false,
        "id": 0,
        "tech": true,
        "projet": "La biodiversité du Parc",
        "Id": 0,
        "Type": "Muret de haut de plage"
      },
      "geometry": {
        "type": "MultiLineString",
        "coordinates": [
          [
            [
              704855.3324277401,
              6159588.8254136555
            ],
            [
              704840.1982307956,
              6159569.8812091015
            ],
            [
              704829.9323769361,
              6159559.615355242
            ],
            [
              704809.2948356569,
              6159555.0645128
            ],
            [
              704798.7114811689,
              6159568.611206561
            ],
            [
              704791.4089665562,
              6159562.049526773
            ],
            [
              704785.6939551234,
              6159567.976205293
            ],
            [
              704773.205596827,
              6159557.287017249
            ]
          ]
        ]
      }
    },
    {
      "type": "Feature",
      "properties": {
        "info": false,
        "cara": false,
        "regl": false,
        "id": 0,
        "tech": true,
        "projet": "La biodiversité du Parc",
        "Id": 0,
        "Type": "Muret de haut de plage"
      },
      "geometry": {
        "type": "MultiLineString",
        "coordinates": [
          [
            [
              704770.771425277,
              6159554.429511532
            ],
            [
              704770.3480911106,
              6159561.837859679
            ],
            [
              704763.5747442171,
              6159569.246207837
            ],
            [
              704757.6480657011,
              6159571.680379368
            ],
            [
              704756.2722296119,
              6159572.632881273
            ],
            [
              704750.6630517319,
              6159572.527047727
            ],
            [
              704747.3822118342,
              6159576.760389529
            ],
            [
              704745.6888751164,
              6159575.172886357
            ],
            [
              704740.9263655916,
              6159580.25289651
            ],
            [
              704740.7146985009,
              6159581.840399694
            ],
            [
              704734.0471851677,
              6159582.157900322
            ],
            [
              704732.4596819878,
              6159574.961219266
            ]
          ]
        ]
      }
    },
    {
      "type": "Feature",
      "properties": {
        "info": false,
        "cara": false,
        "regl": false,
        "id": 0,
        "tech": true,
        "projet": "La biodiversité du Parc",
        "Id": 0,
        "Type": "Muret de haut de plage"
      },
      "geometry": {
        "type": "MultiLineString",
        "coordinates": [
          [
            [
              704712.7746426314,
              6159575.807887625
            ],
            [
              704722.6171623096,
              6159585.332906675
            ],
            [
              704718.2779869661,
              6159589.77791556
            ],
            [
              704714.0446451604,
              6159594.540425096
            ],
            [
              704710.4463046342,
              6159598.77376689
            ],
            [
              704708.2238001749,
              6159597.18626371
            ],
            [
              704704.2021254823,
              6159601.737106152
            ],
            [
              704700.6037849411,
              6159606.287948582
            ],
            [
              704694.9946070611,
              6159612.955461916
            ],
            [
              704691.8196007237,
              6159610.8387910165
            ]
          ]
        ]
      }
    },
    {
      "type": "Feature",
      "properties": {
        "info": false,
        "cara": false,
        "regl": false,
        "id": 0,
        "tech": true,
        "projet": "La biodiversité du Parc",
        "Id": 0,
        "Type": "Muret de haut de plage"
      },
      "geometry": {
        "type": "MultiLineString",
        "coordinates": [
          [
            [
              704688.8562614471,
              6159614.2254644595
            ],
            [
              704691.5021000728,
              6159616.977136631
            ],
            [
              704685.5754215717,
              6159623.8563170545
            ],
            [
              704681.0245791152,
              6159619.834642343
            ]
          ]
        ]
      }
    },
    {
      "type": "Feature",
      "properties": {
        "info": false,
        "cara": false,
        "regl": false,
        "id": 0,
        "tech": true,
        "projet": "La biodiversité du Parc",
        "Id": 0,
        "Type": "Muret de haut de plage"
      },
      "geometry": {
        "type": "MultiLineString",
        "coordinates": [
          [
            [
              704678.0612398684,
              6159623.22131579
            ],
            [
              704683.4587506652,
              6159627.56049113
            ],
            [
              704678.272906959,
              6159634.016337372
            ],
            [
              704672.5578955263,
              6159629.5713284835
            ]
          ]
        ]
      }
    },
    {
      "type": "Feature",
      "properties": {
        "info": false,
        "cara": false,
        "regl": false,
        "id": 0,
        "tech": true,
        "projet": "La biodiversité du Parc",
        "Id": 0,
        "Type": "Muret de haut de plage"
      },
      "geometry": {
        "type": "MultiLineString",
        "coordinates": [
          [
            [
              704668.430387266,
              6159635.286339916
            ],
            [
              704674.6745664328,
              6159640.683850706
            ],
            [
              704664.3028790131,
              6159653.278042562
            ],
            [
              704659.5403694883,
              6159649.256367851
            ]
          ]
        ]
      }
    },
    {
      "type": "Feature",
      "properties": {
        "info": false,
        "cara": false,
        "regl": false,
        "id": 0,
        "tech": true,
        "projet": "La biodiversité du Parc",
        "Id": 0,
        "Type": "Muret de haut de plage"
      },
      "geometry": {
        "type": "MultiLineString",
        "coordinates": [
          [
            [
              704656.6828637719,
              6159652.008040018
            ],
            [
              704660.9162055776,
              6159656.347215369
            ],
            [
              704655.4128612429,
              6159663.014728703
            ],
            [
              704658.2703669518,
              6159665.554733779
            ],
            [
              704651.7086871564,
              6159672.751414847
            ],
            [
              704645.5703415424,
              6159667.248070508
            ]
          ]
        ]
      }
    },
    {
      "type": "Feature",
      "properties": {
        "info": false,
        "cara": false,
        "regl": false,
        "id": 0,
        "tech": true,
        "projet": "La biodiversité du Parc",
        "Id": 0,
        "Type": "Muret de haut de plage"
      },
      "geometry": {
        "type": "MultiLineString",
        "coordinates": [
          [
            [
              704644.3003390133,
              6159671.269745212
            ],
            [
              704648.5336808115,
              6159675.291419923
            ],
            [
              704641.1253326684,
              6159684.181437705
            ],
            [
              704640.490331389,
              6159683.969770614
            ],
            [
              704636.2569895834,
              6159688.94394723
            ],
            [
              704636.78615731,
              6159689.367281415
            ],
            [
              704632.0236477852,
              6159695.082292832
            ],
            [
              704625.8853021711,
              6159690.108116228
            ]
          ]
        ]
      }
    },
    {
      "type": "Feature",
      "properties": {
        "info": false,
        "cara": false,
        "regl": false,
        "id": 0,
        "tech": true,
        "projet": "La biodiversité du Parc",
        "Id": 0,
        "Type": "Muret de haut de plage"
      },
      "geometry": {
        "type": "MultiLineString",
        "coordinates": [
          [
            [
              704622.816129379,
              6159693.918123845
            ],
            [
              704627.8961395323,
              6159698.892300464
            ],
            [
              704612.7619425952,
              6159716.88400311
            ],
            [
              704607.2585982531,
              6159712.227327131
            ]
          ]
        ]
      }
    },
    {
      "type": "Feature",
      "properties": {
        "info": false,
        "cara": false,
        "regl": false,
        "id": 0,
        "tech": true,
        "projet": "La biodiversité du Parc",
        "Id": 0,
        "Type": "Muret de haut de plage"
      },
      "geometry": {
        "type": "MultiLineString",
        "coordinates": [
          [
            [
              704605.3535944447,
              6159717.5190043785
            ],
            [
              704610.5394381508,
              6159721.646512635
            ],
            [
              704604.2952590063,
              6159728.737360146
            ],
            [
              704600.1677507386,
              6159725.139019616
            ]
          ]
        ]
      }
    },
    {
      "type": "Feature",
      "properties": {
        "info": false,
        "cara": false,
        "regl": false,
        "id": 0,
        "tech": true,
        "projet": "La biodiversité du Parc",
        "Id": 0,
        "Type": "Muret de haut de plage"
      },
      "geometry": {
        "type": "MultiLineString",
        "coordinates": [
          [
            [
              704593.2885703295,
              6159729.266527876
            ],
            [
              704598.0510798544,
              6159733.499869671
            ],
            [
              704587.5735588819,
              6159746.199895073
            ],
            [
              704581.9643810019,
              6159741.649052639
            ]
          ]
        ]
      }
    },
    {
      "type": "Feature",
      "properties": {
        "info": false,
        "cara": false,
        "regl": false,
        "id": 0,
        "tech": true,
        "projet": "La biodiversité du Parc",
        "Id": 0,
        "Type": "Muret de haut de plage"
      },
      "geometry": {
        "type": "MultiLineString",
        "coordinates": [
          [
            [
              704579.74187655,
              6159743.448222902
            ],
            [
              704584.0810519084,
              6159747.046563432
            ],
            [
              704575.931868948,
              6159756.994916663
            ],
            [
              704570.5343581438,
              6159764.085764181
            ],
            [
              704564.50184609,
              6159771.599945877
            ],
            [
              704558.3635004759,
              6159767.049103435
            ]
          ]
        ]
      }
    },
    {
      "type": "Feature",
      "properties": {
        "info": false,
        "cara": false,
        "regl": false,
        "id": 0,
        "tech": true,
        "projet": "La biodiversité du Parc",
        "Id": 0,
        "Type": "Muret de haut de plage"
      },
      "geometry": {
        "type": "MultiLineString",
        "coordinates": [
          [
            [
              704558.3635004759,
              6159767.049103435
            ],
            [
              704557.4109985679,
              6159766.202435076
            ],
            [
              704551.1668194011,
              6159774.351618044
            ]
          ]
        ]
      }
    },
    {
      "type": "Feature",
      "properties": {
        "info": false,
        "cara": false,
        "regl": false,
        "id": 0,
        "tech": true,
        "projet": "La biodiversité du Parc",
        "Id": 0,
        "Type": "Muret de haut de plage"
      },
      "geometry": {
        "type": "MultiLineString",
        "coordinates": [
          [
            [
              704491.2650329471,
              6159848.858433723
            ],
            [
              704463.1133099645,
              6159868.437639549
            ],
            [
              704458.1391333416,
              6159872.670981348
            ]
          ]
        ]
      }
    },
    {
      "type": "Feature",
      "properties": {
        "info": false,
        "cara": false,
        "regl": false,
        "id": 0,
        "tech": true,
        "projet": "La biodiversité du Parc",
        "Id": 0,
        "Type": "Muret de haut de plage"
      },
      "geometry": {
        "type": "MultiLineString",
        "coordinates": [
          [
            [
              704549.2618155926,
              6159776.99745667
            ],
            [
              704494.4411460777,
              6159844.923067271
            ]
          ]
        ]
      }
    },
    {
      "type": "Feature",
      "properties": {
        "info": false,
        "cara": false,
        "regl": false,
        "id": 0,
        "tech": true,
        "projet": "La biodiversité du Parc",
        "Id": 0,
        "Type": "Muret de haut de plage"
      },
      "geometry": {
        "type": "MultiLineString",
        "coordinates": [
          [
            [
              704235.2933751717,
              6160474.943227567
            ],
            [
              704261.8840533495,
              6160418.586864851
            ]
          ]
        ]
      }
    },
    {
      "type": "Feature",
      "properties": {
        "info": false,
        "cara": false,
        "regl": false,
        "id": 0,
        "tech": true,
        "projet": "La biodiversité du Parc",
        "Id": 0,
        "Type": "Muret de haut de plage"
      },
      "geometry": {
        "type": "MultiLineString",
        "coordinates": [
          [
            [
              704231.5892010853,
              6160482.086991854
            ],
            [
              704208.3058211878,
              6160533.8131369725
            ]
          ]
        ]
      }
    },
    {
      "type": "Feature",
      "properties": {
        "info": false,
        "cara": false,
        "regl": false,
        "id": 0,
        "tech": true,
        "projet": "La biodiversité du Parc",
        "Id": 0,
        "Type": "Muret de haut de plage"
      },
      "geometry": {
        "type": "MultiLineString",
        "coordinates": [
          [
            [
              704181.0536833405,
              6160591.49241899
            ],
            [
              704204.6016471013,
              6160540.824609332
            ]
          ]
        ]
      }
    },
    {
      "type": "Feature",
      "properties": {
        "info": false,
        "cara": false,
        "regl": false,
        "id": 0,
        "tech": true,
        "projet": "La biodiversité du Parc",
        "Id": 0,
        "Type": "Muret de haut de plage"
      },
      "geometry": {
        "type": "MultiLineString",
        "coordinates": [
          [
            [
              704155.9182164147,
              6160645.864402745
            ],
            [
              704177.2172173411,
              6160600.22368646
            ]
          ]
        ]
      }
    },
    {
      "type": "Feature",
      "properties": {
        "info": false,
        "cara": false,
        "regl": false,
        "id": 0,
        "tech": true,
        "projet": "La biodiversité du Parc",
        "Id": 0,
        "Type": "Muret de haut de plage"
      },
      "geometry": {
        "type": "MultiLineString",
        "coordinates": [
          [
            [
              704151.5525826812,
              6160655.389421795
            ],
            [
              704109.8806243315,
              6160747.200022075
            ]
          ]
        ]
      }
    },
    {
      "type": "Feature",
      "properties": {
        "info": false,
        "cara": false,
        "regl": false,
        "id": 0,
        "tech": true,
        "projet": "La biodiversité du Parc",
        "Id": 0,
        "Type": "Muret de haut de plage"
      },
      "geometry": {
        "type": "MultiLineString",
        "coordinates": [
          [
            [
              704105.6472825259,
              6160754.872954089
            ],
            [
              704085.6712009162,
              6160803.556384787
            ]
          ]
        ]
      }
    },
    {
      "type": "Feature",
      "properties": {
        "info": false,
        "cara": false,
        "regl": false,
        "id": 0,
        "tech": true,
        "projet": "La biodiversité du Parc",
        "Id": 0,
        "Type": "Muret de haut de plage"
      },
      "geometry": {
        "type": "MultiLineString",
        "coordinates": [
          [
            [
              704081.0409833193,
              6160810.170981355
            ],
            [
              704060.0065662488,
              6160858.722120121
            ]
          ]
        ]
      }
    },
    {
      "type": "Feature",
      "properties": {
        "info": false,
        "cara": false,
        "regl": false,
        "id": 0,
        "tech": true,
        "projet": "La biodiversité du Parc",
        "Id": 0,
        "Type": "Muret de haut de plage"
      },
      "geometry": {
        "type": "MultiLineString",
        "coordinates": [
          [
            [
              704056.3023921698,
              6160864.939840887
            ],
            [
              704037.5169379488,
              6160903.965960607
            ]
          ]
        ]
      }
    },
    {
      "type": "Feature",
      "properties": {
        "info": false,
        "cara": false,
        "regl": false,
        "id": 0,
        "tech": true,
        "projet": "La biodiversité du Parc",
        "Id": 0,
        "Type": "Muret de haut de plage"
      },
      "geometry": {
        "type": "MultiLineString",
        "coordinates": [
          [
            [
              704037.5169379488,
              6160903.965960607
            ],
            [
              704045.3221618831,
              6160904.627420265
            ],
            [
              704044.660702236,
              6160908.728470132
            ],
            [
              704039.1044411063,
              6160908.463886272
            ]
          ]
        ]
      }
    },
    {
      "type": "Feature",
      "properties": {
        "info": false,
        "cara": false,
        "regl": false,
        "id": 0,
        "tech": true,
        "projet": "La biodiversité du Parc",
        "Id": 0,
        "Type": "Muret de haut de plage"
      },
      "geometry": {
        "type": "MultiLineString",
        "coordinates": [
          [
            [
              704038.4429814592,
              6160913.755563527
            ],
            [
              704031.6960929632,
              6160959.660863671
            ]
          ]
        ]
      }
    },
    {
      "type": "Feature",
      "properties": {
        "info": false,
        "cara": false,
        "regl": false,
        "id": 0,
        "tech": true,
        "projet": "La biodiversité du Parc",
        "Id": 0,
        "Type": "Muret de haut de plage"
      },
      "geometry": {
        "type": "MultiLineString",
        "coordinates": [
          [
            [
              704030.2408817261,
              6160968.656714991
            ],
            [
              704022.5679497048,
              6161017.737021487
            ]
          ]
        ]
      }
    },
    {
      "type": "Feature",
      "properties": {
        "info": false,
        "cara": false,
        "regl": false,
        "id": 0,
        "tech": true,
        "projet": "La biodiversité du Parc",
        "Id": 0,
        "Type": "Muret de haut de plage"
      },
      "geometry": {
        "type": "MultiLineString",
        "coordinates": [
          [
            [
              704020.8481545895,
              6161027.526624396
            ],
            [
              704013.5720983744,
              6161078.062142137
            ]
          ]
        ]
      }
    },
    {
      "type": "Feature",
      "properties": {
        "info": false,
        "cara": false,
        "regl": false,
        "id": 0,
        "tech": true,
        "projet": "La biodiversité du Parc",
        "Id": 0,
        "Type": "Muret de haut de plage"
      },
      "geometry": {
        "type": "MultiLineString",
        "coordinates": [
          [
            [
              704012.1168871447,
              6161086.264241874
            ],
            [
              704004.311663188,
              6161136.270591885
            ]
          ]
        ]
      }
    },
    {
      "type": "Feature",
      "properties": {
        "info": false,
        "cara": false,
        "regl": false,
        "id": 0,
        "tech": true,
        "projet": "La biodiversité du Parc",
        "Id": 0,
        "Type": "Muret de haut de plage"
      },
      "geometry": {
        "type": "MultiLineString",
        "coordinates": [
          [
            [
              704002.4595761597,
              6161146.853946384
            ],
            [
              703994.7866441384,
              6161196.860296395
            ]
          ]
        ]
      }
    },
    {
      "type": "Feature",
      "properties": {
        "info": false,
        "cara": false,
        "regl": false,
        "id": 0,
        "tech": true,
        "projet": "La biodiversité du Parc",
        "Id": 0,
        "Type": "Muret de haut de plage"
      },
      "geometry": {
        "type": "MultiLineString",
        "coordinates": [
          [
            [
              703993.3314329013,
              6161206.385315452
            ],
            [
              703989.0980911031,
              6161241.045801435
            ],
            [
              703997.0356069654,
              6161241.971844956
            ],
            [
              703992.6699732319,
              6161265.78439258
            ],
            [
              703984.7324573696,
              6161264.726057131
            ]
          ]
        ]
      }
    },
    {
      "type": "Feature",
      "properties": {
        "info": false,
        "cara": false,
        "regl": false,
        "id": 0,
        "tech": true,
        "projet": "La biodiversité du Parc",
        "Id": 0,
        "Type": "Muret de haut de plage"
      },
      "geometry": {
        "type": "MultiLineString",
        "coordinates": [
          [
            [
              703983.8064138517,
              6161270.811485965
            ],
            [
              703991.6116377935,
              6161272.134405278
            ],
            [
              703987.2460040599,
              6161296.476120632
            ],
            [
              703978.6470285356,
              6161295.5500771105
            ],
            [
              703974.281394802,
              6161326.638680961
            ]
          ]
        ]
      }
    },
    {
      "type": "Feature",
      "properties": {
        "info": false,
        "cara": false,
        "regl": false,
        "id": 0,
        "tech": true,
        "projet": "La biodiversité du Parc",
        "Id": 0,
        "Type": "Muret de haut de plage"
      },
      "geometry": {
        "type": "MultiLineString",
        "coordinates": [
          [
            [
              703969.254301399,
              6161354.816862319
            ],
            [
              703963.830332227,
              6161395.430485208
            ]
          ]
        ]
      }
    },
    {
      "type": "Feature",
      "properties": {
        "info": false,
        "cara": false,
        "regl": false,
        "id": 0,
        "tech": true,
        "projet": "La biodiversité du Parc",
        "Id": 0,
        "Type": "Muret de haut de plage"
      },
      "geometry": {
        "type": "MultiLineString",
        "coordinates": [
          [
            [
              703962.37512099,
              6161405.3523800485
            ],
            [
              703954.834480919,
              6161455.4910219945
            ]
          ]
        ]
      }
    },
    {
      "type": "Feature",
      "properties": {
        "info": false,
        "cara": false,
        "regl": false,
        "id": 0,
        "tech": true,
        "projet": "La biodiversité du Parc",
        "Id": 0,
        "Type": "Muret de haut de plage"
      },
      "geometry": {
        "type": "MultiLineString",
        "coordinates": [
          [
            [
              703952.9823938757,
              6161466.206668425
            ],
            [
              703943.3250828981,
              6161527.193248734
            ]
          ]
        ]
      }
    },
    {
      "type": "Feature",
      "properties": {
        "info": false,
        "cara": false,
        "regl": false,
        "id": 0,
        "tech": true,
        "projet": "La biodiversité du Parc",
        "Id": 0,
        "Type": "Muret de haut de plage"
      },
      "geometry": {
        "type": "MultiLineString",
        "coordinates": [
          [
            [
              703941.8698716462,
              6161533.410969503
            ],
            [
              703931.9479768053,
              6161597.572556157
            ]
          ]
        ]
      }
    },
    {
      "type": "Feature",
      "properties": {
        "info": false,
        "cara": false,
        "regl": false,
        "id": 0,
        "tech": true,
        "projet": "La biodiversité du Parc",
        "Id": 0,
        "Type": "Muret de haut de plage"
      },
      "geometry": {
        "type": "MultiLineString",
        "coordinates": [
          [
            [
              703930.6250574812,
              6161605.906947825
            ],
            [
              703926.7885914743,
              6161631.174706697
            ]
          ]
        ]
      }
    },
    {
      "type": "Feature",
      "properties": {
        "info": false,
        "cara": false,
        "regl": false,
        "id": 0,
        "tech": true,
        "projet": "La biodiversité du Parc",
        "Id": 0,
        "Type": "Muret de haut de plage"
      },
      "geometry": {
        "type": "MultiLineString",
        "coordinates": [
          [
            [
              703925.2010883093,
              6161641.493477337
            ],
            [
              703918.7187836692,
              6161680.122721266
            ]
          ]
        ]
      }
    },
    {
      "type": "Feature",
      "properties": {
        "info": false,
        "cara": false,
        "regl": false,
        "id": 0,
        "tech": true,
        "projet": "La biodiversité du Parc",
        "Id": 0,
        "Type": "Muret de haut de plage"
      },
      "geometry": {
        "type": "MultiLineString",
        "coordinates": [
          [
            [
              703917.2635724247,
              6161688.853988726
            ],
            [
              703912.2364790365,
              6161722.853015047
            ]
          ]
        ]
      }
    },
    {
      "type": "Feature",
      "properties": {
        "info": false,
        "cara": false,
        "regl": false,
        "id": 0,
        "tech": true,
        "projet": "La biodiversité du Parc",
        "Id": 0,
        "Type": "Muret de haut de plage"
      },
      "geometry": {
        "type": "MultiLineString",
        "coordinates": [
          [
            [
              703911.1781435907,
              6161730.658238996
            ],
            [
              703901.7854164764,
              6161795.745869171
            ]
          ]
        ]
      }
    },
    {
      "type": "Feature",
      "properties": {
        "info": false,
        "cara": false,
        "regl": false,
        "id": 0,
        "tech": true,
        "projet": "La biodiversité du Parc",
        "Id": 0,
        "Type": "Muret de haut de plage"
      },
      "geometry": {
        "type": "MultiLineString",
        "coordinates": [
          [
            [
              703900.3302052245,
              6161803.154217318
            ],
            [
              703894.11248447,
              6161843.370964427
            ]
          ]
        ]
      }
    },
    {
      "type": "Feature",
      "properties": {
        "info": false,
        "cara": false,
        "regl": false,
        "id": 0,
        "tech": true,
        "projet": "La biodiversité du Parc",
        "Id": 0,
        "Type": "Muret de haut de plage"
      },
      "geometry": {
        "type": "MultiLineString",
        "coordinates": [
          [
            [
              703893.0541490093,
              6161850.250144843
            ],
            [
              703884.1905896291,
              6161907.00338335
            ]
          ]
        ]
      }
    },
    {
      "type": "Feature",
      "properties": {
        "info": false,
        "cara": false,
        "regl": false,
        "id": 0,
        "tech": true,
        "projet": "La biodiversité du Parc",
        "Id": 0,
        "Type": "Muret de haut de plage"
      },
      "geometry": {
        "type": "MultiLineString",
        "coordinates": [
          [
            [
              703882.6030864492,
              6161915.073191166
            ],
            [
              703875.1947382987,
              6161965.741000827
            ],
            [
              703869.9030610546,
              6161965.344125036
            ]
          ]
        ]
      }
    },
    {
      "type": "Feature",
      "properties": {
        "info": false,
        "cara": false,
        "regl": false,
        "id": 0,
        "tech": true,
        "projet": "La biodiversité du Parc",
        "Id": 0,
        "Type": "Muret de haut de plage"
      },
      "geometry": {
        "type": "MultiLineString",
        "coordinates": [
          [
            [
              703243.7085751444,
              6168647.835221823
            ],
            [
              703239.104815945,
              6168659.582745321
            ],
            [
              703237.5173127577,
              6168671.330268819
            ]
          ]
        ]
      }
    },
    {
      "type": "Feature",
      "properties": {
        "info": false,
        "cara": false,
        "regl": false,
        "id": 0,
        "tech": true,
        "projet": "La biodiversité du Parc",
        "Id": 0,
        "Type": "Muret de haut de plage"
      },
      "geometry": {
        "type": "MultiLineString",
        "coordinates": [
          [
            [
              702945.2579782531,
              6169940.856557868
            ],
            [
              702945.48152221,
              6169934.754352577
            ]
          ]
        ]
      }
    },
    {
      "type": "Feature",
      "properties": {
        "info": false,
        "cara": false,
        "regl": false,
        "id": 0,
        "tech": true,
        "projet": "La biodiversité du Parc",
        "Id": 0,
        "Type": "Muret de haut de plage"
      },
      "geometry": {
        "type": "MultiLineString",
        "coordinates": [
          [
            [
              702940.4954687282,
              6169940.380306914
            ],
            [
              702939.3842164949,
              6169950.540327232
            ]
          ]
        ]
      }
    },
    {
      "type": "Feature",
      "properties": {
        "info": false,
        "cara": false,
        "regl": false,
        "id": 0,
        "tech": true,
        "projet": "La biodiversité du Parc",
        "Id": 0,
        "Type": "Muret de haut de plage"
      },
      "geometry": {
        "type": "MultiLineString",
        "coordinates": [
          [
            [
              702941.4479706287,
              6169950.699077554
            ],
            [
              702943.5117247477,
              6169950.857827868
            ],
            [
              702941.1304699853,
              6169968.002862159
            ]
          ]
        ]
      }
    },
    {
      "type": "Feature",
      "properties": {
        "info": false,
        "cara": false,
        "regl": false,
        "id": 0,
        "tech": true,
        "projet": "La biodiversité du Parc",
        "Id": 0,
        "Type": "Muret de haut de plage"
      },
      "geometry": {
        "type": "MultiLineString",
        "coordinates": [
          [
            [
              702937.0029617324,
              6169966.256608665
            ],
            [
              702935.097957924,
              6169980.067886293
            ],
            [
              702932.2404522076,
              6169979.750385657
            ],
            [
              702928.4304445907,
              6169981.496639144
            ],
            [
              702924.7791872919,
              6170016.580459312
            ]
          ]
        ]
      }
    },
    {
      "type": "Feature",
      "properties": {
        "info": false,
        "cara": false,
        "regl": false,
        "id": 0,
        "tech": true,
        "projet": "La biodiversité du Parc",
        "Id": 0,
        "Type": "Muret de haut de plage"
      },
      "geometry": {
        "type": "MultiLineString",
        "coordinates": [
          [
            [
              702925.0966879204,
              6170020.231716618
            ],
            [
              702913.8254153728,
              6170118.974414103
            ]
          ]
        ]
      }
    },
    {
      "type": "Feature",
      "properties": {
        "info": false,
        "cara": false,
        "regl": false,
        "id": 0,
        "tech": true,
        "projet": "La biodiversité du Parc",
        "Id": 0,
        "Type": "Muret de haut de plage"
      },
      "geometry": {
        "type": "MultiLineString",
        "coordinates": [
          [
            [
              702912.7141631618,
              6170122.308170769
            ],
            [
              702908.1104039401,
              6170170.885767929
            ]
          ]
        ]
      }
    },
    {
      "type": "Feature",
      "properties": {
        "info": false,
        "cara": false,
        "regl": false,
        "id": 0,
        "tech": true,
        "projet": "La biodiversité du Parc",
        "Id": 0,
        "Type": "Muret de haut de plage"
      },
      "geometry": {
        "type": "MultiLineString",
        "coordinates": [
          [
            [
              702906.999151729,
              6170174.537025224
            ],
            [
              702903.3478944153,
              6170216.288358729
            ]
          ]
        ]
      }
    },
    {
      "type": "Feature",
      "properties": {
        "info": false,
        "cara": false,
        "regl": false,
        "id": 0,
        "tech": true,
        "projet": "La biodiversité du Parc",
        "Id": 0,
        "Type": "Muret de haut de plage"
      },
      "geometry": {
        "type": "MultiLineString",
        "coordinates": [
          [
            [
              702902.7128931582,
              6170224.702125557
            ],
            [
              702896.9169770554,
              6170276.082138609
            ],
            [
              702927.2662755921,
              6170279.527870625
            ]
          ]
        ]
      }
    },
    {
      "type": "Feature",
      "properties": {
        "info": false,
        "cara": false,
        "regl": false,
        "id": 0,
        "tech": true,
        "projet": "La biodiversité du Parc",
        "Id": 0,
        "Type": "Muret de haut de plage"
      },
      "geometry": {
        "type": "MultiLineString",
        "coordinates": [
          [
            [
              703140.2401452959,
              6203536.061063651
            ],
            [
              703036.1263954043,
              6203649.832124524
            ]
          ]
        ]
      }
    },
    {
      "type": "Feature",
      "properties": {
        "info": false,
        "cara": false,
        "regl": false,
        "id": 0,
        "tech": true,
        "projet": "La biodiversité du Parc",
        "Id": 0,
        "Type": "Muret de haut de plage"
      },
      "geometry": {
        "type": "MultiLineString",
        "coordinates": [
          [
            [
              704589.2907753289,
              6200660.478392627
            ],
            [
              704595.7889980674,
              6200658.183096785
            ],
            [
              704591.6614898145,
              6200647.864326153
            ]
          ]
        ]
      }
    },
    {
      "type": "Feature",
      "properties": {
        "info": false,
        "cara": false,
        "regl": false,
        "id": 0,
        "tech": true,
        "projet": "La biodiversité du Parc",
        "Id": 0,
        "Type": "Muret de haut de plage"
      },
      "geometry": {
        "type": "MultiLineString",
        "coordinates": [
          [
            [
              704608.7028954253,
              6200711.33138017
            ],
            [
              704644.262966536,
              6200805.78781908
            ],
            [
              704654.1054862365,
              6200831.981621467
            ]
          ]
        ]
      }
    },
    {
      "type": "Feature",
      "properties": {
        "info": false,
        "cara": false,
        "regl": false,
        "id": 0,
        "tech": true,
        "projet": "La biodiversité du Parc",
        "Id": 0,
        "Type": "Muret de haut de plage"
      },
      "geometry": {
        "type": "MultiLineString",
        "coordinates": [
          [
            [
              704608.7028954253,
              6200703.235113978
            ],
            [
              704612.3541527241,
              6200712.442632388
            ]
          ]
        ]
      }
    },
    {
      "type": "Feature",
      "properties": {
        "info": false,
        "cara": false,
        "regl": false,
        "id": 0,
        "tech": true,
        "projet": "La biodiversité du Parc",
        "Id": 0,
        "Type": "Muret de haut de plage"
      },
      "geometry": {
        "type": "MultiLineString",
        "coordinates": [
          [
            [
              704585.3665987402,
              6200649.895007301
            ],
            [
              704606.3216406628,
              6200706.410120331
            ]
          ]
        ]
      }
    },
    {
      "type": "Feature",
      "properties": {
        "info": false,
        "cara": false,
        "regl": false,
        "id": 0,
        "tech": true,
        "projet": "La biodiversité du Parc",
        "Id": 0,
        "Type": "Muret de haut de plage"
      },
      "geometry": {
        "type": "MultiLineString",
        "coordinates": [
          [
            [
              704571.5553211123,
              6200614.334936172
            ],
            [
              704584.2553465292,
              6200647.9900034815
            ]
          ]
        ]
      }
    },
    {
      "type": "Feature",
      "properties": {
        "info": false,
        "cara": false,
        "regl": false,
        "id": 0,
        "tech": true,
        "projet": "La biodiversité du Parc",
        "Id": 0,
        "Type": "Muret de haut de plage"
      },
      "geometry": {
        "type": "MultiLineString",
        "coordinates": [
          [
            [
              704571.5553211123,
              6200605.762419026
            ],
            [
              704574.8890777975,
              6200614.017435543
            ]
          ]
        ]
      }
    },
    {
      "type": "Feature",
      "properties": {
        "info": false,
        "cara": false,
        "regl": false,
        "id": 0,
        "tech": true,
        "projet": "La biodiversité du Parc",
        "Id": 0,
        "Type": "Muret de haut de plage"
      },
      "geometry": {
        "type": "MultiLineString",
        "coordinates": [
          [
            [
              704543.9327658713,
              6200541.468540441
            ],
            [
              704569.4915670007,
              6200609.731176969
            ]
          ]
        ]
      }
    },
    {
      "type": "Feature",
      "properties": {
        "info": false,
        "cara": false,
        "regl": false,
        "id": 0,
        "tech": true,
        "projet": "La biodiversité du Parc",
        "Id": 0,
        "Type": "Muret de haut de plage"
      },
      "geometry": {
        "type": "MultiLineString",
        "coordinates": [
          [
            [
              704543.9327658713,
              6200533.213523928
            ],
            [
              704547.5840231851,
              6200542.262292035
            ]
          ]
        ]
      }
    },
    {
      "type": "Feature",
      "properties": {
        "info": false,
        "cara": false,
        "regl": false,
        "id": 0,
        "tech": true,
        "projet": "La biodiversité du Parc",
        "Id": 0,
        "Type": "Muret de haut de plage"
      },
      "geometry": {
        "type": "MultiLineString",
        "coordinates": [
          [
            [
              704507.1026922241,
              6200443.837095179
            ],
            [
              704542.1865123883,
              6200537.49978251
            ]
          ]
        ]
      }
    },
    {
      "type": "Feature",
      "properties": {
        "info": false,
        "cara": false,
        "regl": false,
        "id": 0,
        "tech": true,
        "projet": "La biodiversité du Parc",
        "Id": 0,
        "Type": "Muret de haut de plage"
      },
      "geometry": {
        "type": "MultiLineString",
        "coordinates": [
          [
            [
              704506.9439419061,
              6200435.105827719
            ],
            [
              704509.9601979256,
              6200443.51959455
            ]
          ]
        ]
      }
    },
    {
      "type": "Feature",
      "properties": {
        "info": false,
        "cara": false,
        "regl": false,
        "id": 0,
        "tech": true,
        "projet": "La biodiversité du Parc",
        "Id": 0,
        "Type": "Muret de haut de plage"
      },
      "geometry": {
        "type": "MultiLineString",
        "coordinates": [
          [
            [
              704487.8939038068,
              6200393.671994846
            ],
            [
              704505.0389380902,
              6200439.233335968
            ]
          ]
        ]
      }
    },
    {
      "type": "Feature",
      "properties": {
        "info": false,
        "cara": false,
        "regl": false,
        "id": 0,
        "tech": true,
        "projet": "La biodiversité du Parc",
        "Id": 0,
        "Type": "Muret de haut de plage"
      },
      "geometry": {
        "type": "MultiLineString",
        "coordinates": [
          [
            [
              704488.6347386166,
              6200387.798233099
            ],
            [
              704490.7514095157,
              6200393.883661937
            ]
          ]
        ]
      }
    },
    {
      "type": "Feature",
      "properties": {
        "info": false,
        "cara": false,
        "regl": false,
        "id": 0,
        "tech": true,
        "projet": "La biodiversité du Parc",
        "Id": 0,
        "Type": "Muret de haut de plage"
      },
      "geometry": {
        "type": "MultiLineString",
        "coordinates": [
          [
            [
              704465.0867748559,
              6200334.087709017
            ],
            [
              704486.5180677176,
              6200390.973239452
            ]
          ]
        ]
      }
    },
    {
      "type": "Feature",
      "properties": {
        "info": false,
        "cara": false,
        "regl": false,
        "id": 0,
        "tech": true,
        "projet": "La biodiversité du Parc",
        "Id": 0,
        "Type": "Muret de haut de plage"
      },
      "geometry": {
        "type": "MultiLineString",
        "coordinates": [
          [
            [
              704466.1451103166,
              6200327.737696312
            ],
            [
              704468.526365079,
              6200334.61687674
            ]
          ]
        ]
      }
    },
    {
      "type": "Feature",
      "properties": {
        "info": false,
        "cara": false,
        "regl": false,
        "id": 0,
        "tech": true,
        "projet": "La biodiversité du Parc",
        "Id": 0,
        "Type": "Muret de haut de plage"
      },
      "geometry": {
        "type": "MultiLineString",
        "coordinates": [
          [
            [
              704434.924214527,
              6200226.4020769745
            ],
            [
              704433.3367113471,
              6200250.214624606
            ],
            [
              704463.499271676,
              6200330.912702665
            ]
          ]
        ]
      }
    },
    {
      "type": "Feature",
      "properties": {
        "info": false,
        "cara": false,
        "regl": false,
        "id": 0,
        "tech": true,
        "projet": "La biodiversité du Parc",
        "Id": 0,
        "Type": "Muret de haut de plage"
      },
      "geometry": {
        "type": "MultiLineString",
        "coordinates": [
          [
            [
              703853.1704468504,
              6195999.833623823
            ],
            [
              703901.2188762799,
              6196000.045290913
            ]
          ]
        ]
      }
    },
    {
      "type": "Feature",
      "properties": {
        "info": false,
        "cara": false,
        "regl": false,
        "id": 0,
        "tech": true,
        "projet": "La biodiversité du Parc",
        "Id": 0,
        "Type": "Muret de haut de plage"
      },
      "geometry": {
        "type": "MultiLineString",
        "coordinates": [
          [
            [
              703853.5937810317,
              6195997.081951652
            ],
            [
              703900.5838750079,
              6195996.65861747
            ]
          ]
        ]
      }
    },
    {
      "type": "Feature",
      "properties": {
        "info": false,
        "cara": false,
        "regl": false,
        "id": 0,
        "tech": true,
        "projet": "La biodiversité du Parc",
        "Id": 0,
        "Type": "Muret de haut de plage"
      },
      "geometry": {
        "type": "MultiLineString",
        "coordinates": [
          [
            [
              703750.7235752866,
              6195543.902711965
            ],
            [
              703728.9218650237,
              6195555.967736091
            ],
            [
              703729.7685333714,
              6195588.987802129
            ],
            [
              703747.5485689417,
              6195592.586142663
            ]
          ]
        ]
      }
    },
    {
      "type": "Feature",
      "properties": {
        "info": false,
        "cara": false,
        "regl": false,
        "id": 0,
        "tech": true,
        "projet": "La biodiversité du Parc",
        "Id": 0,
        "Type": "Muret de haut de plage"
      },
      "geometry": {
        "type": "MultiLineString",
        "coordinates": [
          [
            [
              703407.3863261119,
              6192157.1675357
            ],
            [
              703408.709245421,
              6192174.696216591
            ],
            [
              703402.0946488678,
              6192175.357676242
            ],
            [
              703402.7561085224,
              6192180.649353497
            ],
            [
              703397.7951611131,
              6192180.98008332
            ],
            [
              703398.4566207603,
              6192187.594679888
            ],
            [
              703394.8185926527,
              6192188.256139539
            ]
          ]
        ]
      }
    },
    {
      "type": "Feature",
      "properties": {
        "info": false,
        "cara": false,
        "regl": false,
        "id": 0,
        "tech": true,
        "projet": "La biodiversité du Parc",
        "Id": 0,
        "Type": "Muret de haut de plage"
      },
      "geometry": {
        "type": "MultiLineString",
        "coordinates": [
          [
            [
              703407.0555962771,
              6192152.537318103
            ],
            [
              703406.7248664647,
              6192149.560749657
            ],
            [
              703412.0165437087,
              6192149.230019823
            ],
            [
              703410.6936243922,
              6192134.677907385
            ]
          ]
        ]
      }
    },
    {
      "type": "Feature",
      "properties": {
        "info": false,
        "cara": false,
        "regl": false,
        "id": 0,
        "tech": true,
        "projet": "La biodiversité du Parc",
        "Id": 0,
        "Type": "Muret de haut de plage"
      },
      "geometry": {
        "type": "MultiLineString",
        "coordinates": [
          [
            [
              703392.8342136815,
              6192051.333990697
            ],
            [
              703394.8185926527,
              6192073.162159357
            ],
            [
              703401.102459386,
              6192076.800187465
            ],
            [
              703404.7404874936,
              6192081.430405058
            ],
            [
              703406.0634067953,
              6192087.05281214
            ],
            [
              703406.0634067953,
              6192091.683029726
            ],
            [
              703404.4097576588,
              6192096.974706981
            ],
            [
              703406.39413663,
              6192107.227331653
            ],
            [
              703407.7170559466,
              6192116.818496671
            ]
          ]
        ]
      }
    },
    {
      "type": "Feature",
      "properties": {
        "info": false,
        "cara": false,
        "regl": false,
        "id": 0,
        "tech": true,
        "projet": "La biodiversité du Parc",
        "Id": 0,
        "Type": "Muret de haut de plage"
      },
      "geometry": {
        "type": "MultiLineString",
        "coordinates": [
          [
            [
              703132.59834598,
              6187585.720632382
            ],
            [
              703130.5345918462,
              6187620.963202864
            ]
          ]
        ]
      }
    },
    {
      "type": "Feature",
      "properties": {
        "info": false,
        "cara": false,
        "regl": false,
        "id": 0,
        "tech": true,
        "projet": "La biodiversité du Parc",
        "Id": 0,
        "Type": "Muret de haut de plage"
      },
      "geometry": {
        "type": "MultiLineString",
        "coordinates": [
          [
            [
              703133.709598206,
              6187565.083091103
            ],
            [
              703132.7570963055,
              6187581.751874439
            ]
          ]
        ]
      }
    },
    {
      "type": "Feature",
      "properties": {
        "info": false,
        "cara": false,
        "regl": false,
        "id": 0,
        "tech": true,
        "projet": "La biodiversité du Parc",
        "Id": 0,
        "Type": "Muret de haut de plage"
      },
      "geometry": {
        "type": "MultiLineString",
        "coordinates": [
          [
            [
              703134.0270988345,
              6187558.733078405
            ],
            [
              703134.8208504394,
              6187543.810548566
            ]
          ]
        ]
      }
    },
    {
      "type": "Feature",
      "properties": {
        "info": false,
        "cara": false,
        "regl": false,
        "id": 0,
        "tech": true,
        "projet": "La biodiversité du Parc",
        "Id": 0,
        "Type": "Muret de haut de plage"
      },
      "geometry": {
        "type": "MultiLineString",
        "coordinates": [
          [
            [
              703137.0433548763,
              6187516.029243
            ],
            [
              703139.5833599642,
              6187522.220505379
            ],
            [
              703141.1708631217,
              6187526.983014904
            ],
            [
              703141.0121128038,
              6187530.95177285
            ],
            [
              703139.2658593133,
              6187536.508033954
            ],
            [
              703135.2971013933,
              6187540.953042842
            ]
          ]
        ]
      }
    },
    {
      "type": "Feature",
      "properties": {
        "info": false,
        "cara": false,
        "regl": false,
        "id": 0,
        "tech": true,
        "projet": "La biodiversité du Parc",
        "Id": 0,
        "Type": "Muret de haut de plage"
      },
      "geometry": {
        "type": "MultiLineString",
        "coordinates": [
          [
            [
              703137.6783561558,
              6187504.122969188
            ],
            [
              703137.2021052018,
              6187511.90173474
            ]
          ]
        ]
      }
    },
    {
      "type": "Feature",
      "properties": {
        "info": false,
        "cara": false,
        "regl": false,
        "id": 0,
        "tech": true,
        "projet": "La biodiversité du Parc",
        "Id": 0,
        "Type": "Muret de haut de plage"
      },
      "geometry": {
        "type": "MultiLineString",
        "coordinates": [
          [
            [
              703137.5196058303,
              6187500.471711881
            ],
            [
              703138.3133574128,
              6187491.105443146
            ]
          ]
        ]
      }
    },
    {
      "type": "Feature",
      "properties": {
        "info": false,
        "cara": false,
        "regl": false,
        "id": 0,
        "tech": true,
        "projet": "La biodiversité du Parc",
        "Id": 0,
        "Type": "Muret de haut de plage"
      },
      "geometry": {
        "type": "MultiLineString",
        "coordinates": [
          [
            [
              703138.9483586848,
              6187480.151671238
            ],
            [
              703138.3133574128,
              6187491.105443146
            ]
          ]
        ]
      }
    },
    {
      "type": "Feature",
      "properties": {
        "info": false,
        "cara": false,
        "regl": false,
        "id": 0,
        "tech": true,
        "projet": "La biodiversité du Parc",
        "Id": 0,
        "Type": "Muret de haut de plage"
      },
      "geometry": {
        "type": "MultiLineString",
        "coordinates": [
          [
            [
              703141.0121128038,
              6187449.671610281
            ],
            [
              703139.2658593133,
              6187475.547912031
            ]
          ]
        ]
      }
    },
    {
      "type": "Feature",
      "properties": {
        "info": false,
        "cara": false,
        "regl": false,
        "id": 0,
        "tech": true,
        "projet": "La biodiversité du Parc",
        "Id": 0,
        "Type": "Muret de haut de plage"
      },
      "geometry": {
        "type": "MultiLineString",
        "coordinates": [
          [
            [
              703141.6471140757,
              6187440.46409186
            ],
            [
              703141.4883637577,
              6187443.639098216
            ]
          ]
        ]
      }
    },
    {
      "type": "Feature",
      "properties": {
        "info": false,
        "cara": false,
        "regl": false,
        "id": 0,
        "tech": true,
        "projet": "La biodiversité du Parc",
        "Id": 0,
        "Type": "Muret de haut de plage"
      },
      "geometry": {
        "type": "MultiLineString",
        "coordinates": [
          [
            [
              703143.8696185201,
              6187405.539022017
            ],
            [
              703141.8058644012,
              6187437.447835833
            ]
          ]
        ]
      }
    },
    {
      "type": "Feature",
      "properties": {
        "info": false,
        "cara": false,
        "regl": false,
        "id": 0,
        "tech": true,
        "projet": "La biodiversité du Parc",
        "Id": 0,
        "Type": "Muret de haut de plage"
      },
      "geometry": {
        "type": "MultiLineString",
        "coordinates": [
          [
            [
              703146.568373926,
              6187360.13643121
            ],
            [
              703144.0283688381,
              6187402.840266626
            ],
            [
              703146.4096236005,
              6187402.840266626
            ],
            [
              703146.2508732826,
              6187406.967774875
            ]
          ]
        ]
      }
    },
    {
      "type": "Feature",
      "properties": {
        "info": false,
        "cara": false,
        "regl": false,
        "id": 0,
        "tech": true,
        "projet": "La biodiversité du Parc",
        "Id": 0,
        "Type": "Muret de haut de plage"
      },
      "geometry": {
        "type": "MultiLineString",
        "coordinates": [
          [
            [
              703148.790878363,
              6187333.307627555
            ],
            [
              703147.679626137,
              6187350.928912796
            ]
          ]
        ]
      }
    },
    {
      "type": "Feature",
      "properties": {
        "info": false,
        "cara": false,
        "regl": false,
        "id": 0,
        "tech": true,
        "projet": "La biodiversité du Parc",
        "Id": 0,
        "Type": "Muret de haut de plage"
      },
      "geometry": {
        "type": "MultiLineString",
        "coordinates": [
          [
            [
              703151.4896337762,
              6187298.065057065
            ],
            [
              703149.1083790138,
              6187329.815120567
            ],
            [
              703151.0133828074,
              6187329.973870888
            ],
            [
              703150.5371318534,
              6187334.736380413
            ]
          ]
        ]
      }
    },
    {
      "type": "Feature",
      "properties": {
        "info": false,
        "cara": false,
        "regl": false,
        "id": 0,
        "tech": true,
        "projet": "La biodiversité du Parc",
        "Id": 0,
        "Type": "Muret de haut de plage"
      },
      "geometry": {
        "type": "MultiLineString",
        "coordinates": [
          [
            [
              703153.8708885387,
              6187261.869984675
            ],
            [
              703151.9658847228,
              6187294.572550092
            ],
            [
              703153.8708885387,
              6187294.572550092
            ],
            [
              703153.7121382132,
              6187298.700058341
            ]
          ]
        ]
      }
    },
    {
      "type": "Feature",
      "properties": {
        "info": false,
        "cara": false,
        "regl": false,
        "id": 0,
        "tech": true,
        "projet": "La biodiversité du Parc",
        "Id": 0,
        "Type": "Muret de haut de plage"
      },
      "geometry": {
        "type": "MultiLineString",
        "coordinates": [
          [
            [
              703156.2521433011,
              6187222.182405308
            ],
            [
              703154.1883891672,
              6187258.059977058
            ],
            [
              703156.4108936042,
              6187258.694978334
            ],
            [
              703155.9346426502,
              6187262.028735001
            ]
          ]
        ]
      }
    },
    {
      "type": "Feature",
      "properties": {
        "info": false,
        "cara": false,
        "regl": false,
        "id": 0,
        "tech": true,
        "projet": "La biodiversité du Parc",
        "Id": 0,
        "Type": "Muret de haut de plage"
      },
      "geometry": {
        "type": "MultiLineString",
        "coordinates": [
          [
            [
              703144.1871191636,
              6187210.593632124
            ],
            [
              703147.5208758339,
              6187210.276131496
            ],
            [
              703147.679626137,
              6187211.704884354
            ],
            [
              703157.0458948836,
              6187212.022384983
            ],
            [
              703156.7283942476,
              6187219.483649906
            ]
          ]
        ]
      }
    },
    {
      "type": "Feature",
      "properties": {
        "info": false,
        "cara": false,
        "regl": false,
        "id": 0,
        "tech": true,
        "projet": "La biodiversité du Parc",
        "Id": 0,
        "Type": "Muret de haut de plage"
      },
      "geometry": {
        "type": "MultiLineString",
        "coordinates": [
          [
            [
              703073.2363105863,
              6181136.809130363
            ],
            [
              703139.9114439338,
              6181061.79960534
            ]
          ]
        ]
      }
    },
    {
      "type": "Feature",
      "properties": {
        "info": false,
        "cara": false,
        "regl": false,
        "id": 0,
        "tech": true,
        "projet": "La biodiversité du Parc",
        "Id": 0,
        "Type": "Muret de haut de plage"
      },
      "geometry": {
        "type": "MultiLineString",
        "coordinates": [
          [
            [
              703158.5381478667,
              6180889.790108547
            ],
            [
              703160.6019019932,
              6180919.582251459
            ]
          ]
        ]
      }
    },
    {
      "type": "Feature",
      "properties": {
        "info": false,
        "cara": false,
        "regl": false,
        "id": 0,
        "tech": true,
        "projet": "La biodiversité du Parc",
        "Id": 0,
        "Type": "Muret de haut de plage"
      },
      "geometry": {
        "type": "MultiLineString",
        "coordinates": [
          [
            [
              703147.2139585391,
              6180939.320207603
            ],
            [
              703146.578957282,
              6180937.3093702495
            ],
            [
              703162.7714896649,
              6180919.370584369
            ]
          ]
        ]
      }
    },
    {
      "type": "Feature",
      "properties": {
        "info": false,
        "cara": false,
        "regl": false,
        "id": 0,
        "tech": true,
        "projet": "La biodiversité du Parc",
        "Id": 0,
        "Type": "Muret de haut de plage"
      },
      "geometry": {
        "type": "MultiLineString",
        "coordinates": [
          [
            [
              703143.6685347855,
              6180973.398609091
            ],
            [
              703143.4039509222,
              6180969.588601477
            ],
            [
              703153.8285551071,
              6180959.058163747
            ],
            [
              703148.9602120444,
              6180945.193969347
            ]
          ]
        ]
      }
    },
    {
      "type": "Feature",
      "properties": {
        "info": false,
        "cara": false,
        "regl": false,
        "id": 0,
        "tech": true,
        "projet": "La biodiversité du Parc",
        "Id": 0,
        "Type": "Muret de haut de plage"
      },
      "geometry": {
        "type": "MultiLineString",
        "coordinates": [
          [
            [
              703133.4026809186,
              6181003.931586824
            ],
            [
              703145.09728764,
              6180991.019894339
            ],
            [
              703143.8802018762,
              6180974.9861122705
            ]
          ]
        ]
      }
    },
    {
      "type": "Feature",
      "properties": {
        "info": false,
        "cara": false,
        "regl": false,
        "id": 0,
        "tech": true,
        "projet": "La biodiversité du Parc",
        "Id": 0,
        "Type": "Muret de haut de plage"
      },
      "geometry": {
        "type": "MultiLineString",
        "coordinates": [
          [
            [
              703124.8936638981,
              6181012.948604859
            ],
            [
              703132.5136791393,
              6181004.852338668
            ]
          ]
        ]
      }
    },
    {
      "type": "Feature",
      "properties": {
        "info": false,
        "cara": false,
        "regl": false,
        "id": 0,
        "tech": true,
        "projet": "La biodiversité du Parc",
        "Id": 0,
        "Type": "Muret de haut de plage"
      },
      "geometry": {
        "type": "MultiLineString",
        "coordinates": [
          [
            [
              703147.7537096217,
              6180803.398185756
            ],
            [
              703170.4550050348,
              6180807.208193373
            ],
            [
              703174.9000139311,
              6180792.920664802
            ],
            [
              703181.5675272644,
              6180781.49064194
            ],
            [
              703190.6162953451,
              6180771.4893719405
            ],
            [
              703200.6175653636,
              6180757.519344002
            ],
            [
              703194.2675526589,
              6180754.026837014
            ]
          ]
        ]
      }
    },
    {
      "type": "Feature",
      "properties": {
        "info": false,
        "cara": false,
        "regl": false,
        "id": 0,
        "tech": true,
        "projet": "La biodiversité du Parc",
        "Id": 0,
        "Type": "Muret de haut de plage"
      },
      "geometry": {
        "type": "MultiLineString",
        "coordinates": [
          [
            [
              703090.5109909773,
              6178022.216095604
            ],
            [
              703093.0509960577,
              6178025.708602589
            ],
            [
              703098.3426733017,
              6178027.931107037
            ],
            [
              703106.4918562621,
              6178029.2011095695
            ],
            [
              703116.2285424098,
              6178029.306943115
            ],
            [
              703134.8552463204,
              6178028.671941847
            ],
            [
              703149.1427749172,
              6178027.507772852
            ],
            [
              703163.2186363935,
              6178027.719439942
            ],
            [
              703173.6961573288,
              6178027.190272223
            ]
          ]
        ]
      }
    },
    {
      "type": "Feature",
      "properties": {
        "info": false,
        "cara": false,
        "regl": false,
        "id": 0,
        "tech": true,
        "projet": "La biodiversité du Parc",
        "Id": 0,
        "Type": "Muret de haut de plage"
      },
      "geometry": {
        "type": "MultiLineString",
        "coordinates": [
          [
            [
              702904.0490416437,
              6170444.099033106
            ],
            [
              702909.0099890754,
              6170454.21936585
            ],
            [
              702900.2125756517,
              6170481.206919815
            ]
          ]
        ]
      }
    },
    {
      "type": "Feature",
      "properties": {
        "info": false,
        "cara": false,
        "regl": false,
        "id": 0,
        "tech": true,
        "projet": "La biodiversité du Parc",
        "Id": 0,
        "Type": "Muret de haut de plage"
      },
      "geometry": {
        "type": "MultiLineString",
        "coordinates": [
          [
            [
              702897.5005910546,
              6170487.821516383
            ],
            [
              702895.9130878896,
              6170492.848609768
            ]
          ]
        ]
      }
    },
    {
      "type": "Feature",
      "properties": {
        "info": false,
        "cara": false,
        "regl": false,
        "id": 0,
        "tech": true,
        "projet": "La biodiversité du Parc",
        "Id": 0,
        "Type": "Muret de haut de plage"
      },
      "geometry": {
        "type": "MultiLineString",
        "coordinates": [
          [
            [
              702893.3995411992,
              6170500.256957915
            ],
            [
              702888.1740099117,
              6170515.867405809
            ]
          ]
        ]
      }
    },
    {
      "type": "Feature",
      "properties": {
        "info": false,
        "cara": false,
        "regl": false,
        "id": 0,
        "tech": true,
        "projet": "La biodiversité du Parc",
        "Id": 0,
        "Type": "Muret de haut de plage"
      },
      "geometry": {
        "type": "MultiLineString",
        "coordinates": [
          [
            [
              702886.9833825231,
              6170519.571579885
            ],
            [
              702881.1625375524,
              6170535.777341463
            ]
          ]
        ]
      }
    },
    {
      "type": "Feature",
      "properties": {
        "info": false,
        "cara": false,
        "regl": false,
        "id": 0,
        "tech": true,
        "projet": "La biodiversité du Parc",
        "Id": 0,
        "Type": "Muret de haut de plage"
      },
      "geometry": {
        "type": "MultiLineString",
        "coordinates": [
          [
            [
              702880.3026399985,
              6170537.894012358
            ],
            [
              702874.4817950279,
              6170555.5549851805
            ]
          ]
        ]
      }
    },
    {
      "type": "Feature",
      "properties": {
        "info": false,
        "cara": false,
        "regl": false,
        "id": 0,
        "tech": true,
        "projet": "La biodiversité du Parc",
        "Id": 0,
        "Type": "Muret de haut de plage"
      },
      "geometry": {
        "type": "MultiLineString",
        "coordinates": []
      }
    },
    {
      "type": "Feature",
      "properties": {
        "info": false,
        "cara": false,
        "regl": false,
        "id": 0,
        "tech": true,
        "projet": "La biodiversité du Parc",
        "Id": 0,
        "Type": "Muret de haut de plage"
      },
      "geometry": {
        "type": "MultiLineString",
        "coordinates": [
          [
            [
              703094.1093315035,
              6178010.997739837
            ],
            [
              703086.065982081,
              6177948.979282461
            ]
          ]
        ]
      }
    },
    {
      "type": "Feature",
      "properties": {
        "info": false,
        "cara": false,
        "regl": false,
        "id": 0,
        "tech": true,
        "projet": "La biodiversité du Parc",
        "Id": 0,
        "Type": "Muret de haut de plage"
      },
      "geometry": {
        "type": "MultiLineString",
        "coordinates": [
          [
            [
              703021.2958525419,
              6177955.752629343
            ],
            [
              703083.525977008,
              6177947.603446372
            ]
          ]
        ]
      }
    },
    {
      "type": "Feature",
      "properties": {
        "info": false,
        "cara": false,
        "regl": false,
        "id": 0,
        "tech": true,
        "projet": "La biodiversité du Parc",
        "Id": 0,
        "Type": "Muret de haut de plage"
      },
      "geometry": {
        "type": "MultiLineString",
        "coordinates": [
          [
            [
              703014.416672118,
              6177916.382550601
            ],
            [
              703051.5642464086,
              6177911.8317081705
            ],
            [
              703060.665931277,
              6177950.14345146
            ]
          ]
        ]
      }
    },
    {
      "type": "Feature",
      "properties": {
        "info": false,
        "cara": false,
        "regl": false,
        "id": 0,
        "tech": true,
        "projet": "La biodiversité du Parc",
        "Id": 0,
        "Type": "Muret de haut de plage"
      },
      "geometry": {
        "type": "MultiLineString",
        "coordinates": [
          [
            [
              703003.1983163506,
              6177847.061578624
            ],
            [
              703009.1249948665,
              6177901.989188481
            ],
            [
              703011.9825005829,
              6177923.155897483
            ]
          ]
        ]
      }
    },
    {
      "type": "Feature",
      "properties": {
        "info": false,
        "cara": false,
        "regl": false,
        "id": 0,
        "tech": true,
        "projet": "La biodiversité du Parc",
        "Id": 0,
        "Type": "Muret de haut de plage"
      },
      "geometry": {
        "type": "MultiLineString",
        "coordinates": [
          [
            [
              702989.016621314,
              6177718.47382145
            ],
            [
              702994.5199656636,
              6177770.3322585
            ],
            [
              703000.0233099833,
              6177818.90985566
            ],
            [
              703001.9283137992,
              6177836.58405767
            ]
          ]
        ]
      }
    },
    {
      "type": "Feature",
      "properties": {
        "info": false,
        "cara": false,
        "regl": false,
        "id": 0,
        "tech": true,
        "projet": "La biodiversité du Parc",
        "Id": 0,
        "Type": "Muret de haut de plage"
      },
      "geometry": {
        "type": "MultiLineString",
        "coordinates": [
          [
            [
              702969.5432490483,
              6177545.541808926
            ],
            [
              702973.7765908316,
              6177585.546888933
            ],
            [
              702978.8566010073,
              6177629.785310745
            ],
            [
              702985.3124472499,
              6177686.0887566805
            ],
            [
              702987.4291181341,
              6177707.572966319
            ]
          ]
        ]
      }
    },
    {
      "type": "Feature",
      "properties": {
        "info": false,
        "cara": false,
        "regl": false,
        "id": 0,
        "tech": true,
        "projet": "La biodiversité du Parc",
        "Id": 0,
        "Type": "Muret de haut de plage"
      },
      "geometry": {
        "type": "MultiLineString",
        "coordinates": [
          [
            [
              702956.6315565407,
              6177334.192219555
            ],
            [
              702960.441564165,
              6177399.491516821
            ],
            [
              702962.875735715,
              6177442.45993609
            ],
            [
              702967.5324116796,
              6177516.014249861
            ],
            [
              702968.4849135876,
              6177534.005952518
            ]
          ]
        ]
      }
    },
    {
      "type": "Feature",
      "properties": {
        "info": false,
        "cara": false,
        "regl": false,
        "id": 0,
        "tech": true,
        "projet": "La biodiversité du Parc",
        "Id": 0,
        "Type": "Muret de haut de plage"
      },
      "geometry": {
        "type": "MultiLineString",
        "coordinates": [
          [
            [
              702946.5773697719,
              6177160.413538665
            ],
            [
              702949.4348754883,
              6177210.261138361
            ],
            [
              702951.5515463874,
              6177249.207882915
            ],
            [
              702955.9965552837,
              6177323.926365696
            ]
          ]
        ]
      }
    },
    {
      "type": "Feature",
      "properties": {
        "info": false,
        "cara": false,
        "regl": false,
        "id": 0,
        "tech": true,
        "projet": "La biodiversité du Parc",
        "Id": 0,
        "Type": "Muret de haut de plage"
      },
      "geometry": {
        "type": "MultiLineString",
        "coordinates": [
          [
            [
              702903.7147840485,
              6176966.738151304
            ],
            [
              702905.0906201378,
              6176971.818161469
            ],
            [
              702906.6781233028,
              6176976.051503271
            ],
            [
              702909.2181283906,
              6176980.49651216
            ],
            [
              702913.0281360075,
              6176985.153188139
            ],
            [
              702917.1556442603,
              6176989.280696396
            ],
            [
              702922.1298208758,
              6176993.196537562
            ],
            [
              702926.6806633025,
              6176996.371543914
            ],
            [
              702931.5490063876,
              6176998.911548991
            ],
            [
              702936.3115159124,
              6177000.922386348
            ],
            [
              702940.0156899765,
              6177002.192388888
            ],
            [
              702941.0740254372,
              6177024.946601063
            ],
            [
              702950.5990444869,
              6177035.953289736
            ],
            [
              702968.5907471254,
              6177036.059123285
            ],
            [
              702968.4849135876,
              6177039.128296092
            ],
            [
              702951.5515463874,
              6177039.445796728
            ],
            [
              702942.5556950644,
              6177048.864982232
            ],
            [
              702943.8256976157,
              6177100.829252828
            ],
            [
              702944.7781995013,
              6177130.462645426
            ],
            [
              702945.836534962,
              6177150.253518339
            ]
          ]
        ]
      }
    },
    {
      "type": "Feature",
      "properties": {
        "info": false,
        "cara": false,
        "regl": false,
        "id": 0,
        "tech": true,
        "projet": "La biodiversité du Parc",
        "Id": 0,
        "Type": "Muret de haut de plage"
      },
      "geometry": {
        "type": "MultiLineString",
        "coordinates": [
          [
            [
              702887.0195423216,
              6176807.361652002
            ],
            [
              702887.8132939041,
              6176819.029800337
            ],
            [
              702890.3532989845,
              6176853.319868915
            ],
            [
              702891.8614270091,
              6176874.671786625
            ],
            [
              702893.7664308175,
              6176902.373717021
            ],
            [
              702896.14768558,
              6176933.568154413
            ],
            [
              702896.9414371625,
              6176952.300691877
            ]
          ]
        ]
      }
    },
    {
      "type": "Feature",
      "properties": {
        "info": false,
        "cara": false,
        "regl": false,
        "id": 0,
        "tech": true,
        "projet": "La biodiversité du Parc",
        "Id": 0,
        "Type": "Muret de haut de plage"
      },
      "geometry": {
        "type": "MultiLineString",
        "coordinates": [
          [
            [
              702882.3364079595,
              6176734.3365059495
            ],
            [
              702885.8289149478,
              6176796.249129772
            ]
          ]
        ]
      }
    },
    {
      "type": "Feature",
      "properties": {
        "info": false,
        "cara": false,
        "regl": false,
        "id": 0,
        "tech": true,
        "projet": "La biodiversité du Parc",
        "Id": 0,
        "Type": "Muret de haut de plage"
      },
      "geometry": {
        "type": "MultiLineString",
        "coordinates": [
          [
            [
              702912.6577185914,
              6176593.048723374
            ],
            [
              702915.7533497959,
              6176636.149434581
            ],
            [
              702917.1821026504,
              6176660.993859261
            ],
            [
              702917.023352325,
              6176664.248240776
            ],
            [
              702915.3564740047,
              6176667.264496803
            ],
            [
              702890.8295499384,
              6176712.984588243
            ],
            [
              702883.2095347047,
              6176726.319614921
            ],
            [
              702882.2570327967,
              6176727.986493252
            ],
            [
              702882.177657634,
              6176728.859619997
            ],
            [
              702882.177657634,
              6176729.653371587
            ]
          ]
        ]
      }
    },
    {
      "type": "Feature",
      "properties": {
        "info": false,
        "cara": false,
        "regl": false,
        "id": 0,
        "tech": true,
        "projet": "La biodiversité du Parc",
        "Id": 0,
        "Type": "Muret de haut de plage"
      },
      "geometry": {
        "type": "MultiLineString",
        "coordinates": [
          [
            [
              702866.7788768336,
              6176436.917786114
            ],
            [
              702901.0689454302,
              6176435.17153262
            ],
            [
              702903.7677008212,
              6176475.097237475
            ],
            [
              702905.9902052581,
              6176502.243541766
            ],
            [
              702909.3239619285,
              6176544.471126221
            ],
            [
              702912.3402179629,
              6176590.74684377
            ]
          ]
        ]
      }
    },
    {
      "type": "Feature",
      "properties": {
        "info": false,
        "cara": false,
        "regl": false,
        "id": 0,
        "tech": true,
        "projet": "La biodiversité du Parc",
        "Id": 0,
        "Type": "Muret de haut de plage"
      },
      "geometry": {
        "type": "MultiLineString",
        "coordinates": [
          [
            [
              702868.3531508222,
              6176209.9423148
            ],
            [
              702879.9948407784,
              6176209.9423148
            ],
            [
              702885.7098522037,
              6176282.755793758
            ],
            [
              702867.9298166409,
              6176301.1708305925
            ],
            [
              702855.441458337,
              6176301.805831857
            ]
          ]
        ]
      }
    },
    {
      "type": "Feature",
      "properties": {
        "info": false,
        "cara": false,
        "regl": false,
        "id": 0,
        "tech": true,
        "projet": "La biodiversité du Parc",
        "Id": 0,
        "Type": "Muret de haut de plage"
      },
      "geometry": {
        "type": "MultiLineString",
        "coordinates": [
          [
            [
              702879.1481724083,
              6176200.628962841
            ],
            [
              702879.1481724083,
              6176206.555641353
            ],
            [
              702867.7181495503,
              6176206.7673084475
            ]
          ]
        ]
      }
    },
    {
      "type": "Feature",
      "properties": {
        "info": false,
        "cara": false,
        "regl": false,
        "id": 0,
        "tech": true,
        "projet": "La biodiversité du Parc",
        "Id": 0,
        "Type": "Muret de haut de plage"
      },
      "geometry": {
        "type": "MultiLineString",
        "coordinates": [
          [
            [
              702800.6196820214,
              6175516.097593773
            ],
            [
              702812.4730390608,
              6175526.892615367
            ],
            [
              702808.0280301869,
              6175530.914290078
            ],
            [
              702832.7930796966,
              6175552.504333254
            ],
            [
              702834.9097505957,
              6175606.267774116
            ],
            [
              702839.354759492,
              6175610.501115918
            ],
            [
              702818.8230517656,
              6175632.9378274605
            ],
            [
              702822.2097252011,
              6175691.569611385
            ],
            [
              702831.7347442508,
              6175697.707957
            ],
            [
              702838.0847569555,
              6175833.386561692
            ],
            [
              702831.3114100695,
              6175841.218244016
            ],
            [
              702834.2747493386,
              6175889.690007631
            ],
            [
              702850.9964494407,
              6175904.295036841
            ],
            [
              702851.4197836295,
              6175923.980076209
            ],
            [
              702844.2231025696,
              6175932.023425631
            ],
            [
              702846.5514405519,
              6175988.32687157
            ],
            [
              702859.8864672184,
              6176000.815229878
            ],
            [
              702843.7997683883,
              6176020.0769350715
            ],
            [
              702846.9747747332,
              6176094.3720836565
            ],
            [
              702857.5581292436,
              6176103.473768529
            ],
            [
              702866.2364799231,
              6176103.050434347
            ],
            [
              702877.0315015092,
              6176112.787120488
            ],
            [
              702877.2431685999,
              6176121.677138269
            ],
            [
              702884.4398496747,
              6176127.815483883
            ],
            [
              702881.8998445868,
              6176132.683826953
            ],
            [
              702886.3448534608,
              6176199.993961576
            ],
            [
              702879.1481724083,
              6176200.628962841
            ]
          ]
        ]
      }
    },
    {
      "type": "Feature",
      "properties": {
        "info": false,
        "cara": false,
        "regl": false,
        "id": 0,
        "tech": true,
        "projet": "La biodiversité du Parc",
        "Id": 0,
        "Type": "Muret de haut de plage"
      },
      "geometry": {
        "type": "MultiLineString",
        "coordinates": [
          [
            [
              702792.5763325989,
              6175457.677476935
            ],
            [
              702795.5396718681,
              6175519.695934303
            ]
          ]
        ]
      }
    },
    {
      "type": "Feature",
      "properties": {
        "info": false,
        "cara": false,
        "regl": false,
        "id": 0,
        "tech": true,
        "projet": "La biodiversité du Parc",
        "Id": 0,
        "Type": "Muret de haut de plage"
      },
      "geometry": {
        "type": "MultiLineString",
        "coordinates": [
          [
            [
              702802.3130187392,
              6175414.920724761
            ],
            [
              702807.3930289075,
              6175420.000734914
            ],
            [
              702808.663031444,
              6175450.692462962
            ],
            [
              702798.9263453037,
              6175461.487484556
            ]
          ]
        ]
      }
    },
    {
      "type": "Feature",
      "properties": {
        "info": false,
        "cara": false,
        "regl": false,
        "id": 0,
        "tech": true,
        "projet": "La biodiversité du Parc",
        "Id": 0,
        "Type": "Muret de haut de plage"
      },
      "geometry": {
        "type": "MultiLineString",
        "coordinates": [
          [
            [
              702786.2263199091,
              6175316.283860821
            ],
            [
              702783.2629806399,
              6175253.842069268
            ]
          ]
        ]
      }
    },
    {
      "type": "Feature",
      "properties": {
        "info": false,
        "cara": false,
        "regl": false,
        "id": 0,
        "tech": true,
        "projet": "La biodiversité du Parc",
        "Id": 0,
        "Type": "Muret de haut de plage"
      },
      "geometry": {
        "type": "MultiLineString",
        "coordinates": [
          [
            [
              702793.2113338709,
              6175353.74893574
            ],
            [
              702795.3280047774,
              6175420.63573619
            ]
          ]
        ]
      }
    },
    {
      "type": "Feature",
      "properties": {
        "info": false,
        "cara": false,
        "regl": false,
        "id": 0,
        "tech": true,
        "projet": "La biodiversité du Parc",
        "Id": 0,
        "Type": "Muret de haut de plage"
      },
      "geometry": {
        "type": "MultiLineString",
        "coordinates": [
          [
            [
              702921.3351873457,
              6170296.439189173
            ],
            [
              702928.6112435609,
              6170296.968356896
            ],
            [
              702929.8018709347,
              6170285.062083084
            ]
          ]
        ]
      }
    },
    {
      "type": "Feature",
      "properties": {
        "info": false,
        "cara": false,
        "regl": false,
        "id": 0,
        "tech": true,
        "projet": "La biodiversité du Parc",
        "Id": 0,
        "Type": "Muret de haut de plage"
      },
      "geometry": {
        "type": "MultiLineString",
        "coordinates": [
          [
            [
              702872.6517566368,
              6170562.213679057
            ],
            [
              702870.2705018744,
              6170578.750170462
            ]
          ]
        ]
      }
    },
    {
      "type": "Feature",
      "properties": {
        "info": false,
        "cara": false,
        "regl": false,
        "id": 0,
        "tech": true,
        "projet": "La biodiversité du Parc",
        "Id": 0,
        "Type": "Muret de haut de plage"
      },
      "geometry": {
        "type": "MultiLineString",
        "coordinates": [
          [
            [
              702869.7413341552,
              6170582.851220336
            ],
            [
              702867.889247112,
              6170596.60958118
            ]
          ]
        ]
      }
    },
    {
      "type": "Feature",
      "properties": {
        "info": false,
        "cara": false,
        "regl": false,
        "id": 0,
        "tech": true,
        "projet": "La biodiversité du Parc",
        "Id": 0,
        "Type": "Muret de haut de plage"
      },
      "geometry": {
        "type": "MultiLineString",
        "coordinates": [
          [
            [
              702867.3600793928,
              6170598.858544011
            ],
            [
              702865.3757004216,
              6170614.733575758
            ]
          ]
        ]
      }
    },
    {
      "type": "Feature",
      "properties": {
        "info": false,
        "cara": false,
        "regl": false,
        "id": 0,
        "tech": true,
        "projet": "La biodiversité du Parc",
        "Id": 0,
        "Type": "Muret de haut de plage"
      },
      "geometry": {
        "type": "MultiLineString",
        "coordinates": [
          [
            [
              702864.9788246304,
              6170617.776290178
            ],
            [
              702862.8621537238,
              6170634.7096573785
            ]
          ]
        ]
      }
    },
    {
      "type": "Feature",
      "properties": {
        "info": false,
        "cara": false,
        "regl": false,
        "id": 0,
        "tech": true,
        "projet": "La biodiversité du Parc",
        "Id": 0,
        "Type": "Muret de haut de plage"
      },
      "geometry": {
        "type": "MultiLineString",
        "coordinates": [
          [
            [
              702862.3329860047,
              6170637.3554960005
            ],
            [
              702857.3058926165,
              6170672.677441645
            ]
          ]
        ]
      }
    },
    {
      "type": "Feature",
      "properties": {
        "info": false,
        "cara": false,
        "regl": false,
        "id": 0,
        "tech": true,
        "projet": "La biodiversité du Parc",
        "Id": 0,
        "Type": "Muret de haut de plage"
      },
      "geometry": {
        "type": "MultiLineString",
        "coordinates": [
          [
            [
              702857.3058926165,
              6170675.4555722065
            ],
            [
              702851.8819234222,
              6170711.968145233
            ]
          ]
        ]
      }
    },
    {
      "type": "Feature",
      "properties": {
        "info": false,
        "cara": false,
        "regl": false,
        "id": 0,
        "tech": true,
        "projet": "La biodiversité du Parc",
        "Id": 0,
        "Type": "Muret de haut de plage"
      },
      "geometry": {
        "type": "MultiLineString",
        "coordinates": [
          [
            [
              702851.4850476384,
              6170714.349399995
            ],
            [
              702847.2517058477,
              6170745.967171565
            ]
          ]
        ]
      }
    },
    {
      "type": "Feature",
      "properties": {
        "info": false,
        "cara": false,
        "regl": false,
        "id": 0,
        "tech": true,
        "projet": "La biodiversité du Parc",
        "Id": 0,
        "Type": "Muret de haut de plage"
      },
      "geometry": {
        "type": "MultiLineString",
        "coordinates": [
          [
            [
              702846.3256623223,
              6170752.714060053
            ],
            [
              702836.0068916902,
              6170827.194417346
            ]
          ]
        ]
      }
    },
    {
      "type": "Feature",
      "properties": {
        "info": false,
        "cara": false,
        "regl": false,
        "id": 0,
        "tech": true,
        "projet": "La biodiversité du Parc",
        "Id": 0,
        "Type": "Muret de haut de plage"
      },
      "geometry": {
        "type": "MultiLineString",
        "coordinates": [
          [
            [
              702835.8745997548,
              6170829.972547907
            ],
            [
              702830.979798302,
              6170866.749704793
            ]
          ]
        ]
      }
    },
    {
      "type": "Feature",
      "properties": {
        "info": false,
        "cara": false,
        "regl": false,
        "id": 0,
        "tech": true,
        "projet": "La biodiversité du Parc",
        "Id": 0,
        "Type": "Muret de haut de plage"
      },
      "geometry": {
        "type": "MultiLineString",
        "coordinates": [
          [
            [
              702830.7152144462,
              6170868.998667624
            ],
            [
              702826.3495807126,
              6170901.145606916
            ]
          ]
        ]
      }
    },
    {
      "type": "Feature",
      "properties": {
        "info": false,
        "cara": false,
        "regl": false,
        "id": 0,
        "tech": true,
        "projet": "La biodiversité du Parc",
        "Id": 0,
        "Type": "Muret de haut de plage"
      },
      "geometry": {
        "type": "MultiLineString",
        "coordinates": [
          [
            [
              702824.590098016,
              6170911.887711734
            ],
            [
              702822.843844533,
              6170924.693570681
            ]
          ]
        ]
      }
    },
    {
      "type": "Feature",
      "properties": {
        "info": false,
        "cara": false,
        "regl": false,
        "id": 0,
        "tech": true,
        "projet": "La biodiversité du Parc",
        "Id": 0,
        "Type": "Muret de haut de plage"
      },
      "geometry": {
        "type": "MultiLineString",
        "coordinates": [
          [
            [
              702822.8901466951,
              6170927.127742212
            ],
            [
              702820.3501416072,
              6170943.796525549
            ]
          ]
        ]
      }
    },
    {
      "type": "Feature",
      "properties": {
        "info": false,
        "cara": false,
        "regl": false,
        "id": 0,
        "tech": true,
        "projet": "La biodiversité du Parc",
        "Id": 0,
        "Type": "Muret de haut de plage"
      },
      "geometry": {
        "type": "MultiLineString",
        "coordinates": [
          [
            [
              702819.7151403502,
              6170946.495280948
            ],
            [
              702817.3338855878,
              6170963.164064284
            ]
          ]
        ]
      }
    },
    {
      "type": "Feature",
      "properties": {
        "info": false,
        "cara": false,
        "regl": false,
        "id": 0,
        "tech": true,
        "projet": "La biodiversité du Parc",
        "Id": 0,
        "Type": "Muret de haut de plage"
      },
      "geometry": {
        "type": "MultiLineString",
        "coordinates": [
          [
            [
              702817.0163849592,
              6170966.021570001
            ],
            [
              702812.0951251164,
              6171003.010393985
            ]
          ]
        ]
      }
    },
    {
      "type": "Feature",
      "properties": {
        "info": false,
        "cara": false,
        "regl": false,
        "id": 0,
        "tech": true,
        "projet": "La biodiversité du Parc",
        "Id": 0,
        "Type": "Muret de haut de plage"
      },
      "geometry": {
        "type": "MultiLineString",
        "coordinates": [
          [
            [
              702811.7776244804,
              6171005.550399061
            ],
            [
              702809.5551200286,
              6171021.742931448
            ]
          ]
        ]
      }
    },
    {
      "type": "Feature",
      "properties": {
        "info": false,
        "cara": false,
        "regl": false,
        "id": 0,
        "tech": true,
        "projet": "La biodiversité du Parc",
        "Id": 0,
        "Type": "Muret de haut de plage"
      },
      "geometry": {
        "type": "MultiLineString",
        "coordinates": [
          [
            [
              702809.0788690746,
              6171023.489184935
            ],
            [
              702806.6976143122,
              6171041.904221766
            ]
          ]
        ]
      }
    },
    {
      "type": "Feature",
      "properties": {
        "info": false,
        "cara": false,
        "regl": false,
        "id": 0,
        "tech": true,
        "projet": "La biodiversité du Parc",
        "Id": 0,
        "Type": "Muret de haut de plage"
      },
      "geometry": {
        "type": "MultiLineString",
        "coordinates": [
          [
            [
              702806.3801136836,
              6171044.44422685
            ],
            [
              702804.3163595498,
              6171060.478008922
            ]
          ]
        ]
      }
    },
    {
      "type": "Feature",
      "properties": {
        "info": false,
        "cara": false,
        "regl": false,
        "id": 0,
        "tech": true,
        "projet": "La biodiversité du Parc",
        "Id": 0,
        "Type": "Muret de haut de plage"
      },
      "geometry": {
        "type": "MultiLineString",
        "coordinates": [
          [
            [
              702804.1576092467,
              6171062.700513359
            ],
            [
              702801.6176041588,
              6171080.004297964
            ]
          ]
        ]
      }
    },
    {
      "type": "Feature",
      "properties": {
        "info": false,
        "cara": false,
        "regl": false,
        "id": 0,
        "tech": true,
        "projet": "La biodiversité du Parc",
        "Id": 0,
        "Type": "Muret de haut de plage"
      },
      "geometry": {
        "type": "MultiLineString",
        "coordinates": [
          [
            [
              702801.1413532048,
              6171082.544303048
            ],
            [
              702799.077599071,
              6171098.419334795
            ]
          ]
        ]
      }
    },
    {
      "type": "Feature",
      "properties": {
        "info": false,
        "cara": false,
        "regl": false,
        "id": 0,
        "tech": true,
        "projet": "La biodiversité du Parc",
        "Id": 0,
        "Type": "Muret de haut de plage"
      },
      "geometry": {
        "type": "MultiLineString",
        "coordinates": [
          [
            [
              702798.442597799,
              6171101.276840508
            ],
            [
              702796.2200933546,
              6171117.945623856
            ]
          ]
        ]
      }
    },
    {
      "type": "Feature",
      "properties": {
        "info": false,
        "cara": false,
        "regl": false,
        "id": 0,
        "tech": true,
        "projet": "La biodiversité du Parc",
        "Id": 0,
        "Type": "Muret de haut de plage"
      },
      "geometry": {
        "type": "MultiLineString",
        "coordinates": [
          [
            [
              702795.902592726,
              6171120.961879883
            ],
            [
              702793.6800882742,
              6171137.94816386
            ]
          ]
        ]
      }
    },
    {
      "type": "Feature",
      "properties": {
        "info": false,
        "cara": false,
        "regl": false,
        "id": 0,
        "tech": true,
        "projet": "La biodiversité du Parc",
        "Id": 0,
        "Type": "Muret de haut de plage"
      },
      "geometry": {
        "type": "MultiLineString",
        "coordinates": [
          [
            [
              702793.3625876456,
              6171140.805669572
            ],
            [
              702791.2988335118,
              6171156.680701319
            ]
          ]
        ]
      }
    },
    {
      "type": "Feature",
      "properties": {
        "info": false,
        "cara": false,
        "regl": false,
        "id": 0,
        "tech": true,
        "projet": "La biodiversité du Parc",
        "Id": 0,
        "Type": "Muret de haut de plage"
      },
      "geometry": {
        "type": "MultiLineString",
        "coordinates": [
          [
            [
              702790.6638322547,
              6171158.903205767
            ],
            [
              702788.2825774923,
              6171175.730739418
            ]
          ]
        ]
      }
    },
    {
      "type": "Feature",
      "properties": {
        "info": false,
        "cara": false,
        "regl": false,
        "id": 0,
        "tech": true,
        "projet": "La biodiversité du Parc",
        "Id": 0,
        "Type": "Muret de haut de plage"
      },
      "geometry": {
        "type": "MultiLineString",
        "coordinates": [
          [
            [
              702787.9650768638,
              6171178.588245135
            ],
            [
              702785.7425724044,
              6171195.098278154
            ]
          ]
        ]
      }
    },
    {
      "type": "Feature",
      "properties": {
        "info": false,
        "cara": false,
        "regl": false,
        "id": 0,
        "tech": true,
        "projet": "La biodiversité du Parc",
        "Id": 0,
        "Type": "Muret de haut de plage"
      },
      "geometry": {
        "type": "MultiLineString",
        "coordinates": [
          [
            [
              702777.4875558913,
              6171194.463276889
            ],
            [
              702783.996318914,
              6171195.257028468
            ]
          ]
        ]
      }
    },
    {
      "type": "Feature",
      "properties": {
        "info": false,
        "cara": false,
        "regl": false,
        "id": 0,
        "tech": true,
        "projet": "La biodiversité du Parc",
        "Id": 0,
        "Type": "Muret de haut de plage"
      },
      "geometry": {
        "type": "MultiLineString",
        "coordinates": [
          [
            [
              702768.2346172482,
              6174819.289533488
            ],
            [
              702769.2929527089,
              6174850.192928631
            ]
          ]
        ]
      }
    },
    {
      "type": "Feature",
      "properties": {
        "info": false,
        "cara": false,
        "regl": false,
        "id": 0,
        "tech": true,
        "projet": "La biodiversité du Parc",
        "Id": 0,
        "Type": "Muret de haut de plage"
      },
      "geometry": {
        "type": "MultiLineString",
        "coordinates": [
          [
            [
              702771.1979565248,
              6174868.819632556
            ],
            [
              702775.2196312174,
              6174965.339825593
            ],
            [
              702786.8613211662,
              6174975.499845918
            ],
            [
              702776.2779666781,
              6174987.564870045
            ],
            [
              702778.3946375772,
              6175034.766631108
            ],
            [
              702781.5696439222,
              6175099.748427745
            ],
            [
              702783.2629806399,
              6175137.848503951
            ],
            [
              702788.3429908082,
              6175137.848503951
            ],
            [
              702789.401326254,
              6175155.416872412
            ],
            [
              702796.8096743971,
              6175162.190219294
            ],
            [
              702797.2330085859,
              6175178.4885852225
            ],
            [
              702793.2113338709,
              6175181.240257394
            ],
            [
              702793.6346680522,
              6175192.670280252
            ],
            [
              702782.8396464512,
              6175205.793639831
            ],
            [
              702783.8979819119,
              6175231.405357726
            ],
            [
              702797.8680098578,
              6175244.740384396
            ],
            [
              702788.1313237175,
              6175254.477070536
            ]
          ]
        ]
      }
    },
    {
      "type": "Feature",
      "properties": {
        "info": false,
        "cara": false,
        "regl": false,
        "id": 0,
        "tech": true,
        "projet": "La biodiversité du Parc",
        "Id": 0,
        "Type": "Muret de haut de plage"
      },
      "geometry": {
        "type": "MultiLineString",
        "coordinates": [
          [
            [
              702792.3646655008,
              6175311.415517751
            ],
            [
              702801.0430162027,
              6175319.247200072
            ],
            [
              702801.6780174822,
              6175347.398923047
            ],
            [
              702795.3280047774,
              6175351.632264841
            ]
          ]
        ]
      }
    },
    {
      "type": "Feature",
      "properties": {
        "info": false,
        "cara": false,
        "regl": false,
        "id": 0,
        "tech": true,
        "projet": "La biodiversité du Parc",
        "Id": 0,
        "Type": "Brise-lame"
      },
      "geometry": {
        "type": "MultiLineString",
        "coordinates": [
          [
            [
              703281.8977279067,
              6180700.051729068
            ],
            [
              703275.8652158529,
              6180699.575478118
            ],
            [
              703270.4677050486,
              6180695.765470497
            ],
            [
              703267.4514490142,
              6180691.002960961
            ],
            [
              703268.7214515656,
              6180687.351703666
            ],
            [
              703273.6427114159,
              6180682.589194141
            ],
            [
              703275.8652158529,
              6180679.414187789
            ],
            [
              703276.6589674354,
              6180672.270423502
            ],
            [
              703275.0714642555,
              6180661.792902548
            ],
            [
              703273.0077101365,
              6180652.4266338125
            ],
            [
              703273.1664604619,
              6180646.870372705
            ],
            [
              703275.8652158529,
              6180642.742864449
            ],
            [
              703280.9452260062,
              6180640.996610954
            ],
            [
              703286.183986485,
              6180640.679110326
            ],
            [
              703291.1052463278,
              6180642.742864449
            ],
            [
              703293.0102501437,
              6180652.109133184
            ],
            [
              703291.8989979103,
              6180672.270423502
            ],
            [
              703290.1527444273,
              6180686.399201762
            ],
            [
              703287.2952387109,
              6180696.400471762
            ],
            [
              703282.2152285427,
              6180700.051729068
            ]
          ]
        ]
      }
    },
    {
      "type": "Feature",
      "properties": {
        "info": false,
        "cara": false,
        "regl": false,
        "id": 0,
        "tech": true,
        "projet": "La biodiversité du Parc",
        "Id": 0,
        "Type": "Brise-lame"
      },
      "geometry": {
        "type": "MultiLineString",
        "coordinates": [
          [
            [
              703227.6209943667,
              6181092.0944576
            ],
            [
              703220.4772300795,
              6181087.331948075
            ],
            [
              703217.9636833817,
              6181082.172562759
            ],
            [
              703217.5668075979,
              6181077.5423451625
            ],
            [
              703219.1543107554,
              6181073.044419501
            ],
            [
              703223.6522364244,
              6181070.530872807
            ],
            [
              703226.8272427619,
              6181065.768363282
            ],
            [
              703228.1501620859,
              6181060.079810236
            ],
            [
              703229.7376652658,
              6181054.788132984
            ],
            [
              703229.3407894596,
              6181049.893331528
            ],
            [
              703225.7689073235,
              6181046.189157452
            ],
            [
              703222.7261929065,
              6181041.294356
            ],
            [
              703223.519944489,
              6181036.531846475
            ],
            [
              703227.2241185531,
              6181032.695380472
            ],
            [
              703232.7803796828,
              6181030.578709569
            ],
            [
              703237.8074730635,
              6181030.97558536
            ],
            [
              703242.173106797,
              6181032.959964331
            ],
            [
              703244.6866534948,
              6181036.928722266
            ],
            [
              703245.8772808611,
              6181041.691231791
            ],
            [
              703240.4533116892,
              6181081.378811169
            ],
            [
              703239.5272681788,
              6181087.464240003
            ],
            [
              703237.2783053443,
              6181090.2423705645
            ],
            [
              703234.1032989845,
              6181091.300706007
            ],
            [
              703227.8855782226,
              6181092.0944576
            ]
          ]
        ]
      }
    },
    {
      "type": "Feature",
      "properties": {
        "info": false,
        "cara": false,
        "regl": false,
        "id": 0,
        "tech": true,
        "projet": "La biodiversité du Parc",
        "Id": 0,
        "Type": "Brise-lame"
      },
      "geometry": {
        "type": "MultiLineString",
        "coordinates": [
          [
            [
              703330.9105655253,
              6189403.56114741
            ],
            [
              703325.6188882664,
              6189403.82573127
            ],
            [
              703321.9147142023,
              6189401.444476508
            ],
            [
              703320.3272110149,
              6189395.226755742
            ],
            [
              703319.1365836486,
              6189370.091288798
            ],
            [
              703318.0782481879,
              6189351.4381264895
            ],
            [
              703317.4167885333,
              6189342.309983239
            ],
            [
              703316.7553288862,
              6189334.504759293
            ],
            [
              703318.3428320438,
              6189329.609957837
            ],
            [
              703324.2959689647,
              6189327.493286934
            ],
            [
              703329.3230623454,
              6189327.228703074
            ],
            [
              703333.2918202877,
              6189330.139125556
            ],
            [
              703336.0699508414,
              6189341.119355857
            ],
            [
              703336.0699508414,
              6189359.375642367
            ],
            [
              703335.9376589134,
              6189374.589214459
            ],
            [
              703336.3345347047,
              6189386.363196343
            ],
            [
              703336.7314104959,
              6189394.82987994
            ],
            [
              703336.3345347047,
              6189400.915308777
            ],
            [
              703331.1751493886,
              6189403.56114741
            ]
          ]
        ]
      }
    },
    {
      "type": "Feature",
      "properties": {
        "info": false,
        "cara": false,
        "regl": false,
        "id": 0,
        "tech": true,
        "projet": "La biodiversité du Parc",
        "Id": 0,
        "Type": "Brise-lame"
      },
      "geometry": {
        "type": "MultiLineString",
        "coordinates": [
          [
            [
              703341.6592849419,
              6189579.401928771
            ],
            [
              703335.1769803092,
              6189580.460264221
            ],
            [
              703331.869682014,
              6189578.740469117
            ],
            [
              703329.4884272516,
              6189570.00920165
            ],
            [
              703330.5467627123,
              6189558.8966794275
            ],
            [
              703330.0175949931,
              6189547.122697547
            ],
            [
              703329.620719187,
              6189537.33309463
            ],
            [
              703328.2977998853,
              6189528.337243311
            ],
            [
              703326.1811289787,
              6189518.944516189
            ],
            [
              703326.57800477,
              6189512.991379283
            ],
            [
              703329.620719187,
              6189508.890329409
            ],
            [
              703336.367607683,
              6189508.493453622
            ],
            [
              703342.4530365244,
              6189511.403876111
            ],
            [
              703345.7603347972,
              6189521.325770952
            ],
            [
              703347.6124218404,
              6189535.481007598
            ],
            [
              703347.8770057037,
              6189549.768536169
            ],
            [
              703348.0092976317,
              6189562.2039777115
            ],
            [
              703346.68637833,
              6189572.258164484
            ],
            [
              703343.6436639205,
              6189577.814425599
            ],
            [
              703341.7915768772,
              6189579.401928771
            ]
          ]
        ]
      }
    },
    {
      "type": "Feature",
      "properties": {
        "info": false,
        "cara": false,
        "regl": false,
        "id": 0,
        "tech": true,
        "projet": "La biodiversité du Parc",
        "Id": 0,
        "Type": "Brise-lame"
      },
      "geometry": {
        "type": "MultiLineString",
        "coordinates": [
          [
            [
              703356.9456175864,
              6189760.615416195
            ],
            [
              703350.9131055325,
              6189762.996670958
            ],
            [
              703343.6105909199,
              6189761.726668421
            ],
            [
              703339.959333621,
              6189751.884148736
            ],
            [
              703340.7530852035,
              6189743.152881276
            ],
            [
              703340.7530852035,
              6189729.341603655
            ],
            [
              703339.0068317205,
              6189717.435329843
            ],
            [
              703337.7368291691,
              6189707.434059832
            ],
            [
              703336.6255769581,
              6189700.449045867
            ],
            [
              703336.6255769581,
              6189691.400277771
            ],
            [
              703342.3405883834,
              6189688.701522369
            ],
            [
              703350.7543552071,
              6189689.495273963
            ],
            [
              703355.8343653828,
              6189696.797788564
            ],
            [
              703358.8506214023,
              6189715.689076345
            ],
            [
              703360.7556252107,
              6189736.802868571
            ],
            [
              703361.2318761647,
              6189750.455395877
            ],
            [
              703357.1043679118,
              6189760.932916831
            ]
          ]
        ]
      }
    },
    {
      "type": "Feature",
      "properties": {
        "info": false,
        "cara": false,
        "regl": false,
        "id": 0,
        "tech": true,
        "projet": "La biodiversité du Parc",
        "Id": 0,
        "Type": "Brise-lame"
      },
      "geometry": {
        "type": "MultiLineString",
        "coordinates": [
          [
            [
              703393.3170792386,
              6190303.836954039
            ],
            [
              703381.0933047757,
              6190302.725701809
            ],
            [
              703374.9020423964,
              6190292.565681491
            ],
            [
              703373.3145392165,
              6190277.008150376
            ],
            [
              703372.2032870054,
              6190258.593113542
            ],
            [
              703371.8857863769,
              6190244.940586235
            ],
            [
              703376.4895455763,
              6190238.431823224
            ],
            [
              703385.3795633465,
              6190233.510563377
            ],
            [
              703396.809586212,
              6190237.638071634
            ],
            [
              703400.4608435258,
              6190244.146834653
            ],
            [
              703402.2070970088,
              6190264.308124974
            ],
            [
              703403.0008485913,
              6190282.088160537
            ],
            [
              703401.5720957369,
              6190295.899438158
            ],
            [
              703398.5558397099,
              6190300.6619476825
            ],
            [
              703393.4758295417,
              6190303.995704353
            ]
          ]
        ]
      }
    },
    {
      "type": "Feature",
      "properties": {
        "info": false,
        "cara": false,
        "regl": false,
        "id": 0,
        "tech": true,
        "projet": "La biodiversité du Parc",
        "Id": 0,
        "Type": "Brise-lame"
      },
      "geometry": {
        "type": "MultiLineString",
        "coordinates": [
          [
            [
              703381.7283060551,
              6190125.719097797
            ],
            [
              703372.9970385879,
              6190123.020342395
            ],
            [
              703365.3770233467,
              6190115.717827793
            ],
            [
              703363.1545189098,
              6190103.970304295
            ],
            [
              703362.6782679558,
              6190085.079016522
            ],
            [
              703362.3607673272,
              6190069.838986032
            ],
            [
              703364.1070208102,
              6190062.377721116
            ],
            [
              703367.9170284346,
              6190057.297710955
            ],
            [
              703372.3620373085,
              6190055.868958097
            ],
            [
              703381.4108054265,
              6190055.7102077715
            ],
            [
              703388.2370690629,
              6190060.631467622
            ],
            [
              703391.5708257332,
              6190080.157756671
            ],
            [
              703392.5233276337,
              6190097.779041912
            ],
            [
              703392.6820779592,
              6190111.590319537
            ],
            [
              703389.6658219248,
              6190119.3690851
            ],
            [
              703386.0145646259,
              6190124.925346203
            ],
            [
              703381.7283060551,
              6190125.560347479
            ]
          ]
        ]
      }
    },
    {
      "type": "Feature",
      "properties": {
        "info": false,
        "cara": false,
        "regl": false,
        "id": 0,
        "tech": true,
        "projet": "La biodiversité du Parc",
        "Id": 0,
        "Type": "Brise-lame"
      },
      "geometry": {
        "type": "MultiLineString",
        "coordinates": [
          [
            [
              703369.345781289,
              6189943.156232666
            ],
            [
              703362.6782679558,
              6189942.83873203
            ],
            [
              703355.21700304,
              6189938.711223781
            ],
            [
              703351.0894947723,
              6189928.3924531415
            ],
            [
              703350.6132438183,
              6189913.152422663
            ],
            [
              703349.0257406384,
              6189895.531137422
            ],
            [
              703349.6607419178,
              6189888.546123449
            ],
            [
              703352.9944985807,
              6189880.926108208
            ],
            [
              703359.3445112854,
              6189877.274850912
            ],
            [
              703365.8532743007,
              6189878.227352809
            ],
            [
              703373.1557889059,
              6189881.7198597975
            ],
            [
              703376.4895455763,
              6189891.403629161
            ],
            [
              703378.3945493847,
              6189904.262404878
            ],
            [
              703379.3470512927,
              6189921.56618949
            ],
            [
              703378.8708003387,
              6189931.88496013
            ],
            [
              703376.8070462048,
              6189939.346225057
            ],
            [
              703372.2032870054,
              6189942.521231402
            ],
            [
              703369.345781289,
              6189943.156232666
            ]
          ]
        ]
      }
    },
    {
      "type": "Feature",
      "properties": {
        "info": false,
        "cara": false,
        "regl": false,
        "id": 0,
        "tech": true,
        "projet": "La biodiversité du Parc",
        "Id": 0,
        "Type": "Epis"
      },
      "geometry": {
        "type": "MultiLineString",
        "coordinates": [
          [
            [
              703044.1896988899,
              6169458.079049006
            ],
            [
              703076.0985127091,
              6169460.4603037685
            ],
            [
              703116.4210933447,
              6169462.841558531
            ],
            [
              703142.9323963746,
              6169465.064062975
            ],
            [
              703149.2824090794,
              6169467.2865674235
            ],
            [
              703150.5524116158,
              6169473.9540807605
            ],
            [
              703146.742403999,
              6169478.716590285
            ],
            [
              703137.8523862213,
              6169479.669092182
            ],
            [
              703115.6273417622,
              6169477.446587741
            ],
            [
              703087.2110349387,
              6169473.001578856
            ],
            [
              703063.2397369891,
              6169469.985322818
            ],
            [
              703048.1584568322,
              6169468.080319006
            ],
            [
              703041.1734428555,
              6169464.587812025
            ],
            [
              703041.3321931735,
              6169460.7778044045
            ],
            [
              703044.1896988899,
              6169458.079049006
            ]
          ]
        ]
      }
    },
    {
      "type": "Feature",
      "properties": {
        "info": false,
        "cara": false,
        "regl": false,
        "id": 0,
        "tech": true,
        "projet": "La biodiversité du Parc",
        "Id": 0,
        "Type": "Epis"
      },
      "geometry": {
        "type": "MultiLineString",
        "coordinates": [
          [
            [
              703011.9633844495,
              6169623.496879846
            ],
            [
              703043.5546976179,
              6169627.148137141
            ],
            [
              703065.303491123,
              6169629.688142225
            ],
            [
              703082.7660260424,
              6169631.751896352
            ],
            [
              703092.6085457206,
              6169632.86314857
            ],
            [
              703095.9423023835,
              6169631.116895083
            ],
            [
              703096.4185533598,
              6169627.465637777
            ],
            [
              703095.1485508084,
              6169624.13188111
            ],
            [
              703085.7822820768,
              6169622.068126988
            ],
            [
              703060.2234809548,
              6169619.369371586
            ],
            [
              703037.8396861851,
              6169616.670616187
            ],
            [
              703020.2184009477,
              6169615.718114283
            ],
            [
              703012.757136032,
              6169615.876864597
            ],
            [
              703010.0583806336,
              6169618.25811936
            ],
            [
              703009.8996303156,
              6169621.433125712
            ],
            [
              703012.1221347526,
              6169623.65563016
            ]
          ]
        ]
      }
    },
    {
      "type": "Feature",
      "properties": {
        "info": false,
        "cara": false,
        "regl": false,
        "id": 0,
        "tech": true,
        "projet": "La biodiversité du Parc",
        "Id": 0,
        "Type": "Epis"
      },
      "geometry": {
        "type": "MultiLineString",
        "coordinates": [
          [
            [
              703004.5021195114,
              6169783.993450835
            ],
            [
              703036.2521830201,
              6169787.803458456
            ],
            [
              703063.5572376177,
              6169791.772216391
            ],
            [
              703070.5422515795,
              6169792.724718295
            ],
            [
              703074.3522592187,
              6169790.660964169
            ],
            [
              703075.9397623837,
              6169785.898454644
            ],
            [
              703073.7172579467,
              6169783.358449567
            ],
            [
              703065.6209917516,
              6169781.294695433
            ],
            [
              703052.920966357,
              6169780.183443215
            ],
            [
              703040.6971919015,
              6169779.072190989
            ],
            [
              703023.8696582615,
              6169778.595940042
            ],
            [
              703011.3283831701,
              6169777.643438138
            ],
            [
              703002.5971157029,
              6169777.325937502
            ],
            [
              702999.5808596611,
              6169778.595940042
            ],
            [
              703000.8508622199,
              6169781.453445751
            ],
            [
              703004.5021195114,
              6169783.993450835
            ]
          ]
        ]
      }
    },
    {
      "type": "Feature",
      "properties": {
        "info": false,
        "cara": false,
        "regl": false,
        "id": 0,
        "tech": true,
        "projet": "La biodiversité du Parc",
        "Id": 0,
        "Type": "Epis"
      },
      "geometry": {
        "type": "MultiLineString",
        "coordinates": [
          [
            [
              703529.3841812313,
              6166781.672763787
            ],
            [
              703576.2684416473,
              6166784.106935315
            ],
            [
              703581.2426182628,
              6166785.05943723
            ],
            [
              703582.618454352,
              6166786.964441039
            ],
            [
              703582.3009537235,
              6166790.880282205
            ],
            [
              703580.5017834678,
              6166794.372789189
            ],
            [
              703577.4326106384,
              6166795.325291093
            ],
            [
              703570.3417631388,
              6166794.690289825
            ],
            [
              703554.8900655732,
              6166791.832784113
            ],
            [
              703528.8550134897,
              6166787.493608762
            ],
            [
              703521.2349982485,
              6166785.6944384985
            ],
            [
              703519.7533286214,
              6166783.260266956
            ],
            [
              703523.4575026855,
              6166781.990264423
            ],
            [
              703529.4900147691,
              6166781.672763787
            ]
          ]
        ]
      }
    },
    {
      "type": "Feature",
      "properties": {
        "info": false,
        "cara": false,
        "regl": false,
        "id": 0,
        "tech": true,
        "projet": "La biodiversité du Parc",
        "Id": 0,
        "Type": "Epis"
      },
      "geometry": {
        "type": "MultiLineString",
        "coordinates": [
          [
            [
              703490.7549372911,
              6166929.839726791
            ],
            [
              703535.3108597323,
              6166933.332233772
            ],
            [
              703550.974224396,
              6166934.49640277
            ],
            [
              703554.4667313844,
              6166936.930574302
            ],
            [
              703555.630900383,
              6166941.058082558
            ],
            [
              703553.1967288554,
              6166944.656423096
            ],
            [
              703549.0692205876,
              6166945.714758538
            ],
            [
              703537.2158635631,
              6166944.76225663
            ],
            [
              703488.4265993014,
              6166934.919736952
            ],
            [
              703486.204094857,
              6166932.908899598
            ],
            [
              703487.7915980369,
              6166930.792228695
            ],
            [
              703490.8607708439,
              6166929.839726791
            ]
          ]
        ]
      }
    },
    {
      "type": "Feature",
      "properties": {
        "info": false,
        "cara": false,
        "regl": false,
        "id": 0,
        "tech": true,
        "projet": "La biodiversité du Parc",
        "Id": 0,
        "Type": "Epis"
      },
      "geometry": {
        "type": "MultiLineString",
        "coordinates": [
          [
            [
              703467.6832244843,
              6167079.382525876
            ],
            [
              703526.4208419621,
              6167083.986285087
            ],
            [
              703530.230849579,
              6167086.843790799
            ],
            [
              703531.1833514869,
              6167092.558802228
            ],
            [
              703528.008345142,
              6167096.527560163
            ],
            [
              703520.3883299008,
              6167097.321311753
            ],
            [
              703509.1170573458,
              6167095.416307945
            ],
            [
              703465.7782206684,
              6167086.685040478
            ],
            [
              703462.603214331,
              6167082.875032857
            ],
            [
              703463.5557162315,
              6167080.493778095
            ],
            [
              703467.5244741738,
              6167079.382525876
            ]
          ]
        ]
      }
    },
    {
      "type": "Feature",
      "properties": {
        "info": false,
        "cara": false,
        "regl": false,
        "id": 0,
        "tech": true,
        "projet": "La biodiversité du Parc",
        "Id": 0,
        "Type": "Epis"
      },
      "geometry": {
        "type": "MultiLineString",
        "coordinates": [
          [
            [
              703435.774410665,
              6167226.067819245
            ],
            [
              703472.7632346377,
              6167230.989079092
            ],
            [
              703487.3682638556,
              6167231.62408036
            ],
            [
              703499.5920382962,
              6167232.259081628
            ],
            [
              703506.4183019549,
              6167233.846584808
            ],
            [
              703507.3708038628,
              6167239.561596237
            ],
            [
              703504.1957975179,
              6167244.324105762
            ],
            [
              703495.6232803687,
              6167245.117857344
            ],
            [
              703475.6207403466,
              6167242.577852268
            ],
            [
              703455.4594500437,
              6167239.720346551
            ],
            [
              703440.5369201899,
              6167236.704090521
            ],
            [
              703432.5994043201,
              6167233.529084168
            ],
            [
              703430.5356501862,
              6167228.607824329
            ],
            [
              703432.9169049487,
              6167226.226569567
            ],
            [
              703436.0919113159,
              6167226.226569567
            ]
          ]
        ]
      }
    },
    {
      "type": "Feature",
      "properties": {
        "info": false,
        "cara": false,
        "regl": false,
        "id": 0,
        "tech": true,
        "projet": "La biodiversité du Parc",
        "Id": 0,
        "Type": "Epis"
      },
      "geometry": {
        "type": "MultiLineString",
        "coordinates": [
          [
            [
              702989.2318162024,
              6169934.506545171
            ],
            [
              703065.1144679487,
              6169940.2215566
            ],
            [
              703070.0357277989,
              6169941.015308183
            ],
            [
              703072.4169825613,
              6169944.190314535
            ],
            [
              703071.1469800249,
              6169950.222826593
            ],
            [
              703067.0194717795,
              6169952.921581995
            ],
            [
              703057.8119533584,
              6169952.604081355
            ],
            [
              703019.0768758804,
              6169947.524071202
            ],
            [
              702989.7080671564,
              6169941.332808822
            ],
            [
              702987.326812394,
              6169939.110304374
            ],
            [
              702987.0093117431,
              6169935.776547704
            ],
            [
              702989.2318162024,
              6169934.506545171
            ]
          ]
        ]
      }
    },
    {
      "type": "Feature",
      "properties": {
        "info": false,
        "cara": false,
        "regl": false,
        "id": 0,
        "tech": true,
        "projet": "La biodiversité du Parc",
        "Id": 0,
        "Type": "Epis"
      },
      "geometry": {
        "type": "MultiLineString",
        "coordinates": [
          [
            [
              703220.30260472,
              6180550.985180929
            ],
            [
              703258.08518029,
              6180549.873928707
            ],
            [
              703308.5677812472,
              6180552.2551834695
            ],
            [
              703319.3628028482,
              6180552.572684109
            ],
            [
              703321.5853072852,
              6180554.953938872
            ],
            [
              703323.6490614191,
              6180558.763946492
            ],
            [
              703321.9028079212,
              6180562.891454741
            ],
            [
              703317.9340499714,
              6180565.272709504
            ],
            [
              703312.854039818,
              6180565.748960465
            ],
            [
              703302.5352691934,
              6180564.161457282
            ],
            [
              703289.2002425194,
              6180562.415203795
            ],
            [
              703272.848959811,
              6180561.462701883
            ],
            [
              703254.5926733166,
              6180560.351449661
            ],
            [
              703242.6863994822,
              6180559.398947757
            ],
            [
              703229.1926225126,
              6180557.970194902
            ],
            [
              703218.238850601,
              6180557.17644332
            ],
            [
              703216.8100977242,
              6180554.953938872
            ],
            [
              703218.080100283,
              6180552.7314344235
            ],
            [
              703220.1438544095,
              6180551.46143188
            ]
          ]
        ]
      }
    },
    {
      "type": "Feature",
      "properties": {
        "info": false,
        "cara": false,
        "regl": false,
        "id": 0,
        "tech": true,
        "projet": "La biodiversité du Parc",
        "Id": 0,
        "Type": "Epis"
      },
      "geometry": {
        "type": "MultiLineString",
        "coordinates": [
          [
            [
              703203.1575704291,
              6180779.585638132
            ],
            [
              703238.0826402828,
              6180780.061889082
            ],
            [
              703274.7539636269,
              6180781.966892894
            ],
            [
              703316.6640474424,
              6180784.348147657
            ],
            [
              703323.8078117296,
              6180784.824398618
            ],
            [
              703326.824067764,
              6180786.411901791
            ],
            [
              703327.300318718,
              6180789.269407503
            ],
            [
              703326.0303161815,
              6180792.761914484
            ],
            [
              703322.5378091931,
              6180794.508167971
            ],
            [
              703314.6002933234,
              6180794.666918296
            ],
            [
              703292.0577482358,
              6180792.761914484
            ],
            [
              703227.9226199612,
              6180788.475655913
            ],
            [
              703203.9513220266,
              6180785.618150201
            ],
            [
              703201.8875678927,
              6180784.665648293
            ],
            [
              703201.0938163102,
              6180781.80814258
            ],
            [
              703202.998820126,
              6180779.744388454
            ]
          ]
        ]
      }
    },
    {
      "type": "Feature",
      "properties": {
        "info": false,
        "cara": false,
        "regl": false,
        "id": 0,
        "tech": true,
        "projet": "La biodiversité du Parc",
        "Id": 0,
        "Type": "Epis"
      },
      "geometry": {
        "type": "MultiLineString",
        "coordinates": [
          [
            [
              703179.334439449,
              6180950.14521537
            ],
            [
              703181.3188184202,
              6180948.028544467
            ],
            [
              703192.2990487218,
              6180951.335842751
            ],
            [
              703204.734490253,
              6180953.187929783
            ],
            [
              703223.519944489,
              6180953.055637851
            ],
            [
              703248.6554114372,
              6180954.907724895
            ],
            [
              703275.6429653987,
              6180957.288979657
            ],
            [
              703290.0627859086,
              6180957.156687725
            ],
            [
              703296.2805066854,
              6180958.744190898
            ],
            [
              703298.1325937212,
              6180965.358787466
            ],
            [
              703295.7513389587,
              6180968.930669606
            ],
            [
              703292.0471648797,
              6180970.65046471
            ],
            [
              703286.3586118445,
              6180969.327545397
            ],
            [
              703276.1721331254,
              6180967.740042228
            ],
            [
              703267.043989867,
              6180967.607750289
            ],
            [
              703249.1845791563,
              6180965.755663253
            ],
            [
              703231.722044222,
              6180964.565035872
            ],
            [
              703216.773055993,
              6180963.374408491
            ],
            [
              703206.9834530875,
              6180962.448364973
            ],
            [
              703196.1355147362,
              6180961.91919725
            ],
            [
              703185.1552844346,
              6180963.506700423
            ],
            [
              703179.5990233123,
              6180963.242116563
            ],
            [
              703175.6302653849,
              6180961.91919725
            ]
          ]
        ]
      }
    },
    {
      "type": "Feature",
      "properties": {
        "info": false,
        "cara": false,
        "regl": false,
        "id": 0,
        "tech": true,
        "projet": "La biodiversité du Parc",
        "Id": 0,
        "Type": "Epis"
      },
      "geometry": {
        "type": "MultiLineString",
        "coordinates": [
          [
            [
              703121.6154698506,
              6181149.482697379
            ],
            [
              703190.354357332,
              6181152.340203095
            ],
            [
              703243.5357137024,
              6181154.245206904
            ],
            [
              703244.1707149595,
              6181159.325217057
            ],
            [
              703243.2182130516,
              6181164.405227222
            ],
            [
              703238.2969532087,
              6181166.468981355
            ],
            [
              703224.6444259062,
              6181165.83398008
            ],
            [
              703122.4092214331,
              6181157.57896357
            ],
            [
              703119.5517157167,
              6181155.832710076
            ],
            [
              703118.7579641342,
              6181152.657703724
            ],
            [
              703119.7104660422,
              6181150.276448961
            ],
            [
              703121.774220176,
              6181149.482697379
            ]
          ]
        ]
      }
    },
    {
      "type": "Feature",
      "properties": {
        "info": false,
        "cara": false,
        "regl": false,
        "id": 0,
        "tech": true,
        "projet": "La biodiversité du Parc",
        "Id": 0,
        "Type": "Epis"
      },
      "geometry": {
        "type": "MultiLineString",
        "coordinates": [
          [
            [
              703224.4155608714,
              6189238.645474687
            ],
            [
              703220.1822190657,
              6189237.322555374
            ],
            [
              703217.8009643108,
              6189233.486089371
            ],
            [
              703220.0499271378,
              6189230.840250749
            ],
            [
              703226.5322317779,
              6189229.385039508
            ],
            [
              703236.5864185467,
              6189228.062120188
            ],
            [
              703250.344779402,
              6189227.003784735
            ],
            [
              703269.9239852205,
              6189225.019405775
            ],
            [
              703280.1104639173,
              6189224.622529972
            ],
            [
              703284.3438057229,
              6189226.474617016
            ],
            [
              703285.5344331115,
              6189231.5017104
            ],
            [
              703284.211513795,
              6189234.544424824
            ],
            [
              703276.9354575723,
              6189236.131927993
            ],
            [
              703240.8197603524,
              6189238.248598896
            ],
            [
              703224.6801447347,
              6189238.645474687
            ]
          ]
        ]
      }
    },
    {
      "type": "Feature",
      "properties": {
        "info": false,
        "cara": false,
        "regl": false,
        "id": 0,
        "tech": true,
        "projet": "La biodiversité du Parc",
        "Id": 0,
        "Type": "Epis"
      },
      "geometry": {
        "type": "MultiLineString",
        "coordinates": [
          [
            [
              703207.7467775345,
              6189069.047218829
            ],
            [
              703238.9676733091,
              6189067.062839858
            ],
            [
              703269.1302336156,
              6189066.798255991
            ],
            [
              703283.1531783342,
              6189066.798255991
            ],
            [
              703286.0636008307,
              6189064.681585096
            ],
            [
              703286.8573524132,
              6189059.654491704
            ],
            [
              703283.0208863989,
              6189056.87636115
            ],
            [
              703274.0250350907,
              6189056.214901499
            ],
            [
              703245.5822698772,
              6189057.140945017
            ],
            [
              703215.0228337571,
              6189059.125323981
            ],
            [
              703203.5134357363,
              6189060.448243294
            ],
            [
              703199.1478020027,
              6189062.300330333
            ],
            [
              703200.3384293914,
              6189065.60762861
            ],
            [
              703204.3071873114,
              6189068.253467239
            ],
            [
              703207.8790694699,
              6189069.047218829
            ]
          ]
        ]
      }
    },
    {
      "type": "Feature",
      "properties": {
        "info": false,
        "cara": false,
        "regl": false,
        "id": 0,
        "tech": true,
        "projet": "La biodiversité du Parc",
        "Id": 0,
        "Type": "Quais"
      },
      "geometry": {
        "type": "MultiLineString",
        "coordinates": [
          [
            [
              703265.0325572491,
              6168749.872715931
            ],
            [
              703219.1007986963,
              6168807.23449732
            ],
            [
              703242.1725115255,
              6168824.379531607
            ],
            [
              703225.4508114085,
              6168845.969574794
            ],
            [
              703221.4291367084,
              6168847.239577327
            ],
            [
              703209.3641125783,
              6168837.502891187
            ],
            [
              703208.9407783896,
              6168833.269549392
            ],
            [
              703219.524132885,
              6168819.934522722
            ],
            [
              703156.0240058973,
              6168771.674426198
            ]
          ]
        ]
      }
    },
    {
      "type": "Feature",
      "properties": {
        "info": false,
        "cara": false,
        "regl": false,
        "id": 0,
        "tech": true,
        "projet": "La biodiversité du Parc",
        "Id": 0,
        "Type": "Quais"
      },
      "geometry": {
        "type": "MultiLineString",
        "coordinates": [
          [
            [
              703103.9539017603,
              6168844.69957225
            ],
            [
              703164.914023675,
              6168890.842997871
            ],
            [
              703175.9207123518,
              6168876.661302842
            ],
            [
              703178.884051621,
              6168875.602967385
            ],
            [
              703191.5840770081,
              6168885.551320616
            ],
            [
              703192.0074111968,
              6168889.996329505
            ],
            [
              703166.6073603928,
              6168922.804728463
            ],
            [
              703123.2156069502,
              6168979.108174402
            ],
            [
              703134.4339627177,
              6168988.4215263575
            ],
            [
              703133.5872943476,
              6168990.961531438
            ],
            [
              703123.2156069502,
              6169003.238222662
            ],
            [
              703121.9456043988,
              6169003.026555572
            ],
            [
              703053.3654672429,
              6168951.168118522
            ],
            [
              703028.1770835295,
              6168981.648179479
            ]
          ]
        ]
      }
    },
    {
      "type": "Feature",
      "properties": {
        "info": false,
        "cara": false,
        "regl": false,
        "id": 0,
        "tech": true,
        "projet": "La biodiversité du Parc",
        "Id": 0,
        "Type": "Quais"
      },
      "geometry": {
        "type": "MultiLineString",
        "coordinates": [
          [
            [
              702959.8086134642,
              6169194.796939112
            ],
            [
              702977.1653148457,
              6169208.766967047
            ],
            [
              702993.6753478572,
              6169208.131965779
            ],
            [
              703091.2538763434,
              6169115.210113272
            ],
            [
              703169.570699662,
              6169041.549965952
            ],
            [
              703163.8556882143,
              6169036.681622881
            ],
            [
              703164.2790223956,
              6169033.294949438
            ],
            [
              703187.3507352099,
              6169002.179887213
            ],
            [
              703186.0807326734,
              6169000.274883404
            ],
            [
              703193.9124150053,
              6168991.173198529
            ],
            [
              703206.6124403998,
              6169003.026555572
            ],
            [
              703200.8974289671,
              6169012.974908806
            ],
            [
              703198.9924251586,
              6169014.668245524
            ],
            [
              703196.6640871614,
              6169013.18657589
            ],
            [
              703178.884051621,
              6169035.411620341
            ],
            [
              703222.0641379729,
              6169069.066687651
            ],
            [
              703225.4508114085,
              6169067.108767062
            ]
          ]
        ]
      }
    },
    {
      "type": "Feature",
      "properties": {
        "info": false,
        "cara": false,
        "regl": false,
        "id": 0,
        "tech": true,
        "projet": "La biodiversité du Parc",
        "Id": 0,
        "Type": "Quais"
      },
      "geometry": {
        "type": "MultiLineString",
        "coordinates": [
          [
            [
              713782.3185265362,
              6148983.067230929
            ],
            [
              713764.9618251547,
              6148965.710529547
            ],
            [
              713760.5168162584,
              6148961.477187742
            ],
            [
              713742.7367806956,
              6148960.630519383
            ],
            [
              713734.0584300086,
              6148944.755487639
            ],
            [
              713735.1167654544,
              6148939.040476207
            ]
          ]
        ]
      }
    },
    {
      "type": "Feature",
      "properties": {
        "info": false,
        "cara": false,
        "regl": false,
        "id": 0,
        "tech": true,
        "projet": "La biodiversité du Parc",
        "Id": 0,
        "Type": "Quais"
      },
      "geometry": {
        "type": "MultiLineString",
        "coordinates": [
          [
            [
              713704.636704497,
              6149166.370930869
            ],
            [
              713720.088402085,
              6149158.539248537
            ],
            [
              713721.1467375234,
              6149161.290920705
            ],
            [
              713728.1317514852,
              6149157.692580178
            ],
            [
              713759.8818150014,
              6149153.670905467
            ],
            [
              713763.4801555276,
              6149157.904247269
            ],
            [
              713776.6035151035,
              6149150.072564941
            ],
            [
              713785.7051999718,
              6149151.977568749
            ],
            [
              713808.9885798693,
              6149162.772590343
            ],
            [
              713823.5936090946,
              6149169.545937214
            ],
            [
              713839.0453066453,
              6149120.862506516
            ],
            [
              713838.1986382976,
              6149115.359162178
            ]
          ]
        ]
      }
    },
    {
      "type": "Feature",
      "properties": {
        "info": false,
        "cara": false,
        "regl": false,
        "id": 0,
        "tech": true,
        "projet": "La biodiversité du Parc",
        "Id": 0,
        "Type": "Quais"
      },
      "geometry": {
        "type": "MultiLineString",
        "coordinates": [
          [
            [
              713259.3420639187,
              6151026.580692966
            ],
            [
              713255.214555651,
              6151023.405686613
            ],
            [
              713253.3095518425,
              6151026.104442015
            ],
            [
              713249.6582945436,
              6151023.881937567
            ],
            [
              713257.4370601103,
              6151010.864411537
            ],
            [
              713251.8807989806,
              6151007.6894051805
            ]
          ]
        ]
      }
    },
    {
      "type": "Feature",
      "properties": {
        "info": false,
        "cara": false,
        "regl": false,
        "id": 0,
        "tech": true,
        "projet": "La biodiversité du Parc",
        "Id": 0,
        "Type": "Quais"
      },
      "geometry": {
        "type": "MultiLineString",
        "coordinates": [
          [
            [
              711107.4815101773,
              6153525.575274292
            ],
            [
              711128.436552085,
              6153514.991919793
            ],
            [
              711153.2016016319,
              6153502.503561482
            ],
            [
              711165.901627019,
              6153502.080227308
            ],
            [
              711201.0383639708,
              6153501.445226029
            ],
            [
              711215.220058985,
              6153486.205195561
            ],
            [
              711229.8250882104,
              6153470.965165071
            ],
            [
              711246.7584554031,
              6153454.243464969
            ],
            [
              711213.950056456,
              6153417.836725477
            ],
            [
              711190.2433423698,
              6153428.631747071
            ],
            [
              711170.7699701041,
              6153388.20333289
            ],
            [
              711168.4416321069,
              6153390.7433379665
            ],
            [
              711160.609949775,
              6153383.546656899
            ],
            [
              711148.5449256375,
              6153379.313315105
            ],
            [
              711125.896547012,
              6153376.138308752
            ],
            [
              711098.1681582183,
              6153374.444972035
            ],
            [
              711080.5997897461,
              6153375.926641662
            ],
            [
              711060.9147503898,
              6153379.313315105
            ],
            [
              711043.7697160766,
              6153383.969991084
            ],
            [
              711020.9096703827,
              6153393.495010134
            ],
            [
              710994.451284118,
              6153404.713365901
            ],
            [
              710970.9562371373,
              6153414.661719136
            ],
            [
              710958.0445446372,
              6153420.588397656
            ],
            [
              710957.6212104708,
              6153422.070067283
            ],
            [
              710947.6728572324,
              6153431.171752159
            ],
            [
              710983.0212612525,
              6153497.4235513285
            ],
            [
              711021.9680058211,
              6153521.976933762
            ]
          ]
        ]
      }
    },
    {
      "type": "Feature",
      "properties": {
        "info": false,
        "cara": false,
        "regl": false,
        "id": 0,
        "tech": true,
        "projet": "La biodiversité du Parc",
        "Id": 0,
        "Type": "Quais"
      },
      "geometry": {
        "type": "MultiLineString",
        "coordinates": [
          [
            [
              710667.2867235392,
              6153707.536211133
            ],
            [
              710701.5767921209,
              6153718.966233999
            ],
            [
              710701.100541167,
              6153720.712487485
            ],
            [
              710712.371813722,
              6153724.204994466
            ],
            [
              710722.3730837181,
              6153728.332502726
            ],
            [
              710737.1368632466,
              6153737.063770186
            ],
            [
              710744.1218772084,
              6153742.461280987
            ],
            [
              710744.7568784878,
              6153741.350028764
            ],
            [
              710750.1543892696,
              6153744.683785431
            ],
            [
              710748.8843867332,
              6153747.2237905115
            ],
            [
              710766.8231726065,
              6153762.622571304
            ],
            [
              710781.110701181,
              6153775.163846392
            ],
            [
              710795.3982297704,
              6153785.165116392
            ],
            [
              710807.622004211,
              6153793.7376335375
            ],
            [
              710824.6082881764,
              6153801.675149415
            ]
          ]
        ]
      }
    },
    {
      "type": "Feature",
      "properties": {
        "info": false,
        "cara": false,
        "regl": false,
        "id": 0,
        "tech": true,
        "projet": "La biodiversité du Parc",
        "Id": 0,
        "Type": "Quais"
      },
      "geometry": {
        "type": "MultiLineString",
        "coordinates": [
          [
            [
              710548.0916934758,
              6154165.398585197
            ],
            [
              710542.21793174,
              6154166.509837419
            ],
            [
              710539.2016756982,
              6154165.716085829
            ],
            [
              710534.9154171273,
              6154158.889822178
            ],
            [
              710532.3754120469,
              6154151.74605789
            ]
          ]
        ]
      }
    },
    {
      "type": "Feature",
      "properties": {
        "info": false,
        "cara": false,
        "regl": false,
        "id": 0,
        "tech": true,
        "projet": "La biodiversité du Parc",
        "Id": 0,
        "Type": "Quais"
      },
      "geometry": {
        "type": "MultiLineString",
        "coordinates": [
          [
            [
              709667.2708484977,
              6158111.658074953
            ],
            [
              709670.9750225842,
              6158113.774745852
            ],
            [
              709692.1417315826,
              6158093.9309561625
            ],
            [
              709727.8605530187,
              6158060.857973352
            ],
            [
              709769.6648032963,
              6158021.699561704
            ],
            [
              709776.0148159862,
              6158015.878716726
            ],
            [
              709780.51274167,
              6158015.084965136
            ],
            [
              709785.2752511948,
              6158017.466219898
            ]
          ]
        ]
      }
    },
    {
      "type": "Feature",
      "properties": {
        "info": false,
        "cara": false,
        "regl": false,
        "id": 0,
        "tech": true,
        "projet": "La biodiversité du Parc",
        "Id": 0,
        "Type": "Quais"
      },
      "geometry": {
        "type": "MultiLineString",
        "coordinates": [
          [
            [
              709269.0368575975,
              6157624.511779472
            ],
            [
              709262.2899691015,
              6157628.612829339
            ],
            [
              709225.645104155,
              6157568.155416757
            ],
            [
              709211.8867432773,
              6157575.828348767
            ],
            [
              709205.9336063862,
              6157565.377286207
            ],
            [
              709198.789842099,
              6157567.229373239
            ],
            [
              709195.4825438261,
              6157555.984559085
            ],
            [
              709200.3773452789,
              6157554.926223636
            ],
            [
              709199.0544259548,
              6157551.22204956
            ],
            [
              709104.2011112571,
              6157577.548143879
            ],
            [
              709030.7790894136,
              6157598.317977086
            ],
            [
              708995.9863114879,
              6157608.239871927
            ],
            [
              708994.1342244446,
              6157607.578412268
            ],
            [
              708936.4549424276,
              6157530.319924422
            ],
            [
              708920.9767864645,
              6157510.476134732
            ],
            [
              708881.8183748052,
              6157458.22082188
            ],
            [
              708865.5464672819,
              6157436.789529022
            ],
            [
              708840.807876125,
              6157402.658210766
            ],
            [
              708807.3380175233,
              6157358.208121862
            ],
            [
              708771.3546122313,
              6157383.740464598
            ],
            [
              708727.8305668384,
              6157414.696776509
            ],
            [
              708698.8586338982,
              6157435.069733918
            ],
            [
              708726.6399394646,
              6157474.889605228
            ],
            [
              708749.9233193696,
              6157509.682383142
            ],
            [
              708776.249413684,
              6157548.311627068
            ],
            [
              708815.0109495521,
              6157606.1232010275
            ],
            [
              708837.6328697801,
              6157638.667016119
            ],
            [
              708852.1849822178,
              6157661.42122829
            ],
            [
              708867.3985543251,
              6157683.646272741
            ],
            [
              708880.0985797122,
              6157701.770267319
            ],
            [
              708883.2735860571,
              6157709.310907405
            ],
            [
              708883.4058779925,
              6157723.06926826
            ],
            [
              708879.569411993,
              6157734.843250133
            ],
            [
              708874.410026677,
              6157746.088064291
            ],
            [
              708869.7798090875,
              6157748.998486776
            ],
            [
              708864.3558398932,
              6157748.998486776
            ],
            [
              708854.169361189,
              6157772.414158609
            ],
            [
              708839.7495406866,
              6157805.22255756
            ],
            [
              708831.0182732195,
              6157824.5371795185
            ],
            [
              708860.5193738937,
              6157872.956026357
            ],
            [
              708910.7903077677,
              6157837.898664571
            ],
            [
              708945.7153776214,
              6157812.4986137785
            ],
            [
              708961.1935335845,
              6157809.059023563
            ],
            [
              709009.4800884798,
              6157799.7985883765
            ],
            [
              709043.4791148081,
              6157793.84545147
            ],
            [
              709082.3729426041,
              6157786.569395252
            ],
            [
              709115.8428012058,
              6157780.880842205
            ],
            [
              709139.9199326858,
              6157776.382916544
            ],
            [
              709152.0907903612,
              6157774.13395372
            ],
            [
              709179.2106362805,
              6157773.472494058
            ],
            [
              709194.1596245021,
              6157787.495438773
            ],
            [
              709210.696115911,
              6157793.97774341
            ],
            [
              709247.0763970092,
              6157808.132980045
            ],
            [
              709250.5159872174,
              6157804.42880597
            ],
            [
              709254.2201612964,
              6157807.736104254
            ],
            [
              709238.7420053333,
              6157827.05072622
            ],
            [
              709243.9013906494,
              6157831.151776087
            ],
            [
              709259.7764224038,
              6157811.969446056
            ],
            [
              709264.2743480727,
              6157815.93820399
            ],
            [
              709248.134732455,
              6157834.98824209
            ],
            [
              709262.4222610295,
              6157848.482019082
            ],
            [
              709285.1764732078,
              6157821.362173177
            ],
            [
              709289.5421069413,
              6157825.46322304
            ],
            [
              709266.920186691,
              6157851.524733495
            ],
            [
              709284.3827216104,
              6157867.135181382
            ],
            [
              709315.3390335366,
              6157830.887192223
            ],
            [
              709319.8369592056,
              6157834.98824209
            ],
            [
              709289.2775230631,
              6157870.310187735
            ],
            [
              709295.230659984,
              6157875.734156918
            ],
            [
              709300.2577533647,
              6157875.998740781
            ],
            [
              709332.0078168735,
              6157857.477870401
            ],
            [
              709357.0109918714,
              6157878.909163263
            ],
            [
              709352.5130662099,
              6157884.730008248
            ]
          ]
        ]
      }
    },
    {
      "type": "Feature",
      "properties": {
        "info": false,
        "cara": false,
        "regl": false,
        "id": 0,
        "tech": true,
        "projet": "La biodiversité du Parc",
        "Id": 0,
        "Type": "Quais"
      },
      "geometry": {
        "type": "MultiLineString",
        "coordinates": [
          [
            [
              707187.754931137,
              6158352.865291737
            ],
            [
              707193.7874431908,
              6158346.1977784
            ],
            [
              707194.9516121894,
              6158347.679448027
            ],
            [
              707188.3899324089,
              6158354.664462
            ],
            [
              707183.8390899599,
              6158358.580303166
            ],
            [
              707180.1349158958,
              6158361.966976602
            ],
            [
              707178.5474127159,
              6158360.273639884
            ],
            [
              707184.8974254206,
              6158355.193629723
            ],
            [
              707187.6490975991,
              6158353.076958828
            ]
          ]
        ]
      }
    },
    {
      "type": "Feature",
      "properties": {
        "info": false,
        "cara": false,
        "regl": false,
        "id": 0,
        "tech": true,
        "projet": "La biodiversité du Parc",
        "Id": 0,
        "Type": "Quais"
      },
      "geometry": {
        "type": "MultiLineString",
        "coordinates": [
          [
            [
              707186.0615944192,
              6158329.370244741
            ],
            [
              707174.9490721822,
              6158338.366096072
            ],
            [
              707177.8065778986,
              6158313.918547172
            ]
          ]
        ]
      }
    },
    {
      "type": "Feature",
      "properties": {
        "info": false,
        "cara": false,
        "regl": false,
        "id": 0,
        "tech": true,
        "projet": "La biodiversité du Parc",
        "Id": 0,
        "Type": "Quais"
      },
      "geometry": {
        "type": "MultiLineString",
        "coordinates": [
          [
            [
              707040.8579706848,
              6158472.880531769
            ],
            [
              707039.7467184514,
              6158473.180393472
            ],
            [
              707017.627507545,
              6158491.06626258
            ],
            [
              706994.2382941097,
              6158510.010467134
            ],
            [
              706990.3224529326,
              6158511.280469678
            ],
            [
              706987.2532801256,
              6158511.597970314
            ],
            [
              706985.9832775891,
              6158510.962969039
            ],
            [
              706947.0365330279,
              6158510.327967774
            ],
            [
              706947.0365330279,
              6158522.604658991
            ],
            [
              706989.6874516606,
              6158523.980495069
            ],
            [
              706992.9682915583,
              6158539.326359097
            ],
            [
              707053.3992457539,
              6158526.414666612
            ],
            [
              707053.6109128445,
              6158530.224674229
            ],
            [
              707068.533442691,
              6158526.732167248
            ],
            [
              707074.671788305,
              6158523.557160895
            ],
            [
              707082.1859699935,
              6158517.312981743
            ],
            [
              707086.9484795183,
              6158509.269632321
            ],
            [
              707090.864320688,
              6158496.781274013
            ],
            [
              707097.9022514224,
              6158478.278042559
            ]
          ]
        ]
      }
    },
    {
      "type": "Feature",
      "properties": {
        "info": false,
        "cara": false,
        "regl": false,
        "id": 0,
        "tech": true,
        "projet": "La biodiversité du Parc",
        "Id": 0,
        "Type": "Quais"
      },
      "geometry": {
        "type": "MultiLineString",
        "coordinates": [
          [
            [
              704347.2255781889,
              6160100.318936646
            ],
            [
              704342.1455680355,
              6160101.165605005
            ],
            [
              704336.2188895121,
              6160105.822280992
            ],
            [
              704332.6205489859,
              6160114.288964588
            ],
            [
              704331.3505464345,
              6160123.3906494565
            ],
            [
              704333.0438831672,
              6160131.222331785
            ],
            [
              704337.277224958,
              6160137.572344493
            ],
            [
              704348.4955807254,
              6160144.13402427
            ],
            [
              704370.7206251845,
              6160156.834049676
            ],
            [
              704432.5067904964,
              6160193.979984175
            ]
          ]
        ]
      }
    },
    {
      "type": "Feature",
      "properties": {
        "info": false,
        "cara": false,
        "regl": false,
        "id": 0,
        "tech": true,
        "projet": "La biodiversité du Parc",
        "Id": 0,
        "Type": "Quais"
      },
      "geometry": {
        "type": "MultiLineString",
        "coordinates": [
          [
            [
              704239.9103635624,
              6160225.202519745
            ],
            [
              704268.2737536132,
              6160237.267543871
            ],
            [
              704269.5437561646,
              6160308.17601902
            ],
            [
              704288.1704600826,
              6160307.7526848465
            ],
            [
              704288.3821271732,
              6160367.019470047
            ]
          ]
        ]
      }
    },
    {
      "type": "Feature",
      "properties": {
        "info": false,
        "cara": false,
        "regl": false,
        "id": 0,
        "tech": true,
        "projet": "La biodiversité du Parc",
        "Id": 0,
        "Type": "Quais"
      },
      "geometry": {
        "type": "MultiLineString",
        "coordinates": [
          [
            [
              704301.7171538398,
              6160423.534583073
            ],
            [
              704303.6221576557,
              6160417.819571655
            ],
            [
              704308.9138348997,
              6160416.972903285
            ],
            [
              704308.067166552,
              6160411.469558947
            ]
          ]
        ]
      }
    },
    {
      "type": "Feature",
      "properties": {
        "info": false,
        "cara": false,
        "regl": false,
        "id": 0,
        "tech": true,
        "projet": "La biodiversité du Parc",
        "Id": 0,
        "Type": "Quais"
      },
      "geometry": {
        "type": "MultiLineString",
        "coordinates": [
          [
            [
              702875.3081786186,
              6173108.186889052
            ],
            [
              702881.4465242326,
              6173092.100190226
            ],
            [
              702886.526534386,
              6173069.875145774
            ],
            [
              702889.9132078364,
              6173046.803432964
            ],
            [
              702891.3948774636,
              6173021.191715065
            ],
            [
              702892.66488,
              6172998.7550035305
            ],
            [
              702892.4532129243,
              6172993.67499337
            ]
          ]
        ]
      }
    },
    {
      "type": "Feature",
      "properties": {
        "info": false,
        "cara": false,
        "regl": false,
        "id": 0,
        "tech": true,
        "projet": "La biodiversité du Parc",
        "Id": 0,
        "Type": "Quais"
      },
      "geometry": {
        "type": "MultiLineString",
        "coordinates": [
          [
            [
              702897.9565572441,
              6172993.463326279
            ],
            [
              702896.8982217982,
              6173022.6733847
            ],
            [
              702895.2048850805,
              6173048.285102587
            ],
            [
              702892.66488,
              6173066.911806505
            ],
            [
              702889.0665394664,
              6173082.575171165
            ],
            [
              702885.6798660308,
              6173097.180200379
            ],
            [
              702880.5998558775,
              6173109.880225781
            ]
          ]
        ]
      }
    },
    {
      "type": "Feature",
      "properties": {
        "info": false,
        "cara": false,
        "regl": false,
        "id": 0,
        "tech": true,
        "projet": "La biodiversité du Parc",
        "Id": 0,
        "Type": "Quais"
      },
      "geometry": {
        "type": "MultiLineString",
        "coordinates": [
          [
            [
              703138.7710874975,
              6178205.766740482
            ],
            [
              703153.3761167005,
              6178186.505035292
            ],
            [
              703148.0844394565,
              6178183.33002894
            ],
            [
              703154.2227850705,
              6178172.535007346
            ],
            [
              703159.9377964959,
              6178169.99500227
            ],
            [
              703162.4778015688,
              6178168.089998458
            ],
            [
              703163.5361370221,
              6178165.9733275585
            ],
            [
              703162.9011357501,
              6178161.739985764
            ],
            [
              703159.3027952239,
              6178153.908303432
            ],
            [
              703157.1861243173,
              6178152.849967979
            ],
            [
              703151.471112892,
              6178153.484969247
            ],
            [
              703148.0844394565,
              6178153.484969247
            ],
            [
              703146.1794356406,
              6178155.60164015
            ],
            [
              703145.332767278,
              6178158.353312317
            ],
            [
              703144.9094330892,
              6178160.046649046
            ],
            [
              703101.7293467373,
              6178165.1266592
            ],
            [
              703071.6726199687,
              6178184.811698575
            ]
          ]
        ]
      }
    },
    {
      "type": "Feature",
      "properties": {
        "info": false,
        "cara": false,
        "regl": false,
        "id": 0,
        "tech": true,
        "projet": "La biodiversité du Parc",
        "Id": 0,
        "Type": "Quais"
      },
      "geometry": {
        "type": "MultiLineString",
        "coordinates": [
          [
            [
              703066.5926098153,
              6178092.313180238
            ],
            [
              703089.0293213502,
              6178118.771566495
            ],
            [
              703093.4743302464,
              6178121.523238663
            ],
            [
              703100.2476771176,
              6178120.888237387
            ],
            [
              703138.9827545881,
              6178116.231561407
            ],
            [
              703140.2527571246,
              6178119.40656776
            ],
            [
              703144.0627647415,
              6178120.676570304
            ],
            [
              703151.8944470733,
              6178119.829901937
            ],
            [
              703154.4344521612,
              6178117.924898136
            ],
            [
              703155.0694534183,
              6178114.114890508
            ],
            [
              703154.0111179724,
              6178096.546522044
            ],
            [
              703151.6827799827,
              6178094.006516967
            ],
            [
              703148.7194407284,
              6178093.583182782
            ],
            [
              703136.019415319,
              6178094.6415182315
            ],
            [
              703132.844408974,
              6178055.483106576
            ],
            [
              703147.2377710864,
              6178054.424771126
            ],
            [
              703150.4127774462,
              6178051.249764781
            ],
            [
              703151.2594458014,
              6178048.709759705
            ],
            [
              703151.2594458014,
              6178045.746420436
            ]
          ]
        ]
      }
    },
    {
      "type": "Feature",
      "properties": {
        "info": false,
        "cara": false,
        "regl": false,
        "id": 0,
        "tech": true,
        "projet": "La biodiversité du Parc",
        "Id": 0,
        "Type": "Quais"
      },
      "geometry": {
        "type": "MultiLineString",
        "coordinates": [
          [
            [
              703937.890199624,
              6197151.884677928
            ],
            [
              703934.9268603697,
              6197162.891366612
            ],
            [
              703935.9851958081,
              6197165.6430387795
            ],
            [
              703953.976898469,
              6197170.723048944
            ],
            [
              703968.3702605814,
              6197176.014726188
            ],
            [
              703971.3335998505,
              6197175.803059097
            ],
            [
              703973.238603659,
              6197172.628052745
            ],
            [
              703975.5669416562,
              6197164.58470333
            ]
          ]
        ]
      }
    },
    {
      "type": "Feature",
      "properties": {
        "info": false,
        "cara": false,
        "regl": false,
        "id": 0,
        "tech": true,
        "projet": "La biodiversité du Parc",
        "Id": 0,
        "Type": "Quais"
      },
      "geometry": {
        "type": "MultiLineString",
        "coordinates": [
          [
            [
              703944.8752136007,
              6197027.847763184
            ],
            [
              703944.2402123287,
              6197024.461089749
            ],
            [
              703953.130230099,
              6196995.251031332
            ],
            [
              703954.611899741,
              6196991.864357889
            ],
            [
              703956.7285706252,
              6196991.01768953
            ],
            [
              703960.3269111589,
              6196991.441023704
            ],
            [
              704001.3903266266,
              6197003.929382015
            ],
            [
              704003.295330435,
              6197005.834385835
            ],
            [
              704004.1419987977,
              6197008.797725085
            ],
            [
              703998.2153202817,
              6197028.906098645
            ],
            [
              703994.8286468461,
              6197031.2344366275
            ],
            [
              703989.9603037611,
              6197033.9861087985
            ],
            [
              703986.5736303255,
              6197033.13944044
            ]
          ]
        ]
      }
    },
    {
      "type": "Feature",
      "properties": {
        "info": false,
        "cara": false,
        "regl": false,
        "id": 0,
        "tech": true,
        "projet": "La biodiversité du Parc",
        "Id": 0,
        "Type": "Quais"
      },
      "geometry": {
        "type": "MultiLineString",
        "coordinates": [
          [
            [
              704018.53536091,
              6196926.670894168
            ],
            [
              704024.8853736147,
              6196928.575897977
            ],
            [
              704027.0020445213,
              6196930.480901789
            ],
            [
              704026.7903774306,
              6196933.232573956
            ],
            [
              704022.3453685343,
              6196947.625936076
            ],
            [
              704020.4403647259,
              6196949.742606979
            ],
            [
              704017.900359638,
              6196949.319272805
            ],
            [
              703971.9686011076,
              6196935.772579044
            ],
            [
              703928.7885147557,
              6196859.78409373
            ],
            [
              703846.4500167444,
              6196712.252131995
            ],
            [
              703761.3598465621,
              6196761.99389815
            ],
            [
              703824.6483064741,
              6196873.1191204
            ],
            [
              703823.8016381189,
              6196876.505793836
            ],
            [
              703817.0282912329,
              6196880.527468547
            ],
            [
              703807.0799379945,
              6196884.972477432
            ],
            [
              703805.8099354655,
              6196884.125809073
            ],
            [
              703724.5297729,
              6196742.520525869
            ]
          ]
        ]
      }
    },
    {
      "type": "Feature",
      "properties": {
        "info": false,
        "cara": false,
        "regl": false,
        "id": 0,
        "tech": true,
        "projet": "La biodiversité du Parc",
        "Id": 0,
        "Type": "Quais"
      },
      "geometry": {
        "type": "MultiLineString",
        "coordinates": [
          [
            [
              703151.9658847228,
              6188805.081821099
            ],
            [
              703146.8924891576,
              6188794.276877623
            ],
            [
              703142.7914392874,
              6188796.128964655
            ],
            [
              703174.9383785874,
              6188871.667657409
            ],
            [
              703101.7809405997,
              6188900.904174205
            ]
          ]
        ]
      }
    },
    {
      "type": "Feature",
      "properties": {
        "info": false,
        "cara": false,
        "regl": false,
        "id": 0,
        "tech": true,
        "projet": "La biodiversité du Parc",
        "Id": 0,
        "Type": "Quais"
      },
      "geometry": {
        "type": "MultiLineString",
        "coordinates": [
          [
            [
              703191.6534640864,
              6188618.550198048
            ],
            [
              703192.7647163123,
              6188617.121445179
            ],
            [
              703182.4459456876,
              6188611.882684704
            ],
            [
              703183.8746985272,
              6188608.548928037
            ],
            [
              703194.0347188488,
              6188612.993936934
            ],
            [
              703205.4647417292,
              6188589.340139624
            ],
            [
              703154.8233904243,
              6188509.3299795985
            ],
            [
              703082.1157450154,
              6188539.651290242
            ]
          ]
        ]
      }
    },
    {
      "type": "Feature",
      "properties": {
        "info": false,
        "cara": false,
        "regl": false,
        "id": 0,
        "tech": true,
        "projet": "La biodiversité du Parc",
        "Id": 0,
        "Type": "Quais"
      },
      "geometry": {
        "type": "MultiLineString",
        "coordinates": [
          [
            [
              703181.0161518455,
              6188697.151904419
            ],
            [
              703164.5071597993,
              6188706.339123614
            ],
            [
              703158.3158974126,
              6188692.369095679
            ],
            [
              703153.5533878878,
              6188694.432849806
            ],
            [
              703162.1259050369,
              6188732.532926012
            ],
            [
              703175.7784323469,
              6188795.556802053
            ],
            [
              703151.9658847228,
              6188805.081821099
            ]
          ]
        ]
      }
    },
    {
      "type": "Feature",
      "properties": {
        "info": false,
        "cara": false,
        "regl": false,
        "id": 0,
        "tech": true,
        "projet": "La biodiversité du Parc",
        "Id": 0,
        "Type": "Quais"
      },
      "geometry": {
        "type": "MultiLineString",
        "coordinates": [
          [
            [
              703101.6102840006,
              6180406.006453466
            ],
            [
              703121.9832414165,
              6180395.819974761
            ],
            [
              703123.5707445964,
              6180393.967887722
            ],
            [
              703123.0415768623,
              6180390.131421719
            ],
            [
              703119.6019866541,
              6180386.824123435
            ],
            [
              703109.5477998853,
              6180382.8553655
            ],
            [
              703087.1904634908,
              6180374.520973831
            ]
          ]
        ]
      }
    },
    {
      "type": "Feature",
      "properties": {
        "info": false,
        "cara": false,
        "regl": false,
        "id": 0,
        "tech": true,
        "projet": "La biodiversité du Parc",
        "Id": 0,
        "Type": "Quais"
      },
      "geometry": {
        "type": "MultiLineString",
        "coordinates": [
          [
            [
              703197.5501218811,
              6180397.041327663
            ],
            [
              703188.790666692,
              6180422.93982067
            ],
            [
              703169.2114608735,
              6180421.616901357
            ],
            [
              703152.1458017454,
              6180419.632522386
            ],
            [
              703109.283216022,
              6180432.067963928
            ]
          ]
        ]
      }
    },
    {
      "type": "Feature",
      "properties": {
        "info": false,
        "cara": false,
        "regl": false,
        "id": 0,
        "tech": true,
        "projet": "La biodiversité du Parc",
        "Id": 0,
        "Type": "Jetées"
      },
      "geometry": {
        "type": "MultiLineString",
        "coordinates": [
          [
            [
              703070.0342505798,
              6169459.380801611
            ],
            [
              703074.1617588401,
              6169376.513135873
            ],
            [
              703076.3842632845,
              6169308.726750299
            ],
            [
              703081.9405243844,
              6169298.249229353
            ],
            [
              703120.6756018624,
              6169247.766628381
            ],
            [
              703168.9356983826,
              6169184.901502654
            ],
            [
              703218.7832980901,
              6169118.067618985
            ],
            [
              703268.4721474499,
              6169055.20249325
            ],
            [
              703302.7622160316,
              6169013.609910071
            ],
            [
              703307.8422261998,
              6169009.164901186
            ],
            [
              703358.642327793,
              6168996.782376412
            ],
            [
              703363.2460870072,
              6168992.654868156
            ],
            [
              703365.4685914516,
              6168985.98735483
            ],
            [
              703365.1510908231,
              6168979.796092436
            ],
            [
              703362.6110857353,
              6168975.351083551
            ],
            [
              703356.7373239845,
              6168973.604830056
            ],
            [
              703322.9235063568,
              6168979.954842761
            ],
            [
              703287.8396862,
              6168988.844860535
            ],
            [
              703278.6321677789,
              6169002.497387841
            ],
            [
              703247.6758558676,
              6169043.931220707
            ],
            [
              703236.563333638,
              6169059.171251193
            ],
            [
              703225.4508114085,
              6169067.108767062
            ]
          ]
        ]
      }
    },
    {
      "type": "Feature",
      "properties": {
        "info": false,
        "cara": false,
        "regl": false,
        "id": 0,
        "tech": true,
        "projet": "La biodiversité du Parc",
        "Id": 0,
        "Type": "Jetées"
      },
      "geometry": {
        "type": "MultiLineString",
        "coordinates": [
          [
            [
              703246.1941862181,
              6168666.475882471
            ],
            [
              703276.4625801072,
              6168692.722601626
            ],
            [
              703291.9142776802,
              6168710.502637193
            ],
            [
              703310.964315772,
              6168725.742667671
            ],
            [
              703332.766026035,
              6168747.332710847
            ],
            [
              703356.8960743025,
              6168773.156095825
            ],
            [
              703398.171156846,
              6168818.452853087
            ],
            [
              703406.6378404498,
              6168841.524565898
            ],
            [
              703428.0162165463,
              6168939.73809566
            ],
            [
              703438.387903966,
              6168986.939856723
            ],
            [
              703438.387903966,
              6168999.428215042
            ],
            [
              703437.5412355959,
              6169016.573249333
            ],
            [
              703431.8262241632,
              6169027.368270926
            ],
            [
              703417.2211949453,
              6169029.484941818
            ],
            [
              703407.2728417143,
              6169024.828265838
            ],
            [
              703405.1561708301,
              6169015.938248057
            ],
            [
              703406.2145062685,
              6169005.989894833
            ],
            [
              703411.5061835349,
              6168999.216547951
            ],
            [
              703412.7761860639,
              6168989.26819472
            ],
            [
              703408.3311771676,
              6168968.313152809
            ],
            [
              703388.857804887,
              6168885.551320616
            ],
            [
              703377.6394491196,
              6168837.714558277
            ],
            [
              703345.6777185351,
              6168799.402814988
            ],
            [
              703302.7092992589,
              6168749.661048841
            ],
            [
              703296.3592865542,
              6168749.661048841
            ],
            [
              703285.9875991568,
              6168737.807691798
            ],
            [
              703281.1192560792,
              6168721.932660051
            ],
            [
              703242.1725115255,
              6168676.424235698
            ]
          ]
        ]
      }
    },
    {
      "type": "Feature",
      "properties": {
        "info": false,
        "cara": false,
        "regl": false,
        "id": 0,
        "tech": true,
        "projet": "La biodiversité du Parc",
        "Id": 0,
        "Type": "Jetées"
      },
      "geometry": {
        "type": "MultiLineString",
        "coordinates": [
          [
            [
              703056.2547230124,
              6169458.079049006
            ],
            [
              703059.5884796903,
              6169351.240085326
            ],
            [
              703061.3347331807,
              6169332.348797545
            ],
            [
              703058.3184771389,
              6169330.602544058
            ],
            [
              703059.2709790468,
              6169302.027486902
            ]
          ]
        ]
      }
    },
    {
      "type": "Feature",
      "properties": {
        "info": false,
        "cara": false,
        "regl": false,
        "id": 0,
        "tech": true,
        "projet": "La biodiversité du Parc",
        "Id": 0,
        "Type": "Jetées"
      },
      "geometry": {
        "type": "MultiLineString",
        "coordinates": [
          [
            [
              713838.1986382976,
              6149115.359162178
            ],
            [
              713831.4252914265,
              6149107.315812755
            ],
            [
              713829.7319546863,
              6149098.002460796
            ],
            [
              713831.6369584948,
              6149089.535777196
            ],
            [
              713836.0819673911,
              6149084.4557670355
            ],
            [
              713843.4903155416,
              6149079.587423965
            ],
            [
              713852.3803333119,
              6149078.952422697
            ],
            [
              713861.2703511044,
              6149081.704094868
            ],
            [
              713866.3503612578,
              6149086.360770855
            ],
            [
              713869.525367625,
              6149098.425794981
            ],
            [
              713867.1970296279,
              6149111.549154557
            ],
            [
              713861.4820181951,
              6149124.46084705
            ],
            [
              713853.6503358632,
              6149144.357553508
            ],
            [
              713849.2053269744,
              6149160.65591944
            ],
            [
              713844.9719851688,
              6149176.107617009
            ],
            [
              713842.6436471939,
              6149185.632636059
            ],
            [
              713838.1986382976,
              6149192.405982941
            ],
            [
              713833.5419623107,
              6149198.12099437
            ],
            [
              713827.1919496059,
              6149204.2593399845
            ],
            [
              713824.651944533,
              6149204.682674158
            ]
          ]
        ]
      }
    },
    {
      "type": "Feature",
      "properties": {
        "info": false,
        "cara": false,
        "regl": false,
        "id": 0,
        "tech": true,
        "projet": "La biodiversité du Parc",
        "Id": 0,
        "Type": "Jetées"
      },
      "geometry": {
        "type": "MultiLineString",
        "coordinates": [
          [
            [
              713808.565245688,
              6148969.732204258
            ],
            [
              713803.4852355346,
              6148976.293884046
            ],
            [
              713798.1935582906,
              6148983.278898019
            ],
            [
              713795.2302190214,
              6148988.570575267
            ],
            [
              713791.8435455859,
              6148991.110580344
            ],
            [
              713788.668539241,
              6148991.110580344
            ],
            [
              713785.0701987147,
              6148989.840577807
            ],
            [
              713782.3185265362,
              6148987.300572731
            ],
            [
              713782.3185265362,
              6148983.067230929
            ]
          ]
        ]
      }
    },
    {
      "type": "Feature",
      "properties": {
        "info": false,
        "cara": false,
        "regl": false,
        "id": 0,
        "tech": true,
        "projet": "La biodiversité du Parc",
        "Id": 0,
        "Type": "Jetées"
      },
      "geometry": {
        "type": "MultiLineString",
        "coordinates": [
          [
            [
              704273.7794130817,
              6198364.551894937
            ],
            [
              704281.3994283155,
              6198354.603541702
            ],
            [
              704295.5811233371,
              6198351.005201172
            ],
            [
              704310.6094867215,
              6198349.735198632
            ],
            [
              704315.4778298065,
              6198351.216868255
            ],
            [
              704316.9594994336,
              6198356.720212605
            ],
            [
              704315.4778298065,
              6198362.2235569395
            ],
            [
              704309.5511512831,
              6198364.975229111
            ],
            [
              704290.7127802745,
              6198367.515234195
            ],
            [
              704284.5744346604,
              6198372.806911442
            ],
            [
              704282.6694308519,
              6198382.120263409
            ],
            [
              704281.1877612248,
              6198442.445384055
            ],
            [
              704278.012754865,
              6198448.372062571
            ],
            [
              704262.1377231255,
              6198460.437086705
            ],
            [
              704231.2343279868,
              6198481.180461522
            ],
            [
              704196.9442594051,
              6198502.9821718
            ],
            [
              704175.9892174825,
              6198516.52886555
            ],
            [
              704165.8291971758,
              6198523.725546613
            ],
            [
              704164.9825288057,
              6198531.345561855
            ],
            [
              704166.2525313422,
              6198541.928916354
            ],
            [
              704166.8875326142,
              6198548.702263236
            ],
            [
              704165.8291971758,
              6198551.877269581
            ],
            [
              704162.2308566496,
              6198552.088936672
            ],
            [
              704160.5375199318,
              6198549.337264501
            ],
            [
              704158.2091819346,
              6198536.425572015
            ]
          ]
        ]
      }
    },
    {
      "type": "Feature",
      "properties": {
        "info": false,
        "cara": false,
        "regl": false,
        "id": 0,
        "tech": true,
        "projet": "La biodiversité du Parc",
        "Id": 0,
        "Type": "Jetées"
      },
      "geometry": {
        "type": "MultiLineString",
        "coordinates": [
          [
            [
              704279.2827574164,
              6198290.891747609
            ],
            [
              704288.3844422847,
              6198294.278421052
            ],
            [
              704327.5428539366,
              6198304.226774275
            ],
            [
              704342.3595502377,
              6198308.671783172
            ],
            [
              704345.7462236732,
              6198314.386794601
            ],
            [
              704349.1328971088,
              6198332.590164341
            ],
            [
              704348.074561663,
              6198348.888530273
            ],
            [
              704346.5928920358,
              6198356.085211329
            ],
            [
              704341.7245489582,
              6198357.143546779
            ],
            [
              704336.4328717142,
              6198355.661877152
            ],
            [
              704333.6811995357,
              6198350.793534081
            ],
            [
              704332.4111969993,
              6198338.30517577
            ],
            [
              704330.0828590095,
              6198320.736807298
            ],
            [
              704278.2244219556,
              6198309.30678444
            ]
          ]
        ]
      }
    },
    {
      "type": "Feature",
      "properties": {
        "info": false,
        "cara": false,
        "regl": false,
        "id": 0,
        "tech": true,
        "projet": "La biodiversité du Parc",
        "Id": 0,
        "Type": "Jetées"
      },
      "geometry": {
        "type": "MultiLineString",
        "coordinates": [
          [
            [
              704046.025624223,
              6197223.66627983
            ],
            [
              704125.6124500707,
              6197174.347847857
            ],
            [
              704157.3625135645,
              6197156.991146475
            ],
            [
              704170.4858731404,
              6197154.027807213
            ],
            [
              704231.4459950626,
              6197147.042793248
            ],
            [
              704285.2094359398,
              6197140.692780543
            ],
            [
              704309.3394841924,
              6197137.3061071
            ],
            [
              704319.499504514,
              6197137.517774191
            ],
            [
              704322.4628437683,
              6197140.692780543
            ],
            [
              704323.7328463048,
              6197147.04279324
            ],
            [
              704320.7695070505,
              6197153.1811388545
            ],
            [
              704314.2078272551,
              6197155.509476848
            ],
            [
              704277.5894206837,
              6197160.589487001
            ],
            [
              704182.1275630966,
              6197170.749507327
            ],
            [
              704155.0341755748,
              6197175.829517491
            ],
            [
              704137.2541400045,
              6197183.8728669025
            ],
            [
              704129.6341247857,
              6197188.106208701
            ],
            [
              704120.5324399024,
              6197190.434546694
            ],
            [
              704097.2490600199,
              6197206.097911354
            ],
            [
              704055.338976182,
              6197230.651293792
            ],
            [
              704028.4572557732,
              6197245.679657187
            ]
          ]
        ]
      }
    },
    {
      "type": "Feature",
      "properties": {
        "info": false,
        "cara": false,
        "regl": false,
        "id": 0,
        "tech": true,
        "projet": "La biodiversité du Parc",
        "Id": 0,
        "Type": "Jetées"
      },
      "geometry": {
        "type": "MultiLineString",
        "coordinates": [
          [
            [
              704104.8955336362,
              6196784.8539438695
            ],
            [
              704107.8588729054,
              6196785.06561096
            ],
            [
              704119.5005628392,
              6196794.378962919
            ],
            [
              704127.7555793524,
              6196796.707300905
            ],
            [
              704155.2723010555,
              6196820.837349165
            ],
            [
              704212.8457495347,
              6196865.710772254
            ],
            [
              704263.0108498707,
              6196907.83252316
            ],
            [
              704299.2059222609,
              6196937.677582845
            ],
            [
              704350.0060238689,
              6196979.164332487
            ],
            [
              704371.384399943,
              6196998.637704767
            ],
            [
              704384.7194266319,
              6197017.052741602
            ],
            [
              704397.6311191171,
              6197045.416131657
            ],
            [
              704408.6378077865,
              6197090.289554745
            ],
            [
              704422.6078357324,
              6197140.242987983
            ],
            [
              704424.724506639,
              6197148.921338666
            ],
            [
              704424.0895053595,
              6197157.176355183
            ],
            [
              704420.067830652,
              6197162.468032427
            ],
            [
              704413.7178179398,
              6197164.161369152
            ],
            [
              704407.7911394238,
              6197162.044698253
            ],
            [
              704402.2877950817,
              6197155.906352639
            ],
            [
              704394.0327785835,
              6197127.754629675
            ],
            [
              704375.6177417487,
              6197060.867829226
            ],
            [
              704365.2460543439,
              6197027.424429011
            ],
            [
              704352.5460289344,
              6197008.162723817
            ],
            [
              704327.1459781304,
              6196986.5726806335
            ],
            [
              704287.1408981234,
              6196953.76428169
            ],
            [
              704194.0073785335,
              6196875.235791303
            ],
            [
              704145.5356149152,
              6196835.230711285
            ],
            [
              704115.0555539578,
              6196810.253994666
            ],
            [
              704102.567195639,
              6196799.247305989
            ],
            [
              704098.3338538557,
              6196794.378962919
            ],
            [
              704097.6988525763,
              6196790.357288208
            ]
          ]
        ]
      }
    },
    {
      "type": "Feature",
      "properties": {
        "info": false,
        "cara": false,
        "regl": false,
        "id": 0,
        "tech": true,
        "projet": "La biodiversité du Parc",
        "Id": 0,
        "Type": "Jetées"
      },
      "geometry": {
        "type": "MultiLineString",
        "coordinates": [
          [
            [
              703184.82720045,
              6188705.862872664
            ],
            [
              703180.3821915537,
              6188695.702852346
            ],
            [
              703180.6996921822,
              6188689.670340281
            ],
            [
              703186.8909545615,
              6188685.225331392
            ],
            [
              703206.4172436148,
              6188679.827820603
            ],
            [
              703241.8185644224,
              6188668.080297105
            ],
            [
              703248.8035783991,
              6188667.762796465
            ],
            [
              703254.677340135,
              6188671.414053772
            ],
            [
              703256.1060929969,
              6188677.44656584
            ],
            [
              703254.9948407859,
              6188681.8915747255
            ],
            [
              703249.5973299816,
              6188686.336583611
            ],
            [
              703235.3098014072,
              6188692.369095679
            ],
            [
              703224.6735301316,
              6188696.97285489
            ],
            [
              703219.4347696528,
              6188710.30788156
            ],
            [
              703215.7835123539,
              6188729.04041902
            ],
            [
              703216.1010129899,
              6188744.756700452
            ],
            [
              703218.9585186988,
              6188763.1717372835
            ],
            [
              703221.6572741121,
              6188769.3629996665
            ],
            [
              703228.3247874305,
              6188768.410497762
            ],
            [
              703310.7162022218,
              6188733.167927276
            ],
            [
              703365.3263114318,
              6188711.101633139
            ],
            [
              703380.0900909603,
              6188708.085377112
            ],
            [
              703385.1701011285,
              6188709.51412997
            ],
            [
              703387.3926055729,
              6188715.3878917135
            ],
            [
              703387.5513558909,
              6188722.849156637
            ],
            [
              703384.693850182,
              6188726.024162989
            ],
            [
              703380.5663419142,
              6188726.659164257
            ],
            [
              703371.9938247874,
              6188725.389161725
            ],
            [
              703351.9912847653,
              6188730.945422828
            ],
            [
              703292.6186660305,
              6188756.9804749
            ],
            [
              703244.5173198134,
              6188778.094267126
            ],
            [
              703222.6097759977,
              6188788.5717880875
            ],
            [
              703233.4047975987,
              6188863.501937948
            ],
            [
              703234.0397988781,
              6188888.2669874765
            ],
            [
              703224.6735301316,
              6188910.968282882
            ],
            [
              703218.6410180703,
              6188920.3345516175
            ],
            [
              703208.7984983772,
              6188928.2720674835
            ],
            [
              703195.9397226572,
              6188934.4633298665
            ],
            [
              703192.9234666377,
              6188936.209583361
            ],
            [
              703190.3834615499,
              6188946.05210305
            ],
            [
              703189.7484602779,
              6188957.323375586
            ],
            [
              703188.79595837,
              6188974.309659559
            ],
            [
              703184.350949496,
              6188984.152179249
            ],
            [
              703178.9534386918,
              6188989.232189409
            ],
            [
              703173.8734285384,
              6188991.45469385
            ]
          ]
        ]
      }
    },
    {
      "type": "Feature",
      "properties": {
        "info": false,
        "cara": false,
        "regl": false,
        "id": 0,
        "tech": true,
        "projet": "La biodiversité du Parc",
        "Id": 0,
        "Type": "Jetées"
      },
      "geometry": {
        "type": "MultiLineString",
        "coordinates": [
          [
            [
              703258.6460980773,
              6188607.755176455
            ],
            [
              703295.3174214214,
              6188621.407703754
            ],
            [
              703348.657528095,
              6188635.85398265
            ],
            [
              703398.6638781205,
              6188645.855252653
            ],
            [
              703412.6339060515,
              6188652.840266626
            ],
            [
              703425.6514320895,
              6188666.492793921
            ],
            [
              703436.2877033651,
              6188687.924086794
            ],
            [
              703446.6064739972,
              6188718.562898066
            ],
            [
              703447.7177262306,
              6188724.595410135
            ],
            [
              703446.7652243227,
              6188730.151671249
            ],
            [
              703443.7489682883,
              6188733.64417823
            ],
            [
              703440.7327122465,
              6188734.75543046
            ],
            [
              703433.7476982847,
              6188733.64417823
            ],
            [
              703430.0964409709,
              6188730.469171878
            ],
            [
              703427.556435898,
              6188720.944152828
            ],
            [
              703418.6664181128,
              6188694.5916001275
            ],
            [
              703413.903908588,
              6188683.796578534
            ],
            [
              703405.9663927183,
              6188673.160307266
            ],
            [
              703400.4101316109,
              6188667.286545515
            ],
            [
              703388.6626081243,
              6188661.571534082
            ],
            [
              703354.2137892172,
              6188651.094013128
            ],
            [
              703295.158671096,
              6188635.85398265
            ],
            [
              703260.8686025217,
              6188624.106459152
            ],
            [
              703246.4223236367,
              6188618.708948363
            ],
            [
              703213.7197582275,
              6188628.7102183625
            ],
            [
              703199.7497302815,
              6188632.996476937
            ],
            [
              703191.6534640864,
              6188632.520225983
            ],
            [
              703188.1609571129,
              6188629.027719002
            ],
            [
              703188.4784577414,
              6188625.53521201
            ],
            [
              703191.6534640864,
              6188618.550198048
            ]
          ]
        ]
      }
    },
    {
      "type": "Feature",
      "properties": {
        "info": false,
        "cara": false,
        "regl": false,
        "id": 0,
        "tech": true,
        "projet": "La biodiversité du Parc",
        "Id": 0,
        "Type": "Jetées"
      },
      "geometry": {
        "type": "MultiLineString",
        "coordinates": [
          [
            [
              703124.3142252415,
              6183632.337663099
            ],
            [
              703170.6693179533,
              6183632.655163735
            ],
            [
              703180.9880886003,
              6183633.766415957
            ],
            [
              703187.9731025696,
              6183637.41767326
            ],
            [
              703197.4981216192,
              6183645.196438815
            ],
            [
              703198.6093738303,
              6183649.641447704
            ],
            [
              703197.1806209907,
              6183652.022702463
            ],
            [
              703193.3706133515,
              6183653.927706275
            ],
            [
              703190.1956070065,
              6183652.975204371
            ],
            [
              703181.4643395394,
              6183647.7364439
            ],
            [
              703174.6380758956,
              6183644.085186586
            ],
            [
              703160.6680479497,
              6183642.180182785
            ],
            [
              703150.1905269995,
              6183642.021432463
            ],
            [
              703138.2842531875,
              6183642.021432463
            ],
            [
              703129.8704863638,
              6183641.227680881
            ],
            [
              703124.3142252415,
              6183639.005176432
            ],
            [
              703122.5679717585,
              6183636.465171356
            ],
            [
              703122.5679717585,
              6183634.083916593
            ],
            [
              703124.3142252415,
              6183632.337663099
            ]
          ]
        ]
      }
    },
    {
      "type": "Feature",
      "properties": {
        "info": false,
        "cara": false,
        "regl": false,
        "id": 0,
        "tech": true,
        "projet": "La biodiversité du Parc",
        "Id": 0,
        "Type": "Jetées"
      },
      "geometry": {
        "type": "MultiLineString",
        "coordinates": [
          [
            [
              703231.6294398904,
              6183583.601315625
            ],
            [
              703242.2657111511,
              6183590.110078644
            ],
            [
              703244.488215588,
              6183596.618841663
            ],
            [
              703245.9169684649,
              6183629.797658015
            ],
            [
              703246.2344690934,
              6183653.610205647
            ],
            [
              703243.8532143086,
              6183665.675229773
            ],
            [
              703241.15445894,
              6183668.373985171
            ],
            [
              703238.1382028982,
              6183667.580233581
            ],
            [
              703233.5344436839,
              6183664.722727869
            ],
            [
              703232.4231914729,
              6183659.007716436
            ],
            [
              703232.8994424194,
              6183639.322677061
            ],
            [
              703234.9631965384,
              6183606.620111667
            ],
            [
              703233.2169430554,
              6183596.777591977
            ],
            [
              703229.248185128,
              6183591.2213308625
            ],
            [
              703196.8631203398,
              6183561.693771809
            ],
            [
              703193.8468643054,
              6183557.4075132385
            ],
            [
              703194.9581165314,
              6183556.9312622845
            ],
            [
              703198.9268744737,
              6183560.265018951
            ],
            [
              703217.500661619,
              6183575.02879848
            ],
            [
              703225.4381774887,
              6183582.490063403
            ],
            [
              703231.6294398904,
              6183583.601315625
            ]
          ]
        ]
      }
    },
    {
      "type": "Feature",
      "properties": {
        "info": false,
        "cara": false,
        "regl": false,
        "id": 0,
        "tech": true,
        "projet": "La biodiversité du Parc",
        "Id": 0,
        "Type": "Jetées"
      },
      "geometry": {
        "type": "MultiLineString",
        "coordinates": [
          [
            [
              703190.113586016,
              6180393.0418442115
            ],
            [
              703188.2614989728,
              6180390.660589449
            ],
            [
              703189.7167102247,
              6180388.279334687
            ],
            [
              703195.0083874688,
              6180389.602253996
            ],
            [
              703220.2761463448,
              6180399.656440768
            ],
            [
              703234.6959668472,
              6180403.625198703
            ],
            [
              703244.3532778248,
              6180406.403329264
            ],
            [
              703248.8512034938,
              6180408.652292095
            ],
            [
              703263.8001917154,
              6180402.169987459
            ],
            [
              703269.488744773,
              6180399.656440768
            ],
            [
              703272.9283349738,
              6180401.243943941
            ],
            [
              703275.3095897362,
              6180404.286658362
            ],
            [
              703274.5158381537,
              6180407.990832437
            ],
            [
              703270.6793721467,
              6180410.504379138
            ],
            [
              703252.9522533491,
              6180416.986683764
            ],
            [
              703242.2366069257,
              6180422.807528738
            ],
            [
              703237.2095135376,
              6180426.379410882
            ],
            [
              703233.3730475307,
              6180428.231497914
            ],
            [
              703229.9334573224,
              6180434.316926759
            ],
            [
              703226.6261590272,
              6180435.639846072
            ],
            [
              703223.848028481,
              6180435.242970273
            ],
            [
              703220.0115624666,
              6180433.92005096
            ],
            [
              703221.2021898553,
              6180431.538796198
            ],
            [
              703225.0386558697,
              6180430.2158768885
            ],
            [
              703228.6105380058,
              6180425.453367364
            ],
            [
              703230.9917927682,
              6180422.013777148
            ],
            [
              703233.7699233145,
              6180418.177311145
            ],
            [
              703233.9022152498,
              6180415.663764451
            ],
            [
              703234.0345071927,
              6180412.885633901
            ],
            [
              703229.5365815163,
              6180410.107503336
            ],
            [
              703216.5719722584,
              6180405.609577674
            ],
            [
              703205.194866173,
              6180400.714776218
            ],
            [
              703195.0083874688,
              6180395.819974761
            ],
            [
              703190.113586016,
              6180393.306428071
            ]
          ]
        ]
      }
    },
    {
      "type": "Feature",
      "properties": {
        "info": false,
        "cara": false,
        "regl": false,
        "id": 0,
        "tech": true,
        "projet": "La biodiversité du Parc",
        "Id": 0,
        "Type": "Jetées"
      },
      "geometry": {
        "type": "MultiLineString",
        "coordinates": [
          [
            [
              703241.1782714799,
              6180332.849015493
            ],
            [
              703276.1033413187,
              6180347.798003718
            ],
            [
              703290.1262860298,
              6180359.96886139
            ],
            [
              703306.0013177842,
              6180377.563688256
            ],
            [
              703319.3628028482,
              6180392.3803845495
            ],
            [
              703331.0044928044,
              6180401.905403599
            ],
            [
              703351.7743259966,
              6180414.4731370695
            ],
            [
              703361.5639289245,
              6180421.484609418
            ],
            [
              703363.5483078733,
              6180425.982535083
            ],
            [
              703362.0930966437,
              6180430.083584957
            ],
            [
              703358.6535064206,
              6180431.935671996
            ],
            [
              703353.7587049678,
              6180432.20025586
            ],
            [
              703346.3503568172,
              6180428.628373716
            ],
            [
              703307.05965323,
              6180403.757490642
            ],
            [
              703301.6356840506,
              6180393.174136139
            ],
            [
              703291.1846214905,
              6180378.489731766
            ],
            [
              703280.8658508435,
              6180368.303253058
            ],
            [
              703267.5043658018,
              6180359.571985599
            ],
            [
              703254.8043403849,
              6180349.517798826
            ],
            [
              703244.2209858969,
              6180341.712574881
            ],
            [
              703239.3261844441,
              6180337.479233075
            ],
            [
              703238.4001409113,
              6180334.701102525
            ],
            [
              703241.1782714799,
              6180332.849015493
            ]
          ]
        ]
      }
    },
    {
      "type": "Feature",
      "properties": {
        "info": false,
        "cara": false,
        "regl": false,
        "id": 0,
        "tech": true,
        "projet": "La biodiversité du Parc",
        "Id": 0,
        "Type": "Jetées"
      },
      "geometry": {
        "type": "MultiLineString",
        "coordinates": [
          [
            [
              703091.7809935063,
              6178398.1721252985
            ],
            [
              703152.9527825192,
              6178303.980270244
            ],
            [
              703197.1912043467,
              6178233.495129272
            ],
            [
              703213.0662360787,
              6178211.905086096
            ],
            [
              703226.824596934,
              6178200.898397412
            ],
            [
              703257.9396591708,
              6178185.235032748
            ],
            [
              703352.5548483878,
              6178138.244938768
            ],
            [
              703370.5465510413,
              6178130.413256444
            ],
            [
              703413.7266374156,
              6178121.523238663
            ],
            [
              703419.2299817502,
              6178123.00490829
            ],
            [
              703422.1933210045,
              6178128.084918451
            ],
            [
              703421.9816539139,
              6178133.79992988
            ],
            [
              703418.8066475689,
              6178138.244938768
            ],
            [
              703410.7632981464,
              6178140.996610947
            ],
            [
              703375.626561217,
              6178149.039960362
            ],
            [
              703333.9281444699,
              6178166.608328834
            ],
            [
              703240.5829577893,
              6178215.503426623
            ],
            [
              703230.2112703696,
              6178223.546776038
            ],
            [
              703209.2562284619,
              6178250.005162291
            ],
            [
              703181.7395067587,
              6178289.586908124
            ],
            [
              703150.836111635,
              6178331.920326125
            ],
            [
              703133.0560760647,
              6178356.685375657
            ],
            [
              703105.7510214522,
              6178394.785451852
            ],
            [
              703099.8243429288,
              6178403.463802543
            ],
            [
              703097.7076720297,
              6178404.522137996
            ],
            [
              703094.5326656848,
              6178404.310470901
            ],
            [
              703091.7809935063,
              6178402.617134184
            ],
            [
              703091.7809935063,
              6178397.7487911135
            ]
          ]
        ]
      }
    },
    {
      "type": "Feature",
      "properties": {
        "info": false,
        "cara": false,
        "regl": false,
        "id": 0,
        "tech": true,
        "projet": "La biodiversité du Parc",
        "Id": 0,
        "Type": "Jetées"
      },
      "geometry": {
        "type": "MultiLineString",
        "coordinates": [
          [
            [
              703173.6961573288,
              6178027.190272223
            ],
            [
              703177.9294991568,
              6178024.015265871
            ],
            [
              703194.3336986154,
              6178022.745263327
            ],
            [
              703234.1271115243,
              6178020.099424705
            ],
            [
              703259.4213287979,
              6178018.300254442
            ],
            [
              703301.9664138854,
              6178014.208024032
            ],
            [
              703348.9565078616,
              6178012.091353133
            ],
            [
              703364.831539616,
              6178009.76301514
            ],
            [
              703370.12321686,
              6178004.048003707
            ],
            [
              703374.5682257563,
              6177998.332992278
            ],
            [
              703379.6482359096,
              6177991.982979581
            ],
            [
              703380.071570091,
              6177985.421299793
            ],
            [
              703363.7732041702,
              6177965.101259153
            ],
            [
              703336.4681495577,
              6177929.117853846
            ],
            [
              703333.2931431979,
              6177923.614509508
            ],
            [
              703335.1981470063,
              6177921.497838609
            ],
            [
              703341.1248255298,
              6177920.439503167
            ],
            [
              703346.6281698868,
              6177920.227836072
            ],
            [
              703355.7298547477,
              6177927.001182947
            ],
            [
              703366.7365434244,
              6177943.087881792
            ],
            [
              703406.9532905221,
              6177992.82964794
            ],
            [
              703446.1117021814,
              6178036.221401393
            ],
            [
              703479.555102393,
              6178078.9781535715
            ],
            [
              703500.086810112,
              6178103.7432031
            ],
            [
              703504.1084848419,
              6178111.998219613
            ],
            [
              703501.5684797615,
              6178123.639909565
            ],
            [
              703498.1818063259,
              6178129.989922263
            ],
            [
              703492.6784619689,
              6178132.318260256
            ],
            [
              703484.4234454706,
              6178133.376595698
            ],
            [
              703479.3434353024,
              6178131.048257712
            ],
            [
              703475.1100935116,
              6178126.81491591
            ],
            [
              703471.9350871518,
              6178118.13656522
            ],
            [
              703466.0084086284,
              6178107.553210728
            ],
            [
              703449.9217097983,
              6178087.868171353
            ],
            [
              703424.098324813,
              6178054.001436949
            ],
            [
              703410.7632981464,
              6178037.279736843
            ],
            [
              703399.1216081902,
              6178030.718057048
            ],
            [
              703388.1149195135,
              6178026.273048159
            ],
            [
              703381.1299055368,
              6178024.15637726
            ],
            [
              703373.9332244769,
              6178023.944710176
            ],
            [
              703378.3782333732,
              6178049.9797622375
            ],
            [
              703378.8015675619,
              6178059.081447113
            ],
            [
              703373.5098903105,
              6178061.62145219
            ],
            [
              703364.6198725253,
              6178059.928115472
            ],
            [
              703362.9265358075,
              6178056.329774942
            ],
            [
              703363.1382028982,
              6178049.556428064
            ],
            [
              703365.2548737973,
              6178043.41808245
            ],
            [
              703362.5032016188,
              6178024.15637726
            ],
            [
              703289.9013897553,
              6178028.601386152
            ],
            [
              703197.8262056038,
              6178036.221401393
            ],
            [
              703164.5944724679,
              6178036.856402662
            ],
            [
              703150.6244445369,
              6178036.856402662
            ]
          ]
        ]
      }
    },
    {
      "type": "Feature",
      "properties": {
        "info": false,
        "cara": false,
        "regl": false,
        "id": 0,
        "tech": true,
        "projet": "La biodiversité du Parc",
        "Id": 0,
        "Type": "Jetées"
      },
      "geometry": {
        "type": "MultiLineString",
        "coordinates": [
          [
            [
              702824.9314112067,
              6173103.953547258
            ],
            [
              702875.9431798905,
              6173123.638586625
            ],
            [
              702886.3148672879,
              6173124.273587901
            ],
            [
              702976.0617134646,
              6173119.828579005
            ],
            [
              702979.0250527188,
              6173122.156916998
            ],
            [
              702977.331716001,
              6173127.0252600685
            ],
            [
              702966.7483615056,
              6173130.411933504
            ],
            [
              702875.5198457092,
              6173134.010274034
            ],
            [
              702870.6515026465,
              6173130.200266421
            ],
            [
              702865.3598254025,
              6173127.660261337
            ],
            [
              702860.0681481361,
              6173127.0252600685
            ],
            [
              702857.1048088819,
              6173124.0619208105
            ],
            [
              702851.8131316379,
              6173120.040246099
            ],
            [
              702847.7914569303,
              6173117.711908102
            ],
            [
              702839.7481075004,
              6173115.171903025
            ],
            [
              702831.7047580779,
              6173111.996896684
            ],
            [
              702825.7780795619,
              6173107.551887788
            ],
            [
              702823.4497415647,
              6173105.435216885
            ],
            [
              702824.9314112067,
              6173103.953547258
            ]
          ]
        ]
      }
    },
    {
      "type": "Feature",
      "properties": {
        "info": false,
        "cara": false,
        "regl": false,
        "id": 0,
        "tech": true,
        "projet": "La biodiversité du Parc",
        "Id": 0,
        "Type": "Jetées"
      },
      "geometry": {
        "type": "MultiLineString",
        "coordinates": [
          [
            [
              702849.4847936481,
              6172968.063275471
            ],
            [
              702936.6916347146,
              6172976.318291988
            ],
            [
              702942.4066461474,
              6172978.43496288
            ],
            [
              702966.9600285962,
              6173001.295008607
            ],
            [
              703038.5035050064,
              6173075.590157196
            ],
            [
              703074.6985773966,
              6173114.748568844
            ],
            [
              703079.5669204742,
              6173120.675247375
            ],
            [
              703081.0485901013,
              6173125.12025626
            ],
            [
              703078.085250847,
              6173129.141930964
            ],
            [
              703073.0052406788,
              6173128.295262605
            ],
            [
              703067.290229246,
              6173123.638586625
            ],
            [
              703039.1385062858,
              6173097.603534564
            ],
            [
              702976.4850476459,
              6173030.928401209
            ],
            [
              702953.6250019148,
              6173005.528350405
            ],
            [
              702939.2316398025,
              6172991.134988282
            ],
            [
              702931.3999574706,
              6172987.959981941
            ],
            [
              702924.2032764181,
              6172985.631643947
            ],
            [
              702902.4015661404,
              6172981.821636327
            ],
            [
              702856.4698076099,
              6172975.894957814
            ],
            [
              702849.9081278145,
              6172974.836622354
            ],
            [
              702847.1564556509,
              6172972.508284368
            ],
            [
              702848.003124021,
              6172969.54494511
            ],
            [
              702849.9081278145,
              6172967.6399412975
            ]
          ]
        ]
      }
    },
    {
      "type": "Feature",
      "properties": {
        "info": false,
        "cara": false,
        "regl": false,
        "id": 0,
        "tech": true,
        "projet": "La biodiversité du Parc",
        "Id": 0,
        "Type": "Jetées"
      },
      "geometry": {
        "type": "MultiLineString",
        "coordinates": [
          [
            [
              704272.5070954189,
              6160414.009564027
            ],
            [
              704305.3154943734,
              6160426.286255252
            ],
            [
              704369.6622897238,
              6160455.496313669
            ],
            [
              704477.6125056297,
              6160447.029630069
            ],
            [
              704484.8091867045,
              6160442.584621184
            ],
            [
              704493.6992044747,
              6160420.359576732
            ],
            [
              704505.1292273328,
              6160390.302849948
            ],
            [
              704503.8592247963,
              6160386.069508154
            ],
            [
              704508.092566587,
              6160378.87282709
            ],
            [
              704509.7859033048,
              6160375.27448656
            ],
            [
              704510.8442387655,
              6160367.866138406
            ],
            [
              704512.3259083927,
              6160361.93945989
            ],
            [
              704515.0775805637,
              6160356.859449729
            ],
            [
              704519.0992552787,
              6160353.261109199
            ],
            [
              704529.0476084948,
              6160353.049442109
            ],
            [
              704534.3392857611,
              6160355.80111428
            ],
            [
              704541.5359668136,
              6160365.114466246
            ],
            [
              704542.170968093,
              6160374.851152375
            ],
            [
              704534.5509528518,
              6160394.32452466
            ],
            [
              704524.1792654321,
              6160415.914567836
            ],
            [
              704512.749242574,
              6160442.796288267
            ],
            [
              704504.2825589627,
              6160455.91964785
            ],
            [
              704495.1808741018,
              6160463.116328906
            ],
            [
              704485.0208537951,
              6160467.984671976
            ],
            [
              704468.2991536707,
              6160470.101342879
            ],
            [
              704447.9791130349,
              6160472.641347956
            ],
            [
              704430.6224116534,
              6160473.9113505
            ],
            [
              704408.1857001036,
              6160476.663022667
            ],
            [
              704391.6756670922,
              6160479.203027755
            ],
            [
              704375.3773011491,
              6160478.991360661
            ],
            [
              704362.0422744974,
              6160477.298023935
            ],
            [
              704351.6705870852,
              6160473.276349232
            ],
            [
              704341.2988996655,
              6160467.984671976
            ],
            [
              704323.942198284,
              6160458.671320021
            ],
            [
              704311.6655070782,
              6160450.627970599
            ],
            [
              704301.2938196585,
              6160443.4312895425
            ],
            [
              704285.2071208134,
              6160434.964605942
            ],
            [
              704275.0471005067,
              6160427.556257788
            ],
            [
              704270.6020916104,
              6160424.1695843525
            ]
          ]
        ]
      }
    },
    {
      "type": "Feature",
      "properties": {
        "info": false,
        "cara": false,
        "regl": false,
        "id": 0,
        "tech": true,
        "projet": "La biodiversité du Parc",
        "Id": 0,
        "Type": "Jetées"
      },
      "geometry": {
        "type": "MultiLineString",
        "coordinates": [
          [
            [
              704419.6157229841,
              6160082.327233996
            ],
            [
              704434.6440863535,
              6160102.012273364
            ],
            [
              704437.1840914339,
              6160108.3622860685
            ],
            [
              704441.4174332395,
              6160131.433998868
            ],
            [
              704442.687435776,
              6160152.389040787
            ],
            [
              704445.6507750452,
              6160167.629071265
            ],
            [
              704466.6058169529,
              6160164.242397822
            ],
            [
              704488.19586014,
              6160159.797388934
            ],
            [
              704494.122538656,
              6160160.220723111
            ],
            [
              704497.9325462803,
              6160164.242397822
            ],
            [
              704498.3558804467,
              6160169.534075078
            ],
            [
              704494.7575399131,
              6160173.555749789
            ],
            [
              704487.1375246793,
              6160176.095754866
            ],
            [
              704477.400838539,
              6160177.789091583
            ],
            [
              704454.752459906,
              6160180.540763762
            ],
            [
              704460.4674713388,
              6160263.302595943
            ],
            [
              704467.6641523913,
              6160351.779439565
            ],
            [
              704460.8908055201,
              6160370.617810581
            ],
            [
              704454.9641270041,
              6160384.164504342
            ],
            [
              704446.9207775742,
              6160389.4561815895
            ],
            [
              704438.2424268946,
              6160390.302849948
            ],
            [
              704431.6807470992,
              6160386.916176502
            ],
            [
              704428.2940736637,
              6160380.777830899
            ],
            [
              704427.4474052936,
              6160372.311147299
            ],
            [
              704430.1990774721,
              6160365.961134594
            ],
            [
              704432.5274154693,
              6160361.7277927995
            ],
            [
              704432.1040812805,
              6160358.341119356
            ],
            [
              704433.7974179983,
              6160357.282783914
            ],
            [
              704438.4540939853,
              6160357.282783914
            ],
            [
              704441.8407674208,
              6160354.7427788265
            ],
            [
              704445.0157737657,
              6160347.54609777
            ],
            [
              704442.0524345189,
              6160309.234354481
            ],
            [
              704435.7024218068,
              6160231.129198268
            ],
            [
              704432.3157483712,
              6160191.759119529
            ],
            [
              704433.1624167264,
              6160166.147401638
            ],
            [
              704431.4690800086,
              6160145.615693908
            ],
            [
              704431.0457458198,
              6160120.85064438
            ],
            [
              704428.082406573,
              6160105.187279716
            ],
            [
              704423.425730586,
              6160099.260601193
            ],
            [
              704416.4407166168,
              6160088.6772466935
            ],
            [
              704416.0173824355,
              6160083.808903623
            ],
            [
              704419.8273900524,
              6160082.115566906
            ]
          ]
        ]
      }
    },
    {
      "type": "Feature",
      "properties": {
        "info": false,
        "cara": false,
        "regl": false,
        "id": 0,
        "tech": true,
        "projet": "La biodiversité du Parc",
        "Id": 0,
        "Type": "Jetées"
      },
      "geometry": {
        "type": "MultiLineString",
        "coordinates": [
          [
            [
              707097.9022514224,
              6158478.278042559
            ],
            [
              707099.8072552308,
              6158474.044700764
            ],
            [
              707101.2889248729,
              6158472.56303113
            ],
            [
              707104.5697647557,
              6158471.610529225
            ],
            [
              707107.3214369342,
              6158472.457197584
            ],
            [
              707109.6497749314,
              6158476.161371656
            ],
            [
              707110.3906097412,
              6158482.511384364
            ],
            [
              707108.6972730234,
              6158490.554733779
            ],
            [
              707104.2522641271,
              6158504.2072610855
            ],
            [
              707100.0189223215,
              6158515.108116224
            ],
            [
              707096.526415348,
              6158521.775629558
            ],
            [
              707088.9064001143,
              6158530.559813794
            ],
            [
              707081.2863848582,
              6158536.274825223
            ],
            [
              707071.7613658085,
              6158540.296499934
            ],
            [
              707062.130513221,
              6158544.2123411
            ],
            [
              707053.4521625191,
              6158545.694010727
            ],
            [
              707046.0438143685,
              6158545.376510087
            ],
            [
              707037.8946314082,
              6158544.741508823
            ],
            [
              707027.6287775487,
              6158545.588177182
            ],
            [
              707020.2204293981,
              6158546.858179726
            ]
          ]
        ]
      }
    },
    {
      "type": "Feature",
      "properties": {
        "info": false,
        "cara": false,
        "regl": false,
        "id": 0,
        "tech": true,
        "projet": "La biodiversité du Parc",
        "Id": 0,
        "Type": "Jetées"
      },
      "geometry": {
        "type": "MultiLineString",
        "coordinates": [
          [
            [
              707044.6382080242,
              6158471.795896806
            ],
            [
              707056.0980011448,
              6158476.690539386
            ],
            [
              707063.8238499388,
              6158479.442211557
            ],
            [
              707067.5280240178,
              6158479.653878648
            ],
            [
              707069.856362015,
              6158477.854708385
            ],
            [
              707071.126364544,
              6158474.150534309
            ],
            [
              707070.1738626435,
              6158470.975527957
            ],
            [
              707068.2688588351,
              6158468.118022244
            ],
            [
              707065.3055195659,
              6158467.377187431
            ],
            [
              707061.283844851,
              6158468.118022244
            ],
            [
              707056.9446695074,
              6158468.329689328
            ],
            [
              707054.1294972226,
              6158467.673521355
            ]
          ]
        ]
      }
    },
    {
      "type": "Feature",
      "properties": {
        "info": false,
        "cara": false,
        "regl": false,
        "id": 0,
        "tech": true,
        "projet": "La biodiversité du Parc",
        "Id": 0,
        "Type": "Jetées"
      },
      "geometry": {
        "type": "MultiLineString",
        "coordinates": [
          [
            [
              709708.5459310561,
              6158136.793541886
            ],
            [
              709696.9042411074,
              6158146.583144806
            ],
            [
              709683.1458802521,
              6158156.372747716
            ],
            [
              709674.150028944,
              6158160.60608951
            ],
            [
              709660.9208358079,
              6158157.166499298
            ],
            [
              709651.6604006216,
              6158150.816486601
            ],
            [
              709649.0145619959,
              6158143.143554591
            ],
            [
              709650.0728974417,
              6158137.322709609
            ],
            [
              709657.2166617289,
              6158123.564348765
            ],
            [
              709667.2708484977,
              6158111.658074953
            ]
          ]
        ]
      }
    },
    {
      "type": "Feature",
      "properties": {
        "info": false,
        "cara": false,
        "regl": false,
        "id": 0,
        "tech": true,
        "projet": "La biodiversité du Parc",
        "Id": 0,
        "Type": "Jetées"
      },
      "geometry": {
        "type": "MultiLineString",
        "coordinates": [
          [
            [
              709800.0919474885,
              6158044.189190015
            ],
            [
              709737.9147397876,
              6158105.308062255
            ]
          ]
        ]
      }
    },
    {
      "type": "Feature",
      "properties": {
        "info": false,
        "cara": false,
        "regl": false,
        "id": 0,
        "tech": true,
        "projet": "La biodiversité du Parc",
        "Id": 0,
        "Type": "Jetées"
      },
      "geometry": {
        "type": "MultiLineString",
        "coordinates": [
          [
            [
              710956.3512079194,
              6153545.260313667
            ],
            [
              710951.059530668,
              6153548.646987103
            ],
            [
              710941.9578458071,
              6153552.033660546
            ],
            [
              710934.1261634752,
              6153552.033660546
            ],
            [
              710927.3528165817,
              6153547.37698457
            ],
            [
              710922.2728064284,
              6153542.085307315
            ],
            [
              710915.9227937236,
              6153541.873640232
            ],
            [
              710912.3244531974,
              6153546.318649117
            ],
            [
              710912.5361202881,
              6153554.150331441
            ],
            [
              710916.9811291844,
              6153558.172006153
            ],
            [
              710929.8928216696,
              6153561.982013773
            ],
            [
              710942.1695128828,
              6153563.252016313
            ],
            [
              710949.3661939502,
              6153561.77034669
            ],
            [
              710955.7162066624,
              6153558.172006153
            ],
            [
              710958.0445446372,
              6153558.383673243
            ],
            [
              710957.197876282,
              6153561.982013773
            ],
            [
              710954.8695382923,
              6153566.850356843
            ],
            [
              710953.5995357558,
              6153571.930367004
            ],
            [
              710954.6578712016,
              6153575.740374625
            ],
            [
              710958.0445446372,
              6153576.16370881
            ],
            [
              710964.1828902513,
              6153571.507032819
            ],
            [
              710966.2995611504,
              6153568.543693561
            ],
            [
              710971.5912383944,
              6153566.427022666
            ],
            [
              710974.5545776635,
              6153563.675350491
            ],
            [
              710975.6129131094,
              6153559.653675787
            ],
            [
              710975.1895789206,
              6153553.938664358
            ],
            [
              710969.2629004046,
              6153545.048646573
            ],
            [
              710960.7962168157,
              6153529.596949004
            ],
            [
              710962.0662193447,
              6153522.611935031
            ],
            [
              710978.5762523636,
              6153509.911909636
            ],
            [
              710985.9846005216,
              6153513.510250166
            ],
            [
              711007.5746436939,
              6153524.516938839
            ],
            [
              711018.5813323855,
              6153530.231950272
            ],
            [
              711022.6030071005,
              6153530.655284453
            ],
            [
              711024.9313450754,
              6153527.056943927
            ],
            [
              711024.7196779847,
              6153523.67027048
            ],
            [
              711021.9680058211,
              6153521.976933762
            ]
          ]
        ]
      }
    },
    {
      "type": "Feature",
      "properties": {
        "info": false,
        "cara": false,
        "regl": false,
        "id": 0,
        "tech": true,
        "projet": "La biodiversité du Parc",
        "Id": 0,
        "Type": "Jetées"
      },
      "geometry": {
        "type": "MultiLineString",
        "coordinates": [
          [
            [
              711273.216841653,
              6153554.996999808
            ],
            [
              711259.246813707,
              6153545.260313667
            ],
            [
              711251.4151313752,
              6153535.311960433
            ],
            [
              711235.7517667264,
              6153519.860262863
            ],
            [
              711229.6134211123,
              6153515.626921069
            ],
            [
              711216.9133957252,
              6153516.261922333
            ],
            [
              711187.9150043875,
              6153518.590260327
            ],
            [
              711161.4566181228,
              6153519.860262863
            ],
            [
              711159.3399472386,
              6153520.071929954
            ],
            [
              711118.4881988689,
              6153541.238638956
            ],
            [
              711100.496496208,
              6153548.858654194
            ],
            [
              711077.8481175825,
              6153559.865342878
            ],
            [
              711071.7097719684,
              6153562.193680864
            ],
            [
              711060.7030832916,
              6153557.113670699
            ],
            [
              711058.1630782112,
              6153550.975325096
            ],
            [
              711062.8197541982,
              6153545.260313667
            ],
            [
              711089.2781404406,
              6153533.830290806
            ],
            [
              711107.4815101773,
              6153525.575274292
            ]
          ]
        ]
      }
    },
    {
      "type": "Feature",
      "properties": {
        "info": false,
        "cara": false,
        "regl": false,
        "id": 0,
        "tech": true,
        "projet": "La biodiversité du Parc",
        "Id": 0,
        "Type": "Jetées"
      },
      "geometry": {
        "type": "MultiLineString",
        "coordinates": [
          [
            [
              711308.3535785973,
              6153470.541830897
            ],
            [
              711308.1419115067,
              6153485.781861376
            ],
            [
              711308.7769127786,
              6153500.59855767
            ],
            [
              711310.8935836852,
              6153514.78025271
            ],
            [
              711311.7402520329,
              6153528.326946471
            ],
            [
              711313.22192166,
              6153546.741983291
            ]
          ]
        ]
      }
    }
  ]
}