{
  "type": "FeatureCollection",
  "name": "us_med_pnmgl_DSAS_pt_2154",
  "crs": {
    "type": "name",
    "properties": {
      "name": "urn:ogc:def:crs:EPSG::2154"
    }
  },
  "features": [
    {
      "type": "Feature",
      "properties": {
        "info": false,
        "cara": false,
        "regl": false,
        "tech": false,
        "projet": "Etat des lieux de la pêche artisanale",
        "id": null,
        "OBJECTID": 723,
        "BaselineID": 15,
        "GroupID": 0,
        "TransOrder": 488,
        "TransEdit": "0",
        "Azimuth": 158.784440133,
        "SHAPE_Leng": 152.416393474,
        "ShrCount": 8,
        "TCD": 35429.7412279,
        "SCE": 5.24881304141,
        "NSM": -0.819118768837,
        "EPR": -0.0744653426215,
        "EPRunc": 1.28564869307,
        "LRR": -0.148309696645,
        "LR2": 0.115172566822,
        "LSE": 1.7943507626,
        "LCI99": 0.622187692409,
        "WLR": -0.148309696644,
        "WR2": 0.11517256682,
        "WSE": 0.179435076261,
        "WCI99": 0.622187692411,
        "formule pr": -10.1592724879765,
        "LRR_moy": -0.143070225257
      },
      "geometry": {
        "type": "Point",
        "coordinates": [
          710771.799529917,
          6155532.27652189
        ]
      }
    },
    {
      "type": "Feature",
      "properties": {
        "info": false,
        "cara": false,
        "regl": false,
        "tech": false,
        "projet": "Etat des lieux de la pêche artisanale",
        "id": null,
        "OBJECTID": 722,
        "BaselineID": 15,
        "GroupID": 0,
        "TransOrder": 487,
        "TransEdit": "0",
        "Azimuth": 161.438069895,
        "SHAPE_Leng": 150.013930139,
        "ShrCount": 8,
        "TCD": 35409.7412279,
        "SCE": 2.07738919758,
        "NSM": -0.732337537332,
        "EPR": -0.0665761397574,
        "EPRunc": 1.28564869307,
        "LRR": -0.137830753869,
        "LR2": 0.586168189105,
        "LSE": 0.50551026022,
        "LCI99": 0.175284715146,
        "WLR": -0.137830753873,
        "WR2": 0.586168189137,
        "WSE": 0.0505510260198,
        "WCI99": 0.175284715139,
        "formule pr": -10.3113127654365,
        "LRR_moy": -0.148138234505667
      },
      "geometry": {
        "type": "Point",
        "coordinates": [
          710759.339079659,
          6155528.112426188
        ]
      }
    },
    {
      "type": "Feature",
      "properties": {
        "info": false,
        "cara": false,
        "regl": false,
        "tech": false,
        "projet": "Etat des lieux de la pêche artisanale",
        "id": null,
        "OBJECTID": 721,
        "BaselineID": 15,
        "GroupID": 0,
        "TransOrder": 486,
        "TransEdit": "0",
        "Azimuth": 165.648631935,
        "SHAPE_Leng": 150.007619823,
        "ShrCount": 8,
        "TCD": 35389.7412279,
        "SCE": 2.29885370519,
        "NSM": -0.921027420397,
        "EPR": -0.0837297654906,
        "EPRunc": 1.28564869307,
        "LRR": -0.158274253003,
        "LR2": 0.645936015441,
        "LSE": 0.511492687357,
        "LCI99": 0.177359110305,
        "WLR": -0.158274253005,
        "WR2": 0.645936015455,
        "WSE": 0.0511492687347,
        "WCI99": 0.177359110302,
        "formule pr": -10.4202575041465,
        "LRR_moy": -0.151769725796
      },
      "geometry": {
        "type": "Point",
        "coordinates": [
          710750.545045795,
          6155525.753050129
        ]
      }
    },
    {
      "type": "Feature",
      "properties": {
        "info": false,
        "cara": false,
        "regl": false,
        "tech": false,
        "projet": "Etat des lieux de la pêche artisanale",
        "id": null,
        "OBJECTID": 720,
        "BaselineID": 15,
        "GroupID": 0,
        "TransOrder": 485,
        "TransEdit": "0",
        "Azimuth": 170.528383925,
        "SHAPE_Leng": 150.266127518,
        "ShrCount": 8,
        "TCD": 35369.7412279,
        "SCE": 3.08102025683,
        "NSM": -0.625359123284,
        "EPR": -0.0568508293894,
        "EPRunc": 1.28564869307,
        "LRR": -0.159204170516,
        "LR2": 0.423335033012,
        "LSE": 0.811067781517,
        "LCI99": 0.281236200796,
        "WLR": -0.159204170518,
        "WR2": 0.423335033027,
        "WSE": 0.0811067781503,
        "WCI99": 0.281236200791,
        "formule pr": -10.1520693915365,
        "LRR_moy": -0.142830122042333
      },
      "geometry": {
        "type": "Point",
        "coordinates": [
          710743.3357814061,
          6155524.258261831
        ]
      }
    },
    {
      "type": "Feature",
      "properties": {
        "info": false,
        "cara": false,
        "regl": false,
        "tech": false,
        "projet": "Etat des lieux de la pêche artisanale",
        "id": null,
        "OBJECTID": 719,
        "BaselineID": 15,
        "GroupID": 0,
        "TransOrder": 484,
        "TransEdit": "0",
        "Azimuth": 175.021455299,
        "SHAPE_Leng": 150.111792783,
        "ShrCount": 8,
        "TCD": 35349.7412279,
        "SCE": 2.20604026143,
        "NSM": -0.372128324313,
        "EPR": -0.0338298476648,
        "EPRunc": 1.28564869307,
        "LRR": -0.111011942608,
        "LR2": 0.424596255212,
        "LSE": 0.564093369815,
        "LCI99": 0.195598296266,
        "WLR": -0.111011942611,
        "WR2": 0.424596255228,
        "WSE": 0.0564093369808,
        "WCI99": 0.195598296264,
        "formule pr": -9.18606777741345,
        "LRR_moy": -0.110630068238233
      },
      "geometry": {
        "type": "Point",
        "coordinates": [
          710735.0041951623,
          6155523.558803533
        ]
      }
    },
    {
      "type": "Feature",
      "properties": {
        "info": false,
        "cara": false,
        "regl": false,
        "tech": false,
        "projet": "Etat des lieux de la pêche artisanale",
        "id": null,
        "OBJECTID": 718,
        "BaselineID": 15,
        "GroupID": 0,
        "TransOrder": 483,
        "TransEdit": "0",
        "Azimuth": 178.421647293,
        "SHAPE_Leng": 150.13696741,
        "ShrCount": 8,
        "TCD": 35329.7412279,
        "SCE": 1.54133153934,
        "NSM": 0.283281830307,
        "EPR": 0.0257528936643,
        "EPRunc": 1.28564869307,
        "LRR": -0.0616740915907,
        "LR2": 0.217762378447,
        "LSE": 0.510227328017,
        "LCI99": 0.176920349376,
        "WLR": -0.0616740915913,
        "WR2": 0.217762378449,
        "WSE": 0.0510227328019,
        "WCI99": 0.176920349377,
        "formule pr": -8.55973885874645,
        "LRR_moy": -0.089752437616
      },
      "geometry": {
        "type": "Point",
        "coordinates": [
          710723.8026416616,
          6155523.88541221
        ]
      }
    },
    {
      "type": "Feature",
      "properties": {
        "info": false,
        "cara": false,
        "regl": false,
        "tech": false,
        "projet": "Etat des lieux de la pêche artisanale",
        "id": null,
        "OBJECTID": 717,
        "BaselineID": 15,
        "GroupID": 0,
        "TransOrder": 482,
        "TransEdit": "0",
        "Azimuth": 180.16225283,
        "SHAPE_Leng": 150.524265751,
        "ShrCount": 8,
        "TCD": 35309.7412279,
        "SCE": 2.02789064427,
        "NSM": -0.0130416678017,
        "EPR": -0.00118560616379,
        "EPRunc": 1.28564869307,
        "LRR": -0.0965712786493,
        "LR2": 0.244529791355,
        "LSE": 0.74092422578,
        "LCI99": 0.256914057104,
        "WLR": -0.096571278651,
        "WR2": 0.244529791362,
        "WSE": 0.0740924225777,
        "WCI99": 0.256914057103,
        "formule pr": -8.02130568176945,
        "LRR_moy": -0.0718046650501
      },
      "geometry": {
        "type": "Point",
        "coordinates": [
          710708.356057289,
          6155523.766006284
        ]
      }
    },
    {
      "type": "Feature",
      "properties": {
        "info": false,
        "cara": false,
        "regl": false,
        "tech": false,
        "projet": "Etat des lieux de la pêche artisanale",
        "id": null,
        "OBJECTID": 715,
        "BaselineID": 15,
        "GroupID": 0,
        "TransOrder": 481,
        "TransEdit": "0",
        "Azimuth": 193.974046202,
        "SHAPE_Leng": 150.306286272,
        "ShrCount": 8,
        "TCD": 35229.7412279,
        "SCE": 3.35342905596,
        "NSM": 0.0534735404105,
        "EPR": 0.00486123094641,
        "EPRunc": 1.28564869307,
        "LRR": -0.0571686249103,
        "LR2": 0.048721359111,
        "LSE": 1.10264306943,
        "LCI99": 0.382339373782,
        "WLR": -0.0571686249078,
        "WR2": 0.0487213591065,
        "WSE": 0.110264306943,
        "WCI99": 0.382339373783,
        "formule pr": -8.93728318883245,
        "LRR_moy": -0.102337248618867
      },
      "geometry": {
        "type": "Point",
        "coordinates": [
          710664.3668975551,
          6155525.653281174
        ]
      }
    },
    {
      "type": "Feature",
      "properties": {
        "info": false,
        "cara": false,
        "regl": false,
        "tech": false,
        "projet": "Etat des lieux de la pêche artisanale",
        "id": null,
        "OBJECTID": 713,
        "BaselineID": 15,
        "GroupID": 0,
        "TransOrder": 480,
        "TransEdit": "0",
        "Azimuth": 205.520088381,
        "SHAPE_Leng": 150.001061744,
        "ShrCount": 8,
        "TCD": 35189.7412279,
        "SCE": 5.39932396168,
        "NSM": -0.577447443791,
        "EPR": -0.0524952221628,
        "EPRunc": 1.28564869307,
        "LRR": -0.153271842297,
        "LR2": 0.137973532597,
        "LSE": 1.6722754586,
        "LCI99": 0.579858314406,
        "WLR": -0.153271842297,
        "WR2": 0.137973532597,
        "WSE": 0.16722754586,
        "WCI99": 0.579858314407,
        "formule pr": -10.3413276794895,
        "LRR_moy": -0.149138731640767
      },
      "geometry": {
        "type": "Point",
        "coordinates": [
          710654.8262593367,
          6155529.2709374195
        ]
      }
    },
    {
      "type": "Feature",
      "properties": {
        "info": false,
        "cara": false,
        "regl": false,
        "tech": false,
        "projet": "Etat des lieux de la pêche artisanale",
        "id": null,
        "OBJECTID": 712,
        "BaselineID": 15,
        "GroupID": 0,
        "TransOrder": 479,
        "TransEdit": "0",
        "Azimuth": 209.21284501,
        "SHAPE_Leng": 150.099598396,
        "ShrCount": 8,
        "TCD": 35169.7412279,
        "SCE": 6.56661014965,
        "NSM": -0.327824921367,
        "EPR": -0.0298022655789,
        "EPRunc": 1.28564869307,
        "LRR": -0.236975727715,
        "LR2": 0.203315330135,
        "LSE": 2.04759972825,
        "LCI99": 0.710001286508,
        "WLR": -0.236975727718,
        "WR2": 0.203315330141,
        "WSE": 0.204759972824,
        "WCI99": 0.710001286507,
        "formule pr": -11.7704369160965,
        "LRR_moy": -0.196775706194333
      },
      "geometry": {
        "type": "Point",
        "coordinates": [
          710645.4928784481,
          6155534.09226666
        ]
      }
    },
    {
      "type": "Feature",
      "properties": {
        "info": false,
        "cara": false,
        "regl": false,
        "tech": false,
        "projet": "Etat des lieux de la pêche artisanale",
        "id": null,
        "OBJECTID": 711,
        "BaselineID": 15,
        "GroupID": 0,
        "TransOrder": 478,
        "TransEdit": "0",
        "Azimuth": 212.301893253,
        "SHAPE_Leng": 150.272643348,
        "ShrCount": 8,
        "TCD": 35149.7412279,
        "SCE": 7.12804187571,
        "NSM": 0.340582970095,
        "EPR": 0.0309620881904,
        "EPRunc": 1.28564869307,
        "LRR": -0.200079548571,
        "LR2": 0.139434279506,
        "LSE": 2.16966644343,
        "LCI99": 0.752327686351,
        "WLR": -0.200079548571,
        "WR2": 0.139434279505,
        "WSE": 0.216966644343,
        "WCI99": 0.752327686352,
        "formule pr": -12.0682897709065,
        "LRR_moy": -0.206704134688
      },
      "geometry": {
        "type": "Point",
        "coordinates": [
          710635.7933394053,
          6155541.287545607
        ]
      }
    },
    {
      "type": "Feature",
      "properties": {
        "info": false,
        "cara": false,
        "regl": false,
        "tech": false,
        "projet": "Etat des lieux de la pêche artisanale",
        "id": null,
        "OBJECTID": 710,
        "BaselineID": 15,
        "GroupID": 0,
        "TransOrder": 477,
        "TransEdit": "0",
        "Azimuth": 216.114651722,
        "SHAPE_Leng": 150.015219473,
        "ShrCount": 8,
        "TCD": 35129.7412279,
        "SCE": 6.98420278993,
        "NSM": 0.62815084416,
        "EPR": 0.0571046221963,
        "EPRunc": 1.28564869307,
        "LRR": -0.183057127778,
        "LR2": 0.123083574805,
        "LSE": 2.13279309525,
        "LCI99": 0.739541923448,
        "WLR": -0.183057127781,
        "WR2": 0.123083574809,
        "WSE": 0.213279309524,
        "WCI99": 0.739541923447,
        "formule pr": -11.8872736404665,
        "LRR_moy": -0.200670263673333
      },
      "geometry": {
        "type": "Point",
        "coordinates": [
          710627.6373812889,
          6155547.373716717
        ]
      }
    },
    {
      "type": "Feature",
      "properties": {
        "info": false,
        "cara": false,
        "regl": false,
        "tech": false,
        "projet": "Etat des lieux de la pêche artisanale",
        "id": null,
        "OBJECTID": 709,
        "BaselineID": 15,
        "GroupID": 0,
        "TransOrder": 476,
        "TransEdit": "0",
        "Azimuth": 220.322849233,
        "SHAPE_Leng": 151.232145829,
        "ShrCount": 8,
        "TCD": 35109.7412279,
        "SCE": 6.47802588228,
        "NSM": -0.0721445810263,
        "EPR": -0.00655859827512,
        "EPRunc": 1.28564869307,
        "LRR": -0.218874114671,
        "LR2": 0.198004283166,
        "LSE": 1.9227648087,
        "LCI99": 0.6667150171,
        "WLR": -0.218874114672,
        "WR2": 0.198004283166,
        "WSE": 0.19227648087,
        "WCI99": 0.666715017101,
        "formule pr": -11.5581392795765,
        "LRR_moy": -0.189699118310333
      },
      "geometry": {
        "type": "Point",
        "coordinates": [
          710620.3352873148,
          6155552.69943985
        ]
      }
    },
    {
      "type": "Feature",
      "properties": {
        "info": false,
        "cara": false,
        "regl": false,
        "tech": false,
        "projet": "Etat des lieux de la pêche artisanale",
        "id": null,
        "OBJECTID": 708,
        "BaselineID": 15,
        "GroupID": 0,
        "TransOrder": 475,
        "TransEdit": "0",
        "Azimuth": 222.435805624,
        "SHAPE_Leng": 151.146905709,
        "ShrCount": 8,
        "TCD": 35089.7412279,
        "SCE": 5.83443525781,
        "NSM": 0.71633170101,
        "EPR": 0.0651210637282,
        "EPRunc": 1.28564869307,
        "LRR": -0.167166112482,
        "LR2": 0.125575405052,
        "LSE": 1.92548509779,
        "LCI99": 0.667658272134,
        "WLR": -0.167166112485,
        "WR2": 0.125575405057,
        "WSE": 0.192548509778,
        "WCI99": 0.667658272132,
        "formule pr": -10.8748941879165,
        "LRR_moy": -0.166924281921667
      },
      "geometry": {
        "type": "Point",
        "coordinates": [
          710609.8840325739,
          6155562.736716906
        ]
      }
    },
    {
      "type": "Feature",
      "properties": {
        "info": false,
        "cara": false,
        "regl": false,
        "tech": false,
        "projet": "Etat des lieux de la pêche artisanale",
        "id": null,
        "OBJECTID": 707,
        "BaselineID": 15,
        "GroupID": 0,
        "TransOrder": 474,
        "TransEdit": "0",
        "Azimuth": 226.175297594,
        "SHAPE_Leng": 150.589838225,
        "ShrCount": 8,
        "TCD": 35069.7412279,
        "SCE": 5.71947485214,
        "NSM": 1.00675481114,
        "EPR": 0.0915231646488,
        "EPRunc": 1.28564869307,
        "LRR": -0.114732618612,
        "LR2": 0.0658276522339,
        "LSE": 1.88659751096,
        "LCI99": 0.654174075835,
        "WLR": -0.114732618616,
        "WR2": 0.0658276522376,
        "WSE": 0.188659751096,
        "WCI99": 0.654174075834,
        "formule pr": -9.55572321715145,
        "LRR_moy": -0.1229519162295
      },
      "geometry": {
        "type": "Point",
        "coordinates": [
          710603.2002823709,
          6155570.463572152
        ]
      }
    },
    {
      "type": "Feature",
      "properties": {
        "info": false,
        "cara": false,
        "regl": false,
        "tech": false,
        "projet": "Etat des lieux de la pêche artisanale",
        "id": null,
        "OBJECTID": 706,
        "BaselineID": 15,
        "GroupID": 0,
        "TransOrder": 473,
        "TransEdit": "0",
        "Azimuth": 229.908916776,
        "SHAPE_Leng": 151.229360819,
        "ShrCount": 8,
        "TCD": 35049.7412279,
        "SCE": 5.93231137795,
        "NSM": 1.61732149615,
        "EPR": 0.147029226923,
        "EPRunc": 1.28564869307,
        "LRR": -0.0869570175945,
        "LR2": 0.0378679818267,
        "LSE": 1.91323765755,
        "LCI99": 0.663411495672,
        "WLR": -0.0869570175991,
        "WR2": 0.0378679818307,
        "WSE": 0.191323765754,
        "WCI99": 0.663411495671,
        "formule pr": -9.33493928054145,
        "LRR_moy": -0.115592451675833
      },
      "geometry": {
        "type": "Point",
        "coordinates": [
          710596.2302751916,
          6155577.946850417
        ]
      }
    },
    {
      "type": "Feature",
      "properties": {
        "info": false,
        "cara": false,
        "regl": false,
        "tech": false,
        "projet": "Etat des lieux de la pêche artisanale",
        "id": null,
        "OBJECTID": 705,
        "BaselineID": 15,
        "GroupID": 0,
        "TransOrder": 472,
        "TransEdit": "0",
        "Azimuth": 232.202554902,
        "SHAPE_Leng": 150.019628547,
        "ShrCount": 8,
        "TCD": 35029.7412279,
        "SCE": 4.70697831125,
        "NSM": 0.895531937632,
        "EPR": 0.0814119943301,
        "EPRunc": 1.28564869307,
        "LRR": -0.145087718821,
        "LR2": 0.14719781018,
        "LSE": 1.52435865789,
        "LCI99": 0.528568446886,
        "WLR": -0.145087718824,
        "WR2": 0.147197810187,
        "WSE": 0.152435865789,
        "WCI99": 0.528568446885,
        "formule pr": -10.2216942710715,
        "LRR_moy": -0.145150951360167
      },
      "geometry": {
        "type": "Point",
        "coordinates": [
          710586.6206101094,
          6155588.204646694
        ]
      }
    },
    {
      "type": "Feature",
      "properties": {
        "info": false,
        "cara": false,
        "regl": false,
        "tech": false,
        "projet": "Etat des lieux de la pêche artisanale",
        "id": null,
        "OBJECTID": 704,
        "BaselineID": 15,
        "GroupID": 0,
        "TransOrder": 471,
        "TransEdit": "0",
        "Azimuth": 233.520747046,
        "SHAPE_Leng": 150.543806541,
        "ShrCount": 8,
        "TCD": 35009.7412279,
        "SCE": 5.67235659262,
        "NSM": 0.813623203104,
        "EPR": 0.0739657457367,
        "EPRunc": 1.28564869307,
        "LRR": -0.203408117665,
        "LR2": 0.222160952851,
        "LSE": 1.66135451855,
        "LCI99": 0.576071499347,
        "WLR": -0.203408117668,
        "WR2": 0.222160952859,
        "WSE": 0.166135451853,
        "WCI99": 0.576071499343,
        "formule pr": -11.9065855722465,
        "LRR_moy": -0.201313994732667
      },
      "geometry": {
        "type": "Point",
        "coordinates": [
          710576.2698807387,
          6155601.170911949
        ]
      }
    },
    {
      "type": "Feature",
      "properties": {
        "info": false,
        "cara": false,
        "regl": false,
        "tech": false,
        "projet": "Etat des lieux de la pêche artisanale",
        "id": null,
        "OBJECTID": 703,
        "BaselineID": 15,
        "GroupID": 0,
        "TransOrder": 470,
        "TransEdit": "0",
        "Azimuth": 236.566992995,
        "SHAPE_Leng": 150.718594759,
        "ShrCount": 8,
        "TCD": 34989.7412279,
        "SCE": 5.60369570615,
        "NSM": -0.248223788424,
        "EPR": -0.0225657989476,
        "EPRunc": 1.28564869307,
        "LRR": -0.255446147712,
        "LR2": 0.323764347762,
        "LSE": 1.61145027256,
        "LCI99": 0.558767297571,
        "WLR": -0.255446147708,
        "WR2": 0.323764347749,
        "WSE": 0.161145027257,
        "WCI99": 0.558767297577,
        "formule pr": -12.5097417863965,
        "LRR_moy": -0.221419201871
      },
      "geometry": {
        "type": "Point",
        "coordinates": [
          710568.9512513177,
          6155610.862687145
        ]
      }
    },
    {
      "type": "Feature",
      "properties": {
        "info": false,
        "cara": false,
        "regl": false,
        "tech": false,
        "projet": "Etat des lieux de la pêche artisanale",
        "id": null,
        "OBJECTID": 702,
        "BaselineID": 15,
        "GroupID": 0,
        "TransOrder": 469,
        "TransEdit": "0",
        "Azimuth": 238.618852567,
        "SHAPE_Leng": 150.118232058,
        "ShrCount": 8,
        "TCD": 34969.7412279,
        "SCE": 3.96606850552,
        "NSM": -0.0426975081663,
        "EPR": -0.00388159165148,
        "EPRunc": 1.28564869307,
        "LRR": -0.205403340236,
        "LR2": 0.288894869961,
        "LSE": 1.40665476955,
        "LCI99": 0.487754848897,
        "WLR": -0.20540334024,
        "WR2": 0.288894869972,
        "WSE": 0.140665476954,
        "WCI99": 0.487754848894,
        "formule pr": -11.8263276539165,
        "LRR_moy": -0.198638730788333
      },
      "geometry": {
        "type": "Point",
        "coordinates": [
          710560.9843467994,
          6155623.238748106
        ]
      }
    },
    {
      "type": "Feature",
      "properties": {
        "info": false,
        "cara": false,
        "regl": false,
        "tech": false,
        "projet": "Etat des lieux de la pêche artisanale",
        "id": null,
        "OBJECTID": 701,
        "BaselineID": 15,
        "GroupID": 0,
        "TransOrder": 468,
        "TransEdit": "0",
        "Azimuth": 232.377940487,
        "SHAPE_Leng": 152.994885135,
        "ShrCount": 8,
        "TCD": 34949.7412279,
        "SCE": 4.028719362230002,
        "NSM": 1.01167341512,
        "EPR": 0.0919703104654,
        "EPRunc": 1.28564869307,
        "LRR": -0.135066704417,
        "LR2": 0.13682671292,
        "LSE": 1.48079480716,
        "LCI99": 0.513462765027,
        "WLR": -0.135066704417,
        "WR2": 0.13682671292,
        "WSE": 0.148079480716,
        "WCI99": 0.513462765028,
        "formule pr": -10.9742164000615,
        "LRR_moy": -0.1702350223265
      },
      "geometry": {
        "type": "Point",
        "coordinates": [
          710543.8409933428,
          6155655.301814835
        ]
      }
    },
    {
      "type": "Feature",
      "properties": {
        "info": false,
        "cara": false,
        "regl": false,
        "tech": false,
        "projet": "Etat des lieux de la pêche artisanale",
        "id": null,
        "OBJECTID": 700,
        "BaselineID": 15,
        "GroupID": 0,
        "TransOrder": 467,
        "TransEdit": "0",
        "Azimuth": 187.7810398,
        "SHAPE_Leng": 152.930182756,
        "ShrCount": 8,
        "TCD": 34869.7412279,
        "SCE": 6.62258946733,
        "NSM": 1.77773109339,
        "EPR": 0.161611917581,
        "EPRunc": 1.28564869307,
        "LRR": -0.0730926982227,
        "LR2": 0.0213842916264,
        "LSE": 2.15831923778,
        "LCI99": 0.748393064513,
        "WLR": -0.0730926982211,
        "WR2": 0.0213842916255,
        "WSE": 0.215831923778,
        "WCI99": 0.748393064514,
        "formule pr": -9.99023581264802,
        "LRR_moy": -0.04605711659945
      },
      "geometry": {
        "type": "Point",
        "coordinates": [
          710386.0666119243,
          6155743.738301869
        ]
      }
    },
    {
      "type": "Feature",
      "properties": {
        "info": false,
        "cara": false,
        "regl": false,
        "tech": false,
        "projet": "Etat des lieux de la pêche artisanale",
        "id": null,
        "OBJECTID": 699,
        "BaselineID": 15,
        "GroupID": 0,
        "TransOrder": 466,
        "TransEdit": "0",
        "Azimuth": 188.730421655,
        "SHAPE_Leng": 150.017740474,
        "ShrCount": 8,
        "TCD": 34849.7412279,
        "SCE": 7.33830650006,
        "NSM": 3.30747853384,
        "EPR": 0.300679866713,
        "EPRunc": 1.28564869307,
        "LRR": -0.0190215349762,
        "LR2": 0.000970677508644,
        "LSE": 2.66366880713,
        "LCI99": 0.923622060406,
        "WLR": -0.0190215349764,
        "WR2": 0.000970677508661,
        "WSE": 0.266366880713,
        "WCI99": 0.923622060407,
        "formule pr": -9.40314489314152,
        "LRR_moy": -0.026487419282567
      },
      "geometry": {
        "type": "Point",
        "coordinates": [
          710368.5882918298,
          6155745.059249701
        ]
      }
    },
    {
      "type": "Feature",
      "properties": {
        "info": false,
        "cara": false,
        "regl": false,
        "tech": false,
        "projet": "Etat des lieux de la pêche artisanale",
        "id": null,
        "OBJECTID": 697,
        "BaselineID": 15,
        "GroupID": 0,
        "TransOrder": 465,
        "TransEdit": "0",
        "Azimuth": 199.446691335,
        "SHAPE_Leng": 150.001296933,
        "ShrCount": 8,
        "TCD": 34809.7412279,
        "SCE": 6.48286924961,
        "NSM": 3.5545031044,
        "EPR": 0.323136645855,
        "EPRunc": 1.28564869307,
        "LRR": 0.0126519753512,
        "LR2": 0.000527321453741,
        "LSE": 2.40430251473,
        "LCI99": 0.833687294964,
        "WLR": 0.0126519753475,
        "WR2": 0.000527321453427,
        "WSE": 0.240430251473,
        "WCI99": 0.833687294965,
        "formule pr": -8.20278951091252,
        "LRR_moy": 0.013524426791733
      },
      "geometry": {
        "type": "Point",
        "coordinates": [
          710357.0305801261,
          6155747.921546561
        ]
      }
    },
    {
      "type": "Feature",
      "properties": {
        "info": false,
        "cara": false,
        "regl": false,
        "tech": false,
        "projet": "Etat des lieux de la pêche artisanale",
        "id": null,
        "OBJECTID": 695,
        "BaselineID": 15,
        "GroupID": 0,
        "TransOrder": 464,
        "TransEdit": "0",
        "Azimuth": 209.584427597,
        "SHAPE_Leng": 150.183535883,
        "ShrCount": 8,
        "TCD": 34769.7412279,
        "SCE": 4.481042900380001,
        "NSM": 4.15853767987,
        "EPR": 0.378048879989,
        "EPRunc": 1.28564869307,
        "LRR": 0.0469428400002,
        "LR2": 0.0107346837909,
        "LSE": 1.96704436149,
        "LCI99": 0.682068867274,
        "WLR": 0.0469428399974,
        "WR2": 0.0107346837895,
        "WSE": 0.196704436149,
        "WCI99": 0.682068867275,
        "formule pr": -7.41627222210252,
        "LRR_moy": 0.039741669752067
      },
      "geometry": {
        "type": "Point",
        "coordinates": [
          710344.8673041293,
          6155753.514106921
        ]
      }
    },
    {
      "type": "Feature",
      "properties": {
        "info": false,
        "cara": false,
        "regl": false,
        "tech": false,
        "projet": "Etat des lieux de la pêche artisanale",
        "id": null,
        "OBJECTID": 694,
        "BaselineID": 15,
        "GroupID": 0,
        "TransOrder": 463,
        "TransEdit": "0",
        "Azimuth": 213.860216431,
        "SHAPE_Leng": 150.069884405,
        "ShrCount": 8,
        "TCD": 34749.7412279,
        "SCE": 4.78212458997,
        "NSM": 4.76529155858,
        "EPR": 0.433208323508,
        "EPRunc": 1.28564869307,
        "LRR": 0.0596301939048,
        "LR2": 0.015987081488,
        "LSE": 2.0420438221,
        "LCI99": 0.708074786685,
        "WLR": 0.0596301939013,
        "WR2": 0.0159870814861,
        "WSE": 0.20420438221,
        "WCI99": 0.708074786686,
        "formule pr": -7.16038022453552,
        "LRR_moy": 0.0482714030043
      },
      "geometry": {
        "type": "Point",
        "coordinates": [
          710337.5322223679,
          6155758.373226524
        ]
      }
    },
    {
      "type": "Feature",
      "properties": {
        "info": false,
        "cara": false,
        "regl": false,
        "tech": false,
        "projet": "Etat des lieux de la pêche artisanale",
        "id": null,
        "OBJECTID": 693,
        "BaselineID": 15,
        "GroupID": 0,
        "TransOrder": 462,
        "TransEdit": "0",
        "Azimuth": 217.640094001,
        "SHAPE_Leng": 150.087248912,
        "ShrCount": 8,
        "TCD": 34729.7412279,
        "SCE": 5.1279657924,
        "NSM": 4.82672172237,
        "EPR": 0.438792883851,
        "EPRunc": 1.28564869307,
        "LRR": 0.0382411751079,
        "LR2": 0.00620213798295,
        "LSE": 2.11296633019,
        "LCI99": 0.732667030616,
        "WLR": 0.0382411751085,
        "WR2": 0.00620213798317,
        "WSE": 0.211296633019,
        "WCI99": 0.732667030616,
        "formule pr": -7.78985759250952,
        "LRR_moy": 0.027288824071833
      },
      "geometry": {
        "type": "Point",
        "coordinates": [
          710329.5919771418,
          6155764.621267101
        ]
      }
    },
    {
      "type": "Feature",
      "properties": {
        "info": false,
        "cara": false,
        "regl": false,
        "tech": false,
        "projet": "Etat des lieux de la pêche artisanale",
        "id": null,
        "OBJECTID": 692,
        "BaselineID": 15,
        "GroupID": 0,
        "TransOrder": 461,
        "TransEdit": "0",
        "Azimuth": 220.715749792,
        "SHAPE_Leng": 150.056507223,
        "ShrCount": 8,
        "TCD": 34709.7412279,
        "SCE": 5.46075449367,
        "NSM": 4.39241818861,
        "EPR": 0.399310744419,
        "EPRunc": 1.28564869307,
        "LRR": -0.0160048967972,
        "LR2": 0.00103169301651,
        "LSE": 2.17388476127,
        "LCI99": 0.753790379991,
        "WLR": -0.0160048967974,
        "WR2": 0.00103169301653,
        "WSE": 0.217388476127,
        "WCI99": 0.753790379991,
        "formule pr": -8.99453065128252,
        "LRR_moy": -0.012866944553933
      },
      "geometry": {
        "type": "Point",
        "coordinates": [
          710320.2897939809,
          6155772.124588396
        ]
      }
    },
    {
      "type": "Feature",
      "properties": {
        "info": false,
        "cara": false,
        "regl": false,
        "tech": false,
        "projet": "Etat des lieux de la pêche artisanale",
        "id": null,
        "OBJECTID": 691,
        "BaselineID": 15,
        "GroupID": 0,
        "TransOrder": 460,
        "TransEdit": "0",
        "Azimuth": 223.652841175,
        "SHAPE_Leng": 150.004942684,
        "ShrCount": 8,
        "TCD": 34689.7412279,
        "SCE": 5.78233520145,
        "NSM": 3.70862952514,
        "EPR": 0.337148138649,
        "EPRunc": 1.28564869307,
        "LRR": -0.0608371119725,
        "LR2": 0.0151722594434,
        "LSE": 2.13947209384,
        "LCI99": 0.741857853425,
        "WLR": -0.060837111974,
        "WR2": 0.0151722594441,
        "WSE": 0.213947209383,
        "WCI99": 0.741857853425,
        "formule pr": -10.3221297682275,
        "LRR_moy": -0.0571202484521
      },
      "geometry": {
        "type": "Point",
        "coordinates": [
          710311.1434083234,
          6155780.380889801
        ]
      }
    },
    {
      "type": "Feature",
      "properties": {
        "info": false,
        "cara": false,
        "regl": false,
        "tech": false,
        "projet": "Etat des lieux de la pêche artisanale",
        "id": null,
        "OBJECTID": 690,
        "BaselineID": 15,
        "GroupID": 0,
        "TransOrder": 459,
        "TransEdit": "0",
        "Azimuth": 226.317905601,
        "SHAPE_Leng": 150.017741561,
        "ShrCount": 8,
        "TCD": 34669.7412279,
        "SCE": 4.81700263738,
        "NSM": 2.65330271794,
        "EPR": 0.241209337994,
        "EPRunc": 1.28564869307,
        "LRR": -0.0945187365866,
        "LR2": 0.050124856186,
        "LSE": 1.7960053672,
        "LCI99": 0.622761423386,
        "WLR": -0.094518736584,
        "WR2": 0.0501248561831,
        "WSE": 0.17960053672,
        "WCI99": 0.622761423387,
        "formule pr": -11.5224679301455,
        "LRR_moy": -0.097131520516033
      },
      "geometry": {
        "type": "Point",
        "coordinates": [
          710301.7010616615,
          6155789.359412912
        ]
      }
    },
    {
      "type": "Feature",
      "properties": {
        "info": false,
        "cara": false,
        "regl": false,
        "tech": false,
        "projet": "Etat des lieux de la pêche artisanale",
        "id": null,
        "OBJECTID": 689,
        "BaselineID": 15,
        "GroupID": 0,
        "TransOrder": 458,
        "TransEdit": "0",
        "Azimuth": 228.717343099,
        "SHAPE_Leng": 150.003481807,
        "ShrCount": 8,
        "TCD": 34649.7412279,
        "SCE": 4.05980762948,
        "NSM": 1.19524615861,
        "EPR": 0.108658741692,
        "EPRunc": 1.28564869307,
        "LRR": -0.136038712989,
        "LR2": 0.156365615053,
        "LSE": 1.37927877317,
        "LCI99": 0.478262274553,
        "WLR": -0.136038712993,
        "WR2": 0.156365615064,
        "WSE": 0.137927877316,
        "WCI99": 0.47826227455,
        "formule pr": -12.1730304869905,
        "LRR_moy": -0.118816939077533
      },
      "geometry": {
        "type": "Point",
        "coordinates": [
          710292.190715877,
          6155799.278430973
        ]
      }
    },
    {
      "type": "Feature",
      "properties": {
        "info": false,
        "cara": false,
        "regl": false,
        "tech": false,
        "projet": "Etat des lieux de la pêche artisanale",
        "id": null,
        "OBJECTID": 688,
        "BaselineID": 15,
        "GroupID": 0,
        "TransOrder": 457,
        "TransEdit": "0",
        "Azimuth": 230.378848955,
        "SHAPE_Leng": 151.053639564,
        "ShrCount": 8,
        "TCD": 34629.7412279,
        "SCE": 3.88764300707,
        "NSM": 0.689582301569,
        "EPR": 0.0626893001427,
        "EPRunc": 1.28564869307,
        "LRR": -0.125893367657,
        "LR2": 0.139541900396,
        "LSE": 1.3645781987,
        "LCI99": 0.473164878494,
        "WLR": -0.125893367656,
        "WR2": 0.139541900393,
        "WSE": 0.136457819871,
        "WCI99": 0.473164878495,
        "formule pr": -12.3747471511545,
        "LRR_moy": -0.125540827883
      },
      "geometry": {
        "type": "Point",
        "coordinates": [
          710282.8144485669,
          6155811.855190621
        ]
      }
    },
    {
      "type": "Feature",
      "properties": {
        "info": false,
        "cara": false,
        "regl": false,
        "tech": false,
        "projet": "Etat des lieux de la pêche artisanale",
        "id": null,
        "OBJECTID": 687,
        "BaselineID": 15,
        "GroupID": 0,
        "TransOrder": 456,
        "TransEdit": "0",
        "Azimuth": 232.278935902,
        "SHAPE_Leng": 152.269432363,
        "ShrCount": 8,
        "TCD": 34609.7412279,
        "SCE": 3.40388845362,
        "NSM": 0.861298652299,
        "EPR": 0.0782998774818,
        "EPRunc": 1.28564869307,
        "LRR": -0.114690403003,
        "LR2": 0.158754673525,
        "LSE": 1.15241308795,
        "LCI99": 0.399597032439,
        "WLR": -0.114690403007,
        "WR2": 0.158754673533,
        "WSE": 0.115241308794,
        "WCI99": 0.399597032437,
        "formule pr": -11.4346203708925,
        "LRR_moy": -0.094203268540933
      },
      "geometry": {
        "type": "Point",
        "coordinates": [
          710274.4621459828,
          6155824.374681806
        ]
      }
    },
    {
      "type": "Feature",
      "properties": {
        "info": false,
        "cara": false,
        "regl": false,
        "tech": false,
        "projet": "Etat des lieux de la pêche artisanale",
        "id": null,
        "OBJECTID": 686,
        "BaselineID": 15,
        "GroupID": 0,
        "TransOrder": 455,
        "TransEdit": "0",
        "Azimuth": 234.389345704,
        "SHAPE_Leng": 150.524198477,
        "ShrCount": 8,
        "TCD": 34589.7412279,
        "SCE": 2.43559381177,
        "NSM": 1.37305566229,
        "EPR": 0.124823242026,
        "EPRunc": 1.28564869307,
        "LRR": -0.0420260349628,
        "LR2": 0.0385575479497,
        "LSE": 0.916027246137,
        "LCI99": 0.317630694252,
        "WLR": -0.0420260349654,
        "WR2": 0.0385575479542,
        "WSE": 0.0916027246137,
        "WCI99": 0.317630694253,
        "formule pr": -9.91358740041452,
        "LRR_moy": -0.043502169525
      },
      "geometry": {
        "type": "Point",
        "coordinates": [
          710265.1734876056,
          6155835.46052494
        ]
      }
    },
    {
      "type": "Feature",
      "properties": {
        "info": false,
        "cara": false,
        "regl": false,
        "tech": false,
        "projet": "Etat des lieux de la pêche artisanale",
        "id": null,
        "OBJECTID": 685,
        "BaselineID": 15,
        "GroupID": 0,
        "TransOrder": 454,
        "TransEdit": "0",
        "Azimuth": 236.408105079,
        "SHAPE_Leng": 150.267976988,
        "ShrCount": 8,
        "TCD": 34569.7412279,
        "SCE": 2.24348982993,
        "NSM": 1.88380995676,
        "EPR": 0.171255450614,
        "EPRunc": 1.28564869307,
        "LRR": 0.0262099293908,
        "LR2": 0.0128628711595,
        "LSE": 1.00223292342,
        "LCI99": 0.347522347846,
        "WLR": 0.0262099293915,
        "WR2": 0.0128628711601,
        "WSE": 0.100223292342,
        "WCI99": 0.347522347847,
        "formule pr": -8.70672785362772,
        "LRR_moy": -0.00327351796544
      },
      "geometry": {
        "type": "Point",
        "coordinates": [
          710256.2403000026,
          6155847.135402853
        ]
      }
    },
    {
      "type": "Feature",
      "properties": {
        "info": false,
        "cara": false,
        "regl": false,
        "tech": false,
        "projet": "Etat des lieux de la pêche artisanale",
        "id": null,
        "OBJECTID": 684,
        "BaselineID": 15,
        "GroupID": 0,
        "TransOrder": 453,
        "TransEdit": "0",
        "Azimuth": 238.966589915,
        "SHAPE_Leng": 150.985726922,
        "ShrCount": 8,
        "TCD": 34549.7412279,
        "SCE": 3.43283603738,
        "NSM": 3.07093628564,
        "EPR": 0.279176025967,
        "EPRunc": 1.28564869307,
        "LRR": 0.00599555167568,
        "LR2": 0.000257627298981,
        "LSE": 1.63027282955,
        "LCI99": 0.565293983181,
        "WLR": 0.00599555167017,
        "WR2": 0.000257627298508,
        "WSE": 0.163027282955,
        "WCI99": 0.565293983181,
        "formule pr": -7.68227711400372,
        "LRR_moy": 0.030874840022027
      },
      "geometry": {
        "type": "Point",
        "coordinates": [
          710249.4927900397,
          6155858.574323782
        ]
      }
    },
    {
      "type": "Feature",
      "properties": {
        "info": false,
        "cara": false,
        "regl": false,
        "tech": false,
        "projet": "Etat des lieux de la pêche artisanale",
        "id": null,
        "OBJECTID": 683,
        "BaselineID": 15,
        "GroupID": 0,
        "TransOrder": 452,
        "TransEdit": "0",
        "Azimuth": 242.493950062,
        "SHAPE_Leng": 150.920135781,
        "ShrCount": 8,
        "TCD": 34529.7412279,
        "SCE": 3.78481311039,
        "NSM": 3.57601748086,
        "EPR": 0.32509249826,
        "EPRunc": 1.28564869307,
        "LRR": 0.0604190389996,
        "LR2": 0.0277218954376,
        "LSE": 1.56185472595,
        "LCI99": 0.541570136714,
        "WLR": 0.0604190389958,
        "WR2": 0.0277218954342,
        "WSE": 0.156185472595,
        "WCI99": 0.541570136714,
        "formule pr": -7.55923887804472,
        "LRR_moy": 0.034976114553993
      },
      "geometry": {
        "type": "Point",
        "coordinates": [
          710244.6194955324,
          6155868.132066654
        ]
      }
    },
    {
      "type": "Feature",
      "properties": {
        "info": false,
        "cara": false,
        "regl": false,
        "tech": false,
        "projet": "Etat des lieux de la pêche artisanale",
        "id": null,
        "OBJECTID": 682,
        "BaselineID": 15,
        "GroupID": 0,
        "TransOrder": 451,
        "TransEdit": "0",
        "Azimuth": 245.918236391,
        "SHAPE_Leng": 152.338761657,
        "ShrCount": 8,
        "TCD": 34509.7412279,
        "SCE": 4.466734684490002,
        "NSM": 3.46520263923,
        "EPR": 0.315018421748,
        "EPRunc": 1.28564869307,
        "LRR": 0.0385137529867,
        "LR2": 0.00883422677444,
        "LSE": 1.78068765456,
        "LCI99": 0.617450035846,
        "WLR": 0.0385137529851,
        "WR2": 0.00883422677371,
        "WSE": 0.178068765456,
        "WCI99": 0.617450035846,
        "formule pr": -7.55262446347772,
        "LRR_moy": 0.03519659503956
      },
      "geometry": {
        "type": "Point",
        "coordinates": [
          710240.2532594827,
          6155878.20384778
        ]
      }
    },
    {
      "type": "Feature",
      "properties": {
        "info": false,
        "cara": false,
        "regl": false,
        "tech": false,
        "projet": "Etat des lieux de la pêche artisanale",
        "id": null,
        "OBJECTID": 681,
        "BaselineID": 15,
        "GroupID": 0,
        "TransOrder": 450,
        "TransEdit": "0",
        "Azimuth": 249.504385085,
        "SHAPE_Leng": 153.265858177,
        "ShrCount": 8,
        "TCD": 34489.7412279,
        "SCE": 5.04059464417,
        "NSM": 3.61488746571,
        "EPR": 0.328626133246,
        "EPRunc": 1.28564869307,
        "LRR": 0.00665699313238,
        "LR2": 0.000178265160259,
        "LSE": 2.17615181194,
        "LCI99": 0.75457647547,
        "WLR": 0.00665699313308,
        "WR2": 0.000178265160296,
        "WSE": 0.217615181194,
        "WCI99": 0.754576475471,
        "formule pr": -8.05380283977472,
        "LRR_moy": 0.018490649162993
      },
      "geometry": {
        "type": "Point",
        "coordinates": [
          710236.4498268785,
          6155887.995806408
        ]
      }
    },
    {
      "type": "Feature",
      "properties": {
        "info": false,
        "cara": false,
        "regl": false,
        "tech": false,
        "projet": "Etat des lieux de la pêche artisanale",
        "id": null,
        "OBJECTID": 680,
        "BaselineID": 15,
        "GroupID": 0,
        "TransOrder": 449,
        "TransEdit": "0",
        "Azimuth": 253.506934738,
        "SHAPE_Leng": 153.872786336,
        "ShrCount": 8,
        "TCD": 34469.7412279,
        "SCE": 5.53035528113,
        "NSM": 3.83398834201,
        "EPR": 0.348544394728,
        "EPRunc": 1.28564869307,
        "LRR": 0.0103012013699,
        "LR2": 0.000363112839439,
        "LSE": 2.3592352111,
        "LCI99": 0.818060293693,
        "WLR": 0.0103012013682,
        "WR2": 0.000363112839323,
        "WSE": 0.23592352111,
        "WCI99": 0.818060293693,
        "formule pr": -8.96881233395972,
        "LRR_moy": -0.01200966730984
      },
      "geometry": {
        "type": "Point",
        "coordinates": [
          710233.5560827863,
          6155896.915291018
        ]
      }
    },
    {
      "type": "Feature",
      "properties": {
        "info": false,
        "cara": false,
        "regl": false,
        "tech": false,
        "projet": "Etat des lieux de la pêche artisanale",
        "id": null,
        "OBJECTID": 679,
        "BaselineID": 15,
        "GroupID": 0,
        "TransOrder": 448,
        "TransEdit": "0",
        "Azimuth": 258.069073906,
        "SHAPE_Leng": 153.915875976,
        "ShrCount": 8,
        "TCD": 34449.7412279,
        "SCE": 5.96472411221,
        "NSM": 2.85197617753,
        "EPR": 0.259270561594,
        "EPRunc": 1.28564869307,
        "LRR": -0.0529871964318,
        "LR2": 0.00970725342206,
        "LSE": 2.33607933224,
        "LCI99": 0.810031037021,
        "WLR": -0.05298719643,
        "WR2": 0.00970725342137,
        "WSE": 0.233607933224,
        "WCI99": 0.810031037022,
        "formule pr": -10.6023500627735,
        "LRR_moy": -0.066460924936967
      },
      "geometry": {
        "type": "Point",
        "coordinates": [
          710231.1365253511,
          6155904.443951134
        ]
      }
    },
    {
      "type": "Feature",
      "properties": {
        "info": false,
        "cara": false,
        "regl": false,
        "tech": false,
        "projet": "Etat des lieux de la pêche artisanale",
        "id": null,
        "OBJECTID": 678,
        "BaselineID": 15,
        "GroupID": 0,
        "TransOrder": 447,
        "TransEdit": "0",
        "Azimuth": 262.558608054,
        "SHAPE_Leng": 154.034790181,
        "ShrCount": 8,
        "TCD": 34429.7412279,
        "SCE": 6.94138570554,
        "NSM": 1.51405690733,
        "EPR": 0.13764153703,
        "EPRunc": 1.28564869307,
        "LRR": -0.156696779749,
        "LR2": 0.0746935535298,
        "LSE": 2.40737826474,
        "LCI99": 0.834753805392,
        "WLR": -0.156696779751,
        "WR2": 0.0746935535316,
        "WSE": 0.240737826473,
        "WCI99": 0.834753805392,
        "formule pr": -12.8245437859125,
        "LRR_moy": -0.1405340490416
      },
      "geometry": {
        "type": "Point",
        "coordinates": [
          710229.065886289,
          6155912.336218495
        ]
      }
    },
    {
      "type": "Feature",
      "properties": {
        "info": false,
        "cara": false,
        "regl": false,
        "tech": false,
        "projet": "Etat des lieux de la pêche artisanale",
        "id": null,
        "OBJECTID": 677,
        "BaselineID": 15,
        "GroupID": 0,
        "TransOrder": 445,
        "TransEdit": "0",
        "Azimuth": 262.177970146,
        "SHAPE_Leng": 154.340974336,
        "ShrCount": 8,
        "TCD": 34409.7412279,
        "SCE": 7.60142350377,
        "NSM": 0.922592163297,
        "EPR": 0.0838720148452,
        "EPRunc": 1.28564869307,
        "LRR": -0.211918170944,
        "LR2": 0.118224604759,
        "LSE": 2.52624973017,
        "LCI99": 0.875972258504,
        "WLR": -0.211918170942,
        "WR2": 0.118224604757,
        "WSE": 0.252624973018,
        "WCI99": 0.875972258506,
        "formule pr": -15.1194107647745,
        "LRR_moy": -0.217029615003667
      },
      "geometry": {
        "type": "Point",
        "coordinates": [
          710228.658145503,
          6155933.443488826
        ]
      }
    },
    {
      "type": "Feature",
      "properties": {
        "info": false,
        "cara": false,
        "regl": false,
        "tech": false,
        "projet": "Etat des lieux de la pêche artisanale",
        "id": null,
        "OBJECTID": 675,
        "BaselineID": 15,
        "GroupID": 0,
        "TransOrder": 443,
        "TransEdit": "0",
        "Azimuth": 223.387941541,
        "SHAPE_Leng": 156.429162256,
        "ShrCount": 8,
        "TCD": 34309.7412279,
        "SCE": 6.27788710533,
        "NSM": -3.92137789459,
        "EPR": -0.356488899509,
        "EPRunc": 1.28564869307,
        "LRR": -0.499023486694,
        "LR2": 0.710115992421,
        "LSE": 1.39171881435,
        "LCI99": 0.48257583502,
        "WLR": -0.499023486698,
        "WR2": 0.710115992429,
        "WSE": 0.139171881433,
        "WCI99": 0.482575835014,
        "formule pr": -24.0077984920438,
        "LRR_moy": -0.448053169027333
      },
      "geometry": {
        "type": "Point",
        "coordinates": [
          710135.3614232552,
          6156098.026327432
        ]
      }
    },
    {
      "type": "Feature",
      "properties": {
        "info": false,
        "cara": false,
        "regl": false,
        "tech": false,
        "projet": "Etat des lieux de la pêche artisanale",
        "id": null,
        "OBJECTID": 673,
        "BaselineID": 15,
        "GroupID": 0,
        "TransOrder": 442,
        "TransEdit": "0",
        "Azimuth": 233.854836637,
        "SHAPE_Leng": 158.272473535,
        "ShrCount": 8,
        "TCD": 34269.7412279,
        "SCE": 8.237795079590002,
        "NSM": -3.48884779855,
        "EPR": -0.317167981687,
        "EPRunc": 1.28564869307,
        "LRR": -0.568422414316,
        "LR2": 0.612770297331,
        "LSE": 1.97237597516,
        "LCI99": 0.683917594107,
        "WLR": -0.568422414318,
        "WR2": 0.612770297334,
        "WSE": 0.197237597515,
        "WCI99": 0.683917594105,
        "formule pr": -27.2211338221638,
        "LRR_moy": -0.555164346698
      },
      "geometry": {
        "type": "Point",
        "coordinates": [
          710128.7971469421,
          6156108.643076857
        ]
      }
    },
    {
      "type": "Feature",
      "properties": {
        "info": false,
        "cara": false,
        "regl": false,
        "tech": false,
        "projet": "Etat des lieux de la pêche artisanale",
        "id": null,
        "OBJECTID": 672,
        "BaselineID": 15,
        "GroupID": 0,
        "TransOrder": 441,
        "TransEdit": "0",
        "Azimuth": 238.310698929,
        "SHAPE_Leng": 159.762444726,
        "ShrCount": 8,
        "TCD": 34249.7412279,
        "SCE": 9.70528737646,
        "NSM": -3.17499156028,
        "EPR": -0.288635596389,
        "EPRunc": 1.28564869307,
        "LRR": -0.598047139084,
        "LR2": 0.556795950129,
        "LSE": 2.32901493692,
        "LCI99": 0.807581471465,
        "WLR": -0.598047139082,
        "WR2": 0.556795950123,
        "WSE": 0.232901493693,
        "WCI99": 0.807581471471,
        "formule pr": -27.0408115708138,
        "LRR_moy": -0.549153604986333
      },
      "geometry": {
        "type": "Point",
        "coordinates": [
          710124.6141475518,
          6156115.597654533
        ]
      }
    },
    {
      "type": "Feature",
      "properties": {
        "info": false,
        "cara": false,
        "regl": false,
        "tech": false,
        "projet": "Etat des lieux de la pêche artisanale",
        "id": null,
        "OBJECTID": 671,
        "BaselineID": 15,
        "GroupID": 0,
        "TransOrder": 440,
        "TransEdit": "0",
        "Azimuth": 242.515316062,
        "SHAPE_Leng": 159.870307076,
        "ShrCount": 8,
        "TCD": 34229.7412279,
        "SCE": 9.62497326619,
        "NSM": -1.29929640133,
        "EPR": -0.118117854666,
        "EPRunc": 1.28564869307,
        "LRR": -0.480991261559,
        "LR2": 0.346403344696,
        "LSE": 2.8839258447,
        "LCI99": 0.999995766595,
        "WLR": -0.480991261561,
        "WR2": 0.346403344698,
        "WSE": 0.288392584469,
        "WCI99": 0.999995766594,
        "formule pr": -24.4466117844438,
        "LRR_moy": -0.462680278774
      },
      "geometry": {
        "type": "Point",
        "coordinates": [
          710121.4780883241,
          6156123.821259771
        ]
      }
    },
    {
      "type": "Feature",
      "properties": {
        "info": false,
        "cara": false,
        "regl": false,
        "tech": false,
        "projet": "Etat des lieux de la pêche artisanale",
        "id": null,
        "OBJECTID": 669,
        "BaselineID": 15,
        "GroupID": 0,
        "TransOrder": 439,
        "TransEdit": "0",
        "Azimuth": 251.316012465,
        "SHAPE_Leng": 158.908524248,
        "ShrCount": 8,
        "TCD": 34189.7412279,
        "SCE": 8.8929478418,
        "NSM": 1.04455594849,
        "EPR": 0.094959631681,
        "EPRunc": 1.28564869307,
        "LRR": -0.309002435679,
        "LR2": 0.174076076442,
        "LSE": 2.93795683978,
        "LCI99": 1.01873091072,
        "WLR": -0.309002435678,
        "WR2": 0.174076076441,
        "WSE": 0.293795683978,
        "WCI99": 1.01873091072,
        "formule pr": -21.2188006413938,
        "LRR_moy": -0.355086574005667
      },
      "geometry": {
        "type": "Point",
        "coordinates": [
          710116.3960697646,
          6156139.266223378
        ]
      }
    },
    {
      "type": "Feature",
      "properties": {
        "info": false,
        "cara": false,
        "regl": false,
        "tech": false,
        "projet": "Etat des lieux de la pêche artisanale",
        "id": null,
        "OBJECTID": 668,
        "BaselineID": 15,
        "GroupID": 0,
        "TransOrder": 438,
        "TransEdit": "0",
        "Azimuth": 255.139953362,
        "SHAPE_Leng": 158.202515469,
        "ShrCount": 8,
        "TCD": 34169.7412279,
        "SCE": 8.16833435718,
        "NSM": 0.549260822624,
        "EPR": 0.0499328020567,
        "EPRunc": 1.28564869307,
        "LRR": -0.275266024779,
        "LR2": 0.171985492124,
        "LSE": 2.63638424703,
        "LCI99": 0.914161191418,
        "WLR": -0.275266024777,
        "WR2": 0.171985492121,
        "WSE": 0.263638424704,
        "WCI99": 0.91416119142,
        "formule pr": -18.8225468283638,
        "LRR_moy": -0.275211446904667
      },
      "geometry": {
        "type": "Point",
        "coordinates": [
          710113.3802831363,
          6156148.416139427
        ]
      }
    },
    {
      "type": "Feature",
      "properties": {
        "info": false,
        "cara": false,
        "regl": false,
        "tech": false,
        "projet": "Etat des lieux de la pêche artisanale",
        "id": null,
        "OBJECTID": 667,
        "BaselineID": 15,
        "GroupID": 0,
        "TransOrder": 437,
        "TransEdit": "0",
        "Azimuth": 259.072686989,
        "SHAPE_Leng": 157.806753857,
        "ShrCount": 8,
        "TCD": 34149.7412279,
        "SCE": 7.42754427452,
        "NSM": 0.127495548915,
        "EPR": 0.0115905044468,
        "EPRunc": 1.28564869307,
        "LRR": -0.241365880256,
        "LR2": 0.153045733075,
        "LSE": 2.47843923408,
        "LCI99": 0.859394060494,
        "WLR": -0.241365880255,
        "WR2": 0.153045733075,
        "WSE": 0.247843923408,
        "WCI99": 0.859394060496,
        "formule pr": -18.0837375134538,
        "LRR_moy": -0.250584469741
      },
      "geometry": {
        "type": "Point",
        "coordinates": [
          710111.1114595118,
          6156157.479089856
        ]
      }
    },
    {
      "type": "Feature",
      "properties": {
        "info": false,
        "cara": false,
        "regl": false,
        "tech": false,
        "projet": "Etat des lieux de la pêche artisanale",
        "id": null,
        "OBJECTID": 666,
        "BaselineID": 15,
        "GroupID": 0,
        "TransOrder": 436,
        "TransEdit": "0",
        "Azimuth": 263.208583452,
        "SHAPE_Leng": 157.556804518,
        "ShrCount": 8,
        "TCD": 34129.7412279,
        "SCE": 7.32748892991,
        "NSM": -0.371105466288,
        "EPR": -0.0337368605717,
        "EPRunc": 1.28564869307,
        "LRR": -0.235121504188,
        "LR2": 0.166066902976,
        "LSE": 2.29984964182,
        "LCI99": 0.797468461213,
        "WLR": -0.235121504191,
        "WR2": 0.166066902981,
        "WSE": 0.229984964181,
        "WCI99": 0.797468461212,
        "formule pr": -17.8207576260938,
        "LRR_moy": -0.241818473495667
      },
      "geometry": {
        "type": "Point",
        "coordinates": [
          710109.1549709168,
          6156166.106676581
        ]
      }
    },
    {
      "type": "Feature",
      "properties": {
        "info": false,
        "cara": false,
        "regl": false,
        "tech": false,
        "projet": "Etat des lieux de la pêche artisanale",
        "id": null,
        "OBJECTID": 664,
        "BaselineID": 15,
        "GroupID": 0,
        "TransOrder": 435,
        "TransEdit": "0",
        "Azimuth": 273.499685221,
        "SHAPE_Leng": 157.781634367,
        "ShrCount": 8,
        "TCD": 34089.7412279,
        "SCE": 7.36965346678,
        "NSM": -0.830380101143,
        "EPR": -0.0754891001039,
        "EPRunc": 1.28564869307,
        "LRR": -0.248968036043,
        "LR2": 0.197982356986,
        "LSE": 2.18728482473,
        "LCI99": 0.758436826344,
        "WLR": -0.248968036045,
        "WR2": 0.197982356988,
        "WSE": 0.218728482472,
        "WCI99": 0.758436826344,
        "formule pr": -17.4888910174838,
        "LRR_moy": -0.230756253208667
      },
      "geometry": {
        "type": "Point",
        "coordinates": [
          710108.849412551,
          6156178.265096493
        ]
      }
    },
    {
      "type": "Feature",
      "properties": {
        "info": false,
        "cara": false,
        "regl": false,
        "tech": false,
        "projet": "Etat des lieux de la pêche artisanale",
        "id": null,
        "OBJECTID": 663,
        "BaselineID": 15,
        "GroupID": 0,
        "TransOrder": 434,
        "TransEdit": "0",
        "Azimuth": 278.085058737,
        "SHAPE_Leng": 157.417701932,
        "ShrCount": 8,
        "TCD": 34069.7412279,
        "SCE": 6.85709360153,
        "NSM": -0.229656389303,
        "EPR": -0.020877853573,
        "EPRunc": 1.28564869307,
        "LRR": -0.208179219395,
        "LR2": 0.170565848428,
        "LSE": 2.00385052836,
        "LCI99": 0.694831335186,
        "WLR": -0.208179219396,
        "WR2": 0.170565848429,
        "WSE": 0.200385052836,
        "WCI99": 0.694831335187,
        "formule pr": -15.7229735423748,
        "LRR_moy": -0.1718923373717
      },
      "geometry": {
        "type": "Point",
        "coordinates": [
          710109.5525766592,
          6156185.776095676
        ]
      }
    },
    {
      "type": "Feature",
      "properties": {
        "info": false,
        "cara": false,
        "regl": false,
        "tech": false,
        "projet": "Etat des lieux de la pêche artisanale",
        "id": null,
        "OBJECTID": 662,
        "BaselineID": 15,
        "GroupID": 0,
        "TransOrder": 433,
        "TransEdit": "0",
        "Azimuth": 282.854828134,
        "SHAPE_Leng": 155.730487586,
        "ShrCount": 8,
        "TCD": 34049.7412279,
        "SCE": 5.03255442159,
        "NSM": 1.35530798979,
        "EPR": 0.123209817253,
        "EPRunc": 1.28564869307,
        "LRR": -0.0585297566771,
        "LR2": 0.0237886343355,
        "LSE": 1.63661649362,
        "LCI99": 0.567493636556,
        "WLR": -0.0585297566802,
        "WR2": 0.023788634338,
        "WSE": 0.163661649362,
        "WCI99": 0.567493636556,
        "formule pr": -13.3446203541618,
        "LRR_moy": -0.0926138977646
      },
      "geometry": {
        "type": "Point",
        "coordinates": [
          710111.2160976738,
          6156192.63337479
        ]
      }
    },
    {
      "type": "Feature",
      "properties": {
        "info": false,
        "cara": false,
        "regl": false,
        "tech": false,
        "projet": "Etat des lieux de la pêche artisanale",
        "id": null,
        "OBJECTID": 661,
        "BaselineID": 15,
        "GroupID": 0,
        "TransOrder": 432,
        "TransEdit": "0",
        "Azimuth": 287.172015688,
        "SHAPE_Leng": 154.420604615,
        "ShrCount": 8,
        "TCD": 34029.7412279,
        "SCE": 3.82356286199,
        "NSM": 1.86613407159,
        "EPR": 0.169648551963,
        "EPRunc": 1.28564869307,
        "LRR": -0.0111327172217,
        "LR2": 0.000889471657921,
        "LSE": 1.62863933203,
        "LCI99": 0.564727571042,
        "WLR": -0.0111327172219,
        "WR2": 0.00088947165795,
        "WSE": 0.162863933203,
        "WCI99": 0.564727571043,
        "formule pr": -12.1320911222388,
        "LRR_moy": -0.0521962567005
      },
      "geometry": {
        "type": "Point",
        "coordinates": [
          710113.3217970387,
          6156200.696996908
        ]
      }
    },
    {
      "type": "Feature",
      "properties": {
        "info": false,
        "cara": false,
        "regl": false,
        "tech": false,
        "projet": "Etat des lieux de la pêche artisanale",
        "id": null,
        "OBJECTID": 660,
        "BaselineID": 15,
        "GroupID": 0,
        "TransOrder": 431,
        "TransEdit": "0",
        "Azimuth": 291.197235244,
        "SHAPE_Leng": 155.513878684,
        "ShrCount": 8,
        "TCD": 34009.7412279,
        "SCE": 5.35311894831,
        "NSM": 0.0926563331148,
        "EPR": 0.00842330301043,
        "EPRunc": 1.28564869307,
        "LRR": -0.0869262962027,
        "LR2": 0.0360643290917,
        "LSE": 1.96163997483,
        "LCI99": 0.680194906543,
        "WLR": -0.0869262961982,
        "WR2": 0.0360643290878,
        "WSE": 0.196163997483,
        "WCI99": 0.680194906546,
        "formule pr": -11.7071918677648,
        "LRR_moy": -0.038032948218033
      },
      "geometry": {
        "type": "Point",
        "coordinates": [
          710115.7219926444,
          6156209.548575674
        ]
      }
    },
    {
      "type": "Feature",
      "properties": {
        "info": false,
        "cara": false,
        "regl": false,
        "tech": false,
        "projet": "Etat des lieux de la pêche artisanale",
        "id": null,
        "OBJECTID": 659,
        "BaselineID": 15,
        "GroupID": 0,
        "TransOrder": 430,
        "TransEdit": "0",
        "Azimuth": 294.481079729,
        "SHAPE_Leng": 155.973527325,
        "ShrCount": 8,
        "TCD": 33989.7412279,
        "SCE": 5.55574841559,
        "NSM": 1.16505593364,
        "EPR": 0.105914175785,
        "EPRunc": 1.28564869307,
        "LRR": -0.0160398312297,
        "LR2": 0.00108478348646,
        "LSE": 2.12459231654,
        "LCI99": 0.736698319127,
        "WLR": -0.0160398312334,
        "WR2": 0.00108478348696,
        "WSE": 0.212459231654,
        "WCI99": 0.736698319128,
        "formule pr": -11.8636927386388,
        "LRR_moy": -0.043249643913833
      },
      "geometry": {
        "type": "Point",
        "coordinates": [
          710120.389086689,
          6156219.669479308
        ]
      }
    },
    {
      "type": "Feature",
      "properties": {
        "info": false,
        "cara": false,
        "regl": false,
        "tech": false,
        "projet": "Etat des lieux de la pêche artisanale",
        "id": null,
        "OBJECTID": 658,
        "BaselineID": 15,
        "GroupID": 0,
        "TransOrder": 429,
        "TransEdit": "0",
        "Azimuth": 298.895526501,
        "SHAPE_Leng": 156.062132256,
        "ShrCount": 8,
        "TCD": 33969.7412279,
        "SCE": 5.96779692379,
        "NSM": 0.931028565773,
        "EPR": 0.0846389605248,
        "EPRunc": 1.28564869307,
        "LRR": -0.0267828043091,
        "LR2": 0.00266079330307,
        "LSE": 2.26336687308,
        "LCI99": 0.784818130985,
        "WLR": -0.0267828043103,
        "WR2": 0.0026607933033,
        "WSE": 0.226336687308,
        "WCI99": 0.784818130986,
        "formule pr": -10.5634247976808,
        "LRR_moy": 9.2620784767e-05
      },
      "geometry": {
        "type": "Point",
        "coordinates": [
          710124.102469059,
          6156226.828529004
        ]
      }
    },
    {
      "type": "Feature",
      "properties": {
        "info": false,
        "cara": false,
        "regl": false,
        "tech": false,
        "projet": "Etat des lieux de la pêche artisanale",
        "id": null,
        "OBJECTID": 657,
        "BaselineID": 15,
        "GroupID": 0,
        "TransOrder": 428,
        "TransEdit": "0",
        "Azimuth": 303.30540197,
        "SHAPE_Leng": 156.539085261,
        "ShrCount": 8,
        "TCD": 33949.7412279,
        "SCE": 6.53567498803,
        "NSM": 2.2111752399,
        "EPR": 0.2010159309,
        "EPRunc": 1.28564869307,
        "LRR": 0.0431004978931,
        "LR2": 0.00607276602994,
        "LSE": 2.40685173684,
        "LCI99": 0.834571232854,
        "WLR": 0.0431004978892,
        "WR2": 0.00607276602885,
        "WSE": 0.240685173684,
        "WCI99": 0.834571232854,
        "formule pr": -9.71353626811684,
        "LRR_moy": 0.0284222384369
      },
      "geometry": {
        "type": "Point",
        "coordinates": [
          710128.7292257716,
          6156233.456783784
        ]
      }
    },
    {
      "type": "Feature",
      "properties": {
        "info": false,
        "cara": false,
        "regl": false,
        "tech": false,
        "projet": "Etat des lieux de la pêche artisanale",
        "id": null,
        "OBJECTID": 656,
        "BaselineID": 15,
        "GroupID": 0,
        "TransOrder": 427,
        "TransEdit": "0",
        "Azimuth": 308.421497198,
        "SHAPE_Leng": 157.627368973,
        "ShrCount": 8,
        "TCD": 33929.7400371,
        "SCE": 7.44707818812,
        "NSM": 1.57841678396,
        "EPR": 0.143492434905,
        "EPRunc": 1.28564869307,
        "LRR": 0.0689490217267,
        "LR2": 0.0130767716658,
        "LSE": 2.61458372903,
        "LCI99": 0.906601903528,
        "WLR": 0.0689490217195,
        "WR2": 0.0130767716631,
        "WSE": 0.261458372903,
        "WCI99": 0.90660190353,
        "formule pr": -8.80154439170984,
        "LRR_moy": 0.058821967650467
      },
      "geometry": {
        "type": "Point",
        "coordinates": [
          710132.6823779749,
          6156238.120441502
        ]
      }
    },
    {
      "type": "Feature",
      "properties": {
        "info": false,
        "cara": false,
        "regl": false,
        "tech": false,
        "projet": "Etat des lieux de la pêche artisanale",
        "id": null,
        "OBJECTID": 654,
        "BaselineID": 15,
        "GroupID": 0,
        "TransOrder": 426,
        "TransEdit": "0",
        "Azimuth": 320.115100824,
        "SHAPE_Leng": 158.515642476,
        "ShrCount": 8,
        "TCD": 33889.7412279,
        "SCE": 8.1950715917,
        "NSM": 1.43427472393,
        "EPR": 0.130388611266,
        "EPRunc": 1.28564869307,
        "LRR": 0.0644163833316,
        "LR2": 0.0106102520845,
        "LSE": 2.71518996529,
        "LCI99": 0.941486923383,
        "WLR": 0.0644163833362,
        "WR2": 0.0106102520859,
        "WSE": 0.271518996529,
        "WCI99": 0.941486923384,
        "formule pr": -8.56572234534934,
        "LRR_moy": 0.06668270252915
      },
      "geometry": {
        "type": "Point",
        "coordinates": [
          710138.511977243,
          6156243.631012282
        ]
      }
    },
    {
      "type": "Feature",
      "properties": {
        "info": false,
        "cara": false,
        "regl": false,
        "tech": false,
        "projet": "Etat des lieux de la pêche artisanale",
        "id": null,
        "OBJECTID": 646,
        "BaselineID": 14,
        "GroupID": 0,
        "TransOrder": 425,
        "TransEdit": "0",
        "Azimuth": 259.921365395,
        "SHAPE_Leng": 151.50221373,
        "ShrCount": 8,
        "TCD": 24782.8638027,
        "SCE": 8.78209472991,
        "NSM": -0.161771347085,
        "EPR": -0.0147064860986,
        "EPRunc": 1.28564869307,
        "LRR": -0.164258181299,
        "LR2": 0.0584687950038,
        "LSE": 2.877168705,
        "LCI99": 0.997652741338,
        "WLR": -0.1642581813,
        "WR2": 0.0584687950044,
        "WSE": 0.2877168705,
        "WCI99": 0.997652741339,
        "formule pr": -9.28327780984914,
        "LRR_moy": -0.1661125738355
      },
      "geometry": {
        "type": "Point",
        "coordinates": [
          714281.8856409304,
          6148600.315225795
        ]
      }
    },
    {
      "type": "Feature",
      "properties": {
        "info": false,
        "cara": false,
        "regl": false,
        "tech": false,
        "projet": "Etat des lieux de la pêche artisanale",
        "id": null,
        "OBJECTID": 645,
        "BaselineID": 14,
        "GroupID": 0,
        "TransOrder": 424,
        "TransEdit": "0",
        "Azimuth": 265.441721795,
        "SHAPE_Leng": 150.985044652,
        "ShrCount": 8,
        "TCD": 24762.8638027,
        "SCE": 8.29129031172,
        "NSM": -0.105766347652,
        "EPR": -0.00961512251383,
        "EPRunc": 1.28564869307,
        "LRR": -0.167966966372,
        "LR2": 0.0654933244536,
        "LSE": 2.76948868494,
        "LCI99": 0.96031490049,
        "WLR": -0.167966966371,
        "WR2": 0.0654933244524,
        "WSE": 0.276948868494,
        "WCI99": 0.960314900492,
        "formule pr": -9.55756745300414,
        "LRR_moy": -0.175255561940667
      },
      "geometry": {
        "type": "Point",
        "coordinates": [
          714281.480571794,
          6148606.029509915
        ]
      }
    },
    {
      "type": "Feature",
      "properties": {
        "info": false,
        "cara": false,
        "regl": false,
        "tech": false,
        "projet": "Etat des lieux de la pêche artisanale",
        "id": null,
        "OBJECTID": 644,
        "BaselineID": 14,
        "GroupID": 0,
        "TransOrder": 423,
        "TransEdit": "0",
        "Azimuth": 270.032308457,
        "SHAPE_Leng": 151.346616555,
        "ShrCount": 8,
        "TCD": 24742.8638027,
        "SCE": 7.447602115,
        "NSM": -0.148389363038,
        "EPR": -0.0134899420944,
        "EPRunc": 1.28564869307,
        "LRR": -0.193541538151,
        "LR2": 0.129437251642,
        "LSE": 2.19092553505,
        "LCI99": 0.759699235679,
        "WLR": -0.193541538145,
        "WR2": 0.129437251633,
        "WSE": 0.219092553506,
        "WCI99": 0.759699235684,
        "formule pr": -10.2180617448441,
        "LRR_moy": -0.197272038335333
      },
      "geometry": {
        "type": "Point",
        "coordinates": [
          714282.3036037204,
          6148614.19748799
        ]
      }
    },
    {
      "type": "Feature",
      "properties": {
        "info": false,
        "cara": false,
        "regl": false,
        "tech": false,
        "projet": "Etat des lieux de la pêche artisanale",
        "id": null,
        "OBJECTID": 643,
        "BaselineID": 14,
        "GroupID": 0,
        "TransOrder": 422,
        "TransEdit": "0",
        "Azimuth": 274.098300725,
        "SHAPE_Leng": 152.590205714,
        "ShrCount": 8,
        "TCD": 24722.8638027,
        "SCE": 8.01709778201,
        "NSM": 0.10702869358,
        "EPR": 0.00972988123451,
        "EPRunc": 1.28564869307,
        "LRR": -0.230307610483,
        "LR2": 0.180246836652,
        "LSE": 2.14387295027,
        "LCI99": 0.743383841971,
        "WLR": -0.230307610483,
        "WR2": 0.180246836653,
        "WSE": 0.214387295027,
        "WCI99": 0.743383841972,
        "formule pr": -10.7841420672841,
        "LRR_moy": -0.216141382416667
      },
      "geometry": {
        "type": "Point",
        "coordinates": [
          714283.1326833195,
          6148623.598332685
        ]
      }
    },
    {
      "type": "Feature",
      "properties": {
        "info": false,
        "cara": false,
        "regl": false,
        "tech": false,
        "projet": "Etat des lieux de la pêche artisanale",
        "id": null,
        "OBJECTID": 642,
        "BaselineID": 14,
        "GroupID": 0,
        "TransOrder": 421,
        "TransEdit": "0",
        "Azimuth": 277.120855753,
        "SHAPE_Leng": 153.040241797,
        "ShrCount": 8,
        "TCD": 24702.8638027,
        "SCE": 7.87856697614,
        "NSM": -0.187711687404,
        "EPR": -0.0170646988549,
        "EPRunc": 1.28564869307,
        "LRR": -0.224574998616,
        "LR2": 0.177029495509,
        "LSE": 2.11355598143,
        "LCI99": 0.732871491055,
        "WLR": -0.22457499862,
        "WR2": 0.177029495515,
        "WSE": 0.211355598142,
        "WCI99": 0.732871491052,
        "formule pr": -11.1058693252841,
        "LRR_moy": -0.22686562435
      },
      "geometry": {
        "type": "Point",
        "coordinates": [
          714284.4054093781,
          6148635.655131743
        ]
      }
    },
    {
      "type": "Feature",
      "properties": {
        "info": false,
        "cara": false,
        "regl": false,
        "tech": false,
        "projet": "Etat des lieux de la pêche artisanale",
        "id": null,
        "OBJECTID": 641,
        "BaselineID": 14,
        "GroupID": 0,
        "TransOrder": 420,
        "TransEdit": "0",
        "Azimuth": 281.169459499,
        "SHAPE_Leng": 152.519457587,
        "ShrCount": 8,
        "TCD": 24682.8638027,
        "SCE": 7.32384550154,
        "NSM": 0.300671971705,
        "EPR": 0.0273338156095,
        "EPRunc": 1.28564869307,
        "LRR": -0.225714263951,
        "LR2": 0.199188860245,
        "LSE": 1.97548876973,
        "LCI99": 0.684996949668,
        "WLR": -0.225714263954,
        "WR2": 0.199188860251,
        "WSE": 0.197548876972,
        "WCI99": 0.684996949665,
        "formule pr": -10.5764979877641,
        "LRR_moy": -0.209219913099333
      },
      "geometry": {
        "type": "Point",
        "coordinates": [
          714285.9564389223,
          6148644.973708442
        ]
      }
    },
    {
      "type": "Feature",
      "properties": {
        "info": false,
        "cara": false,
        "regl": false,
        "tech": false,
        "projet": "Etat des lieux de la pêche artisanale",
        "id": null,
        "OBJECTID": 640,
        "BaselineID": 14,
        "GroupID": 0,
        "TransOrder": 419,
        "TransEdit": "0",
        "Azimuth": 284.708463485,
        "SHAPE_Leng": 151.38028337,
        "ShrCount": 8,
        "TCD": 24662.8638027,
        "SCE": 7.08075972365,
        "NSM": 1.43253701468,
        "EPR": 0.130230637698,
        "EPRunc": 1.28564869307,
        "LRR": -0.177370476731,
        "LR2": 0.119305420776,
        "LSE": 2.10352141147,
        "LCI99": 0.729392023126,
        "WLR": -0.17737047673,
        "WR2": 0.119305420775,
        "WSE": 0.210352141147,
        "WCI99": 0.729392023128,
        "formule pr": -10.6804426876441,
        "LRR_moy": -0.212684736428667
      },
      "geometry": {
        "type": "Point",
        "coordinates": [
          714289.137921416,
          6148655.294414183
        ]
      }
    },
    {
      "type": "Feature",
      "properties": {
        "info": false,
        "cara": false,
        "regl": false,
        "tech": false,
        "projet": "Etat des lieux de la pêche artisanale",
        "id": null,
        "OBJECTID": 639,
        "BaselineID": 14,
        "GroupID": 0,
        "TransOrder": 418,
        "TransEdit": "0",
        "Azimuth": 288.382451483,
        "SHAPE_Leng": 152.548440471,
        "ShrCount": 8,
        "TCD": 24642.8638027,
        "SCE": 7.67842004518,
        "NSM": 1.49588895703,
        "EPR": 0.135989905184,
        "EPRunc": 1.28564869307,
        "LRR": -0.234969468604,
        "LR2": 0.186007560683,
        "LSE": 2.14555351832,
        "LCI99": 0.743966575723,
        "WLR": -0.234969468603,
        "WR2": 0.18600756068,
        "WSE": 0.214555351832,
        "WCI99": 0.743966575725,
        "formule pr": -9.83803237354414,
        "LRR_moy": -0.184604392625333
      },
      "geometry": {
        "type": "Point",
        "coordinates": [
          714292.2773533926,
          6148665.186495358
        ]
      }
    },
    {
      "type": "Feature",
      "properties": {
        "info": false,
        "cara": false,
        "regl": false,
        "tech": false,
        "projet": "Etat des lieux de la pêche artisanale",
        "id": null,
        "OBJECTID": 638,
        "BaselineID": 14,
        "GroupID": 0,
        "TransOrder": 417,
        "TransEdit": "0",
        "Azimuth": 290.932691883,
        "SHAPE_Leng": 151.526813763,
        "ShrCount": 8,
        "TCD": 24622.8638027,
        "SCE": 7.67852306693,
        "NSM": 2.08752875328,
        "EPR": 0.189775341207,
        "EPRunc": 1.28564869307,
        "LRR": -0.141473232541,
        "LR2": 0.0604909180944,
        "LSE": 2.43367572764,
        "LCI99": 0.84387240032,
        "WLR": -0.141473232543,
        "WR2": 0.0604909180965,
        "WSE": 0.243367572764,
        "WCI99": 0.84387240032,
        "formule pr": -10.4160002542341,
        "LRR_moy": -0.203869988648333
      },
      "geometry": {
        "type": "Point",
        "coordinates": [
          714296.913828605,
          6148677.664883701
        ]
      }
    },
    {
      "type": "Feature",
      "properties": {
        "info": false,
        "cara": false,
        "regl": false,
        "tech": false,
        "projet": "Etat des lieux de la pêche artisanale",
        "id": null,
        "OBJECTID": 637,
        "BaselineID": 14,
        "GroupID": 0,
        "TransOrder": 416,
        "TransEdit": "0",
        "Azimuth": 294.210543646,
        "SHAPE_Leng": 150.746583154,
        "ShrCount": 8,
        "TCD": 24602.8638027,
        "SCE": 7.85240960383,
        "NSM": 1.94916252775,
        "EPR": 0.177196593432,
        "EPRunc": 1.28564869307,
        "LRR": -0.2351672648,
        "LR2": 0.145369926096,
        "LSE": 2.48892436545,
        "LCI99": 0.863029759728,
        "WLR": -0.235167264797,
        "WR2": 0.145369926092,
        "WSE": 0.248892436546,
        "WCI99": 0.863029759732,
        "formule pr": -9.93104321855414,
        "LRR_moy": -0.187704754125667
      },
      "geometry": {
        "type": "Point",
        "coordinates": [
          714301.6107215377,
          6148688.068199365
        ]
      }
    },
    {
      "type": "Feature",
      "properties": {
        "info": false,
        "cara": false,
        "regl": false,
        "tech": false,
        "projet": "Etat des lieux de la pêche artisanale",
        "id": null,
        "OBJECTID": 636,
        "BaselineID": 14,
        "GroupID": 0,
        "TransOrder": 415,
        "TransEdit": "0",
        "Azimuth": 297.840434388,
        "SHAPE_Leng": 151.363826245,
        "ShrCount": 8,
        "TCD": 24582.8638027,
        "SCE": 8.417438309710002,
        "NSM": 2.23192144279,
        "EPR": 0.202901949345,
        "EPRunc": 1.28564869307,
        "LRR": -0.186473765036,
        "LR2": 0.0819686249137,
        "LSE": 2.72399124488,
        "LCI99": 0.944538750236,
        "WLR": -0.186473765038,
        "WR2": 0.0819686249156,
        "WSE": 0.272399124488,
        "WCI99": 0.944538750236,
        "formule pr": -10.6381086479641,
        "LRR_moy": -0.211273601772667
      },
      "geometry": {
        "type": "Point",
        "coordinates": [
          714306.4124851588,
          6148697.365781212
        ]
      }
    },
    {
      "type": "Feature",
      "properties": {
        "info": false,
        "cara": false,
        "regl": false,
        "tech": false,
        "projet": "Etat des lieux de la pêche artisanale",
        "id": null,
        "OBJECTID": 635,
        "BaselineID": 14,
        "GroupID": 0,
        "TransOrder": 414,
        "TransEdit": "0",
        "Azimuth": 300.972843747,
        "SHAPE_Leng": 152.582506279,
        "ShrCount": 8,
        "TCD": 24562.8638027,
        "SCE": 8.24608890293,
        "NSM": 1.1257697784,
        "EPR": 0.102342707128,
        "EPRunc": 1.28564869307,
        "LRR": -0.212179775482,
        "LR2": 0.122206289848,
        "LSE": 2.48219827045,
        "LCI99": 0.860697499162,
        "WLR": -0.212179775482,
        "WR2": 0.122206289848,
        "WSE": 0.248219827045,
        "WCI99": 0.860697499163,
        "formule pr": -9.11749638268714,
        "LRR_moy": -0.160586526263433
      },
      "geometry": {
        "type": "Point",
        "coordinates": [
          714311.0807077135,
          6148708.229268405
        ]
      }
    },
    {
      "type": "Feature",
      "properties": {
        "info": false,
        "cara": false,
        "regl": false,
        "tech": false,
        "projet": "Etat des lieux de la pêche artisanale",
        "id": null,
        "OBJECTID": 634,
        "BaselineID": 14,
        "GroupID": 0,
        "TransOrder": 413,
        "TransEdit": "0",
        "Azimuth": 304.672618525,
        "SHAPE_Leng": 151.302884399,
        "ShrCount": 8,
        "TCD": 24542.8638027,
        "SCE": 6.35193219262,
        "NSM": 3.18334161014,
        "EPR": 0.289394691831,
        "EPRunc": 1.28564869307,
        "LRR": -0.0831060382723,
        "LR2": 0.0259919497433,
        "LSE": 2.22063639822,
        "LCI99": 0.770001420614,
        "WLR": -0.083106038271,
        "WR2": 0.0259919497424,
        "WSE": 0.222063639822,
        "WCI99": 0.770001420615,
        "formule pr": -8.79618461220714,
        "LRR_moy": -0.1498761339141
      },
      "geometry": {
        "type": "Point",
        "coordinates": [
          714317.0988022948,
          6148716.596819088
        ]
      }
    },
    {
      "type": "Feature",
      "properties": {
        "info": false,
        "cara": false,
        "regl": false,
        "tech": false,
        "projet": "Etat des lieux de la pêche artisanale",
        "id": null,
        "OBJECTID": 633,
        "BaselineID": 14,
        "GroupID": 0,
        "TransOrder": 412,
        "TransEdit": "0",
        "Azimuth": 310.018257123,
        "SHAPE_Leng": 151.313917928,
        "ShrCount": 8,
        "TCD": 24522.8638027,
        "SCE": 8.03703159314,
        "NSM": 3.39108888065,
        "EPR": 0.308280807332,
        "EPRunc": 1.28564869307,
        "LRR": -0.154342587988,
        "LR2": 0.0593349249286,
        "LSE": 2.68244681499,
        "LCI99": 0.930133298689,
        "WLR": -0.15434258799,
        "WR2": 0.0593349249297,
        "WSE": 0.268244681498,
        "WCI99": 0.930133298689,
        "formule pr": -8.55380293426714,
        "LRR_moy": -0.141796744649433
      },
      "geometry": {
        "type": "Point",
        "coordinates": [
          714320.6508232409,
          6148721.419838575
        ]
      }
    },
    {
      "type": "Feature",
      "properties": {
        "info": false,
        "cara": false,
        "regl": false,
        "tech": false,
        "projet": "Etat des lieux de la pêche artisanale",
        "id": null,
        "OBJECTID": 632,
        "BaselineID": 14,
        "GroupID": 0,
        "TransOrder": 411,
        "TransEdit": "0",
        "Azimuth": 315.767535448,
        "SHAPE_Leng": 151.092173822,
        "ShrCount": 8,
        "TCD": 24502.8638027,
        "SCE": 8.54370977941,
        "NSM": 3.36027610068,
        "EPR": 0.305479645516,
        "EPRunc": 1.28564869307,
        "LRR": -0.187941607688,
        "LR2": 0.0724596714823,
        "LSE": 2.935108691,
        "LCI99": 1.01774332058,
        "WLR": -0.187941607689,
        "WR2": 0.0724596714829,
        "WSE": 0.2935108691,
        "WCI99": 1.01774332058,
        "formule pr": -9.43416352992414,
        "LRR_moy": -0.171142097838
      },
      "geometry": {
        "type": "Point",
        "coordinates": [
          714323.5612883016,
          6148725.371738047
        ]
      }
    },
    {
      "type": "Feature",
      "properties": {
        "info": false,
        "cara": false,
        "regl": false,
        "tech": false,
        "projet": "Etat des lieux de la pêche artisanale",
        "id": null,
        "OBJECTID": 625,
        "BaselineID": 13,
        "GroupID": 0,
        "TransOrder": 410,
        "TransEdit": "0",
        "Azimuth": 122.64524342,
        "SHAPE_Leng": 150.075368046,
        "ShrCount": 8,
        "TCD": 24194.673659,
        "SCE": 2.58935695895,
        "NSM": -0.80303182482,
        "EPR": -0.0730028931654,
        "EPRunc": 1.28564869307,
        "LRR": -0.0810912074071,
        "LR2": 0.151637470271,
        "LSE": 0.837229015891,
        "LCI99": 0.29030755874,
        "WLR": -0.081091207402,
        "WR2": 0.151637470252,
        "WSE": 0.0837229015902,
        "WCI99": 0.290307558744,
        "formule pr": -5.89023971628239,
        "LRR_moy": -0.0660783141598
      },
      "geometry": {
        "type": "Point",
        "coordinates": [
          714105.910683438,
          6148968.107212802
        ]
      }
    },
    {
      "type": "Feature",
      "properties": {
        "info": false,
        "cara": false,
        "regl": false,
        "tech": false,
        "projet": "Etat des lieux de la pêche artisanale",
        "id": null,
        "OBJECTID": 624,
        "BaselineID": 13,
        "GroupID": 0,
        "TransOrder": 409,
        "TransEdit": "0",
        "Azimuth": 129.544522261,
        "SHAPE_Leng": 150.559913373,
        "ShrCount": 8,
        "TCD": 24174.673659,
        "SCE": 2.44958448434,
        "NSM": -0.487180951181,
        "EPR": -0.0442891773801,
        "EPRunc": 1.28564869307,
        "LRR": -0.0510654209125,
        "LR2": 0.0784265415696,
        "LSE": 0.76408802554,
        "LCI99": 0.264946060333,
        "WLR": -0.0510654209099,
        "WR2": 0.0784265415603,
        "WSE": 0.0764088025549,
        "WCI99": 0.264946060337,
        "formule pr": -5.65856516534639,
        "LRR_moy": -0.0583558291286
      },
      "geometry": {
        "type": "Point",
        "coordinates": [
          714104.5134542226,
          6148966.638937615
        ]
      }
    },
    {
      "type": "Feature",
      "properties": {
        "info": false,
        "cara": false,
        "regl": false,
        "tech": false,
        "projet": "Etat des lieux de la pêche artisanale",
        "id": null,
        "OBJECTID": 623,
        "BaselineID": 13,
        "GroupID": 0,
        "TransOrder": 408,
        "TransEdit": "0",
        "Azimuth": 135.669441185,
        "SHAPE_Leng": 150.310069616,
        "ShrCount": 8,
        "TCD": 24154.673659,
        "SCE": 2.08562434674,
        "NSM": -0.238514630083,
        "EPR": -0.0216831481894,
        "EPRunc": 1.28564869307,
        "LRR": -0.0429108590662,
        "LR2": 0.0646749719104,
        "LSE": 0.71230073589,
        "LCI99": 0.246988916772,
        "WLR": -0.0429108590663,
        "WR2": 0.0646749719111,
        "WSE": 0.0712300735886,
        "WCI99": 0.246988916771,
        "formule pr": -5.25320842328739,
        "LRR_moy": -0.044843937726633
      },
      "geometry": {
        "type": "Point",
        "coordinates": [
          714101.7694462262,
          6148963.7299638605
        ]
      }
    },
    {
      "type": "Feature",
      "properties": {
        "info": false,
        "cara": false,
        "regl": false,
        "tech": false,
        "projet": "Etat des lieux de la pêche artisanale",
        "id": null,
        "OBJECTID": 622,
        "BaselineID": 13,
        "GroupID": 0,
        "TransOrder": 407,
        "TransEdit": "0",
        "Azimuth": 141.583097314,
        "SHAPE_Leng": 150.269601707,
        "ShrCount": 8,
        "TCD": 24134.673659,
        "SCE": 2.61733296876,
        "NSM": 0.382771381926,
        "EPR": 0.0347973983569,
        "EPRunc": 1.28564869307,
        "LRR": -0.0405555332012,
        "LR2": 0.0460702474968,
        "LSE": 0.805528796834,
        "LCI99": 0.279315568459,
        "WLR": -0.0405555332056,
        "WR2": 0.0460702475069,
        "WSE": 0.0805528796828,
        "WCI99": 0.279315568457,
        "formule pr": -5.21212971941139,
        "LRR_moy": -0.043474647597433
      },
      "geometry": {
        "type": "Point",
        "coordinates": [
          714098.2758987275,
          6148960.853961942
        ]
      }
    },
    {
      "type": "Feature",
      "properties": {
        "info": false,
        "cara": false,
        "regl": false,
        "tech": false,
        "projet": "Etat des lieux de la pêche artisanale",
        "id": null,
        "OBJECTID": 621,
        "BaselineID": 13,
        "GroupID": 0,
        "TransOrder": 406,
        "TransEdit": "0",
        "Azimuth": 147.694904941,
        "SHAPE_Leng": 149.971658438,
        "ShrCount": 8,
        "TCD": 24114.673659,
        "SCE": 2.08973356745,
        "NSM": 0.195926448463,
        "EPR": 0.0178114953148,
        "EPRunc": 1.28564869307,
        "LRR": -0.0469575505249,
        "LR2": 0.0852711993479,
        "LSE": 0.671325982092,
        "LCI99": 0.232780999321,
        "WLR": -0.0469575505211,
        "WR2": 0.0852711993328,
        "WSE": 0.0671325982102,
        "WCI99": 0.232780999325,
        "formule pr": -5.69611843621339,
        "LRR_moy": -0.059607604824167
      },
      "geometry": {
        "type": "Point",
        "coordinates": [
          714094.9953091586,
          6148958.451195557
        ]
      }
    },
    {
      "type": "Feature",
      "properties": {
        "info": false,
        "cara": false,
        "regl": false,
        "tech": false,
        "projet": "Etat des lieux de la pêche artisanale",
        "id": null,
        "OBJECTID": 620,
        "BaselineID": 13,
        "GroupID": 0,
        "TransOrder": 405,
        "TransEdit": "0",
        "Azimuth": 154.045614221,
        "SHAPE_Leng": 150.132157012,
        "ShrCount": 8,
        "TCD": 24094.673659,
        "SCE": 2.01216690921,
        "NSM": -0.289151677148,
        "EPR": -0.0262865161044,
        "EPRunc": 1.28564869307,
        "LRR": -0.0913097307464,
        "LR2": 0.336654372552,
        "LSE": 0.559471410009,
        "LCI99": 0.19399564055,
        "WLR": -0.0913097307489,
        "WR2": 0.336654372575,
        "WSE": 0.0559471409996,
        "WCI99": 0.193995640545,
        "formule pr": -6.34244006525139,
        "LRR_moy": -0.081151659125433
      },
      "geometry": {
        "type": "Point",
        "coordinates": [
          714092.1649328673,
          6148956.434748532
        ]
      }
    },
    {
      "type": "Feature",
      "properties": {
        "info": false,
        "cara": false,
        "regl": false,
        "tech": false,
        "projet": "Etat des lieux de la pêche artisanale",
        "id": null,
        "OBJECTID": 619,
        "BaselineID": 13,
        "GroupID": 0,
        "TransOrder": 404,
        "TransEdit": "0",
        "Azimuth": 160.371604903,
        "SHAPE_Leng": 150.172402645,
        "ShrCount": 8,
        "TCD": 24074.673659,
        "SCE": 2.12207758021,
        "NSM": -1.53116598662,
        "EPR": -0.139196907875,
        "EPRunc": 1.28564869307,
        "LRR": -0.105187696105,
        "LR2": 0.28084575345,
        "LSE": 0.734725422626,
        "LCI99": 0.254764633975,
        "WLR": -0.105187696103,
        "WR2": 0.28084575344,
        "WSE": 0.0734725422631,
        "WCI99": 0.254764633977,
        "formule pr": -7.20110753712239,
        "LRR_moy": -0.1097739081878
      },
      "geometry": {
        "type": "Point",
        "coordinates": [
          714089.3473538382,
          6148953.958579324
        ]
      }
    },
    {
      "type": "Feature",
      "properties": {
        "info": false,
        "cara": false,
        "regl": false,
        "tech": false,
        "projet": "Etat des lieux de la pêche artisanale",
        "id": null,
        "OBJECTID": 618,
        "BaselineID": 13,
        "GroupID": 0,
        "TransOrder": 403,
        "TransEdit": "0",
        "Azimuth": 167.359231688,
        "SHAPE_Leng": 150.514468277,
        "ShrCount": 8,
        "TCD": 24054.6736591,
        "SCE": 2.54640628229,
        "NSM": -2.54640628229,
        "EPR": -0.231491480208,
        "EPRunc": 1.28564869307,
        "LRR": -0.132824297712,
        "LR2": 0.422913428031,
        "LSE": 0.677259812283,
        "LCI99": 0.234838543582,
        "WLR": -0.132824297714,
        "WR2": 0.422913428042,
        "WSE": 0.0677259812279,
        "WCI99": 0.234838543581,
        "formule pr": -7.47807019874339,
        "LRR_moy": -0.1190059969085
      },
      "geometry": {
        "type": "Point",
        "coordinates": [
          714087.6689611544,
          6148952.8654658375
        ]
      }
    },
    {
      "type": "Feature",
      "properties": {
        "info": false,
        "cara": false,
        "regl": false,
        "tech": false,
        "projet": "Etat des lieux de la pêche artisanale",
        "id": null,
        "OBJECTID": 614,
        "BaselineID": 13,
        "GroupID": 0,
        "TransOrder": 400,
        "TransEdit": "0",
        "Azimuth": 164.641265588,
        "SHAPE_Leng": 150.027679331,
        "ShrCount": 6,
        "TCD": 23894.673659,
        "SCE": 2.62555840382,
        "NSM": 0.887111482005,
        "EPR": 0.0806464983641,
        "EPRunc": 1.28564869307,
        "LRR": 0.185444995398,
        "LR2": 0.562075960873,
        "LSE": 0.823343021196,
        "LCI99": 0.376817681416,
        "WLR": 0.185444995392,
        "WR2": 0.562075960864,
        "WSE": 0.0823343021204,
        "WCI99": 0.376817681409,
        "formule pr": 0.931256166663261,
        "LRR_moy": 0.148233557976567
      },
      "geometry": {
        "type": "Point",
        "coordinates": [
          713929.3124400912,
          6148941.771170859
        ]
      }
    },
    {
      "type": "Feature",
      "properties": {
        "info": false,
        "cara": false,
        "regl": false,
        "tech": false,
        "projet": "Etat des lieux de la pêche artisanale",
        "id": null,
        "OBJECTID": 613,
        "BaselineID": 13,
        "GroupID": 0,
        "TransOrder": 399,
        "TransEdit": "0",
        "Azimuth": 172.103626389,
        "SHAPE_Leng": 149.992585362,
        "ShrCount": 6,
        "TCD": 23874.6736591,
        "SCE": 2.80442818762,
        "NSM": 1.01877374591,
        "EPR": 0.0926157950828,
        "EPRunc": 1.28564869307,
        "LRR": 0.196608905068,
        "LR2": 0.578370630453,
        "LSE": 0.844363206458,
        "LCI99": 0.386437945716,
        "WLR": 0.196608905062,
        "WR2": 0.578370630448,
        "WSE": 0.0844363206462,
        "WCI99": 0.386437945707,
        "formule pr": 2.21505793435626,
        "LRR_moy": 0.191026950233
      },
      "geometry": {
        "type": "Point",
        "coordinates": [
          713928.6601093505,
          6148941.513831368
        ]
      }
    },
    {
      "type": "Feature",
      "properties": {
        "info": false,
        "cara": false,
        "regl": false,
        "tech": false,
        "projet": "Etat des lieux de la pêche artisanale",
        "id": null,
        "OBJECTID": 604,
        "BaselineID": 13,
        "GroupID": 0,
        "TransOrder": 398,
        "TransEdit": "0",
        "Azimuth": 188.820548113,
        "SHAPE_Leng": 153.307204573,
        "ShrCount": 7,
        "TCD": 23614.673659,
        "SCE": 4.6326691763,
        "NSM": -0.32636136146,
        "EPR": -0.0296692146782,
        "EPRunc": 1.28564869307,
        "LRR": -0.216596081262,
        "LR2": 0.363650200425,
        "LSE": 1.304633874,
        "LCI99": 0.516663232956,
        "WLR": -0.216596081257,
        "WR2": 0.363650200416,
        "WSE": 0.130463387401,
        "WCI99": 0.516663232954,
        "formule pr": -11.978330846356,
        "LRR_moy": -0.2167632758105
      },
      "geometry": {
        "type": "Point",
        "coordinates": [
          713730.8275781693,
          6148947.12882154
        ]
      }
    },
    {
      "type": "Feature",
      "properties": {
        "info": false,
        "cara": false,
        "regl": false,
        "tech": false,
        "projet": "Etat des lieux de la pêche artisanale",
        "id": null,
        "OBJECTID": 603,
        "BaselineID": 13,
        "GroupID": 0,
        "TransOrder": 397,
        "TransEdit": "0",
        "Azimuth": 195.711060423,
        "SHAPE_Leng": 153.564275965,
        "ShrCount": 7,
        "TCD": 23594.673659,
        "SCE": 4.94487118321,
        "NSM": -0.220017207804,
        "EPR": -0.0200015643458,
        "EPRunc": 1.28564869307,
        "LRR": -0.216930470359,
        "LR2": 0.33790488097,
        "LSE": 1.38266042939,
        "LCI99": 0.547563436581,
        "WLR": -0.21693047035,
        "WR2": 0.337904880949,
        "WSE": 0.138266042941,
        "WCI99": 0.547563436584,
        "formule pr": -11.847110096461,
        "LRR_moy": -0.212389250814
      },
      "geometry": {
        "type": "Point",
        "coordinates": [
          713728.9527231145,
          6148947.861312482
        ]
      }
    },
    {
      "type": "Feature",
      "properties": {
        "info": false,
        "cara": false,
        "regl": false,
        "tech": false,
        "projet": "Etat des lieux de la pêche artisanale",
        "id": null,
        "OBJECTID": 602,
        "BaselineID": 13,
        "GroupID": 0,
        "TransOrder": 396,
        "TransEdit": "0",
        "Azimuth": 202.654849919,
        "SHAPE_Leng": 153.688005004,
        "ShrCount": 7,
        "TCD": 23574.673659,
        "SCE": 4.74514520472,
        "NSM": -0.0584132264449,
        "EPR": -0.00531029331317,
        "EPRunc": 1.28564869307,
        "LRR": -0.203641200821,
        "LR2": 0.303931903582,
        "LSE": 1.40325107626,
        "LCI99": 0.555717778114,
        "WLR": -0.203641200821,
        "WR2": 0.30393190359,
        "WSE": 0.140325107625,
        "WCI99": 0.555717778104,
        "formule pr": -11.193598901181,
        "LRR_moy": -0.190605544304667
      },
      "geometry": {
        "type": "Point",
        "coordinates": [
          713727.263403476,
          6148948.59873565
        ]
      }
    },
    {
      "type": "Feature",
      "properties": {
        "info": false,
        "cara": false,
        "regl": false,
        "tech": false,
        "projet": "Etat des lieux de la pêche artisanale",
        "id": null,
        "OBJECTID": 601,
        "BaselineID": 13,
        "GroupID": 0,
        "TransOrder": 395,
        "TransEdit": "0",
        "Azimuth": 209.417615173,
        "SHAPE_Leng": 153.798585639,
        "ShrCount": 7,
        "TCD": 23554.673659,
        "SCE": 4.01212644809,
        "NSM": 0.683468946321,
        "EPR": 0.0621335405746,
        "EPRunc": 1.28564869307,
        "LRR": -0.151244961734,
        "LR2": 0.199930954219,
        "LSE": 1.37764286228,
        "LCI99": 0.54557637148,
        "WLR": -0.151244961732,
        "WR2": 0.19993095422,
        "WSE": 0.137764286228,
        "WCI99": 0.545576371473,
        "formule pr": -10.602553478151,
        "LRR_moy": -0.170904030203667
      },
      "geometry": {
        "type": "Point",
        "coordinates": [
          713725.5584756801,
          6148950.248308256
        ]
      }
    },
    {
      "type": "Feature",
      "properties": {
        "info": false,
        "cara": false,
        "regl": false,
        "tech": false,
        "projet": "Etat des lieux de la pêche artisanale",
        "id": null,
        "OBJECTID": 600,
        "BaselineID": 13,
        "GroupID": 0,
        "TransOrder": 394,
        "TransEdit": "0",
        "Azimuth": 215.958582128,
        "SHAPE_Leng": 154.294288994,
        "ShrCount": 8,
        "TCD": 23534.673659,
        "SCE": 4.474344869740001,
        "NSM": 1.57966706559,
        "EPR": 0.143606096872,
        "EPRunc": 1.28564869307,
        "LRR": -0.157825928056,
        "LR2": 0.14572122885,
        "LSE": 1.66801432823,
        "LCI99": 0.578380775607,
        "WLR": -0.157825928055,
        "WR2": 0.145721228847,
        "WSE": 0.166801432823,
        "WCI99": 0.578380775609,
        "formule pr": -10.201356321741,
        "LRR_moy": -0.157530791656667
      },
      "geometry": {
        "type": "Point",
        "coordinates": [
          713723.5482622244,
          6148952.19325458
        ]
      }
    },
    {
      "type": "Feature",
      "properties": {
        "info": false,
        "cara": false,
        "regl": false,
        "tech": false,
        "projet": "Etat des lieux de la pêche artisanale",
        "id": null,
        "OBJECTID": 599,
        "BaselineID": 13,
        "GroupID": 0,
        "TransOrder": 393,
        "TransEdit": "0",
        "Azimuth": 221.220237502,
        "SHAPE_Leng": 153.560674865,
        "ShrCount": 8,
        "TCD": 23514.673659,
        "SCE": 3.50992755018,
        "NSM": 1.1312096287,
        "EPR": 0.102837238972,
        "EPRunc": 1.28564869307,
        "LRR": -0.16352148518,
        "LR2": 0.203096893388,
        "LSE": 1.41386835134,
        "LCI99": 0.490256144577,
        "WLR": -0.163521485184,
        "WR2": 0.203096893397,
        "WSE": 0.141386835133,
        "WCI99": 0.490256144574,
        "formule pr": -10.020594119851,
        "LRR_moy": -0.151505384927
      },
      "geometry": {
        "type": "Point",
        "coordinates": [
          713719.2007701014,
          6148956.476561256
        ]
      }
    },
    {
      "type": "Feature",
      "properties": {
        "info": false,
        "cara": false,
        "regl": false,
        "tech": false,
        "projet": "Etat des lieux de la pêche artisanale",
        "id": null,
        "OBJECTID": 598,
        "BaselineID": 13,
        "GroupID": 0,
        "TransOrder": 392,
        "TransEdit": "0",
        "Azimuth": 226.44349294,
        "SHAPE_Leng": 153.129971262,
        "ShrCount": 8,
        "TCD": 23494.673659,
        "SCE": 3.48004218634,
        "NSM": 1.22110569288,
        "EPR": 0.111009608444,
        "EPRunc": 1.28564869307,
        "LRR": -0.133168741545,
        "LR2": 0.168020480784,
        "LSE": 1.29348242531,
        "LCI99": 0.448512555152,
        "WLR": -0.133168741545,
        "WR2": 0.168020480784,
        "WSE": 0.129348242531,
        "WCI99": 0.448512555153,
        "formule pr": -9.72322302319096,
        "LRR_moy": -0.141593015038333
      },
      "geometry": {
        "type": "Point",
        "coordinates": [
          713715.1157870083,
          6148961.154452347
        ]
      }
    },
    {
      "type": "Feature",
      "properties": {
        "info": false,
        "cara": false,
        "regl": false,
        "tech": false,
        "projet": "Etat des lieux de la pêche artisanale",
        "id": null,
        "OBJECTID": 597,
        "BaselineID": 13,
        "GroupID": 0,
        "TransOrder": 391,
        "TransEdit": "0",
        "Azimuth": 231.800029363,
        "SHAPE_Leng": 153.551885949,
        "ShrCount": 8,
        "TCD": 23474.673659,
        "SCE": 4.28383898438,
        "NSM": 1.55477869408,
        "EPR": 0.141343517644,
        "EPRunc": 1.28564869307,
        "LRR": -0.12808881839,
        "LR2": 0.120195933836,
        "LSE": 1.5126635577,
        "LCI99": 0.524513193281,
        "WLR": -0.12808881839,
        "WR2": 0.120195933837,
        "WSE": 0.15126635577,
        "WCI99": 0.524513193281,
        "formule pr": -9.39429597106596,
        "LRR_moy": -0.1306287799675
      },
      "geometry": {
        "type": "Point",
        "coordinates": [
          713711.2637630213,
          6148965.565571875
        ]
      }
    },
    {
      "type": "Feature",
      "properties": {
        "info": false,
        "cara": false,
        "regl": false,
        "tech": false,
        "projet": "Etat des lieux de la pêche artisanale",
        "id": null,
        "OBJECTID": 592,
        "BaselineID": 13,
        "GroupID": 0,
        "TransOrder": 390,
        "TransEdit": "0",
        "Azimuth": 242.441724644,
        "SHAPE_Leng": 155.357654878,
        "ShrCount": 8,
        "TCD": 23374.673659,
        "SCE": 7.90231160012,
        "NSM": -1.48917903118,
        "EPR": -0.135379911925,
        "EPRunc": 1.28564869307,
        "LRR": -0.31397766764,
        "LR2": 0.281451801216,
        "LSE": 2.18981651021,
        "LCI99": 0.759314683439,
        "WLR": -0.313977667644,
        "WR2": 0.281451801222,
        "WSE": 0.21898165102,
        "WCI99": 0.759314683436,
        "formule pr": -16.723299301876,
        "LRR_moy": -0.3749288909945
      },
      "geometry": {
        "type": "Point",
        "coordinates": [
          713670.4239117497,
          6149024.296822072
        ]
      }
    },
    {
      "type": "Feature",
      "properties": {
        "info": false,
        "cara": false,
        "regl": false,
        "tech": false,
        "projet": "Etat des lieux de la pêche artisanale",
        "id": null,
        "OBJECTID": 591,
        "BaselineID": 13,
        "GroupID": 0,
        "TransOrder": 389,
        "TransEdit": "0",
        "Azimuth": 247.801704354,
        "SHAPE_Leng": 155.272705394,
        "ShrCount": 8,
        "TCD": 23354.673659,
        "SCE": 5.97660751368,
        "NSM": -3.57451600199,
        "EPR": -0.324956000181,
        "EPRunc": 1.28564869307,
        "LRR": -0.435880114349,
        "LR2": 0.739136688741,
        "LSE": 1.1303012502,
        "LCI99": 0.391929795023,
        "WLR": -0.435880114349,
        "WR2": 0.73913668874,
        "WSE": 0.11303012502,
        "WCI99": 0.391929795024,
        "formule pr": -18.157616587781,
        "LRR_moy": -0.422739467191333
      },
      "geometry": {
        "type": "Point",
        "coordinates": [
          713667.4792590699,
          6149029.470054758
        ]
      }
    },
    {
      "type": "Feature",
      "properties": {
        "info": false,
        "cara": false,
        "regl": false,
        "tech": false,
        "projet": "Etat des lieux de la pêche artisanale",
        "id": null,
        "OBJECTID": 590,
        "BaselineID": 13,
        "GroupID": 0,
        "TransOrder": 388,
        "TransEdit": "0",
        "Azimuth": 253.93775743,
        "SHAPE_Leng": 155.085550451,
        "ShrCount": 8,
        "TCD": 23334.673659,
        "SCE": 5.47141550841,
        "NSM": -4.65131509312,
        "EPR": -0.422846826647,
        "EPRunc": 1.28564869307,
        "LRR": -0.518360619585,
        "LR2": 0.886230223055,
        "LSE": 0.810690727614,
        "LCI99": 0.281105458076,
        "WLR": -0.518360619588,
        "WR2": 0.886230223064,
        "WSE": 0.0810690727583,
        "WCI99": 0.281105458066,
        "formule pr": -19.613750068971,
        "LRR_moy": -0.471277249897667
      },
      "geometry": {
        "type": "Point",
        "coordinates": [
          713665.9165957236,
          6149033.063637988
        ]
      }
    },
    {
      "type": "Feature",
      "properties": {
        "info": false,
        "cara": false,
        "regl": false,
        "tech": false,
        "projet": "Etat des lieux de la pêche artisanale",
        "id": null,
        "OBJECTID": 589,
        "BaselineID": 13,
        "GroupID": 0,
        "TransOrder": 387,
        "TransEdit": "0",
        "Azimuth": 259.600373299,
        "SHAPE_Leng": 153.34857357,
        "ShrCount": 8,
        "TCD": 23314.673659,
        "SCE": 4.5979116368,
        "NSM": -3.89078166841,
        "EPR": -0.353707424401,
        "EPRunc": 1.28564869307,
        "LRR": -0.459591015759,
        "LR2": 0.875071936787,
        "LSE": 0.757988621269,
        "LCI99": 0.262831103577,
        "WLR": -0.459591015757,
        "WR2": 0.875071936775,
        "WSE": 0.0757988621304,
        "WCI99": 0.262831103589,
        "formule pr": -19.612367555791,
        "LRR_moy": -0.471231166125
      },
      "geometry": {
        "type": "Point",
        "coordinates": [
          713665.414470972,
          6149038.225474079
        ]
      }
    },
    {
      "type": "Feature",
      "properties": {
        "info": false,
        "cara": false,
        "regl": false,
        "tech": false,
        "projet": "Etat des lieux de la pêche artisanale",
        "id": null,
        "OBJECTID": 588,
        "BaselineID": 13,
        "GroupID": 0,
        "TransOrder": 386,
        "TransEdit": "0",
        "Azimuth": 264.982238914,
        "SHAPE_Leng": 153.786210534,
        "ShrCount": 8,
        "TCD": 23294.673659,
        "SCE": 4.68953271515,
        "NSM": -3.55167737561,
        "EPR": -0.322879761419,
        "EPRunc": 1.28564869307,
        "LRR": -0.435741863031,
        "LR2": 0.794908008769,
        "LSE": 0.966113678329,
        "LCI99": 0.334998068745,
        "WLR": -0.435741863032,
        "WR2": 0.79490800877,
        "WSE": 0.0966113678327,
        "WCI99": 0.334998068745,
        "formule pr": -18.520369736631,
        "LRR_moy": -0.434831238819667
      },
      "geometry": {
        "type": "Point",
        "coordinates": [
          713665.22106605,
          6149044.162459825
        ]
      }
    },
    {
      "type": "Feature",
      "properties": {
        "info": false,
        "cara": false,
        "regl": false,
        "tech": false,
        "projet": "Etat des lieux de la pêche artisanale",
        "id": null,
        "OBJECTID": 587,
        "BaselineID": 13,
        "GroupID": 0,
        "TransOrder": 385,
        "TransEdit": "0",
        "Azimuth": 269.53586432,
        "SHAPE_Leng": 153.300616121,
        "ShrCount": 8,
        "TCD": 23274.673659,
        "SCE": 4.82777784635,
        "NSM": -2.88636084494,
        "EPR": -0.262396440449,
        "EPRunc": 1.28564869307,
        "LRR": -0.409160837669,
        "LR2": 0.741073675131,
        "LSE": 1.05568536257,
        "LCI99": 0.366056878808,
        "WLR": -0.409160837676,
        "WR2": 0.741073675154,
        "WSE": 0.105568536252,
        "WCI99": 0.366056878791,
        "formule pr": -16.790583121081,
        "LRR_moy": -0.377171684968
      },
      "geometry": {
        "type": "Point",
        "coordinates": [
          713665.2441033794,
          6149052.2281659
        ]
      }
    },
    {
      "type": "Feature",
      "properties": {
        "info": false,
        "cara": false,
        "regl": false,
        "tech": false,
        "projet": "Etat des lieux de la pêche artisanale",
        "id": null,
        "OBJECTID": 586,
        "BaselineID": 13,
        "GroupID": 0,
        "TransOrder": 384,
        "TransEdit": "0",
        "Azimuth": 273.207289385,
        "SHAPE_Leng": 153.889133986,
        "ShrCount": 8,
        "TCD": 23254.673659,
        "SCE": 4.99029848472,
        "NSM": -0.262150281516,
        "EPR": -0.0238318437741,
        "EPRunc": 1.28564869307,
        "LRR": -0.286612354204,
        "LR2": 0.382329151203,
        "LSE": 1.59014886326,
        "LCI99": 0.551381074671,
        "WLR": -0.286612354208,
        "WR2": 0.382329151214,
        "WSE": 0.159014886325,
        "WCI99": 0.551381074666,
        "formule pr": -14.111123846611,
        "LRR_moy": -0.287856375819
      },
      "geometry": {
        "type": "Point",
        "coordinates": [
          713667.5781788869,
          6149062.460881649
        ]
      }
    },
    {
      "type": "Feature",
      "properties": {
        "info": false,
        "cara": false,
        "regl": false,
        "tech": false,
        "projet": "Etat des lieux de la pêche artisanale",
        "id": null,
        "OBJECTID": 585,
        "BaselineID": 13,
        "GroupID": 0,
        "TransOrder": 383,
        "TransEdit": "0",
        "Azimuth": 276.743229218,
        "SHAPE_Leng": 153.272620326,
        "ShrCount": 8,
        "TCD": 23234.673659,
        "SCE": 4.39063970665,
        "NSM": 1.01208841358,
        "EPR": 0.0920080375978,
        "EPRunc": 1.28564869307,
        "LRR": -0.167795935584,
        "LR2": 0.181461971723,
        "LSE": 1.55557546676,
        "LCI99": 0.539392815608,
        "WLR": -0.167795935587,
        "WR2": 0.18146197173,
        "WSE": 0.155557546675,
        "WCI99": 0.539392815605,
        "formule pr": -10.711115392058,
        "LRR_moy": -0.174522760667233
      },
      "geometry": {
        "type": "Point",
        "coordinates": [
          713669.3400018292,
          6149072.901658903
        ]
      }
    },
    {
      "type": "Feature",
      "properties": {
        "info": false,
        "cara": false,
        "regl": false,
        "tech": false,
        "projet": "Etat des lieux de la pêche artisanale",
        "id": null,
        "OBJECTID": 584,
        "BaselineID": 13,
        "GroupID": 0,
        "TransOrder": 382,
        "TransEdit": "0",
        "Azimuth": 280.346860763,
        "SHAPE_Leng": 152.778327804,
        "ShrCount": 8,
        "TCD": 23214.673659,
        "SCE": 3.40387130178,
        "NSM": 1.12052310183,
        "EPR": 0.10186573653,
        "EPRunc": 1.28564869307,
        "LRR": -0.0691599922137,
        "LR2": 0.0604892788851,
        "LSE": 1.18973334207,
        "LCI99": 0.412537759123,
        "WLR": -0.0691599922146,
        "WR2": 0.0604892788868,
        "WSE": 0.118973334207,
        "WCI99": 0.412537759123,
        "formule pr": -8.02527541690596,
        "LRR_moy": -0.0849947614955
      },
      "geometry": {
        "type": "Point",
        "coordinates": [
          713670.761600004,
          6149083.175302868
        ]
      }
    },
    {
      "type": "Feature",
      "properties": {
        "info": false,
        "cara": false,
        "regl": false,
        "tech": false,
        "projet": "Etat des lieux de la pêche artisanale",
        "id": null,
        "OBJECTID": 583,
        "BaselineID": 13,
        "GroupID": 0,
        "TransOrder": 381,
        "TransEdit": "0",
        "Azimuth": 283.435639038,
        "SHAPE_Leng": 152.751912372,
        "ShrCount": 8,
        "TCD": 23194.673659,
        "SCE": 2.81793284412,
        "NSM": 0.445204903258,
        "EPR": 0.0404731730235,
        "EPRunc": 1.28564869307,
        "LRR": -0.0180283566888,
        "LR2": 0.00510307079272,
        "LSE": 1.09878423845,
        "LCI99": 0.381001331526,
        "WLR": -0.0180283566823,
        "WR2": 0.005103070789,
        "WSE": 0.109878423845,
        "WCI99": 0.381001331527,
        "formule pr": -6.01513277534296,
        "LRR_moy": -0.017990006776733
      },
      "geometry": {
        "type": "Point",
        "coordinates": [
          713672.075115579,
          6149094.940545775
        ]
      }
    },
    {
      "type": "Feature",
      "properties": {
        "info": false,
        "cara": false,
        "regl": false,
        "tech": false,
        "projet": "Etat des lieux de la pêche artisanale",
        "id": null,
        "OBJECTID": 582,
        "BaselineID": 13,
        "GroupID": 0,
        "TransOrder": 380,
        "TransEdit": "0",
        "Azimuth": 285.069488883,
        "SHAPE_Leng": 152.921573204,
        "ShrCount": 8,
        "TCD": 23174.673659,
        "SCE": 2.62723136707,
        "NSM": 0.92493170646,
        "EPR": 0.0840847005872,
        "EPRunc": 1.28564869307,
        "LRR": 0.0332183285723,
        "LR2": 0.023319968398,
        "LSE": 0.938367553493,
        "LCI99": 0.325377153067,
        "WLR": 0.0332183285687,
        "WR2": 0.0233199683933,
        "WSE": 0.0938367553488,
        "WCI99": 0.325377153065,
        "formule pr": -5.07442186092096,
        "LRR_moy": 0.013367023704
      },
      "geometry": {
        "type": "Point",
        "coordinates": [
          713676.3992507134,
          6149109.99866505
        ]
      }
    },
    {
      "type": "Feature",
      "properties": {
        "info": false,
        "cara": false,
        "regl": false,
        "tech": false,
        "projet": "Etat des lieux de la pêche artisanale",
        "id": null,
        "OBJECTID": 581,
        "BaselineID": 13,
        "GroupID": 0,
        "TransOrder": 379,
        "TransEdit": "0",
        "Azimuth": 287.537929086,
        "SHAPE_Leng": 152.537391634,
        "ShrCount": 8,
        "TCD": 23154.673659,
        "SCE": 2.79121295215,
        "NSM": 0.734691132566,
        "EPR": 0.0667901029605,
        "EPRunc": 1.28564869307,
        "LRR": 0.0249110992285,
        "LR2": 0.010223683117,
        "LSE": 1.06989402233,
        "LCI99": 0.370983704386,
        "WLR": 0.0249110992284,
        "WR2": 0.010223683117,
        "WSE": 0.106989402233,
        "WCI99": 0.370983704384,
        "formule pr": -7.24718421296296,
        "LRR_moy": -0.059058388030733
      },
      "geometry": {
        "type": "Point",
        "coordinates": [
          713680.5550866835,
          6149122.7857343275
        ]
      }
    },
    {
      "type": "Feature",
      "properties": {
        "info": false,
        "cara": false,
        "regl": false,
        "tech": false,
        "projet": "Etat des lieux de la pêche artisanale",
        "id": null,
        "OBJECTID": 580,
        "BaselineID": 13,
        "GroupID": 0,
        "TransOrder": 378,
        "TransEdit": "0",
        "Azimuth": 289.549878964,
        "SHAPE_Leng": 154.006103795,
        "ShrCount": 8,
        "TCD": 23134.673659,
        "SCE": 4.74922262023,
        "NSM": -0.265461203468,
        "EPR": -0.0241328366789,
        "EPRunc": 1.28564869307,
        "LRR": -0.235304591893,
        "LR2": 0.387724817784,
        "LSE": 1.2906989617,
        "LCI99": 0.447547394473,
        "WLR": -0.235304591895,
        "WR2": 0.387724817792,
        "WSE": 0.129069896169,
        "WCI99": 0.447547394469,
        "formule pr": -12.149594250936,
        "LRR_moy": -0.222472055963167
      },
      "geometry": {
        "type": "Point",
        "coordinates": [
          713685.3200637348,
          6149136.602525815
        ]
      }
    },
    {
      "type": "Feature",
      "properties": {
        "info": false,
        "cara": false,
        "regl": false,
        "tech": false,
        "projet": "Etat des lieux de la pêche artisanale",
        "id": null,
        "OBJECTID": 579,
        "BaselineID": 13,
        "GroupID": 0,
        "TransOrder": 377,
        "TransEdit": "0",
        "Azimuth": 292.239925493,
        "SHAPE_Leng": 158.06330459,
        "ShrCount": 8,
        "TCD": 23114.673659,
        "SCE": 8.61116459887,
        "NSM": -1.19609486397,
        "EPR": -0.108735896725,
        "EPRunc": 1.28564869307,
        "LRR": -0.457022675225,
        "LR2": 0.47486958583,
        "LSE": 2.09781500389,
        "LCI99": 0.727413337222,
        "WLR": -0.457022675227,
        "WR2": 0.474869585833,
        "WSE": 0.209781500389,
        "WCI99": 0.72741333722,
        "formule pr": -17.205488252211,
        "LRR_moy": -0.391001856005667
      },
      "geometry": {
        "type": "Point",
        "coordinates": [
          713689.6890594626,
          6149148.669485979
        ]
      }
    },
    {
      "type": "Feature",
      "properties": {
        "info": false,
        "cara": false,
        "regl": false,
        "tech": false,
        "projet": "Etat des lieux de la pêche artisanale",
        "id": null,
        "OBJECTID": 577,
        "BaselineID": 13,
        "GroupID": 0,
        "TransOrder": 376,
        "TransEdit": "0",
        "Azimuth": 301.778869339,
        "SHAPE_Leng": 158.888399691,
        "ShrCount": 7,
        "TCD": 23074.673659,
        "SCE": 8.303071650550002,
        "NSM": -1.803545307,
        "EPR": -0.163958664272,
        "EPRunc": 1.28564869307,
        "LRR": -0.480678300899,
        "LR2": 0.504597305041,
        "LSE": 2.16866890156,
        "LCI99": 0.858839792697,
        "WLR": -0.480678300889,
        "WR2": 0.504597305032,
        "WSE": 0.216866890158,
        "WCI99": 0.858839792695,
        "formule pr": -19.540947213901,
        "LRR_moy": -0.468850488062
      },
      "geometry": {
        "type": "Point",
        "coordinates": [
          713696.7453024974,
          6149161.155444843
        ]
      }
    },
    {
      "type": "Feature",
      "properties": {
        "info": false,
        "cara": false,
        "regl": false,
        "tech": false,
        "projet": "Etat des lieux de la pêche artisanale",
        "id": null,
        "OBJECTID": 565,
        "BaselineID": 12,
        "GroupID": 0,
        "TransOrder": 375,
        "TransEdit": "0",
        "Azimuth": 252.797552806,
        "SHAPE_Leng": 150.001168211,
        "ShrCount": 7,
        "TCD": 21785.284414099995,
        "SCE": 6.33136799381,
        "NSM": -1.78522339607,
        "EPR": -0.162293036006,
        "EPRunc": 1.28564869307,
        "LRR": -0.300033727618,
        "LR2": 0.407128207723,
        "LSE": 1.64860605417,
        "LCI99": 0.652883656322,
        "WLR": -0.300033727612,
        "WR2": 0.407128207716,
        "WSE": 0.164860605418,
        "WCI99": 0.652883656319,
        "formule pr": -14.2042595837365,
        "LRR_moy": -0.3040202351585
      },
      "geometry": {
        "type": "Point",
        "coordinates": [
          713165.7232242596,
          6150265.522121067
        ]
      }
    },
    {
      "type": "Feature",
      "properties": {
        "info": false,
        "cara": false,
        "regl": false,
        "tech": false,
        "projet": "Etat des lieux de la pêche artisanale",
        "id": null,
        "OBJECTID": 564,
        "BaselineID": 12,
        "GroupID": 0,
        "TransOrder": 374,
        "TransEdit": "0",
        "Azimuth": 257.841822694,
        "SHAPE_Leng": 150.167254756,
        "ShrCount": 8,
        "TCD": 21765.284414099995,
        "SCE": 5.99058925474,
        "NSM": -1.04621899539,
        "EPR": -0.0951108177627,
        "EPRunc": 1.28564869307,
        "LRR": -0.308006742699,
        "LR2": 0.423855802136,
        "LSE": 1.56747197372,
        "LCI99": 0.543517906628,
        "WLR": -0.308006742698,
        "WR2": 0.423855802132,
        "WSE": 0.156747197373,
        "WCI99": 0.543517906631,
        "formule pr": -14.1276954059915,
        "LRR_moy": -0.301468095900333
      },
      "geometry": {
        "type": "Point",
        "coordinates": [
          713164.8648908242,
          6150272.438729321
        ]
      }
    },
    {
      "type": "Feature",
      "properties": {
        "info": false,
        "cara": false,
        "regl": false,
        "tech": false,
        "projet": "Etat des lieux de la pêche artisanale",
        "id": null,
        "OBJECTID": 563,
        "BaselineID": 12,
        "GroupID": 0,
        "TransOrder": 373,
        "TransEdit": "0",
        "Azimuth": 262.38569946,
        "SHAPE_Leng": 150.015634916,
        "ShrCount": 8,
        "TCD": 21745.284414099995,
        "SCE": 6.31926991438,
        "NSM": -0.439749313723,
        "EPR": -0.0399772103385,
        "EPRunc": 1.28564869307,
        "LRR": -0.296363817384,
        "LR2": 0.31554449509,
        "LSE": 1.90524362458,
        "LCI99": 0.66063958004,
        "WLR": -0.296363817382,
        "WR2": 0.315544495085,
        "WSE": 0.190524362458,
        "WCI99": 0.660639580043,
        "formule pr": -13.8588564868115,
        "LRR_moy": -0.292506798594333
      },
      "geometry": {
        "type": "Point",
        "coordinates": [
          713164.2011607598,
          6150280.625141283
        ]
      }
    },
    {
      "type": "Feature",
      "properties": {
        "info": false,
        "cara": false,
        "regl": false,
        "tech": false,
        "projet": "Etat des lieux de la pêche artisanale",
        "id": null,
        "OBJECTID": 562,
        "BaselineID": 12,
        "GroupID": 0,
        "TransOrder": 372,
        "TransEdit": "0",
        "Azimuth": 266.82155382,
        "SHAPE_Leng": 150.112154475,
        "ShrCount": 8,
        "TCD": 21725.284414099995,
        "SCE": 5.89930647331,
        "NSM": -0.127991543529,
        "EPR": -0.0116355948663,
        "EPRunc": 1.28564869307,
        "LRR": -0.2731498357,
        "LR2": 0.285723982041,
        "LSE": 1.88514022918,
        "LCI99": 0.653668766166,
        "WLR": -0.273149835701,
        "WR2": 0.285723982044,
        "WSE": 0.188514022917,
        "WCI99": 0.653668766165,
        "formule pr": -13.4754051416915,
        "LRR_moy": -0.279725087090333
      },
      "geometry": {
        "type": "Point",
        "coordinates": [
          713163.7366675661,
          6150289.049170953
        ]
      }
    },
    {
      "type": "Feature",
      "properties": {
        "info": false,
        "cara": false,
        "regl": false,
        "tech": false,
        "projet": "Etat des lieux de la pêche artisanale",
        "id": null,
        "OBJECTID": 561,
        "BaselineID": 12,
        "GroupID": 0,
        "TransOrder": 371,
        "TransEdit": "0",
        "Azimuth": 270.577531035,
        "SHAPE_Leng": 150.001503365,
        "ShrCount": 8,
        "TCD": 21705.284414099995,
        "SCE": 5.40782367169,
        "NSM": -0.134507150415,
        "EPR": -0.012227922765,
        "EPRunc": 1.28564869307,
        "LRR": -0.269661608187,
        "LR2": 0.301402737224,
        "LSE": 1.79201646017,
        "LCI99": 0.621378277509,
        "WLR": -0.26966160819,
        "WR2": 0.301402737231,
        "WSE": 0.179201646016,
        "WCI99": 0.621378277507,
        "formule pr": -12.7323124331815,
        "LRR_moy": -0.25495533014
      },
      "geometry": {
        "type": "Point",
        "coordinates": [
          713163.4493838483,
          6150299.230381666
        ]
      }
    },
    {
      "type": "Feature",
      "properties": {
        "info": false,
        "cara": false,
        "regl": false,
        "tech": false,
        "projet": "Etat des lieux de la pêche artisanale",
        "id": null,
        "OBJECTID": 560,
        "BaselineID": 12,
        "GroupID": 0,
        "TransOrder": 370,
        "TransEdit": "0",
        "Azimuth": 274.15144663,
        "SHAPE_Leng": 150.106516559,
        "ShrCount": 8,
        "TCD": 21685.284414099995,
        "SCE": 4.61360000675,
        "NSM": 0.0186361816681,
        "EPR": 0.00169419833346,
        "EPRunc": 1.28564869307,
        "LRR": -0.222054546533,
        "LR2": 0.263170485036,
        "LSE": 1.62183854111,
        "LCI99": 0.562369409808,
        "WLR": -0.222054546534,
        "WR2": 0.263170485038,
        "WSE": 0.162183854111,
        "WCI99": 0.562369409807,
        "formule pr": -12.3096278844315,
        "LRR_moy": -0.240865845181667
      },
      "geometry": {
        "type": "Point",
        "coordinates": [
          713164.1626059113,
          6150309.8695219625
        ]
      }
    },
    {
      "type": "Feature",
      "properties": {
        "info": false,
        "cara": false,
        "regl": false,
        "tech": false,
        "projet": "Etat des lieux de la pêche artisanale",
        "id": null,
        "OBJECTID": 559,
        "BaselineID": 12,
        "GroupID": 0,
        "TransOrder": 369,
        "TransEdit": "0",
        "Azimuth": 278.16871722,
        "SHAPE_Leng": 150.291812014,
        "ShrCount": 8,
        "TCD": 21665.284414099995,
        "SCE": 5.15627806162,
        "NSM": 0.0761141379147,
        "EPR": 0.00691946708315,
        "EPRunc": 1.28564869307,
        "LRR": -0.230881380825,
        "LR2": 0.25524835029,
        "LSE": 1.72145710948,
        "LCI99": 0.596911957711,
        "WLR": -0.230881380829,
        "WR2": 0.255248350298,
        "WSE": 0.172145710947,
        "WCI99": 0.596911957708,
        "formule pr": -11.2643452825215,
        "LRR_moy": -0.206023091784667
      },
      "geometry": {
        "type": "Point",
        "coordinates": [
          713165.1146991436,
          6150319.326682356
        ]
      }
    },
    {
      "type": "Feature",
      "properties": {
        "info": false,
        "cara": false,
        "regl": false,
        "tech": false,
        "projet": "Etat des lieux de la pêche artisanale",
        "id": null,
        "OBJECTID": 558,
        "BaselineID": 12,
        "GroupID": 0,
        "TransOrder": 368,
        "TransEdit": "0",
        "Azimuth": 281.935848496,
        "SHAPE_Leng": 150.153124361,
        "ShrCount": 8,
        "TCD": 21645.284414099995,
        "SCE": 4.28117863542,
        "NSM": 0.198688793277,
        "EPR": 0.0180626175706,
        "EPRunc": 1.28564869307,
        "LRR": -0.165133347996,
        "LR2": 0.178009996918,
        "LSE": 1.54891964547,
        "LCI99": 0.537084922315,
        "WLR": -0.165133348002,
        "WR2": 0.178009996929,
        "WSE": 0.154891964546,
        "WCI99": 0.537084922313,
        "formule pr": -10.9343435197815,
        "LRR_moy": -0.195023033026667
      },
      "geometry": {
        "type": "Point",
        "coordinates": [
          713166.5043537102,
          6150329.411176162
        ]
      }
    },
    {
      "type": "Feature",
      "properties": {
        "info": false,
        "cara": false,
        "regl": false,
        "tech": false,
        "projet": "Etat des lieux de la pêche artisanale",
        "id": null,
        "OBJECTID": 557,
        "BaselineID": 12,
        "GroupID": 0,
        "TransOrder": 367,
        "TransEdit": "0",
        "Azimuth": 285.617913728,
        "SHAPE_Leng": 150.050463265,
        "ShrCount": 8,
        "TCD": 21625.284414099995,
        "SCE": 5.11471173002,
        "NSM": 0.625008344829,
        "EPR": 0.056818940439,
        "EPRunc": 1.28564869307,
        "LRR": -0.189054370259,
        "LR2": 0.159788859467,
        "LSE": 1.89230318785,
        "LCI99": 0.656152508376,
        "WLR": -0.189054370259,
        "WR2": 0.159788859466,
        "WSE": 0.189230318786,
        "WCI99": 0.656152508378,
        "formule pr": -10.7258585313515,
        "LRR_moy": -0.188073533412333
      },
      "geometry": {
        "type": "Point",
        "coordinates": [
          713169.022268901,
          6150339.484440276
        ]
      }
    },
    {
      "type": "Feature",
      "properties": {
        "info": false,
        "cara": false,
        "regl": false,
        "tech": false,
        "projet": "Etat des lieux de la pêche artisanale",
        "id": null,
        "OBJECTID": 556,
        "BaselineID": 12,
        "GroupID": 0,
        "TransOrder": 366,
        "TransEdit": "0",
        "Azimuth": 290.093895846,
        "SHAPE_Leng": 150.016993308,
        "ShrCount": 8,
        "TCD": 21605.284414099995,
        "SCE": 5.32753989458,
        "NSM": 0.647684275607,
        "EPR": 0.0588803886915,
        "EPRunc": 1.28564869307,
        "LRR": -0.210032881982,
        "LR2": 0.167824055109,
        "LSE": 2.04150663457,
        "LCI99": 0.70788851794,
        "WLR": -0.21003288198,
        "WR2": 0.167824055106,
        "WSE": 0.204150663458,
        "WCI99": 0.707888517942,
        "formule pr": -11.5136604764515,
        "LRR_moy": -0.214333598249
      },
      "geometry": {
        "type": "Point",
        "coordinates": [
          713171.6728209332,
          6150347.371170708
        ]
      }
    },
    {
      "type": "Feature",
      "properties": {
        "info": false,
        "cara": false,
        "regl": false,
        "tech": false,
        "projet": "Etat des lieux de la pêche artisanale",
        "id": null,
        "OBJECTID": 555,
        "BaselineID": 12,
        "GroupID": 0,
        "TransOrder": 365,
        "TransEdit": "0",
        "Azimuth": 295.332807983,
        "SHAPE_Leng": 150.13536853,
        "ShrCount": 8,
        "TCD": 21585.284414099995,
        "SCE": 5.82804700438,
        "NSM": 0.159251192038,
        "EPR": 0.0144773810944,
        "EPRunc": 1.28564869307,
        "LRR": -0.243913542506,
        "LR2": 0.172214999527,
        "LSE": 2.33422240431,
        "LCI99": 0.809387150815,
        "WLR": -0.243913542509,
        "WR2": 0.17221499953,
        "WSE": 0.23342224043,
        "WCI99": 0.809387150814,
        "formule pr": -11.7856402646615,
        "LRR_moy": -0.223399591189333
      },
      "geometry": {
        "type": "Point",
        "coordinates": [
          713173.9755344376,
          6150353.250409728
        ]
      }
    },
    {
      "type": "Feature",
      "properties": {
        "info": false,
        "cara": false,
        "regl": false,
        "tech": false,
        "projet": "Etat des lieux de la pêche artisanale",
        "id": null,
        "OBJECTID": 554,
        "BaselineID": 12,
        "GroupID": 0,
        "TransOrder": 364,
        "TransEdit": "0",
        "Azimuth": 300.061798923,
        "SHAPE_Leng": 150.226545265,
        "ShrCount": 8,
        "TCD": 21565.284414099995,
        "SCE": 5.80636183284,
        "NSM": 0.265019741658,
        "EPR": 0.0240927037871,
        "EPRunc": 1.28564869307,
        "LRR": -0.21625234908,
        "LR2": 0.128798588985,
        "LSE": 2.45497795521,
        "LCI99": 0.851258906955,
        "WLR": -0.216252349081,
        "WR2": 0.128798588986,
        "WSE": 0.245497795521,
        "WCI99": 0.851258906956,
        "formule pr": -12.4707733020015,
        "LRR_moy": -0.246237359100667
      },
      "geometry": {
        "type": "Point",
        "coordinates": [
          713177.4307642069,
          6150360.018523579
        ]
      }
    },
    {
      "type": "Feature",
      "properties": {
        "info": false,
        "cara": false,
        "regl": false,
        "tech": false,
        "projet": "Etat des lieux de la pêche artisanale",
        "id": null,
        "OBJECTID": 553,
        "BaselineID": 12,
        "GroupID": 0,
        "TransOrder": 363,
        "TransEdit": "0",
        "Azimuth": 305.401644611,
        "SHAPE_Leng": 150.168934239,
        "ShrCount": 8,
        "TCD": 21545.284414099995,
        "SCE": 7.02797198597,
        "NSM": -0.0977534625392,
        "EPR": -0.00888667841266,
        "EPRunc": 1.28564869307,
        "LRR": -0.278546185716,
        "LR2": 0.154941280891,
        "LSE": 2.83948853086,
        "LCI99": 0.98458721308,
        "WLR": -0.278546185717,
        "WR2": 0.154941280891,
        "WSE": 0.283948853086,
        "WCI99": 0.984587213081,
        "formule pr": -13.1918033602415,
        "LRR_moy": -0.270271694375333
      },
      "geometry": {
        "type": "Point",
        "coordinates": [
          713181.05971994,
          6150364.80533198
        ]
      }
    },
    {
      "type": "Feature",
      "properties": {
        "info": false,
        "cara": false,
        "regl": false,
        "tech": false,
        "projet": "Etat des lieux de la pêche artisanale",
        "id": null,
        "OBJECTID": 552,
        "BaselineID": 12,
        "GroupID": 0,
        "TransOrder": 362,
        "TransEdit": "0",
        "Azimuth": 311.509463654,
        "SHAPE_Leng": 150.190375663,
        "ShrCount": 8,
        "TCD": 21525.284414099995,
        "SCE": 7.79612150035,
        "NSM": 0.58013277625,
        "EPR": 0.0527393432955,
        "EPRunc": 1.28564869307,
        "LRR": -0.31601654833,
        "LR2": 0.170531177271,
        "LSE": 3.04222263985,
        "LCI99": 1.05488487732,
        "WLR": -0.316016548335,
        "WR2": 0.170531177276,
        "WSE": 0.304222263984,
        "WCI99": 1.05488487732,
        "formule pr": -11.3175931278285,
        "LRR_moy": -0.207798019961567
      },
      "geometry": {
        "type": "Point",
        "coordinates": [
          713183.5387000011,
          6150367.946602868
        ]
      }
    },
    {
      "type": "Feature",
      "properties": {
        "info": false,
        "cara": false,
        "regl": false,
        "tech": false,
        "projet": "Etat des lieux de la pêche artisanale",
        "id": null,
        "OBJECTID": 551,
        "BaselineID": 12,
        "GroupID": 0,
        "TransOrder": 361,
        "TransEdit": "0",
        "Azimuth": 317.74805989,
        "SHAPE_Leng": 150.454431221,
        "ShrCount": 6,
        "TCD": 21505.284414099995,
        "SCE": 7.49907838721,
        "NSM": 1.71499239471,
        "EPR": 0.15590839952,
        "EPRunc": 1.28564869307,
        "LRR": -0.0288313258387,
        "LR2": 0.00180482018019,
        "LSE": 3.10074208458,
        "LCI99": 1.56088047391,
        "WLR": -0.0288313258388,
        "WR2": 0.00180482018027,
        "WSE": 0.310074208458,
        "WCI99": 1.56088047387,
        "formule pr": -10.256370641512,
        "LRR_moy": -0.17242393708435
      },
      "geometry": {
        "type": "Point",
        "coordinates": [
          713185.7999626992,
          6150370.789543923
        ]
      }
    },
    {
      "type": "Feature",
      "properties": {
        "info": false,
        "cara": false,
        "regl": false,
        "tech": false,
        "projet": "Etat des lieux de la pêche artisanale",
        "id": null,
        "OBJECTID": 533,
        "BaselineID": 11,
        "GroupID": 0,
        "TransOrder": 358,
        "TransEdit": "0",
        "Azimuth": 196.646496095,
        "SHAPE_Leng": 151.93618915,
        "ShrCount": 8,
        "TCD": 20528.9476721,
        "SCE": 4.37481511849,
        "NSM": -3.60926231602,
        "EPR": -0.328114756001,
        "EPRunc": 1.28564869307,
        "LRR": -0.233875422823,
        "LR2": 0.429720302472,
        "LSE": 1.17603063505,
        "LCI99": 0.407786371693,
        "WLR": -0.233875422821,
        "WR2": 0.429720302465,
        "WSE": 0.117603063506,
        "WCI99": 0.407786371695,
        "formule pr": -11.7495953953941,
        "LRR_moy": -0.248323160020333
      },
      "geometry": {
        "type": "Point",
        "coordinates": [
          713224.7756821152,
          6151003.221446394
        ]
      }
    },
    {
      "type": "Feature",
      "properties": {
        "info": false,
        "cara": false,
        "regl": false,
        "tech": false,
        "projet": "Etat des lieux de la pêche artisanale",
        "id": null,
        "OBJECTID": 532,
        "BaselineID": 11,
        "GroupID": 0,
        "TransOrder": 357,
        "TransEdit": "0",
        "Azimuth": 202.912247904,
        "SHAPE_Leng": 151.51699903,
        "ShrCount": 8,
        "TCD": 20508.9476721,
        "SCE": 3.98112741817,
        "NSM": -3.98112741817,
        "EPR": -0.361920674379,
        "EPRunc": 1.28564869307,
        "LRR": -0.27093528676,
        "LR2": 0.546733650341,
        "LSE": 1.07680593061,
        "LCI99": 0.37338039535,
        "WLR": -0.270935286763,
        "WR2": 0.54673365035,
        "WSE": 0.10768059306,
        "WCI99": 0.373380395346,
        "formule pr": -11.6412173212141,
        "LRR_moy": -0.244710557547667
      },
      "geometry": {
        "type": "Point",
        "coordinates": [
          713221.0650896204,
          6151004.143738114
        ]
      }
    },
    {
      "type": "Feature",
      "properties": {
        "info": false,
        "cara": false,
        "regl": false,
        "tech": false,
        "projet": "Etat des lieux de la pêche artisanale",
        "id": null,
        "OBJECTID": 531,
        "BaselineID": 11,
        "GroupID": 0,
        "TransOrder": 356,
        "TransEdit": "0",
        "Azimuth": 209.284120845,
        "SHAPE_Leng": 151.218240064,
        "ShrCount": 8,
        "TCD": 20488.9476721,
        "SCE": 3.75641983926,
        "NSM": -3.20621383305,
        "EPR": -0.291473984823,
        "EPRunc": 1.28564869307,
        "LRR": -0.22932096306,
        "LR2": 0.540494706661,
        "LSE": 0.922946068692,
        "LCI99": 0.32002978273,
        "WLR": -0.229320963056,
        "WR2": 0.540494706639,
        "WSE": 0.0922946068716,
        "WCI99": 0.320029782738,
        "formule pr": -10.9789533711241,
        "LRR_moy": -0.222635092544667
      },
      "geometry": {
        "type": "Point",
        "coordinates": [
          713218.1081405195,
          6151006.224281664
        ]
      }
    },
    {
      "type": "Feature",
      "properties": {
        "info": false,
        "cara": false,
        "regl": false,
        "tech": false,
        "projet": "Etat des lieux de la pêche artisanale",
        "id": null,
        "OBJECTID": 530,
        "BaselineID": 11,
        "GroupID": 0,
        "TransOrder": 355,
        "TransEdit": "0",
        "Azimuth": 215.755217454,
        "SHAPE_Leng": 151.109112054,
        "ShrCount": 8,
        "TCD": 20468.9476721,
        "SCE": 3.06914478671,
        "NSM": -2.17175125193,
        "EPR": -0.197431931994,
        "EPRunc": 1.28564869307,
        "LRR": -0.167649027814,
        "LR2": 0.497966883672,
        "LSE": 0.734767641186,
        "LCI99": 0.25477927318,
        "WLR": -0.167649027815,
        "WR2": 0.497966883686,
        "WSE": 0.0734767641171,
        "WCI99": 0.254779273175,
        "formule pr": -10.0965322576041,
        "LRR_moy": -0.193221055427333
      },
      "geometry": {
        "type": "Point",
        "coordinates": [
          713215.671704143,
          6151008.3847949
        ]
      }
    },
    {
      "type": "Feature",
      "properties": {
        "info": false,
        "cara": false,
        "regl": false,
        "tech": false,
        "projet": "Etat des lieux de la pêche artisanale",
        "id": null,
        "OBJECTID": 529,
        "BaselineID": 11,
        "GroupID": 0,
        "TransOrder": 354,
        "TransEdit": "0",
        "Azimuth": 222.178262652,
        "SHAPE_Leng": 151.448948789,
        "ShrCount": 7,
        "TCD": 20448.9476721,
        "SCE": 3.5221801537,
        "NSM": -2.0119454929,
        "EPR": -0.182904135718,
        "EPRunc": 1.28564869307,
        "LRR": -0.182693175408,
        "LR2": 0.543947474324,
        "LSE": 0.799815621676,
        "LCI99": 0.301649213113,
        "WLR": -0.182693175396,
        "WR2": 0.54394747428,
        "WSE": 0.0799815621715,
        "WCI99": 0.301649213119,
        "formule pr": -8.65382165427714,
        "LRR_moy": -0.1451307019831
      },
      "geometry": {
        "type": "Point",
        "coordinates": [
          713213.3815048127,
          6151010.7505367035
        ]
      }
    },
    {
      "type": "Feature",
      "properties": {
        "info": false,
        "cara": false,
        "regl": false,
        "tech": false,
        "projet": "Etat des lieux de la pêche artisanale",
        "id": null,
        "OBJECTID": 528,
        "BaselineID": 11,
        "GroupID": 0,
        "TransOrder": 353,
        "TransEdit": "0",
        "Azimuth": 227.891956293,
        "SHAPE_Leng": 150.688221598,
        "ShrCount": 5,
        "TCD": 20428.9476721,
        "SCE": 2.41560146292,
        "NSM": 0.121040076262,
        "EPR": 0.0135270843247,
        "EPRunc": 1.58048364658,
        "LRR": -0.0850499027273,
        "LR2": 0.0962398920336,
        "LSE": 1.05869176427,
        "LCI99": 0.87890650186,
        "WLR": -0.0850499027253,
        "WR2": 0.0962398920396,
        "WSE": 0.105869176426,
        "WCI99": 0.878906501809,
        "formule pr": -8.31604676681364,
        "LRR_moy": -0.13387153906765
      },
      "geometry": {
        "type": "Point",
        "coordinates": [
          713210.3731726717,
          6151014.875004312
        ]
      }
    },
    {
      "type": "Feature",
      "properties": {
        "info": false,
        "cara": false,
        "regl": false,
        "tech": false,
        "projet": "Etat des lieux de la pêche artisanale",
        "id": null,
        "OBJECTID": 522,
        "BaselineID": 11,
        "GroupID": 0,
        "TransOrder": 352,
        "TransEdit": "0",
        "Azimuth": 196.407509143,
        "SHAPE_Leng": 153.307819313,
        "ShrCount": 7,
        "TCD": 20228.9476721,
        "SCE": 6.29751126779,
        "NSM": 1.24319578001,
        "EPR": 0.113017798183,
        "EPRunc": 1.28564869307,
        "LRR": -0.141141604763,
        "LR2": 0.0683456961655,
        "LSE": 2.38424266249,
        "LCI99": 0.93967524211,
        "WLR": -0.141141604768,
        "WR2": 0.0683456961685,
        "WSE": 0.238424266249,
        "WCI99": 0.939675242122,
        "formule pr": -10.9058954074109,
        "LRR_moy": -0.1549011535955
      },
      "geometry": {
        "type": "Point",
        "coordinates": [
          712974.6570118302,
          6151069.822667476
        ]
      }
    },
    {
      "type": "Feature",
      "properties": {
        "info": false,
        "cara": false,
        "regl": false,
        "tech": false,
        "projet": "Etat des lieux de la pêche artisanale",
        "id": null,
        "OBJECTID": 521,
        "BaselineID": 11,
        "GroupID": 0,
        "TransOrder": 351,
        "TransEdit": "0",
        "Azimuth": 203.213599345,
        "SHAPE_Leng": 153.167955086,
        "ShrCount": 8,
        "TCD": 20208.9476721,
        "SCE": 6.21501705704,
        "NSM": 1.62046319309,
        "EPR": 0.147314835735,
        "EPRunc": 1.28564869307,
        "LRR": -0.168660702428,
        "LR2": 0.103799495004,
        "LSE": 2.1632260643,
        "LCI99": 0.750094497217,
        "WLR": -0.168660702436,
        "WR2": 0.103799495014,
        "WSE": 0.216322606429,
        "WCI99": 0.750094497213,
        "formule pr": -12.5597533348659,
        "LRR_moy": -0.210029751177333
      },
      "geometry": {
        "type": "Point",
        "coordinates": [
          712973.0101190758,
          6151071.100755085
        ]
      }
    },
    {
      "type": "Feature",
      "properties": {
        "info": false,
        "cara": false,
        "regl": false,
        "tech": false,
        "projet": "Etat des lieux de la pêche artisanale",
        "id": null,
        "OBJECTID": 520,
        "BaselineID": 11,
        "GroupID": 0,
        "TransOrder": 350,
        "TransEdit": "0",
        "Azimuth": 209.512166923,
        "SHAPE_Leng": 152.901486952,
        "ShrCount": 8,
        "TCD": 20188.9476721,
        "SCE": 5.43320359723,
        "NSM": -1.19549664734,
        "EPR": -0.108681513395,
        "EPRunc": 1.28564869307,
        "LRR": -0.320286946341,
        "LR2": 0.37056844356,
        "LSE": 1.82205846757,
        "LCI99": 0.631795286072,
        "WLR": -0.320286946343,
        "WR2": 0.370568443563,
        "WSE": 0.182205846757,
        "WCI99": 0.631795286071,
        "formule pr": -14.5476442683659,
        "LRR_moy": -0.276292782294
      },
      "geometry": {
        "type": "Point",
        "coordinates": [
          712969.9661812749,
          6151072.461754397
        ]
      }
    },
    {
      "type": "Feature",
      "properties": {
        "info": false,
        "cara": false,
        "regl": false,
        "tech": false,
        "projet": "Etat des lieux de la pêche artisanale",
        "id": null,
        "OBJECTID": 519,
        "BaselineID": 11,
        "GroupID": 0,
        "TransOrder": 349,
        "TransEdit": "0",
        "Azimuth": 215.194446329,
        "SHAPE_Leng": 152.3940043,
        "ShrCount": 8,
        "TCD": 20168.9476721,
        "SCE": 4.83113846246,
        "NSM": -1.17330265312,
        "EPR": -0.106663877557,
        "EPRunc": 1.28564869307,
        "LRR": -0.339930698113,
        "LR2": 0.477269732351,
        "LSE": 1.55285281626,
        "LCI99": 0.538448741759,
        "WLR": -0.339930698114,
        "WR2": 0.477269732355,
        "WSE": 0.155285281625,
        "WCI99": 0.538448741757,
        "formule pr": -16.2048047185759,
        "LRR_moy": -0.331531463967667
      },
      "geometry": {
        "type": "Point",
        "coordinates": [
          712965.5161670828,
          6151074.829220169
        ]
      }
    },
    {
      "type": "Feature",
      "properties": {
        "info": false,
        "cara": false,
        "regl": false,
        "tech": false,
        "projet": "Etat des lieux de la pêche artisanale",
        "id": null,
        "OBJECTID": 518,
        "BaselineID": 11,
        "GroupID": 0,
        "TransOrder": 348,
        "TransEdit": "0",
        "Azimuth": 220.590139757,
        "SHAPE_Leng": 152.354946711,
        "ShrCount": 8,
        "TCD": 20148.9476721,
        "SCE": 5.33328821679,
        "NSM": -0.813668894254,
        "EPR": -0.0739698994777,
        "EPRunc": 1.28564869307,
        "LRR": -0.334376747449,
        "LR2": 0.480490885452,
        "LSE": 1.51765517898,
        "LCI99": 0.526244028404,
        "WLR": -0.33437674745,
        "WR2": 0.480490885454,
        "WSE": 0.151765517898,
        "WCI99": 0.526244028403,
        "formule pr": -16.4971837300159,
        "LRR_moy": -0.341277431015667
      },
      "geometry": {
        "type": "Point",
        "coordinates": [
          712960.9046325441,
          6151078.374789608
        ]
      }
    },
    {
      "type": "Feature",
      "properties": {
        "info": false,
        "cara": false,
        "regl": false,
        "tech": false,
        "projet": "Etat des lieux de la pêche artisanale",
        "id": null,
        "OBJECTID": 517,
        "BaselineID": 11,
        "GroupID": 0,
        "TransOrder": 347,
        "TransEdit": "0",
        "Azimuth": 225.690042708,
        "SHAPE_Leng": 153.546645204,
        "ShrCount": 8,
        "TCD": 20128.9476721,
        "SCE": 6.53766208719,
        "NSM": 0.286271885565,
        "EPR": 0.0260247168695,
        "EPRunc": 1.28564869307,
        "LRR": -0.349524847485,
        "LR2": 0.37123317018,
        "LSE": 1.98555768884,
        "LCI99": 0.688488328098,
        "WLR": -0.349524847491,
        "WR2": 0.371233170192,
        "WSE": 0.198555768883,
        "WCI99": 0.688488328092,
        "formule pr": -16.5370289677159,
        "LRR_moy": -0.342605605605667
      },
      "geometry": {
        "type": "Point",
        "coordinates": [
          712956.5144195595,
          6151083.272459117
        ]
      }
    },
    {
      "type": "Feature",
      "properties": {
        "info": false,
        "cara": false,
        "regl": false,
        "tech": false,
        "projet": "Etat des lieux de la pêche artisanale",
        "id": null,
        "OBJECTID": 516,
        "BaselineID": 11,
        "GroupID": 0,
        "TransOrder": 346,
        "TransEdit": "0",
        "Azimuth": 231.182381913,
        "SHAPE_Leng": 153.021194659,
        "ShrCount": 8,
        "TCD": 20108.9476721,
        "SCE": 5.5822122029,
        "NSM": -0.0784443607582,
        "EPR": -0.00713130552348,
        "EPRunc": 1.28564869307,
        "LRR": -0.343915221883,
        "LR2": 0.430543690203,
        "LSE": 1.72645800609,
        "LCI99": 0.598646009039,
        "WLR": -0.343915221887,
        "WR2": 0.430543690214,
        "WSE": 0.172645800607,
        "WCI99": 0.598646009032,
        "formule pr": -16.1995258243859,
        "LRR_moy": -0.331355500828
      },
      "geometry": {
        "type": "Point",
        "coordinates": [
          712952.8231671756,
          6151087.346274412
        ]
      }
    },
    {
      "type": "Feature",
      "properties": {
        "info": false,
        "cara": false,
        "regl": false,
        "tech": false,
        "projet": "Etat des lieux de la pêche artisanale",
        "id": null,
        "OBJECTID": 515,
        "BaselineID": 11,
        "GroupID": 0,
        "TransOrder": 345,
        "TransEdit": "0",
        "Azimuth": 236.601735611,
        "SHAPE_Leng": 153.041693552,
        "ShrCount": 8,
        "TCD": 20088.9476721,
        "SCE": 5.1682638715,
        "NSM": 0.372928402022,
        "EPR": 0.033902582002,
        "EPRunc": 1.28564869307,
        "LRR": -0.300626433116,
        "LR2": 0.370704709236,
        "LSE": 1.70971366902,
        "LCI99": 0.592839942209,
        "WLR": -0.30062643312,
        "WR2": 0.370704709247,
        "WSE": 0.1709713669,
        "WCI99": 0.592839942204,
        "formule pr": -15.027151244645902,
        "LRR_moy": -0.29227634817
      },
      "geometry": {
        "type": "Point",
        "coordinates": [
          712950.0412120839,
          6151092.315424576
        ]
      }
    },
    {
      "type": "Feature",
      "properties": {
        "info": false,
        "cara": false,
        "regl": false,
        "tech": false,
        "projet": "Etat des lieux de la pêche artisanale",
        "id": null,
        "OBJECTID": 514,
        "BaselineID": 11,
        "GroupID": 0,
        "TransOrder": 344,
        "TransEdit": "0",
        "Azimuth": 241.790993754,
        "SHAPE_Leng": 153.47014952,
        "ShrCount": 8,
        "TCD": 20068.9476721,
        "SCE": 5.88978716848,
        "NSM": 2.05571584558,
        "EPR": 0.186883258689,
        "EPRunc": 1.28564869307,
        "LRR": -0.232287389511,
        "LR2": 0.180711077458,
        "LSE": 2.15891138997,
        "LCI99": 0.748598392151,
        "WLR": -0.232287389518,
        "WR2": 0.180711077469,
        "WSE": 0.215891138995,
        "WCI99": 0.748598392146,
        "formule pr": -13.8598257191259,
        "LRR_moy": -0.253365497319333
      },
      "geometry": {
        "type": "Point",
        "coordinates": [
          712948.2603999915,
          6151098.425202866
        ]
      }
    },
    {
      "type": "Feature",
      "properties": {
        "info": false,
        "cara": false,
        "regl": false,
        "tech": false,
        "projet": "Etat des lieux de la pêche artisanale",
        "id": null,
        "OBJECTID": 513,
        "BaselineID": 11,
        "GroupID": 0,
        "TransOrder": 343,
        "TransEdit": "0",
        "Azimuth": 246.681327092,
        "SHAPE_Leng": 153.761285361,
        "ShrCount": 8,
        "TCD": 20048.9476721,
        "SCE": 6.3293399486,
        "NSM": 2.45852352703,
        "EPR": 0.223502138821,
        "EPRunc": 1.28564869307,
        "LRR": -0.227182669331,
        "LR2": 0.15541860264,
        "LSE": 2.31167876881,
        "LCI99": 0.801570188357,
        "WLR": -0.227182669337,
        "WR2": 0.155418602648,
        "WSE": 0.23116787688,
        "WCI99": 0.801570188354,
        "formule pr": -13.2378856579759,
        "LRR_moy": -0.232634161947667
      },
      "geometry": {
        "type": "Point",
        "coordinates": [
          712945.7782000023,
          6151104.86820286
        ]
      }
    },
    {
      "type": "Feature",
      "properties": {
        "info": false,
        "cara": false,
        "regl": false,
        "tech": false,
        "projet": "Etat des lieux de la pêche artisanale",
        "id": null,
        "OBJECTID": 512,
        "BaselineID": 11,
        "GroupID": 0,
        "TransOrder": 342,
        "TransEdit": "0",
        "Azimuth": 250.714020273,
        "SHAPE_Leng": 154.18685508,
        "ShrCount": 8,
        "TCD": 20028.9476721,
        "SCE": 6.53796390311,
        "NSM": 2.72974307238,
        "EPR": 0.248158461125,
        "EPRunc": 1.28564869307,
        "LRR": -0.238432427001,
        "LR2": 0.150557410572,
        "LSE": 2.47209011219,
        "LCI99": 0.857192514635,
        "WLR": -0.238432427002,
        "WR2": 0.150557410572,
        "WSE": 0.247209011219,
        "WCI99": 0.857192514635,
        "formule pr": -13.5262549096059,
        "LRR_moy": -0.242246470335333
      },
      "geometry": {
        "type": "Point",
        "coordinates": [
          712943.0204000043,
          6151113.623202862
        ]
      }
    },
    {
      "type": "Feature",
      "properties": {
        "info": false,
        "cara": false,
        "regl": false,
        "tech": false,
        "projet": "Etat des lieux de la pêche artisanale",
        "id": null,
        "OBJECTID": 511,
        "BaselineID": 11,
        "GroupID": 0,
        "TransOrder": 341,
        "TransEdit": "0",
        "Azimuth": 254.355304094,
        "SHAPE_Leng": 154.546159029,
        "ShrCount": 8,
        "TCD": 20008.9476721,
        "SCE": 7.2186455636,
        "NSM": 2.92807749043,
        "EPR": 0.266188862766,
        "EPRunc": 1.28564869307,
        "LRR": -0.261124314674,
        "LR2": 0.142746508057,
        "LSE": 2.79320125515,
        "LCI99": 0.968537188824,
        "WLR": -0.261124314678,
        "WR2": 0.142746508061,
        "WSE": 0.279320125515,
        "WCI99": 0.968537188823,
        "formule pr": -13.8938057831059,
        "LRR_moy": -0.254498166118667
      },
      "geometry": {
        "type": "Point",
        "coordinates": [
          712940.7673999983,
          6151123.5896028625
        ]
      }
    },
    {
      "type": "Feature",
      "properties": {
        "info": false,
        "cara": false,
        "regl": false,
        "tech": false,
        "projet": "Etat des lieux de la pêche artisanale",
        "id": null,
        "OBJECTID": 510,
        "BaselineID": 11,
        "GroupID": 0,
        "TransOrder": 340,
        "TransEdit": "0",
        "Azimuth": 257.98591196,
        "SHAPE_Leng": 155.172698656,
        "ShrCount": 8,
        "TCD": 19988.9476721,
        "SCE": 7.79039587477,
        "NSM": 3.05139910054,
        "EPR": 0.277399918231,
        "EPRunc": 1.28564869307,
        "LRR": -0.263937756681,
        "LR2": 0.130342841477,
        "LSE": 2.97587714153,
        "LCI99": 1.03187970277,
        "WLR": -0.263937756682,
        "WR2": 0.130342841477,
        "WSE": 0.297587714153,
        "WCI99": 1.03187970277,
        "formule pr": -14.1545775512259,
        "LRR_moy": -0.263190558389333
      },
      "geometry": {
        "type": "Point",
        "coordinates": [
          712938.8950338024,
          6151133.6212887755
        ]
      }
    },
    {
      "type": "Feature",
      "properties": {
        "info": false,
        "cara": false,
        "regl": false,
        "tech": false,
        "projet": "Etat des lieux de la pêche artisanale",
        "id": null,
        "OBJECTID": 509,
        "BaselineID": 11,
        "GroupID": 0,
        "TransOrder": 339,
        "TransEdit": "0",
        "Azimuth": 261.591954322,
        "SHAPE_Leng": 154.874101713,
        "ShrCount": 8,
        "TCD": 19968.9476721,
        "SCE": 6.75050192909,
        "NSM": 2.05222974956,
        "EPR": 0.18656634087,
        "EPRunc": 1.28564869307,
        "LRR": -0.264509603813,
        "LR2": 0.160751367456,
        "LSE": 2.63810731799,
        "LCI99": 0.914758662975,
        "WLR": -0.264509603813,
        "WR2": 0.160751367455,
        "WSE": 0.263810731799,
        "WCI99": 0.914758662976,
        "formule pr": -14.5914628076259,
        "LRR_moy": -0.277753400269333
      },
      "geometry": {
        "type": "Point",
        "coordinates": [
          712936.4914834901,
          6151143.587100425
        ]
      }
    },
    {
      "type": "Feature",
      "properties": {
        "info": false,
        "cara": false,
        "regl": false,
        "tech": false,
        "projet": "Etat des lieux de la pêche artisanale",
        "id": null,
        "OBJECTID": 508,
        "BaselineID": 11,
        "GroupID": 0,
        "TransOrder": 338,
        "TransEdit": "0",
        "Azimuth": 265.14494916,
        "SHAPE_Leng": 155.928274069,
        "ShrCount": 8,
        "TCD": 19948.9476721,
        "SCE": 6.78099796136,
        "NSM": 0.947977711661,
        "EPR": 0.0861797919692,
        "EPRunc": 1.28564869307,
        "LRR": -0.304812840314,
        "LR2": 0.247930345469,
        "LSE": 2.31729048448,
        "LCI99": 0.803516040024,
        "WLR": -0.304812840317,
        "WR2": 0.247930345474,
        "WSE": 0.231729048447,
        "WCI99": 0.803516040021,
        "formule pr": -14.6171249708059,
        "LRR_moy": -0.278608805708667
      },
      "geometry": {
        "type": "Point",
        "coordinates": [
          712934.7178992681,
          6151153.843925484
        ]
      }
    },
    {
      "type": "Feature",
      "properties": {
        "info": false,
        "cara": false,
        "regl": false,
        "tech": false,
        "projet": "Etat des lieux de la pêche artisanale",
        "id": null,
        "OBJECTID": 507,
        "BaselineID": 11,
        "GroupID": 0,
        "TransOrder": 337,
        "TransEdit": "0",
        "Azimuth": 269.217807025,
        "SHAPE_Leng": 155.647355541,
        "ShrCount": 8,
        "TCD": 19928.9476721,
        "SCE": 7.31519277138,
        "NSM": 1.67084893913,
        "EPR": 0.151895358103,
        "EPRunc": 1.28564869307,
        "LRR": -0.266503972999,
        "LR2": 0.179409231404,
        "LSE": 2.48786974644,
        "LCI99": 0.862664072606,
        "WLR": -0.266503972997,
        "WR2": 0.179409231401,
        "WSE": 0.248786974645,
        "WCI99": 0.862664072609,
        "formule pr": -13.9963160754559,
        "LRR_moy": -0.257915175863667
      },
      "geometry": {
        "type": "Point",
        "coordinates": [
          712934.9631219809,
          6151162.850062574
        ]
      }
    },
    {
      "type": "Feature",
      "properties": {
        "info": false,
        "cara": false,
        "regl": false,
        "tech": false,
        "projet": "Etat des lieux de la pêche artisanale",
        "id": null,
        "OBJECTID": 506,
        "BaselineID": 11,
        "GroupID": 0,
        "TransOrder": 336,
        "TransEdit": "0",
        "Azimuth": 273.031127737,
        "SHAPE_Leng": 155.715650141,
        "ShrCount": 8,
        "TCD": 19908.9476721,
        "SCE": 6.94735014854,
        "NSM": 2.26957750211,
        "EPR": 0.206325227465,
        "EPRunc": 1.28564869307,
        "LRR": -0.202428714278,
        "LR2": 0.114431595534,
        "LSE": 2.45806423091,
        "LCI99": 0.852329067146,
        "WLR": -0.202428714282,
        "WR2": 0.11443159554,
        "WSE": 0.24580642309,
        "WCI99": 0.852329067144,
        "formule pr": -12.5623150191959,
        "LRR_moy": -0.210115140655
      },
      "geometry": {
        "type": "Point",
        "coordinates": [
          712935.3441940221,
          6151172.521807994
        ]
      }
    },
    {
      "type": "Feature",
      "properties": {
        "info": false,
        "cara": false,
        "regl": false,
        "tech": false,
        "projet": "Etat des lieux de la pêche artisanale",
        "id": null,
        "OBJECTID": 505,
        "BaselineID": 11,
        "GroupID": 0,
        "TransOrder": 335,
        "TransEdit": "0",
        "Azimuth": 276.882552481,
        "SHAPE_Leng": 155.121137667,
        "ShrCount": 8,
        "TCD": 19888.9476721,
        "SCE": 6.24949091384,
        "NSM": 2.31137062243,
        "EPR": 0.210124602039,
        "EPRunc": 1.28564869307,
        "LRR": -0.161412734688,
        "LR2": 0.0922586352022,
        "LSE": 2.21003105419,
        "LCI99": 0.766324037874,
        "WLR": -0.161412734691,
        "WR2": 0.0922586352059,
        "WSE": 0.221003105419,
        "WCI99": 0.766324037872,
        "formule pr": -11.6689662765159,
        "LRR_moy": -0.180336849232333
      },
      "geometry": {
        "type": "Point",
        "coordinates": [
          712935.8192828525,
          6151182.097305632
        ]
      }
    },
    {
      "type": "Feature",
      "properties": {
        "info": false,
        "cara": false,
        "regl": false,
        "tech": false,
        "projet": "Etat des lieux de la pêche artisanale",
        "id": null,
        "OBJECTID": 504,
        "BaselineID": 11,
        "GroupID": 0,
        "TransOrder": 334,
        "TransEdit": "0",
        "Azimuth": 279.941293613,
        "SHAPE_Leng": 155.48200697,
        "ShrCount": 8,
        "TCD": 19868.9476721,
        "SCE": 6.47960477686,
        "NSM": 1.85838738612,
        "EPR": 0.168944307829,
        "EPRunc": 1.28564869307,
        "LRR": -0.177169098731,
        "LR2": 0.105616177293,
        "LSE": 2.2504416233,
        "LCI99": 0.780336325364,
        "WLR": -0.177169098728,
        "WR2": 0.105616177289,
        "WSE": 0.225044162331,
        "WCI99": 0.780336325366,
        "formule pr": -11.2695603620159,
        "LRR_moy": -0.167023318749
      },
      "geometry": {
        "type": "Point",
        "coordinates": [
          712937.7072879608,
          6151193.682778598
        ]
      }
    },
    {
      "type": "Feature",
      "properties": {
        "info": false,
        "cara": false,
        "regl": false,
        "tech": false,
        "projet": "Etat des lieux de la pêche artisanale",
        "id": null,
        "OBJECTID": 503,
        "BaselineID": 11,
        "GroupID": 0,
        "TransOrder": 333,
        "TransEdit": "0",
        "Azimuth": 283.043857403,
        "SHAPE_Leng": 156.011929906,
        "ShrCount": 8,
        "TCD": 19848.9476721,
        "SCE": 6.03963114059,
        "NSM": 1.83838185978,
        "EPR": 0.167125623617,
        "EPRunc": 1.28564869307,
        "LRR": -0.162488122828,
        "LR2": 0.0943146728339,
        "LSE": 2.19787852972,
        "LCI99": 0.762110173272,
        "WLR": -0.162488122831,
        "WR2": 0.0943146728377,
        "WSE": 0.219787852971,
        "WCI99": 0.762110173271,
        "formule pr": -11.8727748647359,
        "LRR_moy": -0.187130468839667
      },
      "geometry": {
        "type": "Point",
        "coordinates": [
          712940.318102127,
          6151204.985528785
        ]
      }
    },
    {
      "type": "Feature",
      "properties": {
        "info": false,
        "cara": false,
        "regl": false,
        "tech": false,
        "projet": "Etat des lieux de la pêche artisanale",
        "id": null,
        "OBJECTID": 502,
        "BaselineID": 11,
        "GroupID": 0,
        "TransOrder": 332,
        "TransEdit": "0",
        "Azimuth": 286.904127706,
        "SHAPE_Leng": 156.125598648,
        "ShrCount": 8,
        "TCD": 19828.9476721,
        "SCE": 6.46303620106,
        "NSM": 1.58078029545,
        "EPR": 0.143707299586,
        "EPRunc": 1.28564869307,
        "LRR": -0.22173418496,
        "LR2": 0.139403958191,
        "LSE": 2.40479358033,
        "LCI99": 0.833857571021,
        "WLR": -0.221734184965,
        "WR2": 0.139403958197,
        "WSE": 0.240479358032,
        "WCI99": 0.833857571018,
        "formule pr": -12.9361628507659,
        "LRR_moy": -0.222576735040667
      },
      "geometry": {
        "type": "Point",
        "coordinates": [
          712943.4287524959,
          6151214.008294218
        ]
      }
    },
    {
      "type": "Feature",
      "properties": {
        "info": false,
        "cara": false,
        "regl": false,
        "tech": false,
        "projet": "Etat des lieux de la pêche artisanale",
        "id": null,
        "OBJECTID": 501,
        "BaselineID": 11,
        "GroupID": 0,
        "TransOrder": 331,
        "TransEdit": "0",
        "Azimuth": 291.245821927,
        "SHAPE_Leng": 157.426669036,
        "ShrCount": 8,
        "TCD": 19808.9476721,
        "SCE": 6.81082285763,
        "NSM": 0.866095062639,
        "EPR": 0.0787359147853,
        "EPRunc": 1.28564869307,
        "LRR": -0.283507897334,
        "LR2": 0.209571938963,
        "LSE": 2.40332664073,
        "LCI99": 0.833348912522,
        "WLR": -0.283507897328,
        "WR2": 0.209571938954,
        "WSE": 0.240332664074,
        "WCI99": 0.833348912528,
        "formule pr": -14.2022175552859,
        "LRR_moy": -0.264778558524667
      },
      "geometry": {
        "type": "Point",
        "coordinates": [
          712945.7434387665,
          6151221.840475298
        ]
      }
    },
    {
      "type": "Feature",
      "properties": {
        "info": false,
        "cara": false,
        "regl": false,
        "tech": false,
        "projet": "Etat des lieux de la pêche artisanale",
        "id": null,
        "OBJECTID": 500,
        "BaselineID": 11,
        "GroupID": 0,
        "TransOrder": 330,
        "TransEdit": "0",
        "Azimuth": 294.714164482,
        "SHAPE_Leng": 157.814605659,
        "ShrCount": 8,
        "TCD": 19788.9476721,
        "SCE": 7.31170692121,
        "NSM": 1.5678433941,
        "EPR": 0.142531217645,
        "EPRunc": 1.28564869307,
        "LRR": -0.28909359328,
        "LR2": 0.184372739272,
        "LSE": 2.65411056031,
        "LCI99": 0.920307756617,
        "WLR": -0.28909359328,
        "WR2": 0.184372739272,
        "WSE": 0.265411056031,
        "WCI99": 0.920307756618,
        "formule pr": -14.9706522894559,
        "LRR_moy": -0.290393049663667
      },
      "geometry": {
        "type": "Point",
        "coordinates": [
          712950.5678626096,
          6151231.203208353
        ]
      }
    },
    {
      "type": "Feature",
      "properties": {
        "info": false,
        "cara": false,
        "regl": false,
        "tech": false,
        "projet": "Etat des lieux de la pêche artisanale",
        "id": null,
        "OBJECTID": 499,
        "BaselineID": 11,
        "GroupID": 0,
        "TransOrder": 329,
        "TransEdit": "0",
        "Azimuth": 299.604478703,
        "SHAPE_Leng": 156.999366031,
        "ShrCount": 8,
        "TCD": 19768.9476721,
        "SCE": 6.81138670217,
        "NSM": 0.983048674837,
        "EPR": 0.0893680613488,
        "EPRunc": 1.28564869307,
        "LRR": -0.298577658377,
        "LR2": 0.2236697758,
        "LSE": 2.42806290616,
        "LCI99": 0.841926165215,
        "WLR": -0.298577658383,
        "WR2": 0.223669775809,
        "WSE": 0.242806290615,
        "WCI99": 0.841926165211,
        "formule pr": -15.8956568786759,
        "LRR_moy": -0.321226535971
      },
      "geometry": {
        "type": "Point",
        "coordinates": [
          712953.2070007132,
          6151237.283669066
        ]
      }
    },
    {
      "type": "Feature",
      "properties": {
        "info": false,
        "cara": false,
        "regl": false,
        "tech": false,
        "projet": "Etat des lieux de la pêche artisanale",
        "id": null,
        "OBJECTID": 496,
        "BaselineID": 11,
        "GroupID": 0,
        "TransOrder": 328,
        "TransEdit": "0",
        "Azimuth": 317.218956113,
        "SHAPE_Leng": 158.518676261,
        "ShrCount": 7,
        "TCD": 19708.9476721,
        "SCE": 8.58490074406,
        "NSM": 1.77274369751,
        "EPR": 0.161158517955,
        "EPRunc": 1.28564869307,
        "LRR": -0.376008356256,
        "LR2": 0.197024342676,
        "LSE": 3.30844580118,
        "LCI99": 1.36879895449,
        "WLR": -0.376008356284,
        "WR2": 0.197024342693,
        "WSE": 0.330844580114,
        "WCI99": 1.36879895452,
        "formule pr": -16.3776510190409,
        "LRR_moy": -0.3372930073165
      },
      "geometry": {
        "type": "Point",
        "coordinates": [
          712960.5878634598,
          6151246.2997465
        ]
      }
    },
    {
      "type": "Feature",
      "properties": {
        "info": false,
        "cara": false,
        "regl": false,
        "tech": false,
        "projet": "Etat des lieux de la pêche artisanale",
        "id": null,
        "OBJECTID": 491,
        "BaselineID": 10,
        "GroupID": 0,
        "TransOrder": 327,
        "TransEdit": "0",
        "Azimuth": 212.976143462,
        "SHAPE_Leng": 150.466854704,
        "ShrCount": 8,
        "TCD": 18797.0368473,
        "SCE": 3.84285597022,
        "NSM": 1.11702749175,
        "EPR": 0.101547953795,
        "EPRunc": 1.28564869307,
        "LRR": -0.0360662797628,
        "LR2": 0.0117654108044,
        "LSE": 1.44281568535,
        "LCI99": 0.500293577235,
        "WLR": -0.0360662797625,
        "WR2": 0.0117654108041,
        "WSE": 0.144281568535,
        "WCI99": 0.500293577236,
        "formule pr": -5.13439504692868,
        "LRR_moy": -0.021284242316335
      },
      "geometry": {
        "type": "Point",
        "coordinates": [
          712767.9369442574,
          6152283.179889457
        ]
      }
    },
    {
      "type": "Feature",
      "properties": {
        "info": false,
        "cara": false,
        "regl": false,
        "tech": false,
        "projet": "Etat des lieux de la pêche artisanale",
        "id": null,
        "OBJECTID": 490,
        "BaselineID": 10,
        "GroupID": 0,
        "TransOrder": 326,
        "TransEdit": "0",
        "Azimuth": 219.943640077,
        "SHAPE_Leng": 150.29858975,
        "ShrCount": 8,
        "TCD": 18777.0368473,
        "SCE": 4.13722992474,
        "NSM": 1.21322092804,
        "EPR": 0.11029281164,
        "EPRunc": 1.28564869307,
        "LRR": -0.00650220486987,
        "LR2": 0.000282067616344,
        "LSE": 1.68968522456,
        "LCI99": 0.585895117429,
        "WLR": -0.00650220487002,
        "WR2": 0.000282067616357,
        "WSE": 0.168968522456,
        "WCI99": 0.58589511743,
        "formule pr": -5.39930821965233,
        "LRR_moy": -0.030114681407123
      },
      "geometry": {
        "type": "Point",
        "coordinates": [
          712766.215979603,
          6152284.286624871
        ]
      }
    },
    {
      "type": "Feature",
      "properties": {
        "info": false,
        "cara": false,
        "regl": false,
        "tech": false,
        "projet": "Etat des lieux de la pêche artisanale",
        "id": null,
        "OBJECTID": 489,
        "BaselineID": 10,
        "GroupID": 0,
        "TransOrder": 325,
        "TransEdit": "0",
        "Azimuth": 226.129988706,
        "SHAPE_Leng": 150.064168872,
        "ShrCount": 8,
        "TCD": 18757.0368473,
        "SCE": 4.03616480924,
        "NSM": 0.629699317269,
        "EPR": 0.057245392479,
        "EPRunc": 1.28564869307,
        "LRR": -0.0477755595887,
        "LR2": 0.0127429776986,
        "LSE": 1.83555950211,
        "LCI99": 0.636476743955,
        "WLR": -0.0477755595863,
        "WR2": 0.0127429776972,
        "WSE": 0.183555950211,
        "WCI99": 0.636476743957,
        "formule pr": -5.63286680435333,
        "LRR_moy": -0.037899967563823
      },
      "geometry": {
        "type": "Point",
        "coordinates": [
          712762.9549379024,
          6152286.835444609
        ]
      }
    },
    {
      "type": "Feature",
      "properties": {
        "info": false,
        "cara": false,
        "regl": false,
        "tech": false,
        "projet": "Etat des lieux de la pêche artisanale",
        "id": null,
        "OBJECTID": 488,
        "BaselineID": 10,
        "GroupID": 0,
        "TransOrder": 324,
        "TransEdit": "0",
        "Azimuth": 232.003090857,
        "SHAPE_Leng": 150.010908354,
        "ShrCount": 8,
        "TCD": 18737.0368473,
        "SCE": 4.11416200442,
        "NSM": 0.158591611838,
        "EPR": 0.014417419258,
        "EPRunc": 1.28564869307,
        "LRR": -0.0594221382329,
        "LR2": 0.0206899250277,
        "LSE": 1.78448112453,
        "LCI99": 0.618765414299,
        "WLR": -0.0594221382296,
        "WR2": 0.0206899250253,
        "WSE": 0.178448112454,
        "WCI99": 0.618765414301,
        "formule pr": -6.68484327200463,
        "LRR_moy": -0.072965849818867
      },
      "geometry": {
        "type": "Point",
        "coordinates": [
          712759.4931276368,
          6152290.436671702
        ]
      }
    },
    {
      "type": "Feature",
      "properties": {
        "info": false,
        "cara": false,
        "regl": false,
        "tech": false,
        "projet": "Etat des lieux de la pêche artisanale",
        "id": null,
        "OBJECTID": 487,
        "BaselineID": 10,
        "GroupID": 0,
        "TransOrder": 323,
        "TransEdit": "0",
        "Azimuth": 237.276428274,
        "SHAPE_Leng": 150.122592313,
        "ShrCount": 8,
        "TCD": 18717.0368473,
        "SCE": 4.67361565845,
        "NSM": -0.306716631081,
        "EPR": -0.0278833300983,
        "EPRunc": 1.28564869307,
        "LRR": -0.111699851635,
        "LR2": 0.0612381231207,
        "LSE": 1.9089845487,
        "LCI99": 0.661936738321,
        "WLR": -0.111699851636,
        "WR2": 0.0612381231209,
        "WSE": 0.19089845487,
        "WCI99": 0.661936738322,
        "formule pr": -7.51243672465763,
        "LRR_moy": -0.100552298240633
      },
      "geometry": {
        "type": "Point",
        "coordinates": [
          712755.3271098122,
          6152295.553189332
        ]
      }
    },
    {
      "type": "Feature",
      "properties": {
        "info": false,
        "cara": false,
        "regl": false,
        "tech": false,
        "projet": "Etat des lieux de la pêche artisanale",
        "id": null,
        "OBJECTID": 486,
        "BaselineID": 10,
        "GroupID": 0,
        "TransOrder": 322,
        "TransEdit": "0",
        "Azimuth": 242.172142708,
        "SHAPE_Leng": 150.124811854,
        "ShrCount": 8,
        "TCD": 18697.0368473,
        "SCE": 4.82120265234,
        "NSM": 0.584369927724,
        "EPR": 0.053124538884,
        "EPRunc": 1.28564869307,
        "LRR": -0.130534904854,
        "LR2": 0.075834596633,
        "LSE": 1.98907358557,
        "LCI99": 0.689707458557,
        "WLR": -0.13053490486,
        "WR2": 0.07583459664,
        "WSE": 0.198907358556,
        "WCI99": 0.689707458555,
        "formule pr": -8.50853639269863,
        "LRR_moy": -0.133755620508667
      },
      "geometry": {
        "type": "Point",
        "coordinates": [
          712751.6459216166,
          6152302.130469245
        ]
      }
    },
    {
      "type": "Feature",
      "properties": {
        "info": false,
        "cara": false,
        "regl": false,
        "tech": false,
        "projet": "Etat des lieux de la pêche artisanale",
        "id": null,
        "OBJECTID": 485,
        "BaselineID": 10,
        "GroupID": 0,
        "TransOrder": 321,
        "TransEdit": "0",
        "Azimuth": 247.384509573,
        "SHAPE_Leng": 150.226448671,
        "ShrCount": 8,
        "TCD": 18677.0368473,
        "SCE": 4.55581650737,
        "NSM": -0.381154622274,
        "EPR": -0.0346504202067,
        "EPRunc": 1.28564869307,
        "LRR": -0.159032105037,
        "LR2": 0.109355443543,
        "LSE": 1.98107010213,
        "LCI99": 0.686932265994,
        "WLR": -0.159032105037,
        "WR2": 0.109355443543,
        "WSE": 0.198107010213,
        "WCI99": 0.686932265995,
        "formule pr": -9.34542343887863,
        "LRR_moy": -0.161651855381333
      },
      "geometry": {
        "type": "Point",
        "coordinates": [
          712748.8584686947,
          6152308.2603749735
        ]
      }
    },
    {
      "type": "Feature",
      "properties": {
        "info": false,
        "cara": false,
        "regl": false,
        "tech": false,
        "projet": "Etat des lieux de la pêche artisanale",
        "id": null,
        "OBJECTID": 484,
        "BaselineID": 10,
        "GroupID": 0,
        "TransOrder": 320,
        "TransEdit": "0",
        "Azimuth": 252.64437757,
        "SHAPE_Leng": 150.723276071,
        "ShrCount": 8,
        "TCD": 18657.0368473,
        "SCE": 4.58016794379,
        "NSM": -0.62115593168,
        "EPR": -0.0564687210618,
        "EPRunc": 1.28564869307,
        "LRR": -0.195388556253,
        "LR2": 0.189521067196,
        "LSE": 1.76369820519,
        "LCI99": 0.611558976798,
        "WLR": -0.195388556251,
        "WR2": 0.189521067191,
        "WSE": 0.17636982052,
        "WCI99": 0.611558976802,
        "formule pr": -10.2594691107486,
        "LRR_moy": -0.192120044443667
      },
      "geometry": {
        "type": "Point",
        "coordinates": [
          712746.433756655,
          6152314.3929305
        ]
      }
    },
    {
      "type": "Feature",
      "properties": {
        "info": false,
        "cara": false,
        "regl": false,
        "tech": false,
        "projet": "Etat des lieux de la pêche artisanale",
        "id": null,
        "OBJECTID": 483,
        "BaselineID": 10,
        "GroupID": 0,
        "TransOrder": 319,
        "TransEdit": "0",
        "Azimuth": 257.519351191,
        "SHAPE_Leng": 150.065692815,
        "ShrCount": 8,
        "TCD": 18637.0368473,
        "SCE": 5.04748827075,
        "NSM": 0.0226886527987,
        "EPR": 0.00206260479988,
        "EPRunc": 1.28564869307,
        "LRR": -0.221939472041,
        "LR2": 0.212314245673,
        "LSE": 1.86596935534,
        "LCI99": 0.647021302356,
        "WLR": -0.221939472041,
        "WR2": 0.212314245673,
        "WSE": 0.186596935534,
        "WCI99": 0.647021302358,
        "formule pr": -10.7537106528586,
        "LRR_moy": -0.208594762514
      },
      "geometry": {
        "type": "Point",
        "coordinates": [
          712744.2466829367,
          6152321.651317604
        ]
      }
    },
    {
      "type": "Feature",
      "properties": {
        "info": false,
        "cara": false,
        "regl": false,
        "tech": false,
        "projet": "Etat des lieux de la pêche artisanale",
        "id": null,
        "OBJECTID": 482,
        "BaselineID": 10,
        "GroupID": 0,
        "TransOrder": 318,
        "TransEdit": "0",
        "Azimuth": 262.824693985,
        "SHAPE_Leng": 150.000064825,
        "ShrCount": 8,
        "TCD": 18617.0368473,
        "SCE": 5.49684800364,
        "NSM": 0.930039659397,
        "EPR": 0.0845490599452,
        "EPRunc": 1.28564869307,
        "LRR": -0.208456259248,
        "LR2": 0.152156379628,
        "LSE": 2.14788371755,
        "LCI99": 0.744774567849,
        "WLR": -0.208456259247,
        "WR2": 0.152156379627,
        "WSE": 0.214788371755,
        "WCI99": 0.744774567849,
        "formule pr": -10.9518037467736,
        "LRR_moy": -0.2151978656445
      },
      "geometry": {
        "type": "Point",
        "coordinates": [
          712743.7489438778,
          6152328.1717796745
        ]
      }
    },
    {
      "type": "Feature",
      "properties": {
        "info": false,
        "cara": false,
        "regl": false,
        "tech": false,
        "projet": "Etat des lieux de la pêche artisanale",
        "id": null,
        "OBJECTID": 478,
        "BaselineID": 10,
        "GroupID": 0,
        "TransOrder": 317,
        "TransEdit": "0",
        "Azimuth": 254.999735806,
        "SHAPE_Leng": 150.447833344,
        "ShrCount": 6,
        "TCD": 18437.0368473,
        "SCE": 7.61932077927,
        "NSM": -2.84613174054,
        "EPR": -0.318075345311,
        "EPRunc": 1.58048364658,
        "LRR": -0.563405760353,
        "LR2": 0.593191405752,
        "LSE": 1.94748005834,
        "LCI99": 1.07407148252,
        "WLR": -0.563405760298,
        "WR2": 0.593191405689,
        "WSE": 0.194748005849,
        "WCI99": 1.07407148256,
        "formule pr": -18.0915199854286,
        "LRR_moy": -0.453188406933
      },
      "geometry": {
        "type": "Point",
        "coordinates": [
          712671.9451566965,
          6152499.614670191
        ]
      }
    },
    {
      "type": "Feature",
      "properties": {
        "info": false,
        "cara": false,
        "regl": false,
        "tech": false,
        "projet": "Etat des lieux de la pêche artisanale",
        "id": null,
        "OBJECTID": 477,
        "BaselineID": 10,
        "GroupID": 0,
        "TransOrder": 316,
        "TransEdit": "0",
        "Azimuth": 261.56935639,
        "SHAPE_Leng": 150.24062183,
        "ShrCount": 7,
        "TCD": 18417.0368473,
        "SCE": 8.025334472500004,
        "NSM": -1.24483210077,
        "EPR": -0.113166554616,
        "EPRunc": 1.28564869307,
        "LRR": -0.342971053513,
        "LR2": 0.270189352609,
        "LSE": 2.64673892905,
        "LCI99": 1.01643443955,
        "WLR": -0.342971053487,
        "WR2": 0.270189352589,
        "WSE": 0.264673892909,
        "WCI99": 1.01643443953,
        "formule pr": -18.2582673308186,
        "LRR_moy": -0.458746651779333
      },
      "geometry": {
        "type": "Point",
        "coordinates": [
          712671.0911056766,
          6152502.649961648
        ]
      }
    },
    {
      "type": "Feature",
      "properties": {
        "info": false,
        "cara": false,
        "regl": false,
        "tech": false,
        "projet": "Etat des lieux de la pêche artisanale",
        "id": null,
        "OBJECTID": 476,
        "BaselineID": 10,
        "GroupID": 0,
        "TransOrder": 315,
        "TransEdit": "0",
        "Azimuth": 267.202399382,
        "SHAPE_Leng": 150.033974366,
        "ShrCount": 8,
        "TCD": 18397.0368473,
        "SCE": 7.99266155822,
        "NSM": -1.66397474395,
        "EPR": -0.151270431268,
        "EPRunc": 1.28564869307,
        "LRR": -0.469863141472,
        "LR2": 0.526133086965,
        "LSE": 1.94641209372,
        "LCI99": 0.674914667916,
        "WLR": -0.469863141473,
        "WR2": 0.526133086968,
        "WSE": 0.194641209371,
        "WCI99": 0.674914667914,
        "formule pr": -17.6266971789086,
        "LRR_moy": -0.437694313382333
      },
      "geometry": {
        "type": "Point",
        "coordinates": [
          712670.1031330939,
          6152508.221028508
        ]
      }
    },
    {
      "type": "Feature",
      "properties": {
        "info": false,
        "cara": false,
        "regl": false,
        "tech": false,
        "projet": "Etat des lieux de la pêche artisanale",
        "id": null,
        "OBJECTID": 475,
        "BaselineID": 10,
        "GroupID": 0,
        "TransOrder": 314,
        "TransEdit": "0",
        "Azimuth": 271.459044902,
        "SHAPE_Leng": 150.03020027,
        "ShrCount": 8,
        "TCD": 18377.0368473,
        "SCE": 8.33375088239,
        "NSM": -1.64997857331,
        "EPR": -0.149998052119,
        "EPRunc": 1.28564869307,
        "LRR": -0.500248745162,
        "LR2": 0.524420703748,
        "LSE": 2.07941222954,
        "LCI99": 0.72103221044,
        "WLR": -0.500248745168,
        "WR2": 0.52442070376,
        "WSE": 0.207941222952,
        "WCI99": 0.721032210432,
        "formule pr": -20.0458219751986,
        "LRR_moy": -0.518331806592
      },
      "geometry": {
        "type": "Point",
        "coordinates": [
          712670.3263036933,
          6152517.40011335
        ]
      }
    },
    {
      "type": "Feature",
      "properties": {
        "info": false,
        "cara": false,
        "regl": false,
        "tech": false,
        "projet": "Etat des lieux de la pêche artisanale",
        "id": null,
        "OBJECTID": 474,
        "BaselineID": 10,
        "GroupID": 0,
        "TransOrder": 313,
        "TransEdit": "0",
        "Azimuth": 275.369738082,
        "SHAPE_Leng": 150.158116552,
        "ShrCount": 8,
        "TCD": 18357.0368473,
        "SCE": 9.22903458394,
        "NSM": -1.44032334069,
        "EPR": -0.130938485517,
        "EPRunc": 1.28564869307,
        "LRR": -0.584883533142,
        "LR2": 0.551492273626,
        "LSE": 2.30233053347,
        "LCI99": 0.798328705643,
        "WLR": -0.584883533136,
        "WR2": 0.551492273614,
        "WSE": 0.23023305335,
        "WCI99": 0.798328705655,
        "formule pr": -22.2894679131386,
        "LRR_moy": -0.593120004523333
      },
      "geometry": {
        "type": "Point",
        "coordinates": [
          712670.5939004963,
          6152527.479290985
        ]
      }
    },
    {
      "type": "Feature",
      "properties": {
        "info": false,
        "cara": false,
        "regl": false,
        "tech": false,
        "projet": "Etat des lieux de la pêche artisanale",
        "id": null,
        "OBJECTID": 473,
        "BaselineID": 10,
        "GroupID": 0,
        "TransOrder": 312,
        "TransEdit": "0",
        "Azimuth": 279.590874343,
        "SHAPE_Leng": 150.47213933,
        "ShrCount": 8,
        "TCD": 18337.0368473,
        "SCE": 9.49727380471,
        "NSM": -2.23577176976,
        "EPR": -0.203251979069,
        "EPRunc": 1.28564869307,
        "LRR": -0.694227735266,
        "LR2": 0.602239737088,
        "LSE": 2.46269701432,
        "LCI99": 0.853935475927,
        "WLR": -0.694227735264,
        "WR2": 0.602239737082,
        "WSE": 0.246269701434,
        "WCI99": 0.853935475934,
        "formule pr": -23.6825368035586,
        "LRR_moy": -0.639555634204
      },
      "geometry": {
        "type": "Point",
        "coordinates": [
          712671.0049121545,
          6152536.837938268
        ]
      }
    },
    {
      "type": "Feature",
      "properties": {
        "info": false,
        "cara": false,
        "regl": false,
        "tech": false,
        "projet": "Etat des lieux de la pêche artisanale",
        "id": null,
        "OBJECTID": 471,
        "BaselineID": 10,
        "GroupID": 0,
        "TransOrder": 311,
        "TransEdit": "0",
        "Azimuth": 270.45803828,
        "SHAPE_Leng": 152.2394307,
        "ShrCount": 8,
        "TCD": 18237.0368473,
        "SCE": 7.95828015927,
        "NSM": 7.60171772731,
        "EPR": 0.691065247937,
        "EPRunc": 1.28564869307,
        "LRR": 0.226818536267,
        "LR2": 0.103939809737,
        "LSE": 2.90696100985,
        "LCI99": 1.00798316602,
        "WLR": 0.226818536263,
        "WR2": 0.103939809733,
        "WSE": 0.290696100985,
        "WCI99": 1.00798316602,
        "formule pr": -3.3052333477191,
        "LRR_moy": 0.07886903524605
      },
      "geometry": {
        "type": "Point",
        "coordinates": [
          712691.5462648297,
          6152656.238653164
        ]
      }
    },
    {
      "type": "Feature",
      "properties": {
        "info": false,
        "cara": false,
        "regl": false,
        "tech": false,
        "projet": "Etat des lieux de la pêche artisanale",
        "id": null,
        "OBJECTID": 470,
        "BaselineID": 10,
        "GroupID": 0,
        "TransOrder": 310,
        "TransEdit": "0",
        "Azimuth": 271.92861864,
        "SHAPE_Leng": 150.486252406,
        "ShrCount": 8,
        "TCD": 18217.0368473,
        "SCE": 4.39668677987,
        "NSM": 1.88643925202,
        "EPR": 0.171494477457,
        "EPRunc": 1.28564869307,
        "LRR": -0.0690804657749,
        "LR2": 0.026277741853,
        "LSE": 1.83553138804,
        "LCI99": 0.636466995455,
        "WLR": -0.0690804657744,
        "WR2": 0.0262777418526,
        "WSE": 0.183553138804,
        "WCI99": 0.636466995456,
        "formule pr": -6.0772117126996,
        "LRR_moy": -0.013530243586633
      },
      "geometry": {
        "type": "Point",
        "coordinates": [
          712688.5293054597,
          6152672.366301962
        ]
      }
    },
    {
      "type": "Feature",
      "properties": {
        "info": false,
        "cara": false,
        "regl": false,
        "tech": false,
        "projet": "Etat des lieux de la pêche artisanale",
        "id": null,
        "OBJECTID": 469,
        "BaselineID": 10,
        "GroupID": 0,
        "TransOrder": 309,
        "TransEdit": "0",
        "Azimuth": 277.932701139,
        "SHAPE_Leng": 151.071445783,
        "ShrCount": 8,
        "TCD": 18197.0368473,
        "SCE": 5.11283532427,
        "NSM": 0.208430102843,
        "EPR": 0.0189481911675,
        "EPRunc": 1.28564869307,
        "LRR": -0.198328801252,
        "LR2": 0.209669655999,
        "LSE": 1.68075864738,
        "LCI99": 0.58279984388,
        "WLR": -0.198328801254,
        "WR2": 0.209669656003,
        "WSE": 0.168075864738,
        "WCI99": 0.582799843879,
        "formule pr": -11.2340137294796,
        "LRR_moy": -0.185423644145967
      },
      "geometry": {
        "type": "Point",
        "coordinates": [
          712688.7105605336,
          6152676.636453207
        ]
      }
    },
    {
      "type": "Feature",
      "properties": {
        "info": false,
        "cara": false,
        "regl": false,
        "tech": false,
        "projet": "Etat des lieux de la pêche artisanale",
        "id": null,
        "OBJECTID": 468,
        "BaselineID": 10,
        "GroupID": 0,
        "TransOrder": 308,
        "TransEdit": "0",
        "Azimuth": 284.123691029,
        "SHAPE_Leng": 151.11722439,
        "ShrCount": 8,
        "TCD": 18177.0368473,
        "SCE": 5.22526127397,
        "NSM": -0.668813836874,
        "EPR": -0.0608012578977,
        "EPRunc": 1.28564869307,
        "LRR": -0.288861665411,
        "LR2": 0.426348785125,
        "LSE": 1.46256233587,
        "LCI99": 0.507140690509,
        "WLR": -0.288861665407,
        "WR2": 0.426348785113,
        "WSE": 0.146256233589,
        "WCI99": 0.507140690515,
        "formule pr": -13.8422180054906,
        "LRR_moy": -0.272363786679667
      },
      "geometry": {
        "type": "Point",
        "coordinates": [
          712689.8448917266,
          6152680.259222723
        ]
      }
    },
    {
      "type": "Feature",
      "properties": {
        "info": false,
        "cara": false,
        "regl": false,
        "tech": false,
        "projet": "Etat des lieux de la pêche artisanale",
        "id": null,
        "OBJECTID": 467,
        "BaselineID": 10,
        "GroupID": 0,
        "TransOrder": 307,
        "TransEdit": "0",
        "Azimuth": 290.464784495,
        "SHAPE_Leng": 151.063646354,
        "ShrCount": 8,
        "TCD": 18157.0368473,
        "SCE": 5.1468442397,
        "NSM": -1.14970464781,
        "EPR": -0.104518604346,
        "EPRunc": 1.28564869307,
        "LRR": -0.329900893376,
        "LR2": 0.532062726688,
        "LSE": 1.35045129061,
        "LCI99": 0.468266400153,
        "WLR": -0.329900893377,
        "WR2": 0.532062726691,
        "WSE": 0.13504512906,
        "WCI99": 0.468266400151,
        "formule pr": -15.2975818640506,
        "LRR_moy": -0.320875915298333
      },
      "geometry": {
        "type": "Point",
        "coordinates": [
          712690.8635615737,
          6152683.488974011
        ]
      }
    },
    {
      "type": "Feature",
      "properties": {
        "info": false,
        "cara": false,
        "regl": false,
        "tech": false,
        "projet": "Etat des lieux de la pêche artisanale",
        "id": null,
        "OBJECTID": 466,
        "BaselineID": 10,
        "GroupID": 0,
        "TransOrder": 306,
        "TransEdit": "0",
        "Azimuth": 296.407410304,
        "SHAPE_Leng": 150.901274431,
        "ShrCount": 8,
        "TCD": 18137.0368473,
        "SCE": 5.21957191385,
        "NSM": -1.10090351906,
        "EPR": -0.100082138097,
        "EPRunc": 1.28564869307,
        "LRR": -0.343865187108,
        "LR2": 0.541289232624,
        "LSE": 1.38173899328,
        "LCI99": 0.479115351168,
        "WLR": -0.34386518711,
        "WR2": 0.54128923263,
        "WSE": 0.138173899328,
        "WCI99": 0.479115351165,
        "formule pr": -14.634931088760602,
        "LRR_moy": -0.298787556122
      },
      "geometry": {
        "type": "Point",
        "coordinates": [
          712692.2431899088,
          6152687.76998762
        ]
      }
    },
    {
      "type": "Feature",
      "properties": {
        "info": false,
        "cara": false,
        "regl": false,
        "tech": false,
        "projet": "Etat des lieux de la pêche artisanale",
        "id": null,
        "OBJECTID": 465,
        "BaselineID": 10,
        "GroupID": 0,
        "TransOrder": 305,
        "TransEdit": "0",
        "Azimuth": 302.433147188,
        "SHAPE_Leng": 150.618454631,
        "ShrCount": 7,
        "TCD": 18117.0368473,
        "SCE": 3.6150535902,
        "NSM": -0.722949570433,
        "EPR": -0.0657226882212,
        "EPRunc": 1.28564869307,
        "LRR": -0.222596587882,
        "LR2": 0.480915255571,
        "LSE": 1.02154667146,
        "LCI99": 0.41701750025,
        "WLR": -0.222596587882,
        "WR2": 0.480915255577,
        "WSE": 0.102154667145,
        "WCI99": 0.417017500245,
        "formule pr": -14.1682310299506,
        "LRR_moy": -0.283230887495
      },
      "geometry": {
        "type": "Point",
        "coordinates": [
          712694.0608517857,
          6152691.661267995
        ]
      }
    },
    {
      "type": "Feature",
      "properties": {
        "info": false,
        "cara": false,
        "regl": false,
        "tech": false,
        "projet": "Etat des lieux de la pêche artisanale",
        "id": null,
        "OBJECTID": 456,
        "BaselineID": 9,
        "GroupID": 0,
        "TransOrder": 304,
        "TransEdit": "0",
        "Azimuth": 173.628787112,
        "SHAPE_Leng": 152.418304669,
        "ShrCount": 8,
        "TCD": 17059.394595,
        "SCE": 4.82210578411,
        "NSM": 0.638723723218,
        "EPR": 0.0580657930198,
        "EPRunc": 1.28564869307,
        "LRR": -0.0987545080605,
        "LR2": 0.0739393829162,
        "LSE": 1.52553352865,
        "LCI99": 0.528975831072,
        "WLR": -0.0987545080635,
        "WR2": 0.0739393829207,
        "WSE": 0.152553352865,
        "WCI99": 0.528975831071,
        "formule pr": -8.15561136220899,
        "LRR_moy": -0.10239862777425
      },
      "geometry": {
        "type": "Point",
        "coordinates": [
          711820.9142821246,
          6153265.92497386
        ]
      }
    },
    {
      "type": "Feature",
      "properties": {
        "info": false,
        "cara": false,
        "regl": false,
        "tech": false,
        "projet": "Etat des lieux de la pêche artisanale",
        "id": null,
        "OBJECTID": 455,
        "BaselineID": 9,
        "GroupID": 0,
        "TransOrder": 303,
        "TransEdit": "0",
        "Azimuth": 179.639059956,
        "SHAPE_Leng": 152.986632497,
        "ShrCount": 8,
        "TCD": 17039.394595,
        "SCE": 6.02863515968,
        "NSM": 1.00414257286,
        "EPR": 0.0912856884418,
        "EPRunc": 1.28564869307,
        "LRR": -0.106042747488,
        "LR2": 0.0556319766877,
        "LSE": 1.90709528701,
        "LCI99": 0.661281640444,
        "WLR": -0.106042747489,
        "WR2": 0.0556319766884,
        "WSE": 0.190709528701,
        "WCI99": 0.661281640444,
        "formule pr": -8.29875127847649,
        "LRR_moy": -0.1071699583165
      },
      "geometry": {
        "type": "Point",
        "coordinates": [
          711816.7254650483,
          6153266.1152113695
        ]
      }
    },
    {
      "type": "Feature",
      "properties": {
        "info": false,
        "cara": false,
        "regl": false,
        "tech": false,
        "projet": "Etat des lieux de la pêche artisanale",
        "id": null,
        "OBJECTID": 454,
        "BaselineID": 9,
        "GroupID": 0,
        "TransOrder": 302,
        "TransEdit": "0",
        "Azimuth": 184.880053029,
        "SHAPE_Leng": 152.887568985,
        "ShrCount": 8,
        "TCD": 17019.394595,
        "SCE": 6.93609260972,
        "NSM": 0.957406000375,
        "EPR": 0.087036909125,
        "EPRunc": 1.28564869307,
        "LRR": -0.116712619401,
        "LR2": 0.0506989340585,
        "LSE": 2.20446605915,
        "LCI99": 0.764394386495,
        "WLR": -0.1167126194,
        "WR2": 0.0506989340572,
        "WSE": 0.220446605915,
        "WCI99": 0.764394386497,
        "formule pr": -7.637706075344489,
        "LRR_moy": -0.0851351182121
      },
      "geometry": {
        "type": "Point",
        "coordinates": [
          711810.5944509765,
          6153266.947172355
        ]
      }
    },
    {
      "type": "Feature",
      "properties": {
        "info": false,
        "cara": false,
        "regl": false,
        "tech": false,
        "projet": "Etat des lieux de la pêche artisanale",
        "id": null,
        "OBJECTID": 453,
        "BaselineID": 9,
        "GroupID": 0,
        "TransOrder": 301,
        "TransEdit": "0",
        "Azimuth": 190.397999274,
        "SHAPE_Leng": 152.012084757,
        "ShrCount": 7,
        "TCD": 16999.394595,
        "SCE": 5.60789240684,
        "NSM": 0.892310705461,
        "EPR": 0.0811191550419,
        "EPRunc": 1.28564869307,
        "LRR": -0.0326499877473,
        "LR2": 0.00564961155594,
        "LSE": 1.97231132119,
        "LCI99": 0.781077943713,
        "WLR": -0.0326499877405,
        "WR2": 0.0056496115537,
        "WSE": 0.19723113212,
        "WCI99": 0.781077943706,
        "formule pr": -6.70187868840849,
        "LRR_moy": -0.0539408719809
      },
      "geometry": {
        "type": "Point",
        "coordinates": [
          711805.2200850578,
          6153267.86272519
        ]
      }
    },
    {
      "type": "Feature",
      "properties": {
        "info": false,
        "cara": false,
        "regl": false,
        "tech": false,
        "projet": "Etat des lieux de la pêche artisanale",
        "id": null,
        "OBJECTID": 452,
        "BaselineID": 9,
        "GroupID": 0,
        "TransOrder": 300,
        "TransEdit": "0",
        "Azimuth": 195.904912816,
        "SHAPE_Leng": 152.284948336,
        "ShrCount": 7,
        "TCD": 16979.394595,
        "SCE": 2.87275109144,
        "NSM": 0.602612524692,
        "EPR": 0.0547829567902,
        "EPRunc": 1.28564869307,
        "LRR": -0.0124600087944,
        "LR2": 0.00335933840361,
        "LSE": 0.977220992295,
        "LCI99": 0.387000649955,
        "WLR": -0.0124600087962,
        "WR2": 0.00335933840466,
        "WSE": 0.0977220992296,
        "WCI99": 0.387000649951,
        "formule pr": -6.07427520156549,
        "LRR_moy": -0.0330207557528
      },
      "geometry": {
        "type": "Point",
        "coordinates": [
          711799.9277516837,
          6153269.107205417
        ]
      }
    },
    {
      "type": "Feature",
      "properties": {
        "info": false,
        "cara": false,
        "regl": false,
        "tech": false,
        "projet": "Etat des lieux de la pêche artisanale",
        "id": null,
        "OBJECTID": 451,
        "BaselineID": 9,
        "GroupID": 0,
        "TransOrder": 299,
        "TransEdit": "0",
        "Azimuth": 200.569153822,
        "SHAPE_Leng": 151.630152059,
        "ShrCount": 7,
        "TCD": 16959.394595,
        "SCE": 2.0543626758,
        "NSM": -0.498369018218,
        "EPR": -0.0453062743834,
        "EPRunc": 1.28564869307,
        "LRR": -0.0539522707167,
        "LR2": 0.104543961511,
        "LSE": 0.718976013092,
        "LCI99": 0.284730052427,
        "WLR": -0.0539522707149,
        "WR2": 0.104543961507,
        "WSE": 0.0718976013094,
        "WCI99": 0.284730052424,
        "formule pr": -6.38616353892049,
        "LRR_moy": -0.043417033664633
      },
      "geometry": {
        "type": "Point",
        "coordinates": [
          711792.1104820148,
          6153269.957970314
        ]
      }
    },
    {
      "type": "Feature",
      "properties": {
        "info": false,
        "cara": false,
        "regl": false,
        "tech": false,
        "projet": "Etat des lieux de la pêche artisanale",
        "id": null,
        "OBJECTID": 450,
        "BaselineID": 9,
        "GroupID": 0,
        "TransOrder": 298,
        "TransEdit": "0",
        "Azimuth": 206.131085959,
        "SHAPE_Leng": 151.230938318,
        "ShrCount": 7,
        "TCD": 16939.394595,
        "SCE": 2.6974376169,
        "NSM": 0.11293521033,
        "EPR": 0.0102668373027,
        "EPRunc": 1.28564869307,
        "LRR": -0.0638388214828,
        "LR2": 0.100681228249,
        "LSE": 0.868759272931,
        "LCI99": 0.344047463092,
        "WLR": -0.0638388214817,
        "WR2": 0.100681228247,
        "WSE": 0.0868759272936,
        "WCI99": 0.34404746309,
        "formule pr": -6.97999853154349,
        "LRR_moy": -0.063211533418733
      },
      "geometry": {
        "type": "Point",
        "coordinates": [
          711787.470946255,
          6153272.79221531
        ]
      }
    },
    {
      "type": "Feature",
      "properties": {
        "info": false,
        "cara": false,
        "regl": false,
        "tech": false,
        "projet": "Etat des lieux de la pêche artisanale",
        "id": null,
        "OBJECTID": 449,
        "BaselineID": 9,
        "GroupID": 0,
        "TransOrder": 297,
        "TransEdit": "0",
        "Azimuth": 212.444629853,
        "SHAPE_Leng": 151.743203425,
        "ShrCount": 7,
        "TCD": 16919.394595,
        "SCE": 3.29174211761,
        "NSM": 0.500073975405,
        "EPR": 0.0454612704914,
        "EPRunc": 1.28564869307,
        "LRR": -0.0718435080567,
        "LR2": 0.0843130280617,
        "LSE": 1.07806691941,
        "LCI99": 0.426937818363,
        "WLR": -0.0718435080575,
        "WR2": 0.0843130280655,
        "WSE": 0.107806691941,
        "WCI99": 0.426937818357,
        "formule pr": -7.13860673788349,
        "LRR_moy": -0.068498473630067
      },
      "geometry": {
        "type": "Point",
        "coordinates": [
          711784.697254232,
          6153274.769236242
        ]
      }
    },
    {
      "type": "Feature",
      "properties": {
        "info": false,
        "cara": false,
        "regl": false,
        "tech": false,
        "projet": "Etat des lieux de la pêche artisanale",
        "id": null,
        "OBJECTID": 448,
        "BaselineID": 9,
        "GroupID": 0,
        "TransOrder": 296,
        "TransEdit": "0",
        "Azimuth": 218.76710154,
        "SHAPE_Leng": 152.755609174,
        "ShrCount": 7,
        "TCD": 16899.394595,
        "SCE": 3.80630014016,
        "NSM": 1.18869564006,
        "EPR": 0.108063240005,
        "EPRunc": 1.28564869307,
        "LRR": -0.0698130913507,
        "LR2": 0.0546291547515,
        "LSE": 1.3223844888,
        "LCI99": 0.523692860357,
        "WLR": -0.0698130913511,
        "WR2": 0.0546291547535,
        "WSE": 0.13223844888,
        "WCI99": 0.52369286035,
        "formule pr": -7.20850152009249,
        "LRR_moy": -0.0708282997037
      },
      "geometry": {
        "type": "Point",
        "coordinates": [
          711782.6659000018,
          6153277.459902861
        ]
      }
    },
    {
      "type": "Feature",
      "properties": {
        "info": false,
        "cara": false,
        "regl": false,
        "tech": false,
        "projet": "Etat des lieux de la pêche artisanale",
        "id": null,
        "OBJECTID": 437,
        "BaselineID": 8,
        "GroupID": 0,
        "TransOrder": 295,
        "TransEdit": "0",
        "Azimuth": 134.142303959,
        "SHAPE_Leng": 164.80797252,
        "ShrCount": 8,
        "TCD": 16043.1584945,
        "SCE": 14.688237421,
        "NSM": 14.688237421,
        "EPR": 1.335294311,
        "EPRunc": 1.28564869307,
        "LRR": 0.222732589279,
        "LR2": 0.0311739597011,
        "LSE": 5.41993044401,
        "LCI99": 1.8793505073,
        "WLR": 0.222732589279,
        "WR2": 0.0311739597009,
        "WSE": 0.541993044401,
        "WCI99": 1.8793505073,
        "formule pr": -1.73669503756453,
        "LRR_moy": 0.26168984322
      },
      "geometry": {
        "type": "Point",
        "coordinates": [
          710917.5985999954,
          6153525.411802862
        ]
      }
    },
    {
      "type": "Feature",
      "properties": {
        "info": false,
        "cara": false,
        "regl": false,
        "tech": false,
        "projet": "Etat des lieux de la pêche artisanale",
        "id": null,
        "OBJECTID": 436,
        "BaselineID": 8,
        "GroupID": 0,
        "TransOrder": 294,
        "TransEdit": "0",
        "Azimuth": 139.749476157,
        "SHAPE_Leng": 168.302436519,
        "ShrCount": 8,
        "TCD": 16023.1584945,
        "SCE": 18.4145216955,
        "NSM": 18.4145216955,
        "EPR": 1.67404742687,
        "EPRunc": 1.28564869307,
        "LRR": 0.300647097161,
        "LR2": 0.036651736443,
        "LSE": 6.72797590424,
        "LCI99": 2.33291276694,
        "WLR": 0.300647097156,
        "WR2": 0.0366517364417,
        "WSE": 0.672797590424,
        "WCI99": 2.33291276694,
        "formule pr": -0.491955888144533,
        "LRR_moy": 0.303181148200667
      },
      "geometry": {
        "type": "Point",
        "coordinates": [
          710912.7227366423,
          6153525.233359572
        ]
      }
    },
    {
      "type": "Feature",
      "properties": {
        "info": false,
        "cara": false,
        "regl": false,
        "tech": false,
        "projet": "Etat des lieux de la pêche artisanale",
        "id": null,
        "OBJECTID": 435,
        "BaselineID": 8,
        "GroupID": 0,
        "TransOrder": 293,
        "TransEdit": "0",
        "Azimuth": 145.641116602,
        "SHAPE_Leng": 169.627585439,
        "ShrCount": 8,
        "TCD": 16003.1584945,
        "SCE": 21.0161593071,
        "NSM": 21.0161593071,
        "EPR": 1.91055993701,
        "EPRunc": 1.28564869307,
        "LRR": 0.386163758162,
        "LR2": 0.049028442494,
        "LSE": 7.4235947897,
        "LCI99": 2.574117284,
        "WLR": 0.386163758162,
        "WR2": 0.0490284424939,
        "WSE": 0.74235947897,
        "WCI99": 2.574117284,
        "formule pr": 1.53042888458547,
        "LRR_moy": 0.370593973958333
      },
      "geometry": {
        "type": "Point",
        "coordinates": [
          710909.6368101403,
          6153524.97428803
        ]
      }
    },
    {
      "type": "Feature",
      "properties": {
        "info": false,
        "cara": false,
        "regl": false,
        "tech": false,
        "projet": "Etat des lieux de la pêche artisanale",
        "id": null,
        "OBJECTID": 434,
        "BaselineID": 8,
        "GroupID": 0,
        "TransOrder": 292,
        "TransEdit": "0",
        "Azimuth": 151.878927817,
        "SHAPE_Leng": 170.351856132,
        "ShrCount": 8,
        "TCD": 15983.1584945,
        "SCE": 21.8648379041,
        "NSM": 21.8648379041,
        "EPR": 1.98771253674,
        "EPRunc": 1.28564869307,
        "LRR": 0.424971066552,
        "LR2": 0.0554500236209,
        "LSE": 7.65603651854,
        "LCI99": 2.65471600857,
        "WLR": 0.424971066555,
        "WR2": 0.0554500236217,
        "WSE": 0.765603651854,
        "WCI99": 2.65471600857,
        "formule pr": 3.9066705234354706,
        "LRR_moy": 0.449802028586667
      },
      "geometry": {
        "type": "Point",
        "coordinates": [
          710907.9549410752,
          6153524.852825985
        ]
      }
    },
    {
      "type": "Feature",
      "properties": {
        "info": false,
        "cara": false,
        "regl": false,
        "tech": false,
        "projet": "Etat des lieux de la pêche artisanale",
        "id": null,
        "OBJECTID": 433,
        "BaselineID": 8,
        "GroupID": 0,
        "TransOrder": 291,
        "TransEdit": "0",
        "Azimuth": 157.216580665,
        "SHAPE_Leng": 172.187590984,
        "ShrCount": 8,
        "TCD": 15963.1584945,
        "SCE": 23.9294180938,
        "NSM": 23.9294180938,
        "EPR": 2.17540164489,
        "EPRunc": 1.28564869307,
        "LRR": 0.538271261046,
        "LR2": 0.0778456969912,
        "LSE": 8.08665129429,
        "LCI99": 2.80403085783,
        "WLR": 0.538271261046,
        "WR2": 0.0778456969911,
        "WSE": 0.808665129429,
        "WCI99": 2.80403085783,
        "formule pr": 7.03823974643547,
        "LRR_moy": 0.554187669353333
      },
      "geometry": {
        "type": "Point",
        "coordinates": [
          710903.6229120758,
          6153524.562174095
        ]
      }
    },
    {
      "type": "Feature",
      "properties": {
        "info": false,
        "cara": false,
        "regl": false,
        "tech": false,
        "projet": "Etat des lieux de la pêche artisanale",
        "id": null,
        "OBJECTID": 432,
        "BaselineID": 8,
        "GroupID": 0,
        "TransOrder": 290,
        "TransEdit": "0",
        "Azimuth": 162.175468536,
        "SHAPE_Leng": 173.070549872,
        "ShrCount": 8,
        "TCD": 15943.1584945,
        "SCE": 26.5379522986,
        "NSM": 26.5379522986,
        "EPR": 2.41254111805,
        "EPRunc": 1.28564869307,
        "LRR": 0.699320680462,
        "LR2": 0.114937353219,
        "LSE": 8.47063195084,
        "LCI99": 2.93717541552,
        "WLR": 0.699320680464,
        "WR2": 0.11493735322,
        "WSE": 0.847063195084,
        "WCI99": 2.93717541552,
        "formule pr": 10.1428830340955,
        "LRR_moy": 0.657675778942
      },
      "geometry": {
        "type": "Point",
        "coordinates": [
          710898.3764115666,
          6153524.210166921
        ]
      }
    },
    {
      "type": "Feature",
      "properties": {
        "info": false,
        "cara": false,
        "regl": false,
        "tech": false,
        "projet": "Etat des lieux de la pêche artisanale",
        "id": null,
        "OBJECTID": 431,
        "BaselineID": 8,
        "GroupID": 0,
        "TransOrder": 289,
        "TransEdit": "0",
        "Azimuth": 167.253993216,
        "SHAPE_Leng": 174.738820244,
        "ShrCount": 8,
        "TCD": 15923.1584945,
        "SCE": 28.0393964385,
        "NSM": 28.0393964385,
        "EPR": 2.54903603986,
        "EPRunc": 1.28564869307,
        "LRR": 0.735435395318,
        "LR2": 0.111404266597,
        "LSE": 9.06627229115,
        "LCI99": 3.14371256342,
        "WLR": 0.735435395322,
        "WR2": 0.111404266598,
        "WSE": 0.906627229115,
        "WCI99": 3.14371256342,
        "formule pr": 12.8117172794755,
        "LRR_moy": 0.746636920454667
      },
      "geometry": {
        "type": "Point",
        "coordinates": [
          710893.4639102507,
          6153524.778657523
        ]
      }
    },
    {
      "type": "Feature",
      "properties": {
        "info": false,
        "cara": false,
        "regl": false,
        "tech": false,
        "projet": "Etat des lieux de la pêche artisanale",
        "id": null,
        "OBJECTID": 430,
        "BaselineID": 8,
        "GroupID": 0,
        "TransOrder": 288,
        "TransEdit": "0",
        "Azimuth": 172.232805972,
        "SHAPE_Leng": 176.815696494,
        "ShrCount": 8,
        "TCD": 15903.1584945,
        "SCE": 30.2937580762,
        "NSM": 30.2937580762,
        "EPR": 2.75397800693,
        "EPRunc": 1.28564869307,
        "LRR": 0.805154685584,
        "LR2": 0.113657471178,
        "LSE": 9.81440904992,
        "LCI99": 3.40312755253,
        "WLR": 0.805154685586,
        "WR2": 0.113657471179,
        "WSE": 0.981440904991,
        "WCI99": 3.40312755254,
        "formule pr": 15.162718333735501,
        "LRR_moy": 0.825003622263333
      },
      "geometry": {
        "type": "Point",
        "coordinates": [
          710888.4716013883,
          6153525.878192722
        ]
      }
    },
    {
      "type": "Feature",
      "properties": {
        "info": false,
        "cara": false,
        "regl": false,
        "tech": false,
        "projet": "Etat des lieux de la pêche artisanale",
        "id": null,
        "OBJECTID": 428,
        "BaselineID": 8,
        "GroupID": 0,
        "TransOrder": 287,
        "TransEdit": "0",
        "Azimuth": 181.092494358,
        "SHAPE_Leng": 182.088865156,
        "ShrCount": 8,
        "TCD": 15863.1584945,
        "SCE": 35.3220120835,
        "NSM": 35.3220120835,
        "EPR": 3.21109200759,
        "EPRunc": 1.28564869307,
        "LRR": 0.934420785888,
        "LR2": 0.109293725311,
        "LSE": 11.6438113992,
        "LCI99": 4.03746931552,
        "WLR": 0.93442078589,
        "WR2": 0.109293725312,
        "WSE": 1.16438113992,
        "WCI99": 4.03746931552,
        "formule pr": 18.1108139399555,
        "LRR_moy": 0.923273475804
      },
      "geometry": {
        "type": "Point",
        "coordinates": [
          710875.990998853,
          6153530.327742355
        ]
      }
    },
    {
      "type": "Feature",
      "properties": {
        "info": false,
        "cara": false,
        "regl": false,
        "tech": false,
        "projet": "Etat des lieux de la pêche artisanale",
        "id": null,
        "OBJECTID": 427,
        "BaselineID": 8,
        "GroupID": 0,
        "TransOrder": 286,
        "TransEdit": "0",
        "Azimuth": 185.347147086,
        "SHAPE_Leng": 184.625157885,
        "ShrCount": 8,
        "TCD": 15843.1584945,
        "SCE": 38.4545190412,
        "NSM": 38.4545190412,
        "EPR": 3.49586536738,
        "EPRunc": 1.28564869307,
        "LRR": 1.03024495594,
        "LR2": 0.113059768827,
        "LSE": 12.5955361349,
        "LCI99": 4.36747804597,
        "WLR": 1.03024495594,
        "WR2": 0.113059768827,
        "WSE": 1.25955361349,
        "WCI99": 4.36747804598,
        "formule pr": 21.3227563215155,
        "LRR_moy": 1.030338221856
      },
      "geometry": {
        "type": "Point",
        "coordinates": [
          710869.7755999964,
          6153533.496302857
        ]
      }
    },
    {
      "type": "Feature",
      "properties": {
        "info": false,
        "cara": false,
        "regl": false,
        "tech": false,
        "projet": "Etat des lieux de la pêche artisanale",
        "id": null,
        "OBJECTID": 426,
        "BaselineID": 8,
        "GroupID": 0,
        "TransOrder": 285,
        "TransEdit": "0",
        "Azimuth": 190.103086516,
        "SHAPE_Leng": 185.814585273,
        "ShrCount": 8,
        "TCD": 15823.1584945,
        "SCE": 39.9267465791,
        "NSM": 39.9267465791,
        "EPR": 3.62970423447,
        "EPRunc": 1.28564869307,
        "LRR": 1.12634892374,
        "LR2": 0.127091137793,
        "LSE": 12.8849517422,
        "LCI99": 4.467832353830002,
        "WLR": 1.12634892374,
        "WR2": 0.127091137793,
        "WSE": 1.28849517422,
        "WCI99": 4.467832353840002,
        "formule pr": 26.9841537058355,
        "LRR_moy": 1.219051468
      },
      "geometry": {
        "type": "Point",
        "coordinates": [
          710865.3890858233,
          6153535.560823361
        ]
      }
    },
    {
      "type": "Feature",
      "properties": {
        "info": false,
        "cara": false,
        "regl": false,
        "tech": false,
        "projet": "Etat des lieux de la pêche artisanale",
        "id": null,
        "OBJECTID": 425,
        "BaselineID": 8,
        "GroupID": 0,
        "TransOrder": 284,
        "TransEdit": "0",
        "Azimuth": 193.903226211,
        "SHAPE_Leng": 188.187520708,
        "ShrCount": 8,
        "TCD": 15803.1584945,
        "SCE": 42.1484681839,
        "NSM": 42.1484681839,
        "EPR": 3.8316789258,
        "EPRunc": 1.28564869307,
        "LRR": 1.50056052432,
        "LR2": 0.209595511352,
        "LSE": 12.7195063876,
        "LCI99": 4.4104644938,
        "WLR": 1.50056052432,
        "WR2": 0.209595511351,
        "WSE": 1.27195063876,
        "WCI99": 4.4104644938,
        "formule pr": 34.5776546403355,
        "LRR_moy": 1.472168165816667
      },
      "geometry": {
        "type": "Point",
        "coordinates": [
          710858.3218913941,
          6153538.751568099
        ]
      }
    },
    {
      "type": "Feature",
      "properties": {
        "info": false,
        "cara": false,
        "regl": false,
        "tech": false,
        "projet": "Etat des lieux de la pêche artisanale",
        "id": null,
        "OBJECTID": 424,
        "BaselineID": 8,
        "GroupID": 0,
        "TransOrder": 283,
        "TransEdit": "0",
        "Azimuth": 197.290164231,
        "SHAPE_Leng": 188.241355347,
        "ShrCount": 8,
        "TCD": 15783.1584945,
        "SCE": 42.4097178873,
        "NSM": 42.4097178873,
        "EPR": 3.85542889884,
        "EPRunc": 1.28564869307,
        "LRR": 1.78959504939,
        "LR2": 0.280290324131,
        "LSE": 12.5173506396,
        "LCI99": 4.34036737512,
        "WLR": 1.78959504939,
        "WR2": 0.280290324133,
        "WSE": 1.25173506396,
        "WCI99": 4.34036737512,
        "formule pr": 40.1040698149355,
        "LRR_moy": 1.65638200497
      },
      "geometry": {
        "type": "Point",
        "coordinates": [
          710849.9101985204,
          6153541.5442980975
        ]
      }
    },
    {
      "type": "Feature",
      "properties": {
        "info": false,
        "cara": false,
        "regl": false,
        "tech": false,
        "projet": "Etat des lieux de la pêche artisanale",
        "id": null,
        "OBJECTID": 423,
        "BaselineID": 8,
        "GroupID": 0,
        "TransOrder": 282,
        "TransEdit": "0",
        "Azimuth": 200.569712073,
        "SHAPE_Leng": 185.129004211,
        "ShrCount": 8,
        "TCD": 15763.1584945,
        "SCE": 40.3341820038,
        "NSM": 40.3341820038,
        "EPR": 3.66674381853,
        "EPRunc": 1.28564869307,
        "LRR": 1.6789904412,
        "LR2": 0.268964034503,
        "LSE": 12.0824086619,
        "LCI99": 4.18955207685,
        "WLR": 1.6789904412,
        "WR2": 0.268964034504,
        "WSE": 1.20824086618,
        "WCI99": 4.18955207685,
        "formule pr": 39.9875085397355,
        "LRR_moy": 1.65249662913
      },
      "geometry": {
        "type": "Point",
        "coordinates": [
          710840.387995102,
          6153542.435689806
        ]
      }
    },
    {
      "type": "Feature",
      "properties": {
        "info": false,
        "cara": false,
        "regl": false,
        "tech": false,
        "projet": "Etat des lieux de la pêche artisanale",
        "id": null,
        "OBJECTID": 422,
        "BaselineID": 8,
        "GroupID": 0,
        "TransOrder": 281,
        "TransEdit": "0",
        "Azimuth": 203.052764522,
        "SHAPE_Leng": 179.182221348,
        "ShrCount": 8,
        "TCD": 15743.1584945,
        "SCE": 34.4776875565,
        "NSM": 34.4776875565,
        "EPR": 3.13433523241,
        "EPRunc": 1.28564869307,
        "LRR": 1.4889043968,
        "LR2": 0.284767828525,
        "LSE": 10.2997788895,
        "LCI99": 3.57142861538,
        "WLR": 1.4889043968,
        "WR2": 0.284767828524,
        "WSE": 1.02997788895,
        "WCI99": 3.57142861539,
        "formule pr": 25.3460504577555,
        "LRR_moy": 1.164448026397333
      },
      "geometry": {
        "type": "Point",
        "coordinates": [
          710826.9413715199,
          6153541.4166359175
        ]
      }
    },
    {
      "type": "Feature",
      "properties": {
        "info": false,
        "cara": false,
        "regl": false,
        "tech": false,
        "projet": "Etat des lieux de la pêche artisanale",
        "id": null,
        "OBJECTID": 421,
        "BaselineID": 8,
        "GroupID": 0,
        "TransOrder": 280,
        "TransEdit": "0",
        "Azimuth": 205.241655228,
        "SHAPE_Leng": 152.269060877,
        "ShrCount": 8,
        "TCD": 15723.1584945,
        "SCE": 7.37875503757,
        "NSM": 4.94206467499,
        "EPR": 0.449278606818,
        "EPRunc": 1.28564869307,
        "LRR": 0.325449241192,
        "LR2": 0.271668335653,
        "LSE": 2.32600893359,
        "LCI99": 0.806539145566,
        "WLR": 0.325449241196,
        "WR2": 0.271668335658,
        "WSE": 0.232600893359,
        "WCI99": 0.806539145565,
        "formule pr": 12.0641688514155,
        "LRR_moy": 0.721718639519333
      },
      "geometry": {
        "type": "Point",
        "coordinates": [
          710802.5095149454,
          6153520.441795309
        ]
      }
    },
    {
      "type": "Feature",
      "properties": {
        "info": false,
        "cara": false,
        "regl": false,
        "tech": false,
        "projet": "Etat des lieux de la pêche artisanale",
        "id": null,
        "OBJECTID": 420,
        "BaselineID": 8,
        "GroupID": 0,
        "TransOrder": 279,
        "TransEdit": "0",
        "Azimuth": 208.041712488,
        "SHAPE_Leng": 150.707350081,
        "ShrCount": 8,
        "TCD": 15703.1584945,
        "SCE": 5.47370898513,
        "NSM": 3.60329791419,
        "EPR": 0.327572537654,
        "EPRunc": 1.28564869307,
        "LRR": 0.350802280566,
        "LR2": 0.483241211361,
        "LSE": 1.58346107575,
        "LCI99": 0.549062097152,
        "WLR": 0.350802280563,
        "WR2": 0.483241211351,
        "WSE": 0.158346107577,
        "WCI99": 0.549062097157,
        "formule pr": -0.242138077084533,
        "LRR_moy": 0.311508408569333
      },
      "geometry": {
        "type": "Point",
        "coordinates": [
          710790.4724034118,
          6153524.759786927
        ]
      }
    },
    {
      "type": "Feature",
      "properties": {
        "info": false,
        "cara": false,
        "regl": false,
        "tech": false,
        "projet": "Etat des lieux de la pêche artisanale",
        "id": null,
        "OBJECTID": 419,
        "BaselineID": 8,
        "GroupID": 0,
        "TransOrder": 278,
        "TransEdit": "0",
        "Azimuth": 210.672695953,
        "SHAPE_Leng": 149.99914631,
        "ShrCount": 8,
        "TCD": 15683.1584945,
        "SCE": 3.35512247196,
        "NSM": 2.53151785019,
        "EPR": 0.230137986381,
        "EPRunc": 1.28564869307,
        "LRR": 0.25827370395,
        "LR2": 0.616061394966,
        "LSE": 0.889983828233,
        "LCI99": 0.308600188943,
        "WLR": 0.258273703946,
        "WR2": 0.616061394948,
        "WSE": 0.0889983828254,
        "WCI99": 0.308600188951,
        "formule pr": -1.63609360649453,
        "LRR_moy": 0.265043224255667
      },
      "geometry": {
        "type": "Point",
        "coordinates": [
          710778.9661654233,
          6153531.085331616
        ]
      }
    },
    {
      "type": "Feature",
      "properties": {
        "info": false,
        "cara": false,
        "regl": false,
        "tech": false,
        "projet": "Etat des lieux de la pêche artisanale",
        "id": null,
        "OBJECTID": 418,
        "BaselineID": 8,
        "GroupID": 0,
        "TransOrder": 277,
        "TransEdit": "0",
        "Azimuth": 213.853271906,
        "SHAPE_Leng": 150.080735683,
        "ShrCount": 8,
        "TCD": 15663.1584945,
        "SCE": 2.90771022725,
        "NSM": 1.66573514638,
        "EPR": 0.151430467853,
        "EPRunc": 1.28564869307,
        "LRR": 0.186053688251,
        "LR2": 0.552943883681,
        "LSE": 0.730233588719,
        "LCI99": 0.253207099166,
        "WLR": 0.186053688253,
        "WR2": 0.55294388369,
        "WSE": 0.0730233588711,
        "WCI99": 0.253207099163,
        "formule pr": -3.80862074858453,
        "LRR_moy": 0.192625652852667
      },
      "geometry": {
        "type": "Point",
        "coordinates": [
          710769.2389519288,
          6153537.593261559
        ]
      }
    },
    {
      "type": "Feature",
      "properties": {
        "info": false,
        "cara": false,
        "regl": false,
        "tech": false,
        "projet": "Etat des lieux de la pêche artisanale",
        "id": null,
        "OBJECTID": 417,
        "BaselineID": 8,
        "GroupID": 0,
        "TransOrder": 276,
        "TransEdit": "0",
        "Azimuth": 217.900164382,
        "SHAPE_Leng": 150.388523648,
        "ShrCount": 8,
        "TCD": 15643.1584945,
        "SCE": 2.66816753968,
        "NSM": 1.53278787748,
        "EPR": 0.139344352498,
        "EPRunc": 1.28564869307,
        "LRR": 0.133549566357,
        "LR2": 0.341787790722,
        "LSE": 0.808965884658,
        "LCI99": 0.280507372083,
        "WLR": 0.133549566358,
        "WR2": 0.341787790724,
        "WSE": 0.0808965884656,
        "WCI99": 0.280507372082,
        "formule pr": -4.75223072237453,
        "LRR_moy": 0.161171987059667
      },
      "geometry": {
        "type": "Point",
        "coordinates": [
          710761.6609504326,
          6153543.2679947335
        ]
      }
    },
    {
      "type": "Feature",
      "properties": {
        "info": false,
        "cara": false,
        "regl": false,
        "tech": false,
        "projet": "Etat des lieux de la pêche artisanale",
        "id": null,
        "OBJECTID": 416,
        "BaselineID": 8,
        "GroupID": 0,
        "TransOrder": 275,
        "TransEdit": "0",
        "Azimuth": 221.443636018,
        "SHAPE_Leng": 150.314514462,
        "ShrCount": 8,
        "TCD": 15623.1584945,
        "SCE": 2.42992824548,
        "NSM": 1.51429701458,
        "EPR": 0.137663364962,
        "EPRunc": 1.28564869307,
        "LRR": 0.163912706571,
        "LR2": 0.50543225544,
        "LSE": 0.707745422617,
        "LCI99": 0.245409370614,
        "WLR": 0.163912706574,
        "WR2": 0.505432255461,
        "WSE": 0.0707745422603,
        "WCI99": 0.245409370609,
        "formule pr": -4.87311225066453,
        "LRR_moy": 0.157142602783333
      },
      "geometry": {
        "type": "Point",
        "coordinates": [
          710753.2636755682,
          6153549.960004093
        ]
      }
    },
    {
      "type": "Feature",
      "properties": {
        "info": false,
        "cara": false,
        "regl": false,
        "tech": false,
        "projet": "Etat des lieux de la pêche artisanale",
        "id": null,
        "OBJECTID": 415,
        "BaselineID": 8,
        "GroupID": 0,
        "TransOrder": 274,
        "TransEdit": "0",
        "Azimuth": 224.676594716,
        "SHAPE_Leng": 150.095256095,
        "ShrCount": 8,
        "TCD": 15603.1584945,
        "SCE": 2.47431853608,
        "NSM": 1.75152617923,
        "EPR": 0.159229652657,
        "EPRunc": 1.28564869307,
        "LRR": 0.173965535422,
        "LR2": 0.503494674931,
        "LSE": 0.75406843717,
        "LCI99": 0.261471787244,
        "WLR": 0.173965535421,
        "WR2": 0.503494674926,
        "WSE": 0.0754068437171,
        "WCI99": 0.261471787245,
        "formule pr": -4.33738103227453,
        "LRR_moy": 0.175000310063
      },
      "geometry": {
        "type": "Point",
        "coordinates": [
          710744.964200373,
          6153557.998733553
        ]
      }
    },
    {
      "type": "Feature",
      "properties": {
        "info": false,
        "cara": false,
        "regl": false,
        "tech": false,
        "projet": "Etat des lieux de la pêche artisanale",
        "id": null,
        "OBJECTID": 414,
        "BaselineID": 8,
        "GroupID": 0,
        "TransOrder": 273,
        "TransEdit": "0",
        "Azimuth": 228.662025843,
        "SHAPE_Leng": 151.22454479,
        "ShrCount": 8,
        "TCD": 15583.1584945,
        "SCE": 3.79242640159,
        "NSM": 2.43707473545,
        "EPR": 0.221552248678,
        "EPRunc": 1.28564869307,
        "LRR": 0.187122688196,
        "LR2": 0.367075617301,
        "LSE": 1.07252549063,
        "LCI99": 0.37189616098,
        "WLR": 0.187122688199,
        "WR2": 0.367075617311,
        "WSE": 0.107252549062,
        "WCI99": 0.371896160978,
        "formule pr": -3.35904166439453,
        "LRR_moy": 0.207611622325667
      },
      "geometry": {
        "type": "Point",
        "coordinates": [
          710738.7697359034,
          6153565.31986737
        ]
      }
    },
    {
      "type": "Feature",
      "properties": {
        "info": false,
        "cara": false,
        "regl": false,
        "tech": false,
        "projet": "Etat des lieux de la pêche artisanale",
        "id": null,
        "OBJECTID": 413,
        "BaselineID": 8,
        "GroupID": 0,
        "TransOrder": 272,
        "TransEdit": "0",
        "Azimuth": 232.237802127,
        "SHAPE_Leng": 151.302173795,
        "ShrCount": 8,
        "TCD": 15563.1584945,
        "SCE": 3.97669796077,
        "NSM": 3.16464715836,
        "EPR": 0.287695196214,
        "EPRunc": 1.28564869307,
        "LRR": 0.261746643359,
        "LR2": 0.679674886394,
        "LSE": 0.784348434821,
        "LCI99": 0.271971318472,
        "WLR": 0.261746643361,
        "WR2": 0.679674886397,
        "WSE": 0.0784348434818,
        "WCI99": 0.271971318471,
        "formule pr": -2.63039789228453,
        "LRR_moy": 0.231899748062667
      },
      "geometry": {
        "type": "Point",
        "coordinates": [
          710732.2940152835,
          6153573.750106537
        ]
      }
    },
    {
      "type": "Feature",
      "properties": {
        "info": false,
        "cara": false,
        "regl": false,
        "tech": false,
        "projet": "Etat des lieux de la pêche artisanale",
        "id": null,
        "OBJECTID": 412,
        "BaselineID": 8,
        "GroupID": 0,
        "TransOrder": 271,
        "TransEdit": "0",
        "Azimuth": 235.109839222,
        "SHAPE_Leng": 151.944438779,
        "ShrCount": 8,
        "TCD": 15543.1584945,
        "SCE": 3.69032468861,
        "NSM": 2.17861048781,
        "EPR": 0.198055498892,
        "EPRunc": 1.28564869307,
        "LRR": 0.246829912633,
        "LR2": 0.561820083404,
        "LSE": 0.951499192829,
        "LCI99": 0.329930523872,
        "WLR": 0.246829912637,
        "WR2": 0.561820083419,
        "WSE": 0.0951499192816,
        "WCI99": 0.329930523867,
        "formule pr": -2.73722846990453,
        "LRR_moy": 0.228338728808667
      },
      "geometry": {
        "type": "Point",
        "coordinates": [
          710724.984943095,
          6153583.832113459
        ]
      }
    },
    {
      "type": "Feature",
      "properties": {
        "info": false,
        "cara": false,
        "regl": false,
        "tech": false,
        "projet": "Etat des lieux de la pêche artisanale",
        "id": null,
        "OBJECTID": 411,
        "BaselineID": 8,
        "GroupID": 0,
        "TransOrder": 270,
        "TransEdit": "0",
        "Azimuth": 238.219441294,
        "SHAPE_Leng": 152.175937229,
        "ShrCount": 8,
        "TCD": 15523.1584945,
        "SCE": 3.9719338523,
        "NSM": 1.78408296677,
        "EPR": 0.162189360615,
        "EPRunc": 1.28564869307,
        "LRR": 0.176439630434,
        "LR2": 0.271304004127,
        "LSE": 1.26218861858,
        "LCI99": 0.437661487569,
        "WLR": 0.17643963043,
        "WR2": 0.271304004116,
        "WSE": 0.126218861859,
        "WCI99": 0.437661487573,
        "formule pr": -4.20868056461453,
        "LRR_moy": 0.179290325651667
      },
      "geometry": {
        "type": "Point",
        "coordinates": [
          710718.6733708881,
          6153593.845002724
        ]
      }
    },
    {
      "type": "Feature",
      "properties": {
        "info": false,
        "cara": false,
        "regl": false,
        "tech": false,
        "projet": "Etat des lieux de la pêche artisanale",
        "id": null,
        "OBJECTID": 410,
        "BaselineID": 8,
        "GroupID": 0,
        "TransOrder": 269,
        "TransEdit": "0",
        "Azimuth": 241.16641587,
        "SHAPE_Leng": 151.73962022,
        "ShrCount": 8,
        "TCD": 15503.1584945,
        "SCE": 3.4298844555,
        "NSM": 1.2680444622,
        "EPR": 0.115276769291,
        "EPRunc": 1.28564869307,
        "LRR": 0.114601433888,
        "LR2": 0.14870780257,
        "LSE": 1.19686600118,
        "LCI99": 0.415010995017,
        "WLR": 0.11460143389,
        "WR2": 0.148707802575,
        "WSE": 0.119686600118,
        "WCI99": 0.415010995018,
        "formule pr": -5.71347561435253,
        "LRR_moy": 0.1291304906604
      },
      "geometry": {
        "type": "Point",
        "coordinates": [
          710712.5526074931,
          6153604.478413631
        ]
      }
    },
    {
      "type": "Feature",
      "properties": {
        "info": false,
        "cara": false,
        "regl": false,
        "tech": false,
        "projet": "Etat des lieux de la pêche artisanale",
        "id": null,
        "OBJECTID": 409,
        "BaselineID": 8,
        "GroupID": 0,
        "TransOrder": 268,
        "TransEdit": "0",
        "Azimuth": 243.704862818,
        "SHAPE_Leng": 151.994791926,
        "ShrCount": 8,
        "TCD": 15483.1584945,
        "SCE": 3.50368694346,
        "NSM": 1.00157161102,
        "EPR": 0.0910519646385,
        "EPRunc": 1.28564869307,
        "LRR": 0.0963504076592,
        "LR2": 0.116566601835,
        "LSE": 1.15780767945,
        "LCI99": 0.401467596716,
        "WLR": 0.0963504076564,
        "WR2": 0.116566601828,
        "WSE": 0.115780767945,
        "WCI99": 0.401467596718,
        "formule pr": -6.99359063270053,
        "LRR_moy": 0.0864599900488
      },
      "geometry": {
        "type": "Point",
        "coordinates": [
          710706.336650206,
          6153616.262001818
        ]
      }
    },
    {
      "type": "Feature",
      "properties": {
        "info": false,
        "cara": false,
        "regl": false,
        "tech": false,
        "projet": "Etat des lieux de la pêche artisanale",
        "id": null,
        "OBJECTID": 408,
        "BaselineID": 8,
        "GroupID": 0,
        "TransOrder": 267,
        "TransEdit": "0",
        "Azimuth": 245.970138657,
        "SHAPE_Leng": 152.03108137,
        "ShrCount": 8,
        "TCD": 15463.1584945,
        "SCE": 3.97368557217,
        "NSM": 1.06128208821,
        "EPR": 0.0964801898377,
        "EPRunc": 1.28564869307,
        "LRR": 0.0484281285992,
        "LR2": 0.0210384765919,
        "LSE": 1.44197052893,
        "LCI99": 0.500000520865,
        "WLR": 0.0484281285991,
        "WR2": 0.0210384765919,
        "WSE": 0.144197052893,
        "WCI99": 0.500000520865,
        "formule pr": -8.25162906055653,
        "LRR_moy": 0.044525375786933
      },
      "geometry": {
        "type": "Point",
        "coordinates": [
          710700.2382306245,
          6153628.927445207
        ]
      }
    },
    {
      "type": "Feature",
      "properties": {
        "info": false,
        "cara": false,
        "regl": false,
        "tech": false,
        "projet": "Etat des lieux de la pêche artisanale",
        "id": null,
        "OBJECTID": 407,
        "BaselineID": 8,
        "GroupID": 0,
        "TransOrder": 266,
        "TransEdit": "0",
        "Azimuth": 248.637399274,
        "SHAPE_Leng": 151.247169369,
        "ShrCount": 8,
        "TCD": 15443.1584945,
        "SCE": 4.82330300341,
        "NSM": 0.770621979879,
        "EPR": 0.0700565436254,
        "EPRunc": 1.28564869307,
        "LRR": -0.0112024088976,
        "LR2": 0.000749864899933,
        "LSE": 1.78500750466,
        "LCI99": 0.618947935602,
        "WLR": -0.0112024088965,
        "WR2": 0.000749864899784,
        "WSE": 0.178500750466,
        "WCI99": 0.618947935602,
        "formule pr": -10.3488548298485,
        "LRR_moy": -0.025382149856133
      },
      "geometry": {
        "type": "Point",
        "coordinates": [
          710694.4469065999,
          6153640.629683547
        ]
      }
    },
    {
      "type": "Feature",
      "properties": {
        "info": false,
        "cara": false,
        "regl": false,
        "tech": false,
        "projet": "Etat des lieux de la pêche artisanale",
        "id": null,
        "OBJECTID": 406,
        "BaselineID": 8,
        "GroupID": 0,
        "TransOrder": 265,
        "TransEdit": "0",
        "Azimuth": 251.030765706,
        "SHAPE_Leng": 151.593182451,
        "ShrCount": 8,
        "TCD": 15423.1584945,
        "SCE": 5.57858758817,
        "NSM": -0.421278762564,
        "EPR": -0.038298069324,
        "EPRunc": 1.28564869307,
        "LRR": -0.11337216927,
        "LR2": 0.0644691839375,
        "LSE": 1.88513496794,
        "LCI99": 0.653666941842,
        "WLR": -0.113372169268,
        "WR2": 0.0644691839354,
        "WSE": 0.188513496794,
        "WCI99": 0.653666941842,
        "formule pr": -12.2430006205205,
        "LRR_moy": -0.088520342878533
      },
      "geometry": {
        "type": "Point",
        "coordinates": [
          710688.366784244,
          6153653.091720902
        ]
      }
    },
    {
      "type": "Feature",
      "properties": {
        "info": false,
        "cara": false,
        "regl": false,
        "tech": false,
        "projet": "Etat des lieux de la pêche artisanale",
        "id": null,
        "OBJECTID": 405,
        "BaselineID": 8,
        "GroupID": 0,
        "TransOrder": 264,
        "TransEdit": "0",
        "Azimuth": 253.993075561,
        "SHAPE_Leng": 150.341110353,
        "ShrCount": 8,
        "TCD": 15403.1584945,
        "SCE": 4.57007274081,
        "NSM": -0.690296633803,
        "EPR": -0.0627542394366,
        "EPRunc": 1.28564869307,
        "LRR": -0.140986450468,
        "LR2": 0.140477916945,
        "LSE": 1.52224619576,
        "LCI99": 0.527835954685,
        "WLR": -0.140986450468,
        "WR2": 0.140477916944,
        "WSE": 0.152224619576,
        "WCI99": 0.527835954686,
        "formule pr": -13.4168401596945,
        "LRR_moy": -0.127648327517667
      },
      "geometry": {
        "type": "Point",
        "coordinates": [
          710684.882374846,
          6153664.928376556
        ]
      }
    },
    {
      "type": "Feature",
      "properties": {
        "info": false,
        "cara": false,
        "regl": false,
        "tech": false,
        "projet": "Etat des lieux de la pêche artisanale",
        "id": null,
        "OBJECTID": 404,
        "BaselineID": 8,
        "GroupID": 0,
        "TransOrder": 263,
        "TransEdit": "0",
        "Azimuth": 257.757148162,
        "SHAPE_Leng": 150.499754323,
        "ShrCount": 8,
        "TCD": 15383.1584945,
        "SCE": 3.92866818676,
        "NSM": -0.716921766898,
        "EPR": -0.0651747060816,
        "EPRunc": 1.28564869307,
        "LRR": -0.128586362815,
        "LR2": 0.173819345612,
        "LSE": 1.22367587515,
        "LCI99": 0.4243072675,
        "WLR": -0.128586362818,
        "WR2": 0.17381934562,
        "WSE": 0.122367587514,
        "WCI99": 0.424307267497,
        "formule pr": -13.4058055703145,
        "LRR_moy": -0.127280507871667
      },
      "geometry": {
        "type": "Point",
        "coordinates": [
          710682.606829057,
          6153674.897494726
        ]
      }
    },
    {
      "type": "Feature",
      "properties": {
        "info": false,
        "cara": false,
        "regl": false,
        "tech": false,
        "projet": "Etat des lieux de la pêche artisanale",
        "id": null,
        "OBJECTID": 403,
        "BaselineID": 8,
        "GroupID": 0,
        "TransOrder": 262,
        "TransEdit": "0",
        "Azimuth": 262.464426215,
        "SHAPE_Leng": 150.636943123,
        "ShrCount": 8,
        "TCD": 15363.1584945,
        "SCE": 3.04896857023,
        "NSM": -0.93572439005,
        "EPR": -0.0850658536409,
        "EPRunc": 1.28564869307,
        "LRR": -0.112268710332,
        "LR2": 0.241653315856,
        "LSE": 0.868119039026,
        "LCI99": 0.301018615136,
        "WLR": -0.112268710329,
        "WR2": 0.24165331584,
        "WSE": 0.0868119039038,
        "WCI99": 0.301018615141,
        "formule pr": -12.9996843447145,
        "LRR_moy": -0.113743133685
      },
      "geometry": {
        "type": "Point",
        "coordinates": [
          710681.4273954438,
          6153682.524295438
        ]
      }
    },
    {
      "type": "Feature",
      "properties": {
        "info": false,
        "cara": false,
        "regl": false,
        "tech": false,
        "projet": "Etat des lieux de la pêche artisanale",
        "id": null,
        "OBJECTID": 402,
        "BaselineID": 8,
        "GroupID": 0,
        "TransOrder": 261,
        "TransEdit": "0",
        "Azimuth": 267.568413455,
        "SHAPE_Leng": 151.068599885,
        "ShrCount": 8,
        "TCD": 15343.1584945,
        "SCE": 2.74368721257,
        "NSM": -1.08747689395,
        "EPR": -0.0988615358141,
        "EPRunc": 1.28564869307,
        "LRR": -0.100374327908,
        "LR2": 0.295825195921,
        "LSE": 0.675971430573,
        "LCI99": 0.234391799691,
        "WLR": -0.100374327907,
        "WR2": 0.295825195916,
        "WSE": 0.0675971430574,
        "WCI99": 0.234391799691,
        "formule pr": -12.4059836209925,
        "LRR_moy": -0.093953109560933
      },
      "geometry": {
        "type": "Point",
        "coordinates": [
          710680.9273445095,
          6153689.144066864
        ]
      }
    },
    {
      "type": "Feature",
      "properties": {
        "info": false,
        "cara": false,
        "regl": false,
        "tech": false,
        "projet": "Etat des lieux de la pêche artisanale",
        "id": null,
        "OBJECTID": 401,
        "BaselineID": 8,
        "GroupID": 0,
        "TransOrder": 260,
        "TransEdit": "0",
        "Azimuth": 273.535376579,
        "SHAPE_Leng": 150.911500794,
        "ShrCount": 8,
        "TCD": 15323.1584945,
        "SCE": 2.12540573223,
        "NSM": -0.703600793133,
        "EPR": -0.0639637084666,
        "EPRunc": 1.28564869307,
        "LRR": -0.0692162904428,
        "LR2": 0.192163159709,
        "LSE": 0.619466909578,
        "LCI99": 0.214798965189,
        "WLR": -0.0692162904419,
        "WR2": 0.192163159706,
        "WSE": 0.0619466909577,
        "WCI99": 0.214798965189,
        "formule pr": -11.6802559667405,
        "LRR_moy": -0.069762187752533
      },
      "geometry": {
        "type": "Point",
        "coordinates": [
          710681.3590205996,
          6153693.5032913545
        ]
      }
    },
    {
      "type": "Feature",
      "properties": {
        "info": false,
        "cara": false,
        "regl": false,
        "tech": false,
        "projet": "Etat des lieux de la pêche artisanale",
        "id": null,
        "OBJECTID": 400,
        "BaselineID": 8,
        "GroupID": 0,
        "TransOrder": 259,
        "TransEdit": "0",
        "Azimuth": 279.542411566,
        "SHAPE_Leng": 150.6264269,
        "ShrCount": 8,
        "TCD": 15303.1584945,
        "SCE": 1.54861003003,
        "NSM": -0.335254773918,
        "EPR": -0.0304777067198,
        "EPRunc": 1.28564869307,
        "LRR": -0.0396959449068,
        "LR2": 0.0786933427231,
        "LSE": 0.592873832623,
        "LCI99": 0.205577866656,
        "WLR": -0.0396959449081,
        "WR2": 0.0786933427284,
        "WSE": 0.059287383262,
        "WCI99": 0.205577866656,
        "formule pr": -10.7831256051675,
        "LRR_moy": -0.039857842366767
      },
      "geometry": {
        "type": "Point",
        "coordinates": [
          710681.7774441987,
          6153697.7286873
        ]
      }
    },
    {
      "type": "Feature",
      "properties": {
        "info": false,
        "cara": false,
        "regl": false,
        "tech": false,
        "projet": "Etat des lieux de la pêche artisanale",
        "id": null,
        "OBJECTID": 399,
        "BaselineID": 8,
        "GroupID": 0,
        "TransOrder": 258,
        "TransEdit": "0",
        "Azimuth": 285.600232295,
        "SHAPE_Leng": 150.390829919,
        "ShrCount": 8,
        "TCD": 15283.1584945,
        "SCE": 1.36793297581,
        "NSM": 0.113091882804,
        "EPR": 0.0102810802549,
        "EPRunc": 1.28564869307,
        "LRR": -0.0106612917507,
        "LR2": 0.00696620573596,
        "LSE": 0.555618534398,
        "LCI99": 0.192659663306,
        "WLR": -0.0106612917464,
        "WR2": 0.00696620573027,
        "WSE": 0.0555618534401,
        "WCI99": 0.192659663308,
        "formule pr": -10.5766937627195,
        "LRR_moy": -0.032976780951833
      },
      "geometry": {
        "type": "Point",
        "coordinates": [
          710682.6880528406,
          6153701.718416028
        ]
      }
    },
    {
      "type": "Feature",
      "properties": {
        "info": false,
        "cara": false,
        "regl": false,
        "tech": false,
        "projet": "Etat des lieux de la pêche artisanale",
        "id": null,
        "OBJECTID": 398,
        "BaselineID": 8,
        "GroupID": 0,
        "TransOrder": 257,
        "TransEdit": "0",
        "Azimuth": 291.62164054,
        "SHAPE_Leng": 150.266095215,
        "ShrCount": 7,
        "TCD": 15263.1584945,
        "SCE": 2.13120695934,
        "NSM": -0.25393207379,
        "EPR": -0.0230847339809,
        "EPRunc": 1.28564869307,
        "LRR": -0.048573106198,
        "LR2": 0.0724575595759,
        "LSE": 0.757453893842,
        "LCI99": 0.31338040889,
        "WLR": -0.0485731061944,
        "WR2": 0.0724575595588,
        "WSE": 0.0757453893857,
        "WCI99": 0.313380408906,
        "formule pr": -11.2743087156515,
        "LRR_moy": -0.056230612716233
      },
      "geometry": {
        "type": "Point",
        "coordinates": [
          710683.7009179081,
          6153705.825277538
        ]
      }
    },
    {
      "type": "Feature",
      "properties": {
        "info": false,
        "cara": false,
        "regl": false,
        "tech": false,
        "projet": "Etat des lieux de la pêche artisanale",
        "id": null,
        "OBJECTID": 397,
        "BaselineID": 8,
        "GroupID": 0,
        "TransOrder": 256,
        "TransEdit": "0",
        "Azimuth": 298.112709975,
        "SHAPE_Leng": 150.460012705,
        "ShrCount": 7,
        "TCD": 15243.1584945,
        "SCE": 2.35605763618,
        "NSM": -0.992843983769,
        "EPR": -0.090258543979,
        "EPRunc": 1.28564869307,
        "LRR": -0.1094574402,
        "LR2": 0.355796831778,
        "LSE": 0.641934857742,
        "LCI99": 0.265586869162,
        "WLR": -0.109457440209,
        "WR2": 0.355796831813,
        "WSE": 0.0641934857724,
        "WCI99": 0.265586869163,
        "formule pr": -11.9578485301345,
        "LRR_moy": -0.079015273199
      },
      "geometry": {
        "type": "Point",
        "coordinates": [
          710684.438595089,
          6153708.816335398
        ]
      }
    },
    {
      "type": "Feature",
      "properties": {
        "info": false,
        "cara": false,
        "regl": false,
        "tech": false,
        "projet": "Etat des lieux de la pêche artisanale",
        "id": null,
        "OBJECTID": 387,
        "BaselineID": 8,
        "GroupID": 0,
        "TransOrder": 255,
        "TransEdit": "0",
        "Azimuth": 266.612823655,
        "SHAPE_Leng": 159.053006493,
        "ShrCount": 8,
        "TCD": 15003.1584945,
        "SCE": 10.2357326518,
        "NSM": -4.23426891065,
        "EPR": -0.384933537332,
        "EPRunc": 1.28564869307,
        "LRR": -0.595001029653,
        "LR2": 0.41228024067,
        "LSE": 3.10091336851,
        "LCI99": 1.07523577515,
        "WLR": -0.595001029661,
        "WR2": 0.412280240681,
        "WSE": 0.310091336848,
        "WCI99": 1.07523577514,
        "formule pr": -16.7118569426391,
        "LRR_moy": -0.43333392586
      },
      "geometry": {
        "type": "Point",
        "coordinates": [
          710853.4036098358,
          6153919.116240222
        ]
      }
    },
    {
      "type": "Feature",
      "properties": {
        "info": false,
        "cara": false,
        "regl": false,
        "tech": false,
        "projet": "Etat des lieux de la pêche artisanale",
        "id": null,
        "OBJECTID": 386,
        "BaselineID": 8,
        "GroupID": 0,
        "TransOrder": 254,
        "TransEdit": "0",
        "Azimuth": 269.809108412,
        "SHAPE_Leng": 158.776293092,
        "ShrCount": 6,
        "TCD": 14983.1584945,
        "SCE": 7.69630401107,
        "NSM": -2.8240397623,
        "EPR": -0.311319806927,
        "EPRunc": 1.55901733066,
        "LRR": -0.271666822067,
        "LR2": 0.146525352028,
        "LSE": 2.61796109598,
        "LCI99": 1.50934943562,
        "WLR": -0.271666822038,
        "WR2": 0.146525352012,
        "WSE": 0.261796109601,
        "WCI99": 1.50934943555,
        "formule pr": -15.8520700948691,
        "LRR_moy": -0.404674364267667
      },
      "geometry": {
        "type": "Point",
        "coordinates": [
          710860.922899994,
          6153930.701102862
        ]
      }
    },
    {
      "type": "Feature",
      "properties": {
        "info": false,
        "cara": false,
        "regl": false,
        "tech": false,
        "projet": "Etat des lieux de la pêche artisanale",
        "id": null,
        "OBJECTID": 385,
        "BaselineID": 8,
        "GroupID": 0,
        "TransOrder": 253,
        "TransEdit": "0",
        "Azimuth": 276.556611692,
        "SHAPE_Leng": 159.107295939,
        "ShrCount": 6,
        "TCD": 14963.1584945,
        "SCE": 8.695331046750002,
        "NSM": -3.94098370236,
        "EPR": -0.434450782775,
        "EPRunc": 1.55901733066,
        "LRR": -0.347355241083,
        "LR2": 0.186557357177,
        "LSE": 2.89613494354,
        "LCI99": 1.66972673857,
        "WLR": -0.347355241056,
        "WR2": 0.186557357167,
        "WSE": 0.289613494355,
        "WCI99": 1.6697267385,
        "formule pr": -12.9971701140891,
        "LRR_moy": -0.309511031575
      },
      "geometry": {
        "type": "Point",
        "coordinates": [
          710861.0345999923,
          6153931.9665028555
        ]
      }
    },
    {
      "type": "Feature",
      "properties": {
        "info": false,
        "cara": false,
        "regl": false,
        "tech": false,
        "projet": "Etat des lieux de la pêche artisanale",
        "id": null,
        "OBJECTID": 377,
        "BaselineID": 7,
        "GroupID": 0,
        "TransOrder": 252,
        "TransEdit": "0",
        "Azimuth": 221.712377426,
        "SHAPE_Leng": 151.497143696,
        "ShrCount": 8,
        "TCD": 14421.7602257,
        "SCE": 5.2681834522,
        "NSM": -3.51048396982,
        "EPR": -0.319134906348,
        "EPRunc": 1.28564869307,
        "LRR": -0.449091665716,
        "LR2": 0.73739088164,
        "LSE": 1.16983347681,
        "LCI99": 0.405637518933,
        "WLR": -0.449091665715,
        "WR2": 0.737390881633,
        "WSE": 0.116983347682,
        "WCI99": 0.405637518939,
        "formule pr": -24.2133387852202,
        "LRR_moy": -0.5071087174725
      },
      "geometry": {
        "type": "Point",
        "coordinates": [
          710523.3630586691,
          6154153.042821035
        ]
      }
    },
    {
      "type": "Feature",
      "properties": {
        "info": false,
        "cara": false,
        "regl": false,
        "tech": false,
        "projet": "Etat des lieux de la pêche artisanale",
        "id": null,
        "OBJECTID": 376,
        "BaselineID": 7,
        "GroupID": 0,
        "TransOrder": 251,
        "TransEdit": "0",
        "Azimuth": 225.753771954,
        "SHAPE_Leng": 151.259308307,
        "ShrCount": 8,
        "TCD": 14401.7602257,
        "SCE": 6.1135650356,
        "NSM": -4.417542153950002,
        "EPR": -0.401594741268,
        "EPRunc": 1.28564869307,
        "LRR": -0.565125769229,
        "LR2": 0.817869393796,
        "LSE": 1.16406606824,
        "LCI99": 0.403637681052,
        "WLR": -0.56512576923,
        "WR2": 0.817869393797,
        "WSE": 0.116406606824,
        "WCI99": 0.403637681051,
        "formule pr": -23.8373268814552,
        "LRR_moy": -0.494574987347
      },
      "geometry": {
        "type": "Point",
        "coordinates": [
          710516.0834397298,
          6154159.362923798
        ]
      }
    },
    {
      "type": "Feature",
      "properties": {
        "info": false,
        "cara": false,
        "regl": false,
        "tech": false,
        "projet": "Etat des lieux de la pêche artisanale",
        "id": null,
        "OBJECTID": 375,
        "BaselineID": 7,
        "GroupID": 0,
        "TransOrder": 250,
        "TransEdit": "0",
        "Azimuth": 231.238236559,
        "SHAPE_Leng": 151.171631534,
        "ShrCount": 8,
        "TCD": 14381.7602257,
        "SCE": 4.97677307963,
        "NSM": -3.86586503059,
        "EPR": -0.351442275508,
        "EPRunc": 1.28564869307,
        "LRR": -0.469507527096,
        "LR2": 0.848578580542,
        "LSE": 0.865711553622,
        "LCI99": 0.300183824181,
        "WLR": -0.469507527097,
        "WR2": 0.848578580547,
        "WSE": 0.0865711553608,
        "WCI99": 0.300183824176,
        "formule pr": -23.2374757550152,
        "LRR_moy": -0.474579949799
      },
      "geometry": {
        "type": "Point",
        "coordinates": [
          710512.7448143524,
          6154164.343616811
        ]
      }
    },
    {
      "type": "Feature",
      "properties": {
        "info": false,
        "cara": false,
        "regl": false,
        "tech": false,
        "projet": "Etat des lieux de la pêche artisanale",
        "id": null,
        "OBJECTID": 374,
        "BaselineID": 7,
        "GroupID": 0,
        "TransOrder": 249,
        "TransEdit": "0",
        "Azimuth": 236.881313052,
        "SHAPE_Leng": 151.649347386,
        "ShrCount": 8,
        "TCD": 14361.7602257,
        "SCE": 4.51413930311,
        "NSM": -3.08029126293,
        "EPR": -0.280026478448,
        "EPRunc": 1.28564869307,
        "LRR": -0.389106553072,
        "LR2": 0.837017041126,
        "LSE": 0.749472193244,
        "LCI99": 0.259878048461,
        "WLR": -0.389106553075,
        "WR2": 0.837017041143,
        "WSE": 0.0749472193206,
        "WCI99": 0.259878048447,
        "formule pr": -20.6455009907152,
        "LRR_moy": -0.388180790989
      },
      "geometry": {
        "type": "Point",
        "coordinates": [
          710510.3126459264,
          6154169.349271584
        ]
      }
    },
    {
      "type": "Feature",
      "properties": {
        "info": false,
        "cara": false,
        "regl": false,
        "tech": false,
        "projet": "Etat des lieux de la pêche artisanale",
        "id": null,
        "OBJECTID": 373,
        "BaselineID": 7,
        "GroupID": 0,
        "TransOrder": 248,
        "TransEdit": "0",
        "Azimuth": 241.738776739,
        "SHAPE_Leng": 152.389420955,
        "ShrCount": 8,
        "TCD": 14341.7602257,
        "SCE": 3.98555145183,
        "NSM": -1.93331663046,
        "EPR": -0.175756057314,
        "EPRunc": 1.28564869307,
        "LRR": -0.305928292799,
        "LR2": 0.748238911593,
        "LSE": 0.77459882269,
        "LCI99": 0.268590659127,
        "WLR": -0.3059282928,
        "WR2": 0.748238911595,
        "WSE": 0.0774598822688,
        "WCI99": 0.268590659126,
        "formule pr": -18.3882859665152,
        "LRR_moy": -0.312940290182333
      },
      "geometry": {
        "type": "Point",
        "coordinates": [
          710507.2683928005,
          6154176.156271298
        ]
      }
    },
    {
      "type": "Feature",
      "properties": {
        "info": false,
        "cara": false,
        "regl": false,
        "tech": false,
        "projet": "Etat des lieux de la pêche artisanale",
        "id": null,
        "OBJECTID": 372,
        "BaselineID": 7,
        "GroupID": 0,
        "TransOrder": 247,
        "TransEdit": "0",
        "Azimuth": 247.073128809,
        "SHAPE_Leng": 152.233647373,
        "ShrCount": 8,
        "TCD": 14321.7602257,
        "SCE": 3.99530541762,
        "NSM": -0.492738303333,
        "EPR": -0.0447943912121,
        "EPRunc": 1.28564869307,
        "LRR": -0.243786024676,
        "LR2": 0.531096581646,
        "LSE": 0.999877469352,
        "LCI99": 0.346705598656,
        "WLR": -0.243786024674,
        "WR2": 0.531096581635,
        "WSE": 0.0999877469364,
        "WCI99": 0.346705598661,
        "formule pr": -16.9694414991952,
        "LRR_moy": -0.265645474605
      },
      "geometry": {
        "type": "Point",
        "coordinates": [
          710505.4522480613,
          6154182.024833796
        ]
      }
    },
    {
      "type": "Feature",
      "properties": {
        "info": false,
        "cara": false,
        "regl": false,
        "tech": false,
        "projet": "Etat des lieux de la pêche artisanale",
        "id": null,
        "OBJECTID": 371,
        "BaselineID": 7,
        "GroupID": 0,
        "TransOrder": 246,
        "TransEdit": "0",
        "Azimuth": 252.126207737,
        "SHAPE_Leng": 152.031320204,
        "ShrCount": 8,
        "TCD": 14301.7602257,
        "SCE": 4.127752872270001,
        "NSM": -0.420279404633,
        "EPR": -0.038207218603,
        "EPRunc": 1.28564869307,
        "LRR": -0.24722210634,
        "LR2": 0.493927407941,
        "LSE": 1.09230816142,
        "LCI99": 0.37875576421,
        "WLR": -0.247222106342,
        "WR2": 0.493927407948,
        "WSE": 0.109230816141,
        "WCI99": 0.378755764207,
        "formule pr": -17.2389214427152,
        "LRR_moy": -0.274628139389
      },
      "geometry": {
        "type": "Point",
        "coordinates": [
          710502.9305772439,
          6154188.341009436
        ]
      }
    },
    {
      "type": "Feature",
      "properties": {
        "info": false,
        "cara": false,
        "regl": false,
        "tech": false,
        "projet": "Etat des lieux de la pêche artisanale",
        "id": null,
        "OBJECTID": 370,
        "BaselineID": 7,
        "GroupID": 0,
        "TransOrder": 245,
        "TransEdit": "0",
        "Azimuth": 256.585836444,
        "SHAPE_Leng": 151.869765385,
        "ShrCount": 8,
        "TCD": 14281.7602257,
        "SCE": 4.19228406749,
        "NSM": -1.64130322456,
        "EPR": -0.149209384051,
        "EPRunc": 1.28564869307,
        "LRR": -0.332876287151,
        "LR2": 0.607796000021,
        "LSE": 1.16719382086,
        "LCI99": 0.404722223284,
        "WLR": -0.332876287151,
        "WR2": 0.607796000018,
        "WSE": 0.116719382086,
        "WCI99": 0.404722223286,
        "formule pr": -18.7473287388552,
        "LRR_moy": -0.324908382593667
      },
      "geometry": {
        "type": "Point",
        "coordinates": [
          710499.918253675,
          6154196.192841969
        ]
      }
    },
    {
      "type": "Feature",
      "properties": {
        "info": false,
        "cara": false,
        "regl": false,
        "tech": false,
        "projet": "Etat des lieux de la pêche artisanale",
        "id": null,
        "OBJECTID": 369,
        "BaselineID": 7,
        "GroupID": 0,
        "TransOrder": 244,
        "TransEdit": "0",
        "Azimuth": 260.768255256,
        "SHAPE_Leng": 151.519507433,
        "ShrCount": 8,
        "TCD": 14261.7602257,
        "SCE": 5.32892683996,
        "NSM": -1.97351760064,
        "EPR": -0.179410690967,
        "EPRunc": 1.28564869307,
        "LRR": -0.39462675429,
        "LR2": 0.635288151718,
        "LSE": 1.30514605297,
        "LCI99": 0.45255689572,
        "WLR": -0.394626754288,
        "WR2": 0.635288151712,
        "WSE": 0.130514605298,
        "WCI99": 0.452556895724,
        "formule pr": -19.4783181518552,
        "LRR_moy": -0.349274696360333
      },
      "geometry": {
        "type": "Point",
        "coordinates": [
          710498.2345577476,
          6154205.187286416
        ]
      }
    },
    {
      "type": "Feature",
      "properties": {
        "info": false,
        "cara": false,
        "regl": false,
        "tech": false,
        "projet": "Etat des lieux de la pêche artisanale",
        "id": null,
        "OBJECTID": 368,
        "BaselineID": 7,
        "GroupID": 0,
        "TransOrder": 243,
        "TransEdit": "0",
        "Azimuth": 265.205813311,
        "SHAPE_Leng": 151.283159967,
        "ShrCount": 8,
        "TCD": 14241.7602257,
        "SCE": 4.26127223709,
        "NSM": -1.29644221383,
        "EPR": -0.117858383076,
        "EPRunc": 1.28564869307,
        "LRR": -0.32032104764,
        "LR2": 0.554536413568,
        "LSE": 1.2531688083,
        "LCI99": 0.434533885619,
        "WLR": -0.32032104764,
        "WR2": 0.554536413566,
        "WSE": 0.125316880831,
        "WCI99": 0.43453388562,
        "formule pr": -18.4800349745052,
        "LRR_moy": -0.315998590448667
      },
      "geometry": {
        "type": "Point",
        "coordinates": [
          710497.6454588191,
          6154213.684138842
        ]
      }
    },
    {
      "type": "Feature",
      "properties": {
        "info": false,
        "cara": false,
        "regl": false,
        "tech": false,
        "projet": "Etat des lieux de la pêche artisanale",
        "id": null,
        "OBJECTID": 367,
        "BaselineID": 7,
        "GroupID": 0,
        "TransOrder": 242,
        "TransEdit": "0",
        "Azimuth": 269.115897248,
        "SHAPE_Leng": 151.466209804,
        "ShrCount": 8,
        "TCD": 14221.7602257,
        "SCE": 4.01583422323,
        "NSM": -0.452709745965,
        "EPR": -0.0411554314514,
        "EPRunc": 1.28564869307,
        "LRR": -0.233047969416,
        "LR2": 0.458520491915,
        "LSE": 1.10545225948,
        "LCI99": 0.383313455057,
        "WLR": -0.233047969419,
        "WR2": 0.458520491926,
        "WSE": 0.110545225947,
        "WCI99": 0.383313455053,
        "formule pr": -16.7875249639752,
        "LRR_moy": -0.259581590097667
      },
      "geometry": {
        "type": "Point",
        "coordinates": [
          710497.4547520853,
          6154223.496548211
        ]
      }
    },
    {
      "type": "Feature",
      "properties": {
        "info": false,
        "cara": false,
        "regl": false,
        "tech": false,
        "projet": "Etat des lieux de la pêche artisanale",
        "id": null,
        "OBJECTID": 366,
        "BaselineID": 7,
        "GroupID": 0,
        "TransOrder": 241,
        "TransEdit": "0",
        "Azimuth": 273.737028819,
        "SHAPE_Leng": 152.081430738,
        "ShrCount": 8,
        "TCD": 14201.7602257,
        "SCE": 4.0525982053,
        "NSM": -0.22099477743,
        "EPR": -0.0200904343119,
        "EPRunc": 1.28564869307,
        "LRR": -0.225375753237,
        "LR2": 0.403493799156,
        "LSE": 1.19613244442,
        "LCI99": 0.414756635613,
        "WLR": -0.225375753233,
        "WR2": 0.40349379914,
        "WSE": 0.119613244444,
        "WCI99": 0.41475663562,
        "formule pr": -15.9967789369752,
        "LRR_moy": -0.233223389197667
      },
      "geometry": {
        "type": "Point",
        "coordinates": [
          710497.8086438685,
          6154231.417990527
        ]
      }
    },
    {
      "type": "Feature",
      "properties": {
        "info": false,
        "cara": false,
        "regl": false,
        "tech": false,
        "projet": "Etat des lieux de la pêche artisanale",
        "id": null,
        "OBJECTID": 365,
        "BaselineID": 7,
        "GroupID": 0,
        "TransOrder": 240,
        "TransEdit": "0",
        "Azimuth": 278.727332215,
        "SHAPE_Leng": 152.358387983,
        "ShrCount": 8,
        "TCD": 14181.7602257,
        "SCE": 4.01970231631,
        "NSM": -0.469393362154,
        "EPR": -0.0426721238322,
        "EPRunc": 1.28564869307,
        "LRR": -0.24124644494,
        "LR2": 0.418595912372,
        "LSE": 1.24103920572,
        "LCI99": 0.43032796914,
        "WLR": -0.241246444937,
        "WR2": 0.418595912362,
        "WSE": 0.124103920573,
        "WCI99": 0.430327969144,
        "formule pr": -16.5250624199052,
        "LRR_moy": -0.250832838628667
      },
      "geometry": {
        "type": "Point",
        "coordinates": [
          710498.1766040442,
          6154238.37937551
        ]
      }
    },
    {
      "type": "Feature",
      "properties": {
        "info": false,
        "cara": false,
        "regl": false,
        "tech": false,
        "projet": "Etat des lieux de la pêche artisanale",
        "id": null,
        "OBJECTID": 364,
        "BaselineID": 7,
        "GroupID": 0,
        "TransOrder": 239,
        "TransEdit": "0",
        "Azimuth": 283.686932469,
        "SHAPE_Leng": 152.176055365,
        "ShrCount": 8,
        "TCD": 14161.7602257,
        "SCE": 4.4070641791,
        "NSM": -0.62678713458,
        "EPR": -0.0569806485981,
        "EPRunc": 1.28564869307,
        "LRR": -0.285876317709,
        "LR2": 0.456196055726,
        "LSE": 1.36240623822,
        "LCI99": 0.472411755355,
        "WLR": -0.285876317712,
        "WR2": 0.456196055735,
        "WSE": 0.136240623821,
        "WCI99": 0.472411755351,
        "formule pr": -17.3425349268352,
        "LRR_moy": -0.278081922193
      },
      "geometry": {
        "type": "Point",
        "coordinates": [
          710499.569778558,
          6154245.287554169
        ]
      }
    },
    {
      "type": "Feature",
      "properties": {
        "info": false,
        "cara": false,
        "regl": false,
        "tech": false,
        "projet": "Etat des lieux de la pêche artisanale",
        "id": null,
        "OBJECTID": 363,
        "BaselineID": 7,
        "GroupID": 0,
        "TransOrder": 238,
        "TransEdit": "0",
        "Azimuth": 288.651333465,
        "SHAPE_Leng": 151.777091016,
        "ShrCount": 8,
        "TCD": 14141.7602257,
        "SCE": 4.47783243169,
        "NSM": -1.11554684177,
        "EPR": -0.101413349252,
        "EPRunc": 1.28564869307,
        "LRR": -0.30712300393,
        "LR2": 0.494552461595,
        "LSE": 1.35527440439,
        "LCI99": 0.469938805625,
        "WLR": -0.307123003932,
        "WR2": 0.494552461598,
        "WSE": 0.135527440439,
        "WCI99": 0.469938805623,
        "formule pr": -18.0021174373852,
        "LRR_moy": -0.300068005878
      },
      "geometry": {
        "type": "Point",
        "coordinates": [
          710501.2096358999,
          6154252.175968274
        ]
      }
    },
    {
      "type": "Feature",
      "properties": {
        "info": false,
        "cara": false,
        "regl": false,
        "tech": false,
        "projet": "Etat des lieux de la pêche artisanale",
        "id": null,
        "OBJECTID": 362,
        "BaselineID": 7,
        "GroupID": 0,
        "TransOrder": 237,
        "TransEdit": "0",
        "Azimuth": 293.590261872,
        "SHAPE_Leng": 151.516186643,
        "ShrCount": 8,
        "TCD": 14121.7602257,
        "SCE": 4.77987684001,
        "NSM": -0.807743849518,
        "EPR": -0.0734312590471,
        "EPRunc": 1.28564869307,
        "LRR": -0.307204695995,
        "LR2": 0.457095343808,
        "LSE": 1.46140054542,
        "LCI99": 0.506737841892,
        "WLR": -0.307204695999,
        "WR2": 0.45709534382,
        "WSE": 0.14614005454,
        "WCI99": 0.506737841886,
        "formule pr": -19.0443844531052,
        "LRR_moy": -0.334810239735333
      },
      "geometry": {
        "type": "Point",
        "coordinates": [
          710503.8906918982,
          6154258.805657144
        ]
      }
    },
    {
      "type": "Feature",
      "properties": {
        "info": false,
        "cara": false,
        "regl": false,
        "tech": false,
        "projet": "Etat des lieux de la pêche artisanale",
        "id": null,
        "OBJECTID": 361,
        "BaselineID": 7,
        "GroupID": 0,
        "TransOrder": 236,
        "TransEdit": "0",
        "Azimuth": 298.59152983,
        "SHAPE_Leng": 151.646803394,
        "ShrCount": 8,
        "TCD": 14101.7602257,
        "SCE": 6.33128267991,
        "NSM": -1.3615376926,
        "EPR": -0.123776153873,
        "EPRunc": 1.28564869307,
        "LRR": -0.390103019281,
        "LR2": 0.47446147972,
        "LSE": 1.79210783925,
        "LCI99": 0.621409963031,
        "WLR": -0.390103019281,
        "WR2": 0.47446147972,
        "WSE": 0.179210783926,
        "WCI99": 0.621409963032,
        "formule pr": -19.6580565748252,
        "LRR_moy": -0.355265977126
      },
      "geometry": {
        "type": "Point",
        "coordinates": [
          710506.6234302572,
          6154265.261907882
        ]
      }
    },
    {
      "type": "Feature",
      "properties": {
        "info": false,
        "cara": false,
        "regl": false,
        "tech": false,
        "projet": "Etat des lieux de la pêche artisanale",
        "id": null,
        "OBJECTID": 360,
        "BaselineID": 7,
        "GroupID": 0,
        "TransOrder": 235,
        "TransEdit": "0",
        "Azimuth": 303.756156858,
        "SHAPE_Leng": 151.477514613,
        "ShrCount": 8,
        "TCD": 14081.7602257,
        "SCE": 5.71660512066,
        "NSM": -1.03241665042,
        "EPR": -0.0938560591292,
        "EPRunc": 1.28564869307,
        "LRR": -0.368490216102,
        "LR2": 0.447910938477,
        "LSE": 1.78573795224,
        "LCI99": 0.619201216902,
        "WLR": -0.368490216105,
        "WR2": 0.447910938483,
        "WSE": 0.178573795223,
        "WCI99": 0.619201216899,
        "formule pr": -20.5420995392452,
        "LRR_moy": -0.38473407594
      },
      "geometry": {
        "type": "Point",
        "coordinates": [
          710510.0688537065,
          6154270.863898807
        ]
      }
    },
    {
      "type": "Feature",
      "properties": {
        "info": false,
        "cara": false,
        "regl": false,
        "tech": false,
        "projet": "Etat des lieux de la pêche artisanale",
        "id": null,
        "OBJECTID": 359,
        "BaselineID": 7,
        "GroupID": 0,
        "TransOrder": 234,
        "TransEdit": "0",
        "Azimuth": 309.230683944,
        "SHAPE_Leng": 152.160979675,
        "ShrCount": 8,
        "TCD": 14061.7602257,
        "SCE": 7.2452115172,
        "NSM": -0.5937120921,
        "EPR": -0.0539738265545,
        "EPRunc": 1.28564869307,
        "LRR": -0.395608992437,
        "LR2": 0.402582590653,
        "LSE": 2.10358772188,
        "LCI99": 0.729415016134,
        "WLR": -0.39560899244,
        "WR2": 0.402582590659,
        "WSE": 0.210358772187,
        "WCI99": 0.72941501613,
        "formule pr": -20.2001382095852,
        "LRR_moy": -0.373335364951333
      },
      "geometry": {
        "type": "Point",
        "coordinates": [
          710513.6469245219,
          6154275.341360233
        ]
      }
    },
    {
      "type": "Feature",
      "properties": {
        "info": false,
        "cara": false,
        "regl": false,
        "tech": false,
        "projet": "Etat des lieux de la pêche artisanale",
        "id": null,
        "OBJECTID": 356,
        "BaselineID": 7,
        "GroupID": 0,
        "TransOrder": 232,
        "TransEdit": "0",
        "Azimuth": 303.93017275,
        "SHAPE_Leng": 166.28987185,
        "ShrCount": 8,
        "TCD": 13961.7602257,
        "SCE": 6.30454816093,
        "NSM": 2.20108903615,
        "EPR": 0.200099003286,
        "EPRunc": 1.28564869307,
        "LRR": -0.0925476577814,
        "LR2": 0.0318227123801,
        "LSE": 2.22821611512,
        "LCI99": 0.772629672943,
        "WLR": -0.0925476577795,
        "WR2": 0.0318227123788,
        "WSE": 0.222821611512,
        "WCI99": 0.772629672944,
        "formule pr": -12.7233178298901,
        "LRR_moy": -0.03275306251665
      },
      "geometry": {
        "type": "Point",
        "coordinates": [
          710603.2001745396,
          6154346.574714813
        ]
      }
    },
    {
      "type": "Feature",
      "properties": {
        "info": false,
        "cara": false,
        "regl": false,
        "tech": false,
        "projet": "Etat des lieux de la pêche artisanale",
        "id": null,
        "OBJECTID": 355,
        "BaselineID": 7,
        "GroupID": 0,
        "TransOrder": 231,
        "TransEdit": "0",
        "Azimuth": 298.944378045,
        "SHAPE_Leng": 151.832631421,
        "ShrCount": 8,
        "TCD": 13941.7602257,
        "SCE": 3.03649483801,
        "NSM": 2.94179012613,
        "EPR": 0.267435466012,
        "EPRunc": 1.28564869307,
        "LRR": 0.0270415327481,
        "LR2": 0.00707998510569,
        "LSE": 1.39783302015,
        "LCI99": 0.484695924178,
        "WLR": 0.0270415327461,
        "WR2": 0.0070799851046,
        "WSE": 0.139783302015,
        "WCI99": 0.484695924179,
        "formule pr": -12.9623268453196,
        "LRR_moy": -0.040720029697633
      },
      "geometry": {
        "type": "Point",
        "coordinates": [
          710607.4297241727,
          6154383.093336559
        ]
      }
    },
    {
      "type": "Feature",
      "properties": {
        "info": false,
        "cara": false,
        "regl": false,
        "tech": false,
        "projet": "Etat des lieux de la pêche artisanale",
        "id": null,
        "OBJECTID": 354,
        "BaselineID": 7,
        "GroupID": 0,
        "TransOrder": 230,
        "TransEdit": "0",
        "Azimuth": 297.353337226,
        "SHAPE_Leng": 151.633354462,
        "ShrCount": 8,
        "TCD": 13921.7602257,
        "SCE": 3.51304107691,
        "NSM": 1.82488122746,
        "EPR": 0.165898293406,
        "EPRunc": 1.28564869307,
        "LRR": -0.0566539640596,
        "LR2": 0.0276515868445,
        "LSE": 1.46643986527,
        "LCI99": 0.508485216405,
        "WLR": -0.056653964064,
        "WR2": 0.0276515868488,
        "WSE": 0.146643986527,
        "WCI99": 0.508485216404,
        "formule pr": -13.7097834075456,
        "LRR_moy": -0.0656352484385
      },
      "geometry": {
        "type": "Point",
        "coordinates": [
          710616.1352500432,
          6154405.804194938
        ]
      }
    },
    {
      "type": "Feature",
      "properties": {
        "info": false,
        "cara": false,
        "regl": false,
        "tech": false,
        "projet": "Etat des lieux de la pêche artisanale",
        "id": null,
        "OBJECTID": 353,
        "BaselineID": 7,
        "GroupID": 0,
        "TransOrder": 229,
        "TransEdit": "0",
        "Azimuth": 301.012560502,
        "SHAPE_Leng": 152.356164128,
        "ShrCount": 8,
        "TCD": 13901.7602257,
        "SCE": 4.178801926390001,
        "NSM": 0.240550877412,
        "EPR": 0.0218682615829,
        "EPRunc": 1.28564869307,
        "LRR": -0.167293314004,
        "LR2": 0.21008736489,
        "LSE": 1.41596063045,
        "LCI99": 0.490981638351,
        "WLR": -0.167293314002,
        "WR2": 0.210087364884,
        "WSE": 0.141596063045,
        "WCI99": 0.490981638353,
        "formule pr": -15.875819051476602,
        "LRR_moy": -0.137836436569533
      },
      "geometry": {
        "type": "Point",
        "coordinates": [
          710620.9008503443,
          6154415.0707960185
        ]
      }
    },
    {
      "type": "Feature",
      "properties": {
        "info": false,
        "cara": false,
        "regl": false,
        "tech": false,
        "projet": "Etat des lieux de la pêche artisanale",
        "id": null,
        "OBJECTID": 352,
        "BaselineID": 7,
        "GroupID": 0,
        "TransOrder": 228,
        "TransEdit": "0",
        "Azimuth": 305.375633037,
        "SHAPE_Leng": 152.539408965,
        "ShrCount": 8,
        "TCD": 13881.7602257,
        "SCE": 4.3136595227,
        "NSM": -0.286444938475,
        "EPR": -0.0260404489522,
        "EPRunc": 1.28564869307,
        "LRR": -0.189562031645,
        "LR2": 0.275880970939,
        "LSE": 1.34053603396,
        "LCI99": 0.464828303887,
        "WLR": -0.189562031644,
        "WR2": 0.275880970936,
        "WSE": 0.134053603396,
        "WCI99": 0.464828303888,
        "formule pr": -17.4561694890806,
        "LRR_moy": -0.190514784489667
      },
      "geometry": {
        "type": "Point",
        "coordinates": [
          710625.6492762088,
          6154422.2150495155
        ]
      }
    },
    {
      "type": "Feature",
      "properties": {
        "info": false,
        "cara": false,
        "regl": false,
        "tech": false,
        "projet": "Etat des lieux de la pêche artisanale",
        "id": null,
        "OBJECTID": 351,
        "BaselineID": 7,
        "GroupID": 0,
        "TransOrder": 227,
        "TransEdit": "0",
        "Azimuth": 309.453748293,
        "SHAPE_Leng": 152.112167321,
        "ShrCount": 8,
        "TCD": 13861.7602257,
        "SCE": 4.35254484403,
        "NSM": -0.790197652888,
        "EPR": -0.0718361502625,
        "EPRunc": 1.28564869307,
        "LRR": -0.21468900782,
        "LR2": 0.323197591602,
        "LSE": 1.35609379627,
        "LCI99": 0.47022292819,
        "WLR": -0.214689007822,
        "WR2": 0.323197591609,
        "WSE": 0.135609379626,
        "WCI99": 0.470222928188,
        "formule pr": -17.6284331547806,
        "LRR_moy": -0.196256906679667
      },
      "geometry": {
        "type": "Point",
        "coordinates": [
          710631.2795244629,
          6154429.676225879
        ]
      }
    },
    {
      "type": "Feature",
      "properties": {
        "info": false,
        "cara": false,
        "regl": false,
        "tech": false,
        "projet": "Etat des lieux de la pêche artisanale",
        "id": null,
        "OBJECTID": 350,
        "BaselineID": 7,
        "GroupID": 0,
        "TransOrder": 226,
        "TransEdit": "0",
        "Azimuth": 313.687584913,
        "SHAPE_Leng": 152.42454257,
        "ShrCount": 8,
        "TCD": 13841.7602257,
        "SCE": 4.29029855655,
        "NSM": -0.196132038279,
        "EPR": -0.0178301852981,
        "EPRunc": 1.28564869307,
        "LRR": -0.184519680574,
        "LR2": 0.236959478508,
        "LSE": 1.44531490974,
        "LCI99": 0.501160178509,
        "WLR": -0.184519680576,
        "WR2": 0.236959478513,
        "WSE": 0.144531490973,
        "WCI99": 0.501160178508,
        "formule pr": -17.8630395165406,
        "LRR_moy": -0.204077118738333
      },
      "geometry": {
        "type": "Point",
        "coordinates": [
          710637.2321246534,
          6154436.341449823
        ]
      }
    },
    {
      "type": "Feature",
      "properties": {
        "info": false,
        "cara": false,
        "regl": false,
        "tech": false,
        "projet": "Etat des lieux de la pêche artisanale",
        "id": null,
        "OBJECTID": 349,
        "BaselineID": 7,
        "GroupID": 0,
        "TransOrder": 225,
        "TransEdit": "0",
        "Azimuth": 317.594390018,
        "SHAPE_Leng": 152.644537291,
        "ShrCount": 8,
        "TCD": 13821.7602257,
        "SCE": 5.17473480527,
        "NSM": -0.766755557872,
        "EPR": -0.0697050507157,
        "EPRunc": 1.28564869307,
        "LRR": -0.213022667821,
        "LR2": 0.273482361889,
        "LSE": 1.51553953494,
        "LCI99": 0.525510432882,
        "WLR": -0.213022667818,
        "WR2": 0.273482361879,
        "WSE": 0.151553953495,
        "WCI99": 0.525510432886,
        "formule pr": -17.8676242745706,
        "LRR_moy": -0.204229944006
      },
      "geometry": {
        "type": "Point",
        "coordinates": [
          710644.049750122,
          6154443.3794459915
        ]
      }
    },
    {
      "type": "Feature",
      "properties": {
        "info": false,
        "cara": false,
        "regl": false,
        "tech": false,
        "projet": "Etat des lieux de la pêche artisanale",
        "id": null,
        "OBJECTID": 348,
        "BaselineID": 7,
        "GroupID": 0,
        "TransOrder": 224,
        "TransEdit": "0",
        "Azimuth": 322.348334554,
        "SHAPE_Leng": 152.812206995,
        "ShrCount": 8,
        "TCD": 13801.7602257,
        "SCE": 4.99635433734,
        "NSM": -0.606159162835,
        "EPR": -0.0551053784395,
        "EPRunc": 1.28564869307,
        "LRR": -0.215147483623,
        "LR2": 0.268888058828,
        "LSE": 1.54855088977,
        "LCI99": 0.536957056984,
        "WLR": -0.215147483627,
        "WR2": 0.268888058839,
        "WSE": 0.154855088976,
        "WCI99": 0.53695705698,
        "formule pr": -17.8277634951506,
        "LRR_moy": -0.202901251358667
      },
      "geometry": {
        "type": "Point",
        "coordinates": [
          710649.7239653058,
          6154448.431520967
        ]
      }
    },
    {
      "type": "Feature",
      "properties": {
        "info": false,
        "cara": false,
        "regl": false,
        "tech": false,
        "projet": "Etat des lieux de la pêche artisanale",
        "id": null,
        "OBJECTID": 347,
        "BaselineID": 7,
        "GroupID": 0,
        "TransOrder": 223,
        "TransEdit": "0",
        "Azimuth": 327.079053938,
        "SHAPE_Leng": 152.976462882,
        "ShrCount": 8,
        "TCD": 13781.7602257,
        "SCE": 4.493360357240001,
        "NSM": -0.213047001104,
        "EPR": -0.0193679091913,
        "EPRunc": 1.28564869307,
        "LRR": -0.180533602632,
        "LR2": 0.232056069286,
        "LSE": 1.43353852814,
        "LCI99": 0.497076740731,
        "WLR": -0.180533602638,
        "WR2": 0.232056069299,
        "WSE": 0.143353852813,
        "WCI99": 0.497076740727,
        "formule pr": -17.7884060508606,
        "LRR_moy": -0.201589336549
      },
      "geometry": {
        "type": "Point",
        "coordinates": [
          710656.0660141287,
          6154452.696133609
        ]
      }
    },
    {
      "type": "Feature",
      "properties": {
        "info": false,
        "cara": false,
        "regl": false,
        "tech": false,
        "projet": "Etat des lieux de la pêche artisanale",
        "id": null,
        "OBJECTID": 345,
        "BaselineID": 7,
        "GroupID": 0,
        "TransOrder": 222,
        "TransEdit": "0",
        "Azimuth": 338.55434416,
        "SHAPE_Leng": 153.372777364,
        "ShrCount": 8,
        "TCD": 13741.7602257,
        "SCE": 4.36668979238,
        "NSM": -0.0762745703706,
        "EPR": -0.00693405185187,
        "EPRunc": 1.28564869307,
        "LRR": -0.209086923392,
        "LR2": 0.27962582221,
        "LSE": 1.46487421357,
        "LCI99": 0.507942329676,
        "WLR": -0.209086923396,
        "WR2": 0.279625822221,
        "WSE": 0.146487421356,
        "WCI99": 0.507942329672,
        "formule pr": -17.2054281077206,
        "LRR_moy": -0.182156738444333
      },
      "geometry": {
        "type": "Point",
        "coordinates": [
          710664.8504036805,
          6154457.354453923
        ]
      }
    },
    {
      "type": "Feature",
      "properties": {
        "info": false,
        "cara": false,
        "regl": false,
        "tech": false,
        "projet": "Etat des lieux de la pêche artisanale",
        "id": null,
        "OBJECTID": 344,
        "BaselineID": 7,
        "GroupID": 0,
        "TransOrder": 221,
        "TransEdit": "0",
        "Azimuth": 344.32874784,
        "SHAPE_Leng": 153.914830319,
        "ShrCount": 7,
        "TCD": 13721.7602257,
        "SCE": 4.81108090968,
        "NSM": 0.324000458831,
        "EPR": 0.0294545871664,
        "EPRunc": 1.28564869307,
        "LRR": -0.156849689309,
        "LR2": 0.13577040188,
        "LSE": 1.72476909067,
        "LCI99": 0.713586460205,
        "WLR": -0.156849689323,
        "WR2": 0.135770401896,
        "WSE": 0.172476909065,
        "WCI99": 0.713586460221,
        "formule pr": -17.5745506795406,
        "LRR_moy": -0.194460824171667
      },
      "geometry": {
        "type": "Point",
        "coordinates": [
          710669.4919441749,
          6154458.7415600205
        ]
      }
    },
    {
      "type": "Feature",
      "properties": {
        "info": false,
        "cara": false,
        "regl": false,
        "tech": false,
        "projet": "Etat des lieux de la pêche artisanale",
        "id": null,
        "OBJECTID": 342,
        "BaselineID": 7,
        "GroupID": 0,
        "TransOrder": 220,
        "TransEdit": "0",
        "Azimuth": 356.819130018,
        "SHAPE_Leng": 153.151343472,
        "ShrCount": 7,
        "TCD": 13681.7602257,
        "SCE": 4.223258245890001,
        "NSM": -1.04630696469,
        "EPR": -0.095118814972,
        "EPRunc": 1.28564869307,
        "LRR": -0.217445859814,
        "LR2": 0.378048578565,
        "LSE": 1.21560045049,
        "LCI99": 0.502928784603,
        "WLR": -0.217445859824,
        "WR2": 0.378048578574,
        "WSE": 0.121560045049,
        "WCI99": 0.502928784617,
        "formule pr": -17.3551591912356,
        "LRR_moy": -0.1871477745615
      },
      "geometry": {
        "type": "Point",
        "coordinates": [
          710676.6155763683,
          6154459.926485844
        ]
      }
    },
    {
      "type": "Feature",
      "properties": {
        "info": false,
        "cara": false,
        "regl": false,
        "tech": false,
        "projet": "Etat des lieux de la pêche artisanale",
        "id": null,
        "OBJECTID": 334,
        "BaselineID": 6,
        "GroupID": 0,
        "TransOrder": 219,
        "TransEdit": "0",
        "Azimuth": 266.565093145,
        "SHAPE_Leng": 152.573033563,
        "ShrCount": 8,
        "TCD": 13074.5782267,
        "SCE": 4.44631145204,
        "NSM": 0.449482720885,
        "EPR": 0.040862065535,
        "EPRunc": 1.28564869307,
        "LRR": -0.179805812479,
        "LR2": 0.254272407219,
        "LSE": 1.34408658458,
        "LCI99": 0.466059450521,
        "WLR": -0.179805812478,
        "WR2": 0.254272407216,
        "WSE": 0.134408658459,
        "WCI99": 0.466059450522,
        "formule pr": -12.0442544759924,
        "LRR_moy": -0.1602094030105
      },
      "geometry": {
        "type": "Point",
        "coordinates": [
          710889.7144739861,
          6155120.835438489
        ]
      }
    },
    {
      "type": "Feature",
      "properties": {
        "info": false,
        "cara": false,
        "regl": false,
        "tech": false,
        "projet": "Etat des lieux de la pêche artisanale",
        "id": null,
        "OBJECTID": 333,
        "BaselineID": 6,
        "GroupID": 0,
        "TransOrder": 218,
        "TransEdit": "0",
        "Azimuth": 272.237405898,
        "SHAPE_Leng": 152.41579291,
        "ShrCount": 8,
        "TCD": 13054.5782267,
        "SCE": 4.23608106762,
        "NSM": 0.778128032648,
        "EPR": 0.0707389120589,
        "EPRunc": 1.28564869307,
        "LRR": -0.140612993542,
        "LR2": 0.176648172579,
        "LSE": 1.3250938458,
        "LCI99": 0.4594737547,
        "WLR": -0.140612993549,
        "WR2": 0.176648172596,
        "WSE": 0.132509384578,
        "WCI99": 0.459473754694,
        "formule pr": -12.0701156794274,
        "LRR_moy": -0.161071443125
      },
      "geometry": {
        "type": "Point",
        "coordinates": [
          710890.5857473701,
          6155125.876650847
        ]
      }
    },
    {
      "type": "Feature",
      "properties": {
        "info": false,
        "cara": false,
        "regl": false,
        "tech": false,
        "projet": "Etat des lieux de la pêche artisanale",
        "id": null,
        "OBJECTID": 332,
        "BaselineID": 6,
        "GroupID": 0,
        "TransOrder": 217,
        "TransEdit": "0",
        "Azimuth": 276.707016229,
        "SHAPE_Leng": 152.345344582,
        "ShrCount": 8,
        "TCD": 13034.5782267,
        "SCE": 4.39737847203,
        "NSM": 1.19874783641,
        "EPR": 0.108977076038,
        "EPRunc": 1.28564869307,
        "LRR": -0.162795523354,
        "LR2": 0.189048904764,
        "LSE": 1.47175573978,
        "LCI99": 0.510328485715,
        "WLR": -0.162795523359,
        "WR2": 0.189048904775,
        "WSE": 0.147175573976,
        "WCI99": 0.510328485711,
        "formule pr": -12.7840905459474,
        "LRR_moy": -0.184870605342333
      },
      "geometry": {
        "type": "Point",
        "coordinates": [
          710892.0427144874,
          6155133.98679238
        ]
      }
    },
    {
      "type": "Feature",
      "properties": {
        "info": false,
        "cara": false,
        "regl": false,
        "tech": false,
        "projet": "Etat des lieux de la pêche artisanale",
        "id": null,
        "OBJECTID": 331,
        "BaselineID": 6,
        "GroupID": 0,
        "TransOrder": 216,
        "TransEdit": "0",
        "Azimuth": 280.249709066,
        "SHAPE_Leng": 152.285932182,
        "ShrCount": 8,
        "TCD": 13014.5782267,
        "SCE": 7.14744002667,
        "NSM": 1.20395458664,
        "EPR": 0.109450416968,
        "EPRunc": 1.28564869307,
        "LRR": -0.251203299131,
        "LR2": 0.197116816832,
        "LSE": 2.21295565565,
        "LCI99": 0.767338137831,
        "WLR": -0.251203299131,
        "WR2": 0.197116816831,
        "WSE": 0.221295565565,
        "WCI99": 0.767338137833,
        "formule pr": -13.2580422695474,
        "LRR_moy": -0.200668996129
      },
      "geometry": {
        "type": "Point",
        "coordinates": [
          710894.3861654772,
          6155144.377564098
        ]
      }
    },
    {
      "type": "Feature",
      "properties": {
        "info": false,
        "cara": false,
        "regl": false,
        "tech": false,
        "projet": "Etat des lieux de la pêche artisanale",
        "id": null,
        "OBJECTID": 330,
        "BaselineID": 6,
        "GroupID": 0,
        "TransOrder": 215,
        "TransEdit": "0",
        "Azimuth": 282.624563886,
        "SHAPE_Leng": 152.85561043,
        "ShrCount": 8,
        "TCD": 12994.5782267,
        "SCE": 4.30245051755,
        "NSM": 0.719410047168,
        "EPR": 0.0654009133789,
        "EPRunc": 1.28564869307,
        "LRR": -0.188008165902,
        "LR2": 0.267946460316,
        "LSE": 1.35646050585,
        "LCI99": 0.470350084033,
        "WLR": -0.188008165903,
        "WR2": 0.267946460319,
        "WSE": 0.135646050584,
        "WCI99": 0.470350084032,
        "formule pr": -13.9303442715774,
        "LRR_moy": -0.223079062863333
      },
      "geometry": {
        "type": "Point",
        "coordinates": [
          710897.4224013914,
          6155157.7537059905
        ]
      }
    },
    {
      "type": "Feature",
      "properties": {
        "info": false,
        "cara": false,
        "regl": false,
        "tech": false,
        "projet": "Etat des lieux de la pêche artisanale",
        "id": null,
        "OBJECTID": 329,
        "BaselineID": 6,
        "GroupID": 0,
        "TransOrder": 214,
        "TransEdit": "0",
        "Azimuth": 285.050684571,
        "SHAPE_Leng": 154.010666225,
        "ShrCount": 8,
        "TCD": 12974.5782267,
        "SCE": 4.75077324946,
        "NSM": 0.290921840508,
        "EPR": 0.0264474400462,
        "EPRunc": 1.28564869307,
        "LRR": -0.230025723557,
        "LR2": 0.324428467754,
        "LSE": 1.44889071245,
        "LCI99": 0.502400081253,
        "WLR": -0.230025723559,
        "WR2": 0.324428467762,
        "WSE": 0.144889071244,
        "WCI99": 0.502400081251,
        "formule pr": -13.1872934040474,
        "LRR_moy": -0.198310700612333
      },
      "geometry": {
        "type": "Point",
        "coordinates": [
          710900.740663111,
          6155170.907367704
        ]
      }
    },
    {
      "type": "Feature",
      "properties": {
        "info": false,
        "cara": false,
        "regl": false,
        "tech": false,
        "projet": "Etat des lieux de la pêche artisanale",
        "id": null,
        "OBJECTID": 328,
        "BaselineID": 6,
        "GroupID": 0,
        "TransOrder": 213,
        "TransEdit": "0",
        "Azimuth": 286.59205801,
        "SHAPE_Leng": 153.997312121,
        "ShrCount": 8,
        "TCD": 12954.5782267,
        "SCE": 4.22168534715,
        "NSM": 1.11034514352,
        "EPR": 0.100940467593,
        "EPRunc": 1.28564869307,
        "LRR": -0.176898212378,
        "LR2": 0.205913896928,
        "LSE": 1.51634297538,
        "LCI99": 0.525789024318,
        "WLR": -0.176898212378,
        "WR2": 0.205913896927,
        "WSE": 0.151634297538,
        "WCI99": 0.525789024318,
        "formule pr": -13.6832506349274,
        "LRR_moy": -0.214842608308333
      },
      "geometry": {
        "type": "Point",
        "coordinates": [
          710906.1745266833,
          6155185.886209771
        ]
      }
    },
    {
      "type": "Feature",
      "properties": {
        "info": false,
        "cara": false,
        "regl": false,
        "tech": false,
        "projet": "Etat des lieux de la pêche artisanale",
        "id": null,
        "OBJECTID": 327,
        "BaselineID": 6,
        "GroupID": 0,
        "TransOrder": 212,
        "TransEdit": "0",
        "Azimuth": 288.618736805,
        "SHAPE_Leng": 154.630673989,
        "ShrCount": 8,
        "TCD": 12934.5782267,
        "SCE": 5.10859551861,
        "NSM": 0.891664518253,
        "EPR": 0.0810604107502,
        "EPRunc": 1.28564869307,
        "LRR": -0.23760388899,
        "LR2": 0.232688930381,
        "LSE": 1.88336478319,
        "LCI99": 0.653053133668,
        "WLR": -0.237603888994,
        "WR2": 0.232688930389,
        "WSE": 0.188336478318,
        "WCI99": 0.653053133664,
        "formule pr": -13.9864047010074,
        "LRR_moy": -0.224947743844333
      },
      "geometry": {
        "type": "Point",
        "coordinates": [
          710911.34352598,
          6155199.5259120045
        ]
      }
    },
    {
      "type": "Feature",
      "properties": {
        "info": false,
        "cara": false,
        "regl": false,
        "tech": false,
        "projet": "Etat des lieux de la pêche artisanale",
        "id": null,
        "OBJECTID": 325,
        "BaselineID": 6,
        "GroupID": 0,
        "TransOrder": 211,
        "TransEdit": "0",
        "Azimuth": 291.672168617,
        "SHAPE_Leng": 154.998189159,
        "ShrCount": 7,
        "TCD": 12894.5782267,
        "SCE": 6.96975137437,
        "NSM": 1.32071479376,
        "EPR": 0.120064981251,
        "EPRunc": 1.28564869307,
        "LRR": -0.260341130165,
        "LR2": 0.230733314642,
        "LSE": 2.27281822583,
        "LCI99": 0.857189845745,
        "WLR": -0.260341130147,
        "WR2": 0.230733314623,
        "WSE": 0.227281822586,
        "WCI99": 0.857189845734,
        "formule pr": -14.581248307027398,
        "LRR_moy": -0.244775864045
      },
      "geometry": {
        "type": "Point",
        "coordinates": [
          710920.9311076341,
          6155229.916747244
        ]
      }
    },
    {
      "type": "Feature",
      "properties": {
        "info": false,
        "cara": false,
        "regl": false,
        "tech": false,
        "projet": "Etat des lieux de la pêche artisanale",
        "id": null,
        "OBJECTID": 324,
        "BaselineID": 6,
        "GroupID": 0,
        "TransOrder": 210,
        "TransEdit": "0",
        "Azimuth": 293.845570461,
        "SHAPE_Leng": 153.923205731,
        "ShrCount": 7,
        "TCD": 12874.5782267,
        "SCE": 5.62025972658,
        "NSM": 1.14977404365,
        "EPR": 0.104524913059,
        "EPRunc": 1.28564869307,
        "LRR": -0.23638257298,
        "LR2": 0.266548180369,
        "LSE": 1.87478727587,
        "LCI99": 0.707073094341,
        "WLR": -0.236382572968,
        "WR2": 0.266548180356,
        "WSE": 0.187478727589,
        "WCI99": 0.707073094328,
        "formule pr": -15.671323559127398,
        "LRR_moy": -0.281111705781667
      },
      "geometry": {
        "type": "Point",
        "coordinates": [
          710925.6997974274,
          6155243.335294171
        ]
      }
    },
    {
      "type": "Feature",
      "properties": {
        "info": false,
        "cara": false,
        "regl": false,
        "tech": false,
        "projet": "Etat des lieux de la pêche artisanale",
        "id": null,
        "OBJECTID": 323,
        "BaselineID": 6,
        "GroupID": 0,
        "TransOrder": 209,
        "TransEdit": "0",
        "Azimuth": 296.660600591,
        "SHAPE_Leng": 155.318578965,
        "ShrCount": 7,
        "TCD": 12854.5782267,
        "SCE": 6.39314674739,
        "NSM": -0.420103578957,
        "EPR": -0.0381912344506,
        "EPRunc": 1.28564869307,
        "LRR": -0.3466114142,
        "LR2": 0.426853692525,
        "LSE": 1.92032482361,
        "LCI99": 0.724247509381,
        "WLR": -0.346611414182,
        "WR2": 0.426853692504,
        "WSE": 0.192032482365,
        "WCI99": 0.724247509375,
        "formule pr": -15.409842900867398,
        "LRR_moy": -0.272395683839667
      },
      "geometry": {
        "type": "Point",
        "coordinates": [
          710930.5548897666,
          6155254.876478037
        ]
      }
    },
    {
      "type": "Feature",
      "properties": {
        "info": false,
        "cara": false,
        "regl": false,
        "tech": false,
        "projet": "Etat des lieux de la pêche artisanale",
        "id": null,
        "OBJECTID": 322,
        "BaselineID": 6,
        "GroupID": 0,
        "TransOrder": 208,
        "TransEdit": "0",
        "Azimuth": 300.176796097,
        "SHAPE_Leng": 155.805041781,
        "ShrCount": 7,
        "TCD": 12834.5782267,
        "SCE": 6.60335923728,
        "NSM": 0.957081142551,
        "EPR": 0.0870073765956,
        "EPRunc": 1.28564869307,
        "LRR": -0.234193064339,
        "LR2": 0.212198797069,
        "LSE": 2.15749350945,
        "LCI99": 0.813695308999,
        "WLR": -0.234193064325,
        "WR2": 0.212198797055,
        "WSE": 0.215749350947,
        "WCI99": 0.813695308985,
        "formule pr": -16.5727057684474,
        "LRR_moy": -0.311157779425667
      },
      "geometry": {
        "type": "Point",
        "coordinates": [
          710935.8928245832,
          6155264.110139751
        ]
      }
    },
    {
      "type": "Feature",
      "properties": {
        "info": false,
        "cara": false,
        "regl": false,
        "tech": false,
        "projet": "Etat des lieux de la pêche artisanale",
        "id": null,
        "OBJECTID": 321,
        "BaselineID": 6,
        "GroupID": 0,
        "TransOrder": 207,
        "TransEdit": "0",
        "Azimuth": 305.120400149,
        "SHAPE_Leng": 155.515135562,
        "ShrCount": 6,
        "TCD": 12814.5782267,
        "SCE": 7.14500979481,
        "NSM": 1.04736024376,
        "EPR": 0.117049912502,
        "EPRunc": 1.58048364658,
        "LRR": -0.352668859738,
        "LR2": 0.290808693068,
        "LSE": 2.29881995809,
        "LCI99": 1.2678252341,
        "WLR": -0.352668859721,
        "WR2": 0.29080869305,
        "WSE": 0.229881995812,
        "WCI99": 1.26782523409,
        "formule pr": -16.1612955198974,
        "LRR_moy": -0.297444104474
      },
      "geometry": {
        "type": "Point",
        "coordinates": [
          710939.5992273508,
          6155269.866548611
        ]
      }
    },
    {
      "type": "Feature",
      "properties": {
        "info": false,
        "cara": false,
        "regl": false,
        "tech": false,
        "projet": "Etat des lieux de la pêche artisanale",
        "id": null,
        "OBJECTID": 320,
        "BaselineID": 6,
        "GroupID": 0,
        "TransOrder": 206,
        "TransEdit": "0",
        "Azimuth": 310.10173463,
        "SHAPE_Leng": 155.548539563,
        "ShrCount": 6,
        "TCD": 12794.5782267,
        "SCE": 6.00160669254,
        "NSM": 1.45362993563,
        "EPR": 0.16245342306,
        "EPRunc": 1.58048364658,
        "LRR": -0.305470389345,
        "LR2": 0.230664301133,
        "LSE": 2.32860970921,
        "LCI99": 1.28425461912,
        "WLR": -0.305470389338,
        "WR2": 0.230664301132,
        "WSE": 0.232860970922,
        "WCI99": 1.2842546191,
        "formule pr": -17.0967159944074,
        "LRR_moy": -0.328624786957667
      },
      "geometry": {
        "type": "Point",
        "coordinates": [
          710943.7001068245,
          6155275.154033391
        ]
      }
    },
    {
      "type": "Feature",
      "properties": {
        "info": false,
        "cara": false,
        "regl": false,
        "tech": false,
        "projet": "Etat des lieux de la pêche artisanale",
        "id": null,
        "OBJECTID": 319,
        "BaselineID": 6,
        "GroupID": 0,
        "TransOrder": 205,
        "TransEdit": "0",
        "Azimuth": 315.646516863,
        "SHAPE_Leng": 155.04415693,
        "ShrCount": 6,
        "TCD": 12774.5782268,
        "SCE": 6.56159745816,
        "NSM": 1.24812235816,
        "EPR": 0.139486498255,
        "EPRunc": 1.58048364658,
        "LRR": -0.32773511179,
        "LR2": 0.255595265627,
        "LSE": 2.33459186815,
        "LCI99": 1.28755384751,
        "WLR": -0.327735111773,
        "WR2": 0.25559526561,
        "WSE": 0.233459186818,
        "WCI99": 1.2875538475,
        "formule pr": -16.7360549027024,
        "LRR_moy": -0.3166027505675
      },
      "geometry": {
        "type": "Point",
        "coordinates": [
          710946.9067161793,
          6155279.288487541
        ]
      }
    },
    {
      "type": "Feature",
      "properties": {
        "info": false,
        "cara": false,
        "regl": false,
        "tech": false,
        "projet": "Etat des lieux de la pêche artisanale",
        "id": null,
        "OBJECTID": 313,
        "BaselineID": 5,
        "GroupID": 0,
        "TransOrder": 204,
        "TransEdit": "0",
        "Azimuth": 297.503863419,
        "SHAPE_Leng": 152.614418435,
        "ShrCount": 8,
        "TCD": 11247.076099700002,
        "SCE": 3.34066077216,
        "NSM": -1.14458569529,
        "EPR": -0.104053245026,
        "EPRunc": 1.28564869307,
        "LRR": -0.214805352258,
        "LR2": 0.559866597633,
        "LSE": 0.831338731655,
        "LCI99": 0.288265113956,
        "WLR": -0.214805352262,
        "WR2": 0.55986659765,
        "WSE": 0.0831338731638,
        "WCI99": 0.28826511395,
        "formule pr": -11.0691645834265,
        "LRR_moy": -0.1995170684815
      },
      "geometry": {
        "type": "Point",
        "coordinates": [
          710617.3892320729,
          6156613.793283546
        ]
      }
    },
    {
      "type": "Feature",
      "properties": {
        "info": false,
        "cara": false,
        "regl": false,
        "tech": false,
        "projet": "Etat des lieux de la pêche artisanale",
        "id": null,
        "OBJECTID": 312,
        "BaselineID": 5,
        "GroupID": 0,
        "TransOrder": 203,
        "TransEdit": "0",
        "Azimuth": 303.998703076,
        "SHAPE_Leng": 152.415921175,
        "ShrCount": 8,
        "TCD": 11227.076099700002,
        "SCE": 3.02946217815,
        "NSM": -1.03220862345,
        "EPR": -0.0938371475865,
        "EPRunc": 1.28564869307,
        "LRR": -0.184228784705,
        "LR2": 0.501894704384,
        "LSE": 0.801114865329,
        "LCI99": 0.277785046158,
        "WLR": -0.184228784706,
        "WR2": 0.501894704392,
        "WSE": 0.080111486532,
        "WCI99": 0.277785046155,
        "formule pr": -11.0007954751115,
        "LRR_moy": -0.197238098204333
      },
      "geometry": {
        "type": "Point",
        "coordinates": [
          710618.4688157153,
          6156616.551023737
        ]
      }
    },
    {
      "type": "Feature",
      "properties": {
        "info": false,
        "cara": false,
        "regl": false,
        "tech": false,
        "projet": "Etat des lieux de la pêche artisanale",
        "id": null,
        "OBJECTID": 311,
        "BaselineID": 5,
        "GroupID": 0,
        "TransOrder": 202,
        "TransEdit": "0",
        "Azimuth": 310.086689934,
        "SHAPE_Leng": 152.599986803,
        "ShrCount": 8,
        "TCD": 11207.076099700002,
        "SCE": 3.24702883709,
        "NSM": -1.05463491384,
        "EPR": -0.095875901258,
        "EPRunc": 1.28564869307,
        "LRR": -0.19268015765,
        "LR2": 0.534891159726,
        "LSE": 0.784268208186,
        "LCI99": 0.271943500039,
        "WLR": -0.192680157648,
        "WR2": 0.534891159713,
        "WSE": 0.0784268208199,
        "WCI99": 0.271943500044,
        "formule pr": -11.0813084732515,
        "LRR_moy": -0.199921864809
      },
      "geometry": {
        "type": "Point",
        "coordinates": [
          710620.6058198434,
          6156619.945052135
        ]
      }
    },
    {
      "type": "Feature",
      "properties": {
        "info": false,
        "cara": false,
        "regl": false,
        "tech": false,
        "projet": "Etat des lieux de la pêche artisanale",
        "id": null,
        "OBJECTID": 310,
        "BaselineID": 5,
        "GroupID": 0,
        "TransOrder": 201,
        "TransEdit": "0",
        "Azimuth": 316.474616962,
        "SHAPE_Leng": 152.92368989,
        "ShrCount": 8,
        "TCD": 11187.076099700002,
        "SCE": 4.05207823311,
        "NSM": -1.35553245867,
        "EPR": -0.123230223516,
        "EPRunc": 1.28564869307,
        "LRR": -0.222856652072,
        "LR2": 0.473784053467,
        "LSE": 1.02518068496,
        "LCI99": 0.355479440238,
        "WLR": -0.222856652071,
        "WR2": 0.473784053455,
        "WSE": 0.102518068498,
        "WCI99": 0.355479440244,
        "formule pr": -11.4227743858515,
        "LRR_moy": -0.211304061895667
      },
      "geometry": {
        "type": "Point",
        "coordinates": [
          710622.7489382294,
          6156622.377815575
        ]
      }
    },
    {
      "type": "Feature",
      "properties": {
        "info": false,
        "cara": false,
        "regl": false,
        "tech": false,
        "projet": "Etat des lieux de la pêche artisanale",
        "id": null,
        "OBJECTID": 309,
        "BaselineID": 5,
        "GroupID": 0,
        "TransOrder": 200,
        "TransEdit": "0",
        "Azimuth": 323.081200945,
        "SHAPE_Leng": 152.923048318,
        "ShrCount": 8,
        "TCD": 11167.076099700002,
        "SCE": 3.9849206291,
        "NSM": -1.66031214717,
        "EPR": -0.150937467925,
        "EPRunc": 1.28564869307,
        "LRR": -0.218375375965,
        "LR2": 0.46028483257,
        "LSE": 1.03218056067,
        "LCI99": 0.357906633739,
        "WLR": -0.218375375966,
        "WR2": 0.460284832574,
        "WSE": 0.103218056066,
        "WCI99": 0.357906633738,
        "formule pr": -11.4683732839615,
        "LRR_moy": -0.212824025166
      },
      "geometry": {
        "type": "Point",
        "coordinates": [
          710624.8009482928,
          6156624.132826166
        ]
      }
    },
    {
      "type": "Feature",
      "properties": {
        "info": false,
        "cara": false,
        "regl": false,
        "tech": false,
        "projet": "Etat des lieux de la pêche artisanale",
        "id": null,
        "OBJECTID": 308,
        "BaselineID": 5,
        "GroupID": 0,
        "TransOrder": 199,
        "TransEdit": "0",
        "Azimuth": 329.72602125,
        "SHAPE_Leng": 152.612460642,
        "ShrCount": 8,
        "TCD": 11147.076099700002,
        "SCE": 3.44337193468,
        "NSM": -1.49371273664,
        "EPR": -0.135792066967,
        "EPRunc": 1.28564869307,
        "LRR": -0.197240047461,
        "LR2": 0.459701171182,
        "LSE": 0.933377519832,
        "LCI99": 0.323646868446,
        "WLR": -0.197240047464,
        "WR2": 0.459701171199,
        "WSE": 0.0933377519815,
        "WCI99": 0.323646868441,
        "formule pr": -11.1966363086115,
        "LRR_moy": -0.203766125987667
      },
      "geometry": {
        "type": "Point",
        "coordinates": [
          710626.9169434995,
          6156625.643466703
        ]
      }
    },
    {
      "type": "Feature",
      "properties": {
        "info": false,
        "cara": false,
        "regl": false,
        "tech": false,
        "projet": "Etat des lieux de la pêche artisanale",
        "id": null,
        "OBJECTID": 307,
        "BaselineID": 5,
        "GroupID": 0,
        "TransOrder": 198,
        "TransEdit": "0",
        "Azimuth": 336.529021142,
        "SHAPE_Leng": 152.950475786,
        "ShrCount": 8,
        "TCD": 11127.076099700002,
        "SCE": 3.4195743998,
        "NSM": -1.40019207176,
        "EPR": -0.127290188341,
        "EPRunc": 1.28564869307,
        "LRR": -0.195682954537,
        "LR2": 0.484609431224,
        "LSE": 0.88086292267,
        "LCI99": 0.305437532397,
        "WLR": -0.195682954536,
        "WR2": 0.484609431215,
        "WSE": 0.0880862922682,
        "WCI99": 0.305437532402,
        "formule pr": -11.0639378848915,
        "LRR_moy": -0.199342845197
      },
      "geometry": {
        "type": "Point",
        "coordinates": [
          710628.7719573651,
          6156626.7863119105
        ]
      }
    },
    {
      "type": "Feature",
      "properties": {
        "info": false,
        "cara": false,
        "regl": false,
        "tech": false,
        "projet": "Etat des lieux de la pêche artisanale",
        "id": null,
        "OBJECTID": 306,
        "BaselineID": 5,
        "GroupID": 0,
        "TransOrder": 197,
        "TransEdit": "0",
        "Azimuth": 343.761876689,
        "SHAPE_Leng": 153.14632985,
        "ShrCount": 8,
        "TCD": 11107.076099700002,
        "SCE": 3.31091192137,
        "NSM": -1.58913309245,
        "EPR": -0.144466644768,
        "EPRunc": 1.28564869307,
        "LRR": -0.205105533593,
        "LR2": 0.530076951602,
        "LSE": 0.842954863457,
        "LCI99": 0.292292985424,
        "WLR": -0.205105533593,
        "WR2": 0.530076951599,
        "WSE": 0.0842954863461,
        "WCI99": 0.292292985426,
        "formule pr": -11.0954798509315,
        "LRR_moy": -0.200394244065
      },
      "geometry": {
        "type": "Point",
        "coordinates": [
          710629.6794679166,
          6156627.345415055
        ]
      }
    },
    {
      "type": "Feature",
      "properties": {
        "info": false,
        "cara": false,
        "regl": false,
        "tech": false,
        "projet": "Etat des lieux de la pêche artisanale",
        "id": null,
        "OBJECTID": 304,
        "BaselineID": 5,
        "GroupID": 0,
        "TransOrder": 196,
        "TransEdit": "0",
        "Azimuth": 3.81434242248,
        "SHAPE_Leng": 151.609388665,
        "ShrCount": 8,
        "TCD": 11007.076099700002,
        "SCE": 4.53349966314,
        "NSM": 0.249558100737,
        "EPR": 0.022687100067,
        "EPRunc": 1.28564869307,
        "LRR": -0.144811647041,
        "LR2": 0.185413747634,
        "LSE": 1.32490303722,
        "LCI99": 0.459407592189,
        "WLR": -0.144811647045,
        "WR2": 0.185413747645,
        "WSE": 0.13249030372,
        "WCI99": 0.459407592185,
        "formule pr": -9.33092626238649,
        "LRR_moy": -0.1415757911135
      },
      "geometry": {
        "type": "Point",
        "coordinates": [
          710676.9256652052,
          6156628.714207656
        ]
      }
    },
    {
      "type": "Feature",
      "properties": {
        "info": false,
        "cara": false,
        "regl": false,
        "tech": false,
        "projet": "Etat des lieux de la pêche artisanale",
        "id": null,
        "OBJECTID": 303,
        "BaselineID": 5,
        "GroupID": 0,
        "TransOrder": 195,
        "TransEdit": "0",
        "Azimuth": 8.77432690006,
        "SHAPE_Leng": 151.934255849,
        "ShrCount": 8,
        "TCD": 10987.076099700002,
        "SCE": 5.08244982128,
        "NSM": 0.105088269736,
        "EPR": 0.00955347906695,
        "EPRunc": 1.28564869307,
        "LRR": -0.138339935186,
        "LR2": 0.148148837707,
        "LSE": 1.44798257031,
        "LCI99": 0.502085184708,
        "WLR": -0.138339935185,
        "WR2": 0.148148837705,
        "WSE": 0.144798257032,
        "WCI99": 0.502085184708,
        "formule pr": -9.16156197702149,
        "LRR_moy": -0.135930314934667
      },
      "geometry": {
        "type": "Point",
        "coordinates": [
          710683.8790177021,
          6156628.219737899
        ]
      }
    },
    {
      "type": "Feature",
      "properties": {
        "info": false,
        "cara": false,
        "regl": false,
        "tech": false,
        "projet": "Etat des lieux de la pêche artisanale",
        "id": null,
        "OBJECTID": 302,
        "BaselineID": 5,
        "GroupID": 0,
        "TransOrder": 194,
        "TransEdit": "0",
        "Azimuth": 14.1655012024,
        "SHAPE_Leng": 151.925407634,
        "ShrCount": 8,
        "TCD": 10967.076099700002,
        "SCE": 4.82320344628,
        "NSM": -0.198644377583,
        "EPR": -0.0180585797803,
        "EPRunc": 1.28564869307,
        "LRR": -0.124639362577,
        "LR2": 0.12497352911,
        "LSE": 1.43959333873,
        "LCI99": 0.499176234712,
        "WLR": -0.124639362579,
        "WR2": 0.124973529114,
        "WSE": 0.143959333872,
        "WCI99": 0.499176234711,
        "formule pr": -9.04679807817149,
        "LRR_moy": -0.132104851639667
      },
      "geometry": {
        "type": "Point",
        "coordinates": [
          710689.6662531395,
          6156627.431947443
        ]
      }
    },
    {
      "type": "Feature",
      "properties": {
        "info": false,
        "cara": false,
        "regl": false,
        "tech": false,
        "projet": "Etat des lieux de la pêche artisanale",
        "id": null,
        "OBJECTID": 301,
        "BaselineID": 5,
        "GroupID": 0,
        "TransOrder": 193,
        "TransEdit": "0",
        "Azimuth": 19.8560122527,
        "SHAPE_Leng": 151.960683658,
        "ShrCount": 8,
        "TCD": 10947.076099700002,
        "SCE": 4.33341912481,
        "NSM": -0.580883815439,
        "EPR": -0.0528076195853,
        "EPRunc": 1.28564869307,
        "LRR": -0.133335257156,
        "LR2": 0.186542335199,
        "LSE": 1.21536522721,
        "LCI99": 0.421425566234,
        "WLR": -0.133335257155,
        "WR2": 0.186542335197,
        "WSE": 0.121536522721,
        "WCI99": 0.421425566234,
        "formule pr": -9.10967012277149,
        "LRR_moy": -0.134200586459667
      },
      "geometry": {
        "type": "Point",
        "coordinates": [
          710694.6313749893,
          6156626.3834106885
        ]
      }
    },
    {
      "type": "Feature",
      "properties": {
        "info": false,
        "cara": false,
        "regl": false,
        "tech": false,
        "projet": "Etat des lieux de la pêche artisanale",
        "id": null,
        "OBJECTID": 300,
        "BaselineID": 5,
        "GroupID": 0,
        "TransOrder": 192,
        "TransEdit": "0",
        "Azimuth": 25.9380617763,
        "SHAPE_Leng": 151.621261413,
        "ShrCount": 8,
        "TCD": 10927.076099700002,
        "SCE": 3.76253926737,
        "NSM": -0.877776616478,
        "EPR": -0.0797978742253,
        "EPRunc": 1.28564869307,
        "LRR": -0.144627139646,
        "LR2": 0.277303284858,
        "LSE": 1.01913885805,
        "LCI99": 0.35338444832,
        "WLR": -0.144627139644,
        "WR2": 0.277303284851,
        "WSE": 0.101913885806,
        "WCI99": 0.353384448322,
        "formule pr": -8.62299720342749,
        "LRR_moy": -0.117978155814867
      },
      "geometry": {
        "type": "Point",
        "coordinates": [
          710698.468679969,
          6156625.047340451
        ]
      }
    },
    {
      "type": "Feature",
      "properties": {
        "info": false,
        "cara": false,
        "regl": false,
        "tech": false,
        "projet": "Etat des lieux de la pêche artisanale",
        "id": null,
        "OBJECTID": 299,
        "BaselineID": 5,
        "GroupID": 0,
        "TransOrder": 191,
        "TransEdit": "0",
        "Azimuth": 31.5308560284,
        "SHAPE_Leng": 151.262227751,
        "ShrCount": 8,
        "TCD": 10907.076099700002,
        "SCE": 3.03687298771,
        "NSM": -0.387407752188,
        "EPR": -0.0352188865625,
        "EPRunc": 1.28564869307,
        "LRR": -0.0759720706426,
        "LR2": 0.112855221568,
        "LSE": 0.929765474728,
        "LCI99": 0.32239439872,
        "WLR": -0.0759720706446,
        "WR2": 0.112855221573,
        "WSE": 0.0929765474725,
        "WCI99": 0.322394398719,
        "formule pr": -7.81681373990649,
        "LRR_moy": -0.0911053736975
      },
      "geometry": {
        "type": "Point",
        "coordinates": [
          710703.0051099664,
          6156622.201810891
        ]
      }
    },
    {
      "type": "Feature",
      "properties": {
        "info": false,
        "cara": false,
        "regl": false,
        "tech": false,
        "projet": "Etat des lieux de la pêche artisanale",
        "id": null,
        "OBJECTID": 298,
        "BaselineID": 5,
        "GroupID": 0,
        "TransOrder": 190,
        "TransEdit": "0",
        "Azimuth": 37.2699462519,
        "SHAPE_Leng": 151.36314384,
        "ShrCount": 8,
        "TCD": 10887.076099700002,
        "SCE": 2.68006475883,
        "NSM": -0.228496692664,
        "EPR": -0.0207724266058,
        "EPRunc": 1.28564869307,
        "LRR": -0.0527169108039,
        "LR2": 0.0720144461146,
        "LSE": 0.826026116539,
        "LCI99": 0.286422974833,
        "WLR": -0.0527169108051,
        "WR2": 0.0720144461172,
        "WSE": 0.082602611654,
        "WCI99": 0.286422974834,
        "formule pr": -6.94930678502249,
        "LRR_moy": -0.062188475201367
      },
      "geometry": {
        "type": "Point",
        "coordinates": [
          710706.9401590029,
          6156619.165018488
        ]
      }
    },
    {
      "type": "Feature",
      "properties": {
        "info": false,
        "cara": false,
        "regl": false,
        "tech": false,
        "projet": "Etat des lieux de la pêche artisanale",
        "id": null,
        "OBJECTID": 297,
        "BaselineID": 5,
        "GroupID": 0,
        "TransOrder": 189,
        "TransEdit": "0",
        "Azimuth": 43.1423813029,
        "SHAPE_Leng": 151.486459216,
        "ShrCount": 8,
        "TCD": 10867.076099700002,
        "SCE": 2.45781338566,
        "NSM": -0.268187432501,
        "EPR": -0.0243806756819,
        "EPRunc": 1.28564869307,
        "LRR": -0.0578764441576,
        "LR2": 0.104091439754,
        "LSE": 0.741155279622,
        "LCI99": 0.256994174581,
        "WLR": -0.0578764441614,
        "WR2": 0.104091439768,
        "WSE": 0.0741155279613,
        "WCI99": 0.256994174579,
        "formule pr": -6.74255285340399,
        "LRR_moy": -0.05529667748075
      },
      "geometry": {
        "type": "Point",
        "coordinates": [
          710710.4659786441,
          6156616.183811166
        ]
      }
    },
    {
      "type": "Feature",
      "properties": {
        "info": false,
        "cara": false,
        "regl": false,
        "tech": false,
        "projet": "Etat des lieux de la pêche artisanale",
        "id": null,
        "OBJECTID": 295,
        "BaselineID": 4,
        "GroupID": 0,
        "TransOrder": 188,
        "TransEdit": "0",
        "Azimuth": 81.1465152371,
        "SHAPE_Leng": 153.760943092,
        "ShrCount": 8,
        "TCD": 9182.9380763,
        "SCE": 5.21228264821,
        "NSM": 0.525295411045,
        "EPR": 0.0477541282768,
        "EPRunc": 1.28564869307,
        "LRR": 0.00514186054716,
        "LR2": 0.000140235540839,
        "LSE": 1.89515102028,
        "LCI99": 0.657139988819,
        "WLR": 0.00514186054181,
        "WR2": 0.000140235540547,
        "WSE": 0.189515102028,
        "WCI99": 0.657139988819,
        "formule pr": -7.00811321348405,
        "LRR_moy": -0.03803158277392
      },
      "geometry": {
        "type": "Point",
        "coordinates": [
          709820.511129371,
          6157974.905261912
        ]
      }
    },
    {
      "type": "Feature",
      "properties": {
        "info": false,
        "cara": false,
        "regl": false,
        "tech": false,
        "projet": "Etat des lieux de la pêche artisanale",
        "id": null,
        "OBJECTID": 294,
        "BaselineID": 4,
        "GroupID": 0,
        "TransOrder": 187,
        "TransEdit": "0",
        "Azimuth": 84.1633716609,
        "SHAPE_Leng": 152.48559218,
        "ShrCount": 8,
        "TCD": 9162.9380763,
        "SCE": 6.97704500399,
        "NSM": 0.12212369147,
        "EPR": 0.01110215377,
        "EPRunc": 1.28564869307,
        "LRR": -0.081205026095,
        "LR2": 0.0254099136045,
        "LSE": 2.19520630404,
        "LCI99": 0.761183584134,
        "WLR": -0.0812050260939,
        "WR2": 0.0254099136037,
        "WSE": 0.219520630404,
        "WCI99": 0.761183584135,
        "formule pr": -8.00938074680485,
        "LRR_moy": -0.071407167217947
      },
      "geometry": {
        "type": "Point",
        "coordinates": [
          709824.3635729724,
          6157963.277085412
        ]
      }
    },
    {
      "type": "Feature",
      "properties": {
        "info": false,
        "cara": false,
        "regl": false,
        "tech": false,
        "projet": "Etat des lieux de la pêche artisanale",
        "id": null,
        "OBJECTID": 293,
        "BaselineID": 4,
        "GroupID": 0,
        "TransOrder": 186,
        "TransEdit": "0",
        "Azimuth": 89.0627215652,
        "SHAPE_Leng": 153.07666659,
        "ShrCount": 8,
        "TCD": 9142.9380763,
        "SCE": 8.692033067720002,
        "NSM": 0.181470288917,
        "EPR": 0.0164972989924,
        "EPRunc": 1.28564869307,
        "LRR": -0.138158336106,
        "LR2": 0.0514322293142,
        "LSE": 2.5898620537,
        "LCI99": 0.898029709927,
        "WLR": -0.138158336106,
        "WR2": 0.0514322293134,
        "WSE": 0.25898620537,
        "WCI99": 0.898029709928,
        "formule pr": -9.79757005957645,
        "LRR_moy": -0.131013477643667
      },
      "geometry": {
        "type": "Point",
        "coordinates": [
          709825.2680809365,
          6157956.1733599985
        ]
      }
    },
    {
      "type": "Feature",
      "properties": {
        "info": false,
        "cara": false,
        "regl": false,
        "tech": false,
        "projet": "Etat des lieux de la pêche artisanale",
        "id": null,
        "OBJECTID": 292,
        "BaselineID": 4,
        "GroupID": 0,
        "TransOrder": 185,
        "TransEdit": "0",
        "Azimuth": 94.2320716958,
        "SHAPE_Leng": 152.601826232,
        "ShrCount": 8,
        "TCD": 9122.9380763,
        "SCE": 8.70699681619,
        "NSM": -0.544129536369,
        "EPR": -0.0494663214881,
        "EPRunc": 1.28564869307,
        "LRR": -0.17367707073,
        "LR2": 0.0777527414233,
        "LSE": 2.61090666776,
        "LCI99": 0.905326889571,
        "WLR": -0.173677070733,
        "WR2": 0.0777527414254,
        "WSE": 0.261090666775,
        "WCI99": 0.905326889571,
        "formule pr": -10.5081616328165,
        "LRR_moy": -0.154699863418333
      },
      "geometry": {
        "type": "Point",
        "coordinates": [
          709825.1220966318,
          6157949.718579519
        ]
      }
    },
    {
      "type": "Feature",
      "properties": {
        "info": false,
        "cara": false,
        "regl": false,
        "tech": false,
        "projet": "Etat des lieux de la pêche artisanale",
        "id": null,
        "OBJECTID": 291,
        "BaselineID": 4,
        "GroupID": 0,
        "TransOrder": 184,
        "TransEdit": "0",
        "Azimuth": 99.6024872118,
        "SHAPE_Leng": 151.990201428,
        "ShrCount": 8,
        "TCD": 9102.9380763,
        "SCE": 6.90952735176,
        "NSM": -0.889716952134,
        "EPR": -0.0808833592849,
        "EPRunc": 1.28564869307,
        "LRR": -0.152264183419,
        "LR2": 0.0927771251832,
        "LSE": 2.07834350517,
        "LCI99": 0.72066163231,
        "WLR": -0.152264183417,
        "WR2": 0.0927771251811,
        "WSE": 0.207834350517,
        "WCI99": 0.720661632311,
        "formule pr": -10.3344925778465,
        "LRR_moy": -0.148910894919333
      },
      "geometry": {
        "type": "Point",
        "coordinates": [
          709824.459580808,
          6157943.764676907
        ]
      }
    },
    {
      "type": "Feature",
      "properties": {
        "info": false,
        "cara": false,
        "regl": false,
        "tech": false,
        "projet": "Etat des lieux de la pêche artisanale",
        "id": null,
        "OBJECTID": 290,
        "BaselineID": 4,
        "GroupID": 0,
        "TransOrder": 183,
        "TransEdit": "0",
        "Azimuth": 104.532373669,
        "SHAPE_Leng": 151.970717666,
        "ShrCount": 8,
        "TCD": 9082.9380763,
        "SCE": 7.13392792161,
        "NSM": -0.404393244503,
        "EPR": -0.0367630222276,
        "EPRunc": 1.28564869307,
        "LRR": -0.120791430609,
        "LR2": 0.0514064671802,
        "LSE": 2.26490690465,
        "LCI99": 0.785352133983,
        "WLR": -0.120791430608,
        "WR2": 0.0514064671794,
        "WSE": 0.226490690465,
        "WCI99": 0.785352133984,
        "formule pr": -9.76198729447645,
        "LRR_moy": -0.129827385473667
      },
      "geometry": {
        "type": "Point",
        "coordinates": [
          709822.6093383206,
          6157936.859477936
        ]
      }
    },
    {
      "type": "Feature",
      "properties": {
        "info": false,
        "cara": false,
        "regl": false,
        "tech": false,
        "projet": "Etat des lieux de la pêche artisanale",
        "id": null,
        "OBJECTID": 289,
        "BaselineID": 4,
        "GroupID": 0,
        "TransOrder": 182,
        "TransEdit": "0",
        "Azimuth": 108.936201553,
        "SHAPE_Leng": 151.934126776,
        "ShrCount": 8,
        "TCD": 9062.9380763,
        "SCE": 7.50445508716,
        "NSM": 0.407645284159,
        "EPR": 0.0370586621963,
        "EPRunc": 1.28564869307,
        "LRR": -0.116426542393,
        "LR2": 0.0465701044914,
        "LSE": 2.29945972374,
        "LCI99": 0.797333257865,
        "WLR": -0.116426542394,
        "WR2": 0.0465701044927,
        "WSE": 0.229945972374,
        "WCI99": 0.797333257866,
        "formule pr": -9.61119175491645,
        "LRR_moy": -0.124800867488333
      },
      "geometry": {
        "type": "Point",
        "coordinates": [
          709819.8967776567,
          6157928.841505414
        ]
      }
    },
    {
      "type": "Feature",
      "properties": {
        "info": false,
        "cara": false,
        "regl": false,
        "tech": false,
        "projet": "Etat des lieux de la pêche artisanale",
        "id": null,
        "OBJECTID": 288,
        "BaselineID": 4,
        "GroupID": 0,
        "TransOrder": 181,
        "TransEdit": "0",
        "Azimuth": 114.009057221,
        "SHAPE_Leng": 152.131214445,
        "ShrCount": 8,
        "TCD": 9042.93807631,
        "SCE": 7.31213568412,
        "NSM": 0.272759094722,
        "EPR": 0.0247962813383,
        "EPRunc": 1.28564869307,
        "LRR": -0.137184629463,
        "LR2": 0.068398065606,
        "LSE": 2.20994653078,
        "LCI99": 0.766294729544,
        "WLR": -0.137184629463,
        "WR2": 0.0683980656061,
        "WSE": 0.220994653079,
        "WCI99": 0.766294729545,
        "formule pr": -9.65000132626645,
        "LRR_moy": -0.126094519866667
      },
      "geometry": {
        "type": "Point",
        "coordinates": [
          709817.4784058778,
          6157922.575200809
        ]
      }
    },
    {
      "type": "Feature",
      "properties": {
        "info": false,
        "cara": false,
        "regl": false,
        "tech": false,
        "projet": "Etat des lieux de la pêche artisanale",
        "id": null,
        "OBJECTID": 287,
        "BaselineID": 4,
        "GroupID": 0,
        "TransOrder": 180,
        "TransEdit": "0",
        "Azimuth": 119.878648265,
        "SHAPE_Leng": 152.546029017,
        "ShrCount": 8,
        "TCD": 9022.9380763,
        "SCE": 7.23116582697,
        "NSM": 0.499364126775,
        "EPR": 0.0453967387977,
        "EPRunc": 1.28564869307,
        "LRR": -0.124672387744,
        "LR2": 0.0598406365857,
        "LSE": 2.15702879697,
        "LCI99": 0.747945606633,
        "WLR": -0.124672387745,
        "WR2": 0.0598406365865,
        "WSE": 0.215702879697,
        "WCI99": 0.747945606634,
        "formule pr": -9.95456465633645,
        "LRR_moy": -0.136246630869
      },
      "geometry": {
        "type": "Point",
        "coordinates": [
          709815.5260503822,
          6157918.389882893
        ]
      }
    },
    {
      "type": "Feature",
      "properties": {
        "info": false,
        "cara": false,
        "regl": false,
        "tech": false,
        "projet": "Etat des lieux de la pêche artisanale",
        "id": null,
        "OBJECTID": 286,
        "BaselineID": 4,
        "GroupID": 0,
        "TransOrder": 179,
        "TransEdit": "0",
        "Azimuth": 124.060536022,
        "SHAPE_Leng": 153.552229178,
        "ShrCount": 8,
        "TCD": 9002.93807631,
        "SCE": 6.70292462718,
        "NSM": -0.53893143934,
        "EPR": -0.0489937672127,
        "EPRunc": 1.28564869307,
        "LRR": -0.1468828754,
        "LR2": 0.101052261749,
        "LSE": 1.91226642149,
        "LCI99": 0.663074721427,
        "WLR": -0.146882875401,
        "WR2": 0.101052261751,
        "WSE": 0.191226642148,
        "WCI99": 0.663074721427,
        "formule pr": -8.81291600402545,
        "LRR_moy": -0.098191675791967
      },
      "geometry": {
        "type": "Point",
        "coordinates": [
          709810.6208206805,
          6157910.84100666
        ]
      }
    },
    {
      "type": "Feature",
      "properties": {
        "info": false,
        "cara": false,
        "regl": false,
        "tech": false,
        "projet": "Etat des lieux de la pêche artisanale",
        "id": null,
        "OBJECTID": 284,
        "BaselineID": 4,
        "GroupID": 0,
        "TransOrder": 178,
        "TransEdit": "0",
        "Azimuth": 132.568059424,
        "SHAPE_Leng": 153.713626857,
        "ShrCount": 7,
        "TCD": 8962.9380763,
        "SCE": 3.94441705739,
        "NSM": -0.518734077862,
        "EPR": -0.047157643442,
        "EPRunc": 1.28564869307,
        "LRR": -0.0230197642319,
        "LR2": 0.00444262637664,
        "LSE": 1.61806803346,
        "LCI99": 0.621391122748,
        "WLR": -0.0230197642292,
        "WR2": 0.00444262637591,
        "WSE": 0.161806803346,
        "WCI99": 0.621391122726,
        "formule pr": -8.23097351909945,
        "LRR_moy": -0.0787935929611
      },
      "geometry": {
        "type": "Point",
        "coordinates": [
          709796.9217962389,
          6157899.473248962
        ]
      }
    },
    {
      "type": "Feature",
      "properties": {
        "info": false,
        "cara": false,
        "regl": false,
        "tech": false,
        "projet": "Etat des lieux de la pêche artisanale",
        "id": null,
        "OBJECTID": 283,
        "BaselineID": 4,
        "GroupID": 0,
        "TransOrder": 177,
        "TransEdit": "0",
        "Azimuth": 136.177389656,
        "SHAPE_Leng": 152.429993213,
        "ShrCount": 8,
        "TCD": 8942.93807631,
        "SCE": 3.68447599235,
        "NSM": -0.385921105278,
        "EPR": -0.0350837368435,
        "EPRunc": 1.28564869307,
        "LRR": -0.0664781392514,
        "LR2": 0.0483028467545,
        "LSE": 1.28802682233,
        "LCI99": 0.446620835263,
        "WLR": -0.066478139255,
        "WR2": 0.0483028467598,
        "WSE": 0.128802682233,
        "WCI99": 0.446620835262,
        "formule pr": -7.41688167125845,
        "LRR_moy": -0.051657198033067
      },
      "geometry": {
        "type": "Point",
        "coordinates": [
          709791.7355336248,
          6157889.983677714
        ]
      }
    },
    {
      "type": "Feature",
      "properties": {
        "info": false,
        "cara": false,
        "regl": false,
        "tech": false,
        "projet": "Etat des lieux de la pêche artisanale",
        "id": null,
        "OBJECTID": 282,
        "BaselineID": 4,
        "GroupID": 0,
        "TransOrder": 176,
        "TransEdit": "0",
        "Azimuth": 139.623120261,
        "SHAPE_Leng": 152.176363046,
        "ShrCount": 8,
        "TCD": 8922.9380763,
        "SCE": 3.80081091282,
        "NSM": -0.39805465237,
        "EPR": -0.0361867865791,
        "EPRunc": 1.28564869307,
        "LRR": -0.0654736906159,
        "LR2": 0.0476858800679,
        "LSE": 1.27715927921,
        "LCI99": 0.442852535488,
        "WLR": -0.0654736906159,
        "WR2": 0.047685880068,
        "WSE": 0.127715927921,
        "WCI99": 0.442852535487,
        "formule pr": -7.74296558909845,
        "LRR_moy": -0.062526661961067
      },
      "geometry": {
        "type": "Point",
        "coordinates": [
          709784.2621545863,
          6157881.908768187
        ]
      }
    },
    {
      "type": "Feature",
      "properties": {
        "info": false,
        "cara": false,
        "regl": false,
        "tech": false,
        "projet": "Etat des lieux de la pêche artisanale",
        "id": null,
        "OBJECTID": 281,
        "BaselineID": 4,
        "GroupID": 0,
        "TransOrder": 175,
        "TransEdit": "0",
        "Azimuth": 144.124884614,
        "SHAPE_Leng": 152.238997216,
        "ShrCount": 8,
        "TCD": 8902.9380763,
        "SCE": 3.68674747552,
        "NSM": -0.427639037407,
        "EPR": -0.0388762761279,
        "EPRunc": 1.28564869307,
        "LRR": -0.0556281560159,
        "LR2": 0.0432939003547,
        "LSE": 1.14144137105,
        "LCI99": 0.395792610604,
        "WLR": -0.055628156022,
        "WR2": 0.0432939003646,
        "WSE": 0.114144137103,
        "WCI99": 0.395792610601,
        "formule pr": -7.45230783617345,
        "LRR_moy": -0.0528380701969
      },
      "geometry": {
        "type": "Point",
        "coordinates": [
          709777.8889228882,
          6157876.696100058
        ]
      }
    },
    {
      "type": "Feature",
      "properties": {
        "info": false,
        "cara": false,
        "regl": false,
        "tech": false,
        "projet": "Etat des lieux de la pêche artisanale",
        "id": null,
        "OBJECTID": 280,
        "BaselineID": 4,
        "GroupID": 0,
        "TransOrder": 174,
        "TransEdit": "0",
        "Azimuth": 149.160280157,
        "SHAPE_Leng": 151.687795325,
        "ShrCount": 8,
        "TCD": 8882.9380763,
        "SCE": 3.18562394502,
        "NSM": -0.567415288809,
        "EPR": -0.0515832080736,
        "EPRunc": 1.28564869307,
        "LRR": -0.0374123639589,
        "LR2": 0.0262661066904,
        "LSE": 0.994306944428,
        "LCI99": 0.344774029801,
        "WLR": -0.0374123639597,
        "WR2": 0.0262661066915,
        "WSE": 0.0994306944428,
        "WCI99": 0.344774029801,
        "formule pr": -6.90147137050345,
        "LRR_moy": -0.034476854674567
      },
      "geometry": {
        "type": "Point",
        "coordinates": [
          709772.1696112853,
          6157872.974887732
        ]
      }
    },
    {
      "type": "Feature",
      "properties": {
        "info": false,
        "cara": false,
        "regl": false,
        "tech": false,
        "projet": "Etat des lieux de la pêche artisanale",
        "id": null,
        "OBJECTID": 279,
        "BaselineID": 4,
        "GroupID": 0,
        "TransOrder": 173,
        "TransEdit": "0",
        "Azimuth": 152.813998471,
        "SHAPE_Leng": 151.165508618,
        "ShrCount": 8,
        "TCD": 8862.93807629,
        "SCE": 3.04699774833,
        "NSM": -0.884575649248,
        "EPR": -0.0804159681134,
        "EPRunc": 1.28564869307,
        "LRR": -0.0103900440489,
        "LR2": 0.00237591258483,
        "LSE": 0.929327210834,
        "LCI99": 0.322242431554,
        "WLR": -0.0103900440479,
        "WR2": 0.00237591258439,
        "WSE": 0.0929327210838,
        "WCI99": 0.322242431555,
        "formule pr": -6.58420185038345,
        "LRR_moy": -0.0239012040039
      },
      "geometry": {
        "type": "Point",
        "coordinates": [
          709763.0821973246,
          6157867.791683304
        ]
      }
    },
    {
      "type": "Feature",
      "properties": {
        "info": false,
        "cara": false,
        "regl": false,
        "tech": false,
        "projet": "Etat des lieux de la pêche artisanale",
        "id": null,
        "OBJECTID": 276,
        "BaselineID": 4,
        "GroupID": 0,
        "TransOrder": 172,
        "TransEdit": "0",
        "Azimuth": 131.147464123,
        "SHAPE_Leng": 150.969661366,
        "ShrCount": 7,
        "TCD": 8722.9380763,
        "SCE": 2.05797485451,
        "NSM": -0.151325543308,
        "EPR": -0.0151408451829,
        "EPRunc": 1.41498838433,
        "LRR": -0.0152573281908,
        "LR2": 0.0052562391568,
        "LSE": 0.878574869762,
        "LCI99": 0.378483946514,
        "WLR": -0.0152573281942,
        "WR2": 0.00525623915933,
        "WSE": 0.0878574869753,
        "WCI99": 0.378483946506,
        "formule pr": -3.28730117130848,
        "LRR_moy": 0.00107722380845
      },
      "geometry": {
        "type": "Point",
        "coordinates": [
          709636.7338999915,
          6157735.258402848
        ]
      }
    },
    {
      "type": "Feature",
      "properties": {
        "info": false,
        "cara": false,
        "regl": false,
        "tech": false,
        "projet": "Etat des lieux de la pêche artisanale",
        "id": null,
        "OBJECTID": 275,
        "BaselineID": 4,
        "GroupID": 0,
        "TransOrder": 171,
        "TransEdit": "0",
        "Azimuth": 137.048180508,
        "SHAPE_Leng": 152.565609714,
        "ShrCount": 8,
        "TCD": 8702.93807631,
        "SCE": 3.36416110849,
        "NSM": -1.24420365087,
        "EPR": -0.113109422806,
        "EPRunc": 1.28564869307,
        "LRR": 0.0174117758077,
        "LR2": 0.00383497142377,
        "LSE": 1.22492832312,
        "LCI99": 0.424741551435,
        "WLR": 0.0174117758011,
        "WR2": 0.00383497142086,
        "WSE": 0.122492832312,
        "WCI99": 0.424741551436,
        "formule pr": -2.88083650287498,
        "LRR_moy": 0.014626046089567
      },
      "geometry": {
        "type": "Point",
        "coordinates": [
          709634.3503202046,
          6157731.280720002
        ]
      }
    },
    {
      "type": "Feature",
      "properties": {
        "info": false,
        "cara": false,
        "regl": false,
        "tech": false,
        "projet": "Etat des lieux de la pêche artisanale",
        "id": null,
        "OBJECTID": 274,
        "BaselineID": 4,
        "GroupID": 0,
        "TransOrder": 170,
        "TransEdit": "0",
        "Azimuth": 142.355236265,
        "SHAPE_Leng": 152.865651276,
        "ShrCount": 8,
        "TCD": 8682.9380763,
        "SCE": 4.04980808642,
        "NSM": -0.622690794093,
        "EPR": -0.0566082540085,
        "EPRunc": 1.28564869307,
        "LRR": 0.0417236906518,
        "LR2": 0.0214906067521,
        "LSE": 1.2289208375,
        "LCI99": 0.426125948157,
        "WLR": 0.0417236906522,
        "WR2": 0.0214906067525,
        "WSE": 0.122892083751,
        "WCI99": 0.426125948158,
        "formule pr": -3.64607323358598,
        "LRR_moy": -0.010881844934133
      },
      "geometry": {
        "type": "Point",
        "coordinates": [
          709628.75865048,
          6157728.448000314
        ]
      }
    },
    {
      "type": "Feature",
      "properties": {
        "info": false,
        "cara": false,
        "regl": false,
        "tech": false,
        "projet": "Etat des lieux de la pêche artisanale",
        "id": null,
        "OBJECTID": 273,
        "BaselineID": 4,
        "GroupID": 0,
        "TransOrder": 169,
        "TransEdit": "0",
        "Azimuth": 147.627348456,
        "SHAPE_Leng": 150.558901822,
        "ShrCount": 8,
        "TCD": 8662.93807631,
        "SCE": 2.23644127128,
        "NSM": -1.37123546797,
        "EPR": -0.124657769816,
        "EPRunc": 1.28564869307,
        "LRR": -0.0917810012619,
        "LR2": 0.235540770633,
        "LSE": 0.721738611921,
        "LCI99": 0.250261482221,
        "WLR": -0.0917810012649,
        "WR2": 0.235540770648,
        "WSE": 0.0721738611915,
        "WCI99": 0.250261482219,
        "formule pr": -5.55451431652298,
        "LRR_moy": -0.0744965476987
      },
      "geometry": {
        "type": "Point",
        "coordinates": [
          709624.0259692384,
          6157724.32605312
        ]
      }
    },
    {
      "type": "Feature",
      "properties": {
        "info": false,
        "cara": false,
        "regl": false,
        "tech": false,
        "projet": "Etat des lieux de la pêche artisanale",
        "id": null,
        "OBJECTID": 272,
        "BaselineID": 4,
        "GroupID": 0,
        "TransOrder": 168,
        "TransEdit": "0",
        "Azimuth": 152.018773724,
        "SHAPE_Leng": 150.507587765,
        "ShrCount": 8,
        "TCD": 8642.9380763,
        "SCE": 3.65744874154,
        "NSM": -2.29912181715,
        "EPR": -0.209011074286,
        "EPRunc": 1.28564869307,
        "LRR": -0.173432332486,
        "LR2": 0.353628097042,
        "LSE": 1.02348374216,
        "LCI99": 0.354891028567,
        "WLR": -0.173432332491,
        "WR2": 0.353628097065,
        "WSE": 0.102348374214,
        "WCI99": 0.354891028562,
        "formule pr": -7.223268177940981,
        "LRR_moy": -0.130121676412633
      },
      "geometry": {
        "type": "Point",
        "coordinates": [
          709617.4449996793,
          6157718.567659184
        ]
      }
    },
    {
      "type": "Feature",
      "properties": {
        "info": false,
        "cara": false,
        "regl": false,
        "tech": false,
        "projet": "Etat des lieux de la pêche artisanale",
        "id": null,
        "OBJECTID": 271,
        "BaselineID": 4,
        "GroupID": 0,
        "TransOrder": 167,
        "TransEdit": "0",
        "Azimuth": 156.835143143,
        "SHAPE_Leng": 150.16369917,
        "ShrCount": 8,
        "TCD": 8622.93807631,
        "SCE": 3.88200843765,
        "NSM": -2.51289475598,
        "EPR": -0.228444977817,
        "EPRunc": 1.28564869307,
        "LRR": -0.12515169549,
        "LR2": 0.16142117062,
        "LSE": 1.24512074465,
        "LCI99": 0.431743234951,
        "WLR": -0.125151695488,
        "WR2": 0.161421170615,
        "WSE": 0.124512074466,
        "WCI99": 0.431743234954,
        "formule pr": -7.798378305201979,
        "LRR_moy": -0.149292013988
      },
      "geometry": {
        "type": "Point",
        "coordinates": [
          709610.9347997091,
          6157714.671847739
        ]
      }
    },
    {
      "type": "Feature",
      "properties": {
        "info": false,
        "cara": false,
        "regl": false,
        "tech": false,
        "projet": "Etat des lieux de la pêche artisanale",
        "id": null,
        "OBJECTID": 258,
        "BaselineID": 4,
        "GroupID": 0,
        "TransOrder": 166,
        "TransEdit": "0",
        "Azimuth": 155.613459431,
        "SHAPE_Leng": 152.493433277,
        "ShrCount": 8,
        "TCD": 8262.9380763,
        "SCE": 3.52049769977,
        "NSM": -1.24566945571,
        "EPR": -0.113242677792,
        "EPRunc": 1.28564869307,
        "LRR": -0.12136491397,
        "LR2": 0.207663899275,
        "LSE": 1.03478566216,
        "LCI99": 0.358809947697,
        "WLR": -0.121364913969,
        "WR2": 0.20766389927,
        "WSE": 0.103478566217,
        "WCI99": 0.358809947699,
        "formule pr": -7.303421460398391,
        "LRR_moy": -0.113184372297
      },
      "geometry": {
        "type": "Point",
        "coordinates": [
          709352.5194341693,
          6157588.072550973
        ]
      }
    },
    {
      "type": "Feature",
      "properties": {
        "info": false,
        "cara": false,
        "regl": false,
        "tech": false,
        "projet": "Etat des lieux de la pêche artisanale",
        "id": null,
        "OBJECTID": 256,
        "BaselineID": 4,
        "GroupID": 0,
        "TransOrder": 165,
        "TransEdit": "0",
        "Azimuth": 168.891583858,
        "SHAPE_Leng": 153.012600888,
        "ShrCount": 8,
        "TCD": 8222.9380763,
        "SCE": 2.99645099464,
        "NSM": -0.794593207312,
        "EPR": -0.0722357461192,
        "EPRunc": 1.28564869307,
        "LRR": -0.105003830624,
        "LR2": 0.223435203048,
        "LSE": 0.854478664858,
        "LCI99": 0.296288841502,
        "WLR": -0.105003830626,
        "WR2": 0.223435203055,
        "WSE": 0.0854478664852,
        "WCI99": 0.2962888415,
        "formule pr": -6.73648235975839,
        "LRR_moy": -0.094286402275667
      },
      "geometry": {
        "type": "Point",
        "coordinates": [
          709347.6428092583,
          6157586.276419138
        ]
      }
    },
    {
      "type": "Feature",
      "properties": {
        "info": false,
        "cara": false,
        "regl": false,
        "tech": false,
        "projet": "Etat des lieux de la pêche artisanale",
        "id": null,
        "OBJECTID": 255,
        "BaselineID": 4,
        "GroupID": 0,
        "TransOrder": 164,
        "TransEdit": "0",
        "Azimuth": 174.311609363,
        "SHAPE_Leng": 152.989668253,
        "ShrCount": 8,
        "TCD": 8202.9380763,
        "SCE": 2.71766194736,
        "NSM": -0.122351913985,
        "EPR": -0.0111229012713,
        "EPRunc": 1.28564869307,
        "LRR": -0.056490462233,
        "LR2": 0.051054132668,
        "LSE": 1.06307382952,
        "LCI99": 0.368618815583,
        "WLR": -0.0564904622341,
        "WR2": 0.0510541326697,
        "WSE": 0.106307382952,
        "WCI99": 0.368618815584,
        "formule pr": -6.33171931366739,
        "LRR_moy": -0.0807943007393
      },
      "geometry": {
        "type": "Point",
        "coordinates": [
          709341.8150969798,
          6157586.172254792
        ]
      }
    },
    {
      "type": "Feature",
      "properties": {
        "info": false,
        "cara": false,
        "regl": false,
        "tech": false,
        "projet": "Etat des lieux de la pêche artisanale",
        "id": null,
        "OBJECTID": 254,
        "BaselineID": 4,
        "GroupID": 0,
        "TransOrder": 163,
        "TransEdit": "0",
        "Azimuth": 178.813158351,
        "SHAPE_Leng": 152.442169552,
        "ShrCount": 8,
        "TCD": 8182.9380763,
        "SCE": 2.52612463021,
        "NSM": -0.179622072911,
        "EPR": -0.0163292793555,
        "EPRunc": 1.28564869307,
        "LRR": -0.0808886093609,
        "LR2": 0.142635829048,
        "LSE": 0.865642856416,
        "LCI99": 0.300160003556,
        "WLR": -0.0808886093584,
        "WR2": 0.142635829037,
        "WSE": 0.0865642856427,
        "WCI99": 0.30016000356,
        "formule pr": -6.04764181607339,
        "LRR_moy": -0.0713250508195
      },
      "geometry": {
        "type": "Point",
        "coordinates": [
          709333.6200282328,
          6157586.051659268
        ]
      }
    },
    {
      "type": "Feature",
      "properties": {
        "info": false,
        "cara": false,
        "regl": false,
        "tech": false,
        "projet": "Etat des lieux de la pêche artisanale",
        "id": null,
        "OBJECTID": 253,
        "BaselineID": 4,
        "GroupID": 0,
        "TransOrder": 162,
        "TransEdit": "0",
        "Azimuth": 183.453525704,
        "SHAPE_Leng": 151.996241064,
        "ShrCount": 8,
        "TCD": 8162.9380763,
        "SCE": 2.35226582101,
        "NSM": -0.358016243719,
        "EPR": -0.0325469312472,
        "EPRunc": 1.28564869307,
        "LRR": -0.0765960808646,
        "LR2": 0.142935382705,
        "LSE": 0.818703200511,
        "LCI99": 0.283883767717,
        "WLR": -0.0765960808703,
        "WR2": 0.142935382728,
        "WSE": 0.0818703200495,
        "WCI99": 0.283883767711,
        "formule pr": -6.22183251934039,
        "LRR_moy": -0.077131407595067
      },
      "geometry": {
        "type": "Point",
        "coordinates": [
          709325.7788509069,
          6157586.475095048
        ]
      }
    },
    {
      "type": "Feature",
      "properties": {
        "info": false,
        "cara": false,
        "regl": false,
        "tech": false,
        "projet": "Etat des lieux de la pêche artisanale",
        "id": null,
        "OBJECTID": 252,
        "BaselineID": 4,
        "GroupID": 0,
        "TransOrder": 161,
        "TransEdit": "0",
        "Azimuth": 188.124474036,
        "SHAPE_Leng": 152.384149637,
        "ShrCount": 8,
        "TCD": 8142.9380763,
        "SCE": 2.19775970152,
        "NSM": -0.173438935997,
        "EPR": -0.0157671759997,
        "EPRunc": 1.28564869307,
        "LRR": -0.0739095325597,
        "LR2": 0.185813420332,
        "LSE": 0.675315809728,
        "LCI99": 0.234164464417,
        "WLR": -0.0739095325611,
        "WR2": 0.185813420335,
        "WSE": 0.0675315809734,
        "WCI99": 0.23416446442,
        "formule pr": -6.57151833910139,
        "LRR_moy": -0.0887876015871
      },
      "geometry": {
        "type": "Point",
        "coordinates": [
          709318.0968610623,
          6157587.313774131
        ]
      }
    },
    {
      "type": "Feature",
      "properties": {
        "info": false,
        "cara": false,
        "regl": false,
        "tech": false,
        "projet": "Etat des lieux de la pêche artisanale",
        "id": null,
        "OBJECTID": 251,
        "BaselineID": 4,
        "GroupID": 0,
        "TransOrder": 160,
        "TransEdit": "0",
        "Azimuth": 193.545835559,
        "SHAPE_Leng": 153.240912649,
        "ShrCount": 8,
        "TCD": 8122.93807631,
        "SCE": 2.81134557801,
        "NSM": -0.150709203024,
        "EPR": -0.0137008366386,
        "EPRunc": 1.28564869307,
        "LRR": -0.115857191337,
        "LR2": 0.288634297391,
        "LSE": 0.793923249066,
        "LCI99": 0.275291366984,
        "WLR": -0.115857191333,
        "WR2": 0.288634297366,
        "WSE": 0.0793923249084,
        "WCI99": 0.275291366991,
        "formule pr": -7.10079206916539,
        "LRR_moy": -0.1064300592559
      },
      "geometry": {
        "type": "Point",
        "coordinates": [
          709312.4749804827,
          6157588.153071397
        ]
      }
    },
    {
      "type": "Feature",
      "properties": {
        "info": false,
        "cara": false,
        "regl": false,
        "tech": false,
        "projet": "Etat des lieux de la pêche artisanale",
        "id": null,
        "OBJECTID": 250,
        "BaselineID": 4,
        "GroupID": 0,
        "TransOrder": 159,
        "TransEdit": "0",
        "Azimuth": 199.178019465,
        "SHAPE_Leng": 153.295988116,
        "ShrCount": 8,
        "TCD": 8102.93807631,
        "SCE": 3.34907665111,
        "NSM": 0.192531194297,
        "EPR": 0.0175028358452,
        "EPRunc": 1.28564869307,
        "LRR": -0.129523453871,
        "LR2": 0.269332204344,
        "LSE": 0.931209263366,
        "LCI99": 0.322895029667,
        "WLR": -0.129523453879,
        "WR2": 0.269332204374,
        "WSE": 0.0931209263346,
        "WCI99": 0.32289502966,
        "formule pr": -7.15121744950939,
        "LRR_moy": -0.108110905267367
      },
      "geometry": {
        "type": "Point",
        "coordinates": [
          709307.6590155839,
          6157589.831064003
        ]
      }
    },
    {
      "type": "Feature",
      "properties": {
        "info": false,
        "cara": false,
        "regl": false,
        "tech": false,
        "projet": "Etat des lieux de la pêche artisanale",
        "id": null,
        "OBJECTID": 248,
        "BaselineID": 4,
        "GroupID": 0,
        "TransOrder": 158,
        "TransEdit": "0",
        "Azimuth": 211.843408683,
        "SHAPE_Leng": 151.495635588,
        "ShrCount": 8,
        "TCD": 8062.9380763,
        "SCE": 2.79156452504,
        "NSM": 0.440432716988,
        "EPR": 0.040039337908,
        "EPRunc": 1.28564869307,
        "LRR": -0.0789520705941,
        "LR2": 0.160216864788,
        "LSE": 0.788998204044,
        "LCI99": 0.27358361705,
        "WLR": -0.0789520705932,
        "WR2": 0.160216864782,
        "WSE": 0.0788998204051,
        "WCI99": 0.273583617052,
        "formule pr": -6.86428377478039,
        "LRR_moy": -0.098546449443067
      },
      "geometry": {
        "type": "Point",
        "coordinates": [
          709301.6249419654,
          6157592.434551157
        ]
      }
    },
    {
      "type": "Feature",
      "properties": {
        "info": false,
        "cara": false,
        "regl": false,
        "tech": false,
        "projet": "Etat des lieux de la pêche artisanale",
        "id": null,
        "OBJECTID": 247,
        "BaselineID": 4,
        "GroupID": 0,
        "TransOrder": 157,
        "TransEdit": "0",
        "Azimuth": 218.256043287,
        "SHAPE_Leng": 151.471049452,
        "ShrCount": 8,
        "TCD": 8042.9380763,
        "SCE": 2.42752586654,
        "NSM": 0.0928059421196,
        "EPR": 0.00843690382905,
        "EPRunc": 1.28564869307,
        "LRR": -0.0871638238641,
        "LR2": 0.221183541502,
        "LSE": 0.71393793954,
        "LCI99": 0.247556614004,
        "WLR": -0.087163823863,
        "WR2": 0.221183541497,
        "WSE": 0.0713937939541,
        "WCI99": 0.247556614005,
        "formule pr": -6.39962870836139,
        "LRR_moy": -0.0830579472291
      },
      "geometry": {
        "type": "Point",
        "coordinates": [
          709298.80437437,
          6157593.884155171
        ]
      }
    },
    {
      "type": "Feature",
      "properties": {
        "info": false,
        "cara": false,
        "regl": false,
        "tech": false,
        "projet": "Etat des lieux de la pêche artisanale",
        "id": null,
        "OBJECTID": 242,
        "BaselineID": 3,
        "GroupID": 0,
        "TransOrder": 156,
        "TransEdit": "0",
        "Azimuth": 118.216542792,
        "SHAPE_Leng": 151.187292124,
        "ShrCount": 8,
        "TCD": 6990.86335057,
        "SCE": 3.55676194327,
        "NSM": -3.03517404204,
        "EPR": -0.275924912913,
        "EPRunc": 1.28564869307,
        "LRR": -0.0489770345047,
        "LR2": 0.0315262627612,
        "LSE": 1.18490407948,
        "LCI99": 0.410863221565,
        "WLR": -0.0489770345041,
        "WR2": 0.0315262627602,
        "WSE": 0.118490407949,
        "WCI99": 0.410863221566,
        "formule pr": -4.88262121338044,
        "LRR_moy": -0.0586396130225
      },
      "geometry": {
        "type": "Point",
        "coordinates": [
          708456.8544068241,
          6158297.536744267
        ]
      }
    },
    {
      "type": "Feature",
      "properties": {
        "info": false,
        "cara": false,
        "regl": false,
        "tech": false,
        "projet": "Etat des lieux de la pêche artisanale",
        "id": null,
        "OBJECTID": 241,
        "BaselineID": 3,
        "GroupID": 0,
        "TransOrder": 155,
        "TransEdit": "0",
        "Azimuth": 124.47545052,
        "SHAPE_Leng": 150.734636458,
        "ShrCount": 8,
        "TCD": 6970.86335057,
        "SCE": 3.13336728095,
        "NSM": -2.89497904679,
        "EPR": -0.263179913345,
        "EPRunc": 1.28564869307,
        "LRR": -0.0683021915403,
        "LR2": 0.0756972331192,
        "LSE": 1.04180105508,
        "LCI99": 0.361242521764,
        "WLR": -0.0683021915399,
        "WR2": 0.0756972331185,
        "WSE": 0.104180105508,
        "WCI99": 0.361242521763,
        "formule pr": -5.27124796645844,
        "LRR_moy": -0.0715938381251
      },
      "geometry": {
        "type": "Point",
        "coordinates": [
          708454.5939556964,
          6158294.383746917
        ]
      }
    },
    {
      "type": "Feature",
      "properties": {
        "info": false,
        "cara": false,
        "regl": false,
        "tech": false,
        "projet": "Etat des lieux de la pêche artisanale",
        "id": null,
        "OBJECTID": 240,
        "BaselineID": 3,
        "GroupID": 0,
        "TransOrder": 154,
        "TransEdit": "0",
        "Azimuth": 130.990222832,
        "SHAPE_Leng": 150.887109232,
        "ShrCount": 8,
        "TCD": 6950.86335057,
        "SCE": 3.11611520611,
        "NSM": -3.00663528744,
        "EPR": -0.273330480676,
        "EPRunc": 1.28564869307,
        "LRR": -0.0975022883303,
        "LR2": 0.164194330088,
        "LSE": 0.960221481231,
        "LCI99": 0.33295496068,
        "WLR": -0.0975022883309,
        "WR2": 0.164194330089,
        "WSE": 0.0960221481235,
        "WCI99": 0.332954960682,
        "formule pr": -5.72045629189344,
        "LRR_moy": -0.086567448972933
      },
      "geometry": {
        "type": "Point",
        "coordinates": [
          708452.3652256542,
          6158292.055935781
        ]
      }
    },
    {
      "type": "Feature",
      "properties": {
        "info": false,
        "cara": false,
        "regl": false,
        "tech": false,
        "projet": "Etat des lieux de la pêche artisanale",
        "id": null,
        "OBJECTID": 239,
        "BaselineID": 3,
        "GroupID": 0,
        "TransOrder": 153,
        "TransEdit": "0",
        "Azimuth": 137.097842541,
        "SHAPE_Leng": 151.749229422,
        "ShrCount": 8,
        "TCD": 6930.86335057,
        "SCE": 3.32979726084,
        "NSM": -2.85066361153,
        "EPR": -0.259151237412,
        "EPRunc": 1.28564869307,
        "LRR": -0.0938978670482,
        "LR2": 0.144596040384,
        "LSE": 0.996887580534,
        "LCI99": 0.345668860431,
        "WLR": -0.0938978670432,
        "WR2": 0.144596040367,
        "WSE": 0.0996887580547,
        "WCI99": 0.345668860436,
        "formule pr": -5.93661553816144,
        "LRR_moy": -0.093772757181867
      },
      "geometry": {
        "type": "Point",
        "coordinates": [
          708449.2042701851,
          6158289.265151804
        ]
      }
    },
    {
      "type": "Feature",
      "properties": {
        "info": false,
        "cara": false,
        "regl": false,
        "tech": false,
        "projet": "Etat des lieux de la pêche artisanale",
        "id": null,
        "OBJECTID": 238,
        "BaselineID": 3,
        "GroupID": 0,
        "TransOrder": 152,
        "TransEdit": "0",
        "Azimuth": 142.856332276,
        "SHAPE_Leng": 151.578055225,
        "ShrCount": 8,
        "TCD": 6910.86335057,
        "SCE": 2.69575795338,
        "NSM": -2.09947235096,
        "EPR": -0.190861122814,
        "EPRunc": 1.28564869307,
        "LRR": -0.0899181161671,
        "LR2": 0.195006543261,
        "LSE": 0.797446971892,
        "LCI99": 0.276513211129,
        "WLR": -0.0899181161632,
        "WR2": 0.19500654324,
        "WSE": 0.0797446971909,
        "WCI99": 0.276513211136,
        "formule pr": -6.27589518784844,
        "LRR_moy": -0.1050820788381
      },
      "geometry": {
        "type": "Point",
        "coordinates": [
          708444.966780961,
          6158286.463796746
        ]
      }
    },
    {
      "type": "Feature",
      "properties": {
        "info": false,
        "cara": false,
        "regl": false,
        "tech": false,
        "projet": "Etat des lieux de la pêche artisanale",
        "id": null,
        "OBJECTID": 237,
        "BaselineID": 3,
        "GroupID": 0,
        "TransOrder": 151,
        "TransEdit": "0",
        "Azimuth": 148.734131266,
        "SHAPE_Leng": 151.296103572,
        "ShrCount": 8,
        "TCD": 6890.86335056,
        "SCE": 2.00924213936,
        "NSM": -1.87465627568,
        "EPR": -0.170423297789,
        "EPRunc": 1.28564869307,
        "LRR": -0.131430253299,
        "LR2": 0.525933506814,
        "LSE": 0.544668909187,
        "LCI99": 0.188862901723,
        "WLR": -0.131430253305,
        "WR2": 0.52593350686,
        "WSE": 0.054466890916,
        "WCI99": 0.188862901714,
        "formule pr": -6.67517435114644,
        "LRR_moy": -0.118391384281367
      },
      "geometry": {
        "type": "Point",
        "coordinates": [
          708440.7587427677,
          6158284.2884238465
        ]
      }
    },
    {
      "type": "Feature",
      "properties": {
        "info": false,
        "cara": false,
        "regl": false,
        "tech": false,
        "projet": "Etat des lieux de la pêche artisanale",
        "id": null,
        "OBJECTID": 236,
        "BaselineID": 3,
        "GroupID": 0,
        "TransOrder": 150,
        "TransEdit": "0",
        "Azimuth": 154.313185059,
        "SHAPE_Leng": 151.191652672,
        "ShrCount": 8,
        "TCD": 6870.86335057,
        "SCE": 1.8592634478,
        "NSM": -1.30001962534,
        "EPR": -0.118183602304,
        "EPRunc": 1.28564869307,
        "LRR": -0.133825783378,
        "LR2": 0.645442677097,
        "LSE": 0.432949473284,
        "LCI99": 0.150124401163,
        "WLR": -0.133825783381,
        "WR2": 0.645442677127,
        "WSE": 0.0432949473265,
        "WCI99": 0.150124401157,
        "formule pr": -7.01509987981544,
        "LRR_moy": -0.129722235237
      },
      "geometry": {
        "type": "Point",
        "coordinates": [
          708435.730413833,
          6158282.128850948
        ]
      }
    },
    {
      "type": "Feature",
      "properties": {
        "info": false,
        "cara": false,
        "regl": false,
        "tech": false,
        "projet": "Etat des lieux de la pêche artisanale",
        "id": null,
        "OBJECTID": 235,
        "BaselineID": 3,
        "GroupID": 0,
        "TransOrder": 149,
        "TransEdit": "0",
        "Azimuth": 159.658920745,
        "SHAPE_Leng": 151.135191001,
        "ShrCount": 8,
        "TCD": 6850.86335056,
        "SCE": 1.51255547369,
        "NSM": -1.01049012607,
        "EPR": -0.0918627387339,
        "EPRunc": 1.28564869307,
        "LRR": -0.123910669034,
        "LR2": 0.594455933938,
        "LSE": 0.446735972586,
        "LCI99": 0.154904843408,
        "WLR": -0.123910669034,
        "WR2": 0.594455933941,
        "WSE": 0.0446735972585,
        "WCI99": 0.154904843407,
        "formule pr": -7.08046565258544,
        "LRR_moy": -0.131901094329333
      },
      "geometry": {
        "type": "Point",
        "coordinates": [
          708430.0820094708,
          6158280.023156062
        ]
      }
    },
    {
      "type": "Feature",
      "properties": {
        "info": false,
        "cara": false,
        "regl": false,
        "tech": false,
        "projet": "Etat des lieux de la pêche artisanale",
        "id": null,
        "OBJECTID": 234,
        "BaselineID": 3,
        "GroupID": 0,
        "TransOrder": 148,
        "TransEdit": "0",
        "Azimuth": 164.723387029,
        "SHAPE_Leng": 151.465593016,
        "ShrCount": 8,
        "TCD": 6830.86335056,
        "SCE": 2.08603793524,
        "NSM": -0.809872821546,
        "EPR": -0.0736248019587,
        "EPRunc": 1.28564869307,
        "LRR": -0.137966830576,
        "LR2": 0.513691050975,
        "LSE": 0.585953090079,
        "LCI99": 0.203178112426,
        "WLR": -0.137966830576,
        "WR2": 0.513691050971,
        "WSE": 0.0585953090084,
        "WCI99": 0.203178112428,
        "formule pr": -7.48640170799544,
        "LRR_moy": -0.145432296176333
      },
      "geometry": {
        "type": "Point",
        "coordinates": [
          708423.6336438492,
          6158278.017720461
        ]
      }
    },
    {
      "type": "Feature",
      "properties": {
        "info": false,
        "cara": false,
        "regl": false,
        "tech": false,
        "projet": "Etat des lieux de la pêche artisanale",
        "id": null,
        "OBJECTID": 233,
        "BaselineID": 3,
        "GroupID": 0,
        "TransOrder": 147,
        "TransEdit": "0",
        "Azimuth": 169.992914488,
        "SHAPE_Leng": 151.429931358,
        "ShrCount": 8,
        "TCD": 6810.86335056,
        "SCE": 2.38624606866,
        "NSM": -1.08003736367,
        "EPR": -0.0981852148788,
        "EPRunc": 1.28564869307,
        "LRR": -0.174419388919,
        "LR2": 0.535093484922,
        "LSE": 0.709652563008,
        "LCI99": 0.246070667894,
        "WLR": -0.174419388926,
        "WR2": 0.535093484967,
        "WSE": 0.070965256297,
        "WCI99": 0.246070667881,
        "formule pr": -7.83460474615544,
        "LRR_moy": -0.157039064115
      },
      "geometry": {
        "type": "Point",
        "coordinates": [
          708417.589520329,
          6158276.595033247
        ]
      }
    },
    {
      "type": "Feature",
      "properties": {
        "info": false,
        "cara": false,
        "regl": false,
        "tech": false,
        "projet": "Etat des lieux de la pêche artisanale",
        "id": null,
        "OBJECTID": 232,
        "BaselineID": 3,
        "GroupID": 0,
        "TransOrder": 146,
        "TransEdit": "0",
        "Azimuth": 175.000729597,
        "SHAPE_Leng": 151.776054468,
        "ShrCount": 8,
        "TCD": 6790.86335058,
        "SCE": 2.14895911425,
        "NSM": -0.770411008145,
        "EPR": -0.0700373643768,
        "EPRunc": 1.28564869307,
        "LRR": -0.15873097285,
        "LR2": 0.558729386811,
        "LSE": 0.615738705858,
        "LCI99": 0.213506217686,
        "WLR": -0.158730972851,
        "WR2": 0.558729386817,
        "WSE": 0.0615738705854,
        "WCI99": 0.213506217684,
        "formule pr": -8.10835064856544,
        "LRR_moy": -0.166163927528667
      },
      "geometry": {
        "type": "Point",
        "coordinates": [
          708410.7507868224,
          6158275.618198656
        ]
      }
    },
    {
      "type": "Feature",
      "properties": {
        "info": false,
        "cara": false,
        "regl": false,
        "tech": false,
        "projet": "Etat des lieux de la pêche artisanale",
        "id": null,
        "OBJECTID": 231,
        "BaselineID": 3,
        "GroupID": 0,
        "TransOrder": 145,
        "TransEdit": "0",
        "Azimuth": 180.429837123,
        "SHAPE_Leng": 151.713543448,
        "ShrCount": 8,
        "TCD": 6770.86335058,
        "SCE": 2.47709260518,
        "NSM": -1.52664513176,
        "EPR": -0.138785921069,
        "EPRunc": 1.28564869307,
        "LRR": -0.165341420817,
        "LR2": 0.665428162722,
        "LSE": 0.511751115122,
        "LCI99": 0.177448719638,
        "WLR": -0.16534142082,
        "WR2": 0.66542816274,
        "WSE": 0.0511751115108,
        "WCI99": 0.177448719633,
        "formule pr": -7.65931467283544,
        "LRR_moy": -0.151196061671
      },
      "geometry": {
        "type": "Point",
        "coordinates": [
          708404.9517170029,
          6158274.855002023
        ]
      }
    },
    {
      "type": "Feature",
      "properties": {
        "info": false,
        "cara": false,
        "regl": false,
        "tech": false,
        "projet": "Etat des lieux de la pêche artisanale",
        "id": null,
        "OBJECTID": 230,
        "BaselineID": 3,
        "GroupID": 0,
        "TransOrder": 144,
        "TransEdit": "0",
        "Azimuth": 185.823620261,
        "SHAPE_Leng": 151.753498254,
        "ShrCount": 8,
        "TCD": 6750.86335056,
        "SCE": 2.52466995961,
        "NSM": -1.3396558203,
        "EPR": -0.121786892754,
        "EPRunc": 1.28564869307,
        "LRR": -0.129515791346,
        "LR2": 0.327929915231,
        "LSE": 0.80932418349,
        "LCI99": 0.280631611517,
        "WLR": -0.129515791347,
        "WR2": 0.32792991524,
        "WSE": 0.0809324183484,
        "WCI99": 0.280631611515,
        "formule pr": -7.03903730215744,
        "LRR_moy": -0.130520149315067
      },
      "geometry": {
        "type": "Point",
        "coordinates": [
          708399.0021277713,
          6158275.048833534
        ]
      }
    },
    {
      "type": "Feature",
      "properties": {
        "info": false,
        "cara": false,
        "regl": false,
        "tech": false,
        "projet": "Etat des lieux de la pêche artisanale",
        "id": null,
        "OBJECTID": 228,
        "BaselineID": 3,
        "GroupID": 0,
        "TransOrder": 142,
        "TransEdit": "0",
        "Azimuth": 141.045812553,
        "SHAPE_Leng": 151.484793049,
        "ShrCount": 8,
        "TCD": 6630.86335058,
        "SCE": 4.52273957143,
        "NSM": -0.181451209553,
        "EPR": -0.0164955645048,
        "EPRunc": 1.28564869307,
        "LRR": -0.188675947059,
        "LR2": 0.253858022538,
        "LSE": 1.4119355061,
        "LCI99": 0.489585934188,
        "WLR": -0.188675947061,
        "WR2": 0.253858022545,
        "WSE": 0.141193550609,
        "WCI99": 0.489585934185,
        "formule pr": -10.380363856847,
        "LRR_moy": -0.189618332883
      },
      "geometry": {
        "type": "Point",
        "coordinates": [
          708198.5380363308,
          6158199.386123889
        ]
      }
    },
    {
      "type": "Feature",
      "properties": {
        "info": false,
        "cara": false,
        "regl": false,
        "tech": false,
        "projet": "Etat des lieux de la pêche artisanale",
        "id": null,
        "OBJECTID": 226,
        "BaselineID": 3,
        "GroupID": 0,
        "TransOrder": 141,
        "TransEdit": "0",
        "Azimuth": 155.181355417,
        "SHAPE_Leng": 151.97832562,
        "ShrCount": 8,
        "TCD": 6590.86335057,
        "SCE": 4.297068483650002,
        "NSM": -0.131282390896,
        "EPR": -0.0119347628088,
        "EPRunc": 1.28564869307,
        "LRR": -0.190560718707,
        "LR2": 0.305828364125,
        "LSE": 1.25317281115,
        "LCI99": 0.434535273599,
        "WLR": -0.190560718709,
        "WR2": 0.30582836413,
        "WSE": 0.125317281115,
        "WCI99": 0.434535273597,
        "formule pr": -9.87469790624701,
        "LRR_moy": -0.172762801196333
      },
      "geometry": {
        "type": "Point",
        "coordinates": [
          708195.7194520015,
          6158198.264799436
        ]
      }
    },
    {
      "type": "Feature",
      "properties": {
        "info": false,
        "cara": false,
        "regl": false,
        "tech": false,
        "projet": "Etat des lieux de la pêche artisanale",
        "id": null,
        "OBJECTID": 224,
        "BaselineID": 3,
        "GroupID": 0,
        "TransOrder": 140,
        "TransEdit": "0",
        "Azimuth": 168.939178398,
        "SHAPE_Leng": 153.045262409,
        "ShrCount": 8,
        "TCD": 6550.86335056,
        "SCE": 4.379243811350001,
        "NSM": 0.820630621745,
        "EPR": 0.074602783795,
        "EPRunc": 1.28564869307,
        "LRR": -0.139051737823,
        "LR2": 0.175240731193,
        "LSE": 1.31675666574,
        "LCI99": 0.456582853473,
        "WLR": -0.139051737828,
        "WR2": 0.175240731206,
        "WSE": 0.131675666573,
        "WCI99": 0.456582853469,
        "formule pr": -9.66978835504701,
        "LRR_moy": -0.165932482823
      },
      "geometry": {
        "type": "Point",
        "coordinates": [
          708191.7905814836,
          6158197.773598799
        ]
      }
    },
    {
      "type": "Feature",
      "properties": {
        "info": false,
        "cara": false,
        "regl": false,
        "tech": false,
        "projet": "Etat des lieux de la pêche artisanale",
        "id": null,
        "OBJECTID": 223,
        "BaselineID": 3,
        "GroupID": 0,
        "TransOrder": 139,
        "TransEdit": "0",
        "Azimuth": 175.375221453,
        "SHAPE_Leng": 153.487715162,
        "ShrCount": 8,
        "TCD": 6530.86335056,
        "SCE": 4.66644801325,
        "NSM": 0.511555866014,
        "EPR": 0.0465050787286,
        "EPRunc": 1.28564869307,
        "LRR": -0.168184991939,
        "LR2": 0.228595873404,
        "LSE": 1.34858105682,
        "LCI99": 0.467617900164,
        "WLR": -0.168184991942,
        "WR2": 0.22859587341,
        "WSE": 0.134858105681,
        "WCI99": 0.467617900163,
        "formule pr": -9.32763211300701,
        "LRR_moy": -0.154527274755
      },
      "geometry": {
        "type": "Point",
        "coordinates": [
          708188.7532406447,
          6158197.436253691
        ]
      }
    },
    {
      "type": "Feature",
      "properties": {
        "info": false,
        "cara": false,
        "regl": false,
        "tech": false,
        "projet": "Etat des lieux de la pêche artisanale",
        "id": null,
        "OBJECTID": 222,
        "BaselineID": 3,
        "GroupID": 0,
        "TransOrder": 138,
        "TransEdit": "0",
        "Azimuth": 181.680491689,
        "SHAPE_Leng": 153.524779235,
        "ShrCount": 8,
        "TCD": 6510.86335057,
        "SCE": 4.462669648340001,
        "NSM": 0.959795141283,
        "EPR": 0.087254103753,
        "EPRunc": 1.28564869307,
        "LRR": -0.156345094503,
        "LR2": 0.186978872763,
        "LSE": 1.42305582345,
        "LCI99": 0.493441882944,
        "WLR": -0.156345094503,
        "WR2": 0.186978872763,
        "WSE": 0.142305582345,
        "WCI99": 0.493441882946,
        "formule pr": -8.85793007240301,
        "LRR_moy": -0.1388705400682
      },
      "geometry": {
        "type": "Point",
        "coordinates": [
          708185.3419695657,
          6158197.947908703
        ]
      }
    },
    {
      "type": "Feature",
      "properties": {
        "info": false,
        "cara": false,
        "regl": false,
        "tech": false,
        "projet": "Etat des lieux de la pêche artisanale",
        "id": null,
        "OBJECTID": 221,
        "BaselineID": 3,
        "GroupID": 0,
        "TransOrder": 137,
        "TransEdit": "0",
        "Azimuth": 187.232624765,
        "SHAPE_Leng": 153.982304375,
        "ShrCount": 8,
        "TCD": 6490.86335057,
        "SCE": 4.178171950260001,
        "NSM": 1.44351656962,
        "EPR": 0.131228779057,
        "EPRunc": 1.28564869307,
        "LRR": -0.0920815337626,
        "LR2": 0.0711515635771,
        "LSE": 1.4522312504,
        "LCI99": 0.503558406394,
        "WLR": -0.0920815337665,
        "WR2": 0.0711515635831,
        "WSE": 0.145223125039,
        "WCI99": 0.503558406392,
        "formule pr": -7.27683718633001,
        "LRR_moy": -0.086167443865767
      },
      "geometry": {
        "type": "Point",
        "coordinates": [
          708180.0803477468,
          6158199.04831361
        ]
      }
    },
    {
      "type": "Feature",
      "properties": {
        "info": false,
        "cara": false,
        "regl": false,
        "tech": false,
        "projet": "Etat des lieux de la pêche artisanale",
        "id": null,
        "OBJECTID": 220,
        "BaselineID": 3,
        "GroupID": 0,
        "TransOrder": 136,
        "TransEdit": "0",
        "Azimuth": 192.339630235,
        "SHAPE_Leng": 154.285312682,
        "ShrCount": 8,
        "TCD": 6470.86335057,
        "SCE": 4.34610431803,
        "NSM": 2.2570389651,
        "EPR": 0.205185360464,
        "EPRunc": 1.28564869307,
        "LRR": -0.0100757033317,
        "LR2": 0.000900606383678,
        "LSE": 1.46485702901,
        "LCI99": 0.507936370963,
        "WLR": -0.0100757033324,
        "WR2": 0.000900606383807,
        "WSE": 0.146485702901,
        "WCI99": 0.507936370963,
        "formule pr": -5.86383234983501,
        "LRR_moy": -0.039067282649267
      },
      "geometry": {
        "type": "Point",
        "coordinates": [
          708173.8796505257,
          6158201.100083591
        ]
      }
    },
    {
      "type": "Feature",
      "properties": {
        "info": false,
        "cara": false,
        "regl": false,
        "tech": false,
        "projet": "Etat des lieux de la pêche artisanale",
        "id": null,
        "OBJECTID": 219,
        "BaselineID": 3,
        "GroupID": 0,
        "TransOrder": 135,
        "TransEdit": "0",
        "Azimuth": 197.856393844,
        "SHAPE_Leng": 154.830611851,
        "ShrCount": 8,
        "TCD": 6450.86335056,
        "SCE": 4.5390110979,
        "NSM": 2.42588993964,
        "EPR": 0.220535449058,
        "EPRunc": 1.28564869307,
        "LRR": -0.0150446108535,
        "LR2": 0.0015313082061,
        "LSE": 1.67687198832,
        "LCI99": 0.581452152291,
        "WLR": -0.0150446108493,
        "WR2": 0.00153130820523,
        "WSE": 0.167687198833,
        "WCI99": 0.581452152292,
        "formule pr": -5.13883238206401,
        "LRR_moy": -0.0149006170569
      },
      "geometry": {
        "type": "Point",
        "coordinates": [
          708168.9491752741,
          6158203.206171869
        ]
      }
    },
    {
      "type": "Feature",
      "properties": {
        "info": false,
        "cara": false,
        "regl": false,
        "tech": false,
        "projet": "Etat des lieux de la pêche artisanale",
        "id": null,
        "OBJECTID": 218,
        "BaselineID": 3,
        "GroupID": 0,
        "TransOrder": 134,
        "TransEdit": "0",
        "Azimuth": 203.421918213,
        "SHAPE_Leng": 155.868802882,
        "ShrCount": 8,
        "TCD": 6430.86335056,
        "SCE": 5.50140239626,
        "NSM": 2.8575174278,
        "EPR": 0.259774311618,
        "EPRunc": 1.28564869307,
        "LRR": -0.0195815369855,
        "LR2": 0.00186416803115,
        "LSE": 1.97779877263,
        "LCI99": 0.685797938752,
        "WLR": -0.0195815369852,
        "WR2": 0.0018641680311,
        "WSE": 0.197779877263,
        "WCI99": 0.685797938752,
        "formule pr": -5.68397127517901,
        "LRR_moy": -0.033071913494067
      },
      "geometry": {
        "type": "Point",
        "coordinates": [
          708164.378401436,
          6158205.461161517
        ]
      }
    },
    {
      "type": "Feature",
      "properties": {
        "info": false,
        "cara": false,
        "regl": false,
        "tech": false,
        "projet": "Etat des lieux de la pêche artisanale",
        "id": null,
        "OBJECTID": 217,
        "BaselineID": 3,
        "GroupID": 0,
        "TransOrder": 133,
        "TransEdit": "0",
        "Azimuth": 209.218921088,
        "SHAPE_Leng": 156.364216161,
        "ShrCount": 8,
        "TCD": 6410.86335057,
        "SCE": 6.27269626419,
        "NSM": 2.50905758507,
        "EPR": 0.228096144097,
        "EPRunc": 1.28564869307,
        "LRR": -0.0645895926432,
        "LR2": 0.0178400211739,
        "LSE": 2.09189080025,
        "LCI99": 0.72535913095,
        "WLR": -0.0645895926455,
        "WR2": 0.0178400211752,
        "WSE": 0.209189080025,
        "WCI99": 0.72535913095,
        "formule pr": -6.37313856097901,
        "LRR_moy": -0.056044156354067
      },
      "geometry": {
        "type": "Point",
        "coordinates": [
          708160.5476388183,
          6158207.587756792
        ]
      }
    },
    {
      "type": "Feature",
      "properties": {
        "info": false,
        "cara": false,
        "regl": false,
        "tech": false,
        "projet": "Etat des lieux de la pêche artisanale",
        "id": null,
        "OBJECTID": 216,
        "BaselineID": 3,
        "GroupID": 0,
        "TransOrder": 132,
        "TransEdit": "0",
        "Azimuth": 215.011827864,
        "SHAPE_Leng": 155.926809086,
        "ShrCount": 8,
        "TCD": 6390.86335057,
        "SCE": 5.89397677946,
        "NSM": 2.5386864054,
        "EPR": 0.230789673218,
        "EPRunc": 1.28564869307,
        "LRR": -0.0839613394335,
        "LR2": 0.0328572019818,
        "LSE": 1.98834801948,
        "LCI99": 0.689455869904,
        "WLR": -0.0839613394331,
        "WR2": 0.0328572019815,
        "WSE": 0.198834801948,
        "WCI99": 0.689455869905,
        "formule pr": -6.70676847732601,
        "LRR_moy": -0.067165153565633
      },
      "geometry": {
        "type": "Point",
        "coordinates": [
          708157.0333392869,
          6158210.207411821
        ]
      }
    },
    {
      "type": "Feature",
      "properties": {
        "info": false,
        "cara": false,
        "regl": false,
        "tech": false,
        "projet": "Etat des lieux de la pêche artisanale",
        "id": null,
        "OBJECTID": 215,
        "BaselineID": 3,
        "GroupID": 0,
        "TransOrder": 131,
        "TransEdit": "0",
        "Azimuth": 220.921512196,
        "SHAPE_Leng": 155.328963771,
        "ShrCount": 8,
        "TCD": 6370.86335056,
        "SCE": 4.96598695046,
        "NSM": 2.47188004671,
        "EPR": 0.224716367882,
        "EPRunc": 1.28564869307,
        "LRR": -0.0529445286202,
        "LR2": 0.0167998322084,
        "LSE": 1.76796073891,
        "LCI99": 0.613037002205,
        "WLR": -0.0529445286208,
        "WR2": 0.0167998322088,
        "WSE": 0.176796073891,
        "WCI99": 0.613037002205,
        "formule pr": -6.64360114773801,
        "LRR_moy": -0.0650595759127
      },
      "geometry": {
        "type": "Point",
        "coordinates": [
          708153.8454524201,
          6158212.736947007
        ]
      }
    },
    {
      "type": "Feature",
      "properties": {
        "info": false,
        "cara": false,
        "regl": false,
        "tech": false,
        "projet": "Etat des lieux de la pêche artisanale",
        "id": null,
        "OBJECTID": 213,
        "BaselineID": 3,
        "GroupID": 0,
        "TransOrder": 126,
        "TransEdit": "0",
        "Azimuth": 144.01529071,
        "SHAPE_Leng": 155.241747904,
        "ShrCount": 8,
        "TCD": 6250.86335057,
        "SCE": 2.06599695863,
        "NSM": -0.810280452311,
        "EPR": -0.073661859301,
        "EPRunc": 1.28564869307,
        "LRR": 0.0367413064487,
        "LR2": 0.0465524461858,
        "LSE": 0.725796344336,
        "LCI99": 0.251668493169,
        "WLR": 0.0367413064484,
        "WR2": 0.0465524461845,
        "WSE": 0.0725796344339,
        "WCI99": 0.25166849317,
        "formule pr": -4.22296680648456,
        "LRR_moy": 0.015628235462415
      },
      "geometry": {
        "type": "Point",
        "coordinates": [
          707877.4692232499,
          6158227.542042806
        ]
      }
    },
    {
      "type": "Feature",
      "properties": {
        "info": false,
        "cara": false,
        "regl": false,
        "tech": false,
        "projet": "Etat des lieux de la pêche artisanale",
        "id": null,
        "OBJECTID": 212,
        "BaselineID": 3,
        "GroupID": 0,
        "TransOrder": 125,
        "TransEdit": "0",
        "Azimuth": 146.366261457,
        "SHAPE_Leng": 153.104596756,
        "ShrCount": 8,
        "TCD": 6230.86335056,
        "SCE": 2.71431875047,
        "NSM": -1.34496662119,
        "EPR": -0.122269692835,
        "EPRunc": 1.28564869307,
        "LRR": -0.00548483552387,
        "LR2": 0.000718998197222,
        "LSE": 0.89253766806,
        "LCI99": 0.309485728015,
        "WLR": -0.00548483552257,
        "WR2": 0.000718998196881,
        "WSE": 0.0892537668059,
        "WCI99": 0.309485728015,
        "formule pr": -4.58183140223471,
        "LRR_moy": 0.003666082270743
      },
      "geometry": {
        "type": "Point",
        "coordinates": [
          707868.4191007558,
          6158216.513791033
        ]
      }
    },
    {
      "type": "Feature",
      "properties": {
        "info": false,
        "cara": false,
        "regl": false,
        "tech": false,
        "projet": "Etat des lieux de la pêche artisanale",
        "id": null,
        "OBJECTID": 211,
        "BaselineID": 3,
        "GroupID": 0,
        "TransOrder": 124,
        "TransEdit": "0",
        "Azimuth": 151.531554819,
        "SHAPE_Leng": 152.317984506,
        "ShrCount": 8,
        "TCD": 6210.86335058,
        "SCE": 2.3044842578,
        "NSM": -1.283815878,
        "EPR": -0.116710534363,
        "EPRunc": 1.28564869307,
        "LRR": -0.0202582241126,
        "LR2": 0.0115058793365,
        "LSE": 0.819618097977,
        "LCI99": 0.284201006662,
        "WLR": -0.0202582241127,
        "WR2": 0.0115058793366,
        "WSE": 0.0819618097976,
        "WCI99": 0.284201006662,
        "formule pr": -4.97573040371151,
        "LRR_moy": -0.00946388444515
      },
      "geometry": {
        "type": "Point",
        "coordinates": [
          707863.0532805934,
          6158212.91099347
        ]
      }
    },
    {
      "type": "Feature",
      "properties": {
        "info": false,
        "cara": false,
        "regl": false,
        "tech": false,
        "projet": "Etat des lieux de la pêche artisanale",
        "id": null,
        "OBJECTID": 210,
        "BaselineID": 3,
        "GroupID": 0,
        "TransOrder": 123,
        "TransEdit": "0",
        "Azimuth": 157.582559377,
        "SHAPE_Leng": 152.563144239,
        "ShrCount": 8,
        "TCD": 6190.86335057,
        "SCE": 2.54583297963,
        "NSM": -1.37604917149,
        "EPR": -0.125095379226,
        "EPRunc": 1.28564869307,
        "LRR": -0.00264859369898,
        "LR2": 0.000165551818587,
        "LSE": 0.898453163055,
        "LCI99": 0.311536914582,
        "WLR": -0.00264859370247,
        "WR2": 0.000165551819024,
        "WSE": 0.0898453163049,
        "WCI99": 0.31153691458,
        "formule pr": -5.08581195171081,
        "LRR_moy": -0.01313326937846
      },
      "geometry": {
        "type": "Point",
        "coordinates": [
          707859.308750342,
          6158211.117876923
        ]
      }
    },
    {
      "type": "Feature",
      "properties": {
        "info": false,
        "cara": false,
        "regl": false,
        "tech": false,
        "projet": "Etat des lieux de la pêche artisanale",
        "id": null,
        "OBJECTID": 209,
        "BaselineID": 3,
        "GroupID": 0,
        "TransOrder": 122,
        "TransEdit": "0",
        "Azimuth": 163.253707898,
        "SHAPE_Leng": 152.889248353,
        "ShrCount": 8,
        "TCD": 6170.86335057,
        "SCE": 2.64110939297,
        "NSM": -1.32263525824,
        "EPR": -0.120239568931,
        "EPRunc": 1.28564869307,
        "LRR": -0.0164929903238,
        "LR2": 0.00678118798793,
        "LSE": 0.871268496433,
        "LCI99": 0.302110683464,
        "WLR": -0.0164929903294,
        "WR2": 0.00678118799262,
        "WSE": 0.0871268496426,
        "WCI99": 0.302110683462,
        "formule pr": -5.09101484133581,
        "LRR_moy": -0.013306699032627
      },
      "geometry": {
        "type": "Point",
        "coordinates": [
          707854.3501857038,
          6158209.738331125
        ]
      }
    },
    {
      "type": "Feature",
      "properties": {
        "info": false,
        "cara": false,
        "regl": false,
        "tech": false,
        "projet": "Etat des lieux de la pêche artisanale",
        "id": null,
        "OBJECTID": 208,
        "BaselineID": 3,
        "GroupID": 0,
        "TransOrder": 121,
        "TransEdit": "0",
        "Azimuth": 169.121004494,
        "SHAPE_Leng": 153.066718486,
        "ShrCount": 8,
        "TCD": 6150.86335057,
        "SCE": 2.88428514735,
        "NSM": -1.18401424433,
        "EPR": -0.107637658575,
        "EPRunc": 1.28564869307,
        "LRR": -0.0207785130751,
        "LR2": 0.00982128498077,
        "LSE": 0.910689088604,
        "LCI99": 0.315779698345,
        "WLR": -0.020778513077,
        "WR2": 0.0098212849826,
        "WSE": 0.0910689088603,
        "WCI99": 0.315779698345,
        "formule pr": -5.37111382193601,
        "LRR_moy": -0.0226433317193
      },
      "geometry": {
        "type": "Point",
        "coordinates": [
          707849.8152614483,
          6158208.864282241
        ]
      }
    },
    {
      "type": "Feature",
      "properties": {
        "info": false,
        "cara": false,
        "regl": false,
        "tech": false,
        "projet": "Etat des lieux de la pêche artisanale",
        "id": null,
        "OBJECTID": 207,
        "BaselineID": 3,
        "GroupID": 0,
        "TransOrder": 120,
        "TransEdit": "0",
        "Azimuth": 175.270748831,
        "SHAPE_Leng": 153.957011917,
        "ShrCount": 7,
        "TCD": 6130.86335058,
        "SCE": 3.69068687516,
        "NSM": -2.11070093473,
        "EPR": -0.191881903157,
        "EPRunc": 1.28564869307,
        "LRR": -0.030658491759,
        "LR2": 0.01305648189,
        "LSE": 1.21371261404,
        "LCI99": 0.480656447411,
        "WLR": -0.0306584917569,
        "WR2": 0.0130564818885,
        "WSE": 0.121371261404,
        "WCI99": 0.480656447407,
        "formule pr": -5.46336894286851,
        "LRR_moy": -0.02571850241705
      },
      "geometry": {
        "type": "Point",
        "coordinates": [
          707846.0516887581,
          6158207.914962491
        ]
      }
    },
    {
      "type": "Feature",
      "properties": {
        "info": false,
        "cara": false,
        "regl": false,
        "tech": false,
        "projet": "Etat des lieux de la pêche artisanale",
        "id": null,
        "OBJECTID": 206,
        "BaselineID": 2,
        "GroupID": 0,
        "TransOrder": 119,
        "TransEdit": "0",
        "Azimuth": 102.210289239,
        "SHAPE_Leng": 154.087946106,
        "ShrCount": 8,
        "TCD": 5629.00148088,
        "SCE": 2.78593566281,
        "NSM": 0.00293264743345,
        "EPR": 0.000266604312132,
        "EPRunc": 1.28564869307,
        "LRR": 0.0216369264891,
        "LR2": 0.00716395127362,
        "LSE": 1.1118368327,
        "LCI99": 0.385527293597,
        "WLR": 0.0216369264901,
        "WR2": 0.00716395127423,
        "WSE": 0.11118368327,
        "WCI99": 0.3855272936,
        "formule pr": -6.48143551665696,
        "LRR_moy": 0.0317447374559
      },
      "geometry": {
        "type": "Point",
        "coordinates": [
          707358.0904847401,
          6158330.05714841
        ]
      }
    },
    {
      "type": "Feature",
      "properties": {
        "info": false,
        "cara": false,
        "regl": false,
        "tech": false,
        "projet": "Etat des lieux de la pêche artisanale",
        "id": null,
        "OBJECTID": 205,
        "BaselineID": 2,
        "GroupID": 0,
        "TransOrder": 118,
        "TransEdit": "0",
        "Azimuth": 108.555859056,
        "SHAPE_Leng": 154.592747293,
        "ShrCount": 8,
        "TCD": 5609.00148088,
        "SCE": 2.51038434466,
        "NSM": 0.255518952977,
        "EPR": 0.0232289957252,
        "EPRunc": 1.28564869307,
        "LRR": 0.0418525484227,
        "LR2": 0.03634749115,
        "LSE": 0.940649754502,
        "LCI99": 0.326168501898,
        "WLR": 0.0418525484257,
        "WR2": 0.0363474911556,
        "WSE": 0.0940649754495,
        "WCI99": 0.326168501896,
        "formule pr": -6.53700741710796,
        "LRR_moy": 0.0298923407742
      },
      "geometry": {
        "type": "Point",
        "coordinates": [
          707355.4843359664,
          6158327.622172927
        ]
      }
    },
    {
      "type": "Feature",
      "properties": {
        "info": false,
        "cara": false,
        "regl": false,
        "tech": false,
        "projet": "Etat des lieux de la pêche artisanale",
        "id": null,
        "OBJECTID": 200,
        "BaselineID": 2,
        "GroupID": 0,
        "TransOrder": 117,
        "TransEdit": "0",
        "Azimuth": 143.960147744,
        "SHAPE_Leng": 151.105845698,
        "ShrCount": 8,
        "TCD": 5489.00148089,
        "SCE": 1.47845566693,
        "NSM": 0.11621750008,
        "EPR": 0.01056522728,
        "EPRunc": 1.28564869307,
        "LRR": 0.0261875474108,
        "LR2": 0.0466946250713,
        "LSE": 0.516488232994,
        "LCI99": 0.179091306193,
        "WLR": 0.0261875474065,
        "WR2": 0.0466946250568,
        "WSE": 0.0516488232993,
        "WCI99": 0.179091306193,
        "formule pr": -6.94864572649696,
        "LRR_moy": 0.016171063794567
      },
      "geometry": {
        "type": "Point",
        "coordinates": [
          707350.5573333354,
          6158322.844106108
        ]
      }
    },
    {
      "type": "Feature",
      "properties": {
        "info": false,
        "cara": false,
        "regl": false,
        "tech": false,
        "projet": "Etat des lieux de la pêche artisanale",
        "id": null,
        "OBJECTID": 196,
        "BaselineID": 2,
        "GroupID": 0,
        "TransOrder": 116,
        "TransEdit": "0",
        "Azimuth": 167.982199375,
        "SHAPE_Leng": 151.327437765,
        "ShrCount": 8,
        "TCD": 5409.00148088,
        "SCE": 2.59303934842,
        "NSM": -0.764833006054,
        "EPR": -0.0695302732776,
        "EPRunc": 1.28564869307,
        "LRR": -0.0195269044498,
        "LR2": 0.00925425516963,
        "LSE": 0.881915152399,
        "LCI99": 0.305802391042,
        "WLR": -0.0195269044504,
        "WR2": 0.00925425517023,
        "WSE": 0.0881915152393,
        "WCI99": 0.30580239104,
        "formule pr": -7.56682778700896,
        "LRR_moy": -0.004435004889167
      },
      "geometry": {
        "type": "Point",
        "coordinates": [
          707334.7095097672,
          6158315.819101904
        ]
      }
    },
    {
      "type": "Feature",
      "properties": {
        "info": false,
        "cara": false,
        "regl": false,
        "tech": false,
        "projet": "Etat des lieux de la pêche artisanale",
        "id": null,
        "OBJECTID": 186,
        "BaselineID": 2,
        "GroupID": 0,
        "TransOrder": 113,
        "TransEdit": "0",
        "Azimuth": 172.590259841,
        "SHAPE_Leng": 156.67564873,
        "ShrCount": 8,
        "TCD": 5189.00148088,
        "SCE": 7.04495888317,
        "NSM": 0.410337212837,
        "EPR": 0.0373033829852,
        "EPRunc": 1.28564869307,
        "LRR": -0.184894043888,
        "LR2": 0.0870417367659,
        "LSE": 2.61377162838,
        "LCI99": 0.906320309182,
        "WLR": -0.184894043891,
        "WR2": 0.0870417367682,
        "WSE": 0.261377162837,
        "WCI99": 0.906320309182,
        "formule pr": -13.2289089690832,
        "LRR_moy": -0.180117815609
      },
      "geometry": {
        "type": "Point",
        "coordinates": [
          707146.8154307418,
          6158243.948468158
        ]
      }
    },
    {
      "type": "Feature",
      "properties": {
        "info": false,
        "cara": false,
        "regl": false,
        "tech": false,
        "projet": "Etat des lieux de la pêche artisanale",
        "id": null,
        "OBJECTID": 185,
        "BaselineID": 2,
        "GroupID": 0,
        "TransOrder": 112,
        "TransEdit": "0",
        "Azimuth": 177.112951227,
        "SHAPE_Leng": 155.924644773,
        "ShrCount": 8,
        "TCD": 5169.00148088,
        "SCE": 6.30832610817,
        "NSM": -0.569424759149,
        "EPR": -0.0517658871954,
        "EPRunc": 1.28564869307,
        "LRR": -0.248389551378,
        "LR2": 0.201900518344,
        "LSE": 2.1556395891,
        "LCI99": 0.747463901464,
        "WLR": -0.248389551377,
        "WR2": 0.201900518343,
        "WSE": 0.215563958911,
        "WCI99": 0.747463901465,
        "formule pr": -14.7045461858832,
        "LRR_moy": -0.229305722835667
      },
      "geometry": {
        "type": "Point",
        "coordinates": [
          707138.7316317102,
          6158242.823002032
        ]
      }
    },
    {
      "type": "Feature",
      "properties": {
        "info": false,
        "cara": false,
        "regl": false,
        "tech": false,
        "projet": "Etat des lieux de la pêche artisanale",
        "id": null,
        "OBJECTID": 184,
        "BaselineID": 2,
        "GroupID": 0,
        "TransOrder": 111,
        "TransEdit": "0",
        "Azimuth": 181.794670147,
        "SHAPE_Leng": 155.05127628,
        "ShrCount": 8,
        "TCD": 5149.00148089,
        "SCE": 5.30304950646,
        "NSM": -0.386158529019,
        "EPR": -0.0351053208199,
        "EPRunc": 1.28564869307,
        "LRR": -0.254633573241,
        "LR2": 0.262525912367,
        "LSE": 1.86288475802,
        "LCI99": 0.645951724139,
        "WLR": -0.25463357324,
        "WR2": 0.262525912364,
        "WSE": 0.186288475802,
        "WCI99": 0.645951724141,
        "formule pr": -13.3922134616782,
        "LRR_moy": -0.1855612986955
      },
      "geometry": {
        "type": "Point",
        "coordinates": [
          707130.9633202425,
          6158243.410953831
        ]
      }
    },
    {
      "type": "Feature",
      "properties": {
        "info": false,
        "cara": false,
        "regl": false,
        "tech": false,
        "projet": "Etat des lieux de la pêche artisanale",
        "id": null,
        "OBJECTID": 180,
        "BaselineID": 2,
        "GroupID": 0,
        "TransOrder": 109,
        "TransEdit": "0",
        "Azimuth": 196.555192427,
        "SHAPE_Leng": 152.809629823,
        "ShrCount": 8,
        "TCD": 5069.00148088,
        "SCE": 6.48659675668,
        "NSM": 2.77326417832,
        "EPR": 0.252114925302,
        "EPRunc": 1.28564869307,
        "LRR": -0.0899356338993,
        "LR2": 0.0269848530456,
        "LSE": 2.35729862229,
        "LCI99": 0.817388785232,
        "WLR": -0.0899356339004,
        "WR2": 0.0269848530462,
        "WSE": 0.235729862229,
        "WCI99": 0.817388785232,
        "formule pr": -9.90679853621419,
        "LRR_moy": -0.069380801180033
      },
      "geometry": {
        "type": "Point",
        "coordinates": [
          707091.1240945897,
          6158253.2360846335
        ]
      }
    },
    {
      "type": "Feature",
      "properties": {
        "info": false,
        "cara": false,
        "regl": false,
        "tech": false,
        "projet": "Etat des lieux de la pêche artisanale",
        "id": null,
        "OBJECTID": 179,
        "BaselineID": 2,
        "GroupID": 0,
        "TransOrder": 108,
        "TransEdit": "0",
        "Azimuth": 200.490229287,
        "SHAPE_Leng": 152.605576986,
        "ShrCount": 8,
        "TCD": 5049.00148088,
        "SCE": 6.50872391452,
        "NSM": 2.60438249593,
        "EPR": 0.236762045085,
        "EPRunc": 1.28564869307,
        "LRR": -0.0645459981733,
        "LR2": 0.0160884617612,
        "LSE": 2.20329737622,
        "LCI99": 0.763989147924,
        "WLR": -0.0645459981755,
        "WR2": 0.0160884617623,
        "WSE": 0.220329737621,
        "WCI99": 0.763989147923,
        "formule pr": -11.3055299300392,
        "LRR_moy": -0.1160051809742
      },
      "geometry": {
        "type": "Point",
        "coordinates": [
          707081.9882834485,
          6158255.885758534
        ]
      }
    },
    {
      "type": "Feature",
      "properties": {
        "info": false,
        "cara": false,
        "regl": false,
        "tech": false,
        "projet": "Etat des lieux de la pêche artisanale",
        "id": null,
        "OBJECTID": 178,
        "BaselineID": 2,
        "GroupID": 0,
        "TransOrder": 107,
        "TransEdit": "0",
        "Azimuth": 204.086251076,
        "SHAPE_Leng": 151.884622374,
        "ShrCount": 8,
        "TCD": 5029.00148089,
        "SCE": 7.65707702259,
        "NSM": 1.68112327303,
        "EPR": 0.152829388458,
        "EPRunc": 1.28564869307,
        "LRR": -0.19353391085,
        "LR2": 0.101413312358,
        "LSE": 2.51462141314,
        "LCI99": 0.871940161829,
        "WLR": -0.193533910851,
        "WR2": 0.101413312358,
        "WSE": 0.251462141314,
        "WCI99": 0.871940161829,
        "formule pr": -13.6239742912062,
        "LRR_moy": -0.193286659679767
      },
      "geometry": {
        "type": "Point",
        "coordinates": [
          707071.8291984195,
          6158258.64870897
        ]
      }
    },
    {
      "type": "Feature",
      "properties": {
        "info": false,
        "cara": false,
        "regl": false,
        "tech": false,
        "projet": "Etat des lieux de la pêche artisanale",
        "id": null,
        "OBJECTID": 177,
        "BaselineID": 2,
        "GroupID": 0,
        "TransOrder": 106,
        "TransEdit": "0",
        "Azimuth": 207.572580032,
        "SHAPE_Leng": 150.507467221,
        "ShrCount": 8,
        "TCD": 5009.00148087,
        "SCE": 8.65795598127,
        "NSM": 0.461100410396,
        "EPR": 0.0419182191269,
        "EPRunc": 1.28564869307,
        "LRR": -0.321780070016,
        "LR2": 0.233044473436,
        "LSE": 2.5480494894,
        "LCI99": 0.88353128329,
        "WLR": -0.321780070015,
        "WR2": 0.233044473434,
        "WSE": 0.254804948941,
        "WCI99": 0.883531283292,
        "formule pr": -16.3528202339232,
        "LRR_moy": -0.284248191103667
      },
      "geometry": {
        "type": "Point",
        "coordinates": [
          707061.0277153995,
          6158261.2748544505
        ]
      }
    },
    {
      "type": "Feature",
      "properties": {
        "info": false,
        "cara": false,
        "regl": false,
        "tech": false,
        "projet": "Etat des lieux de la pêche artisanale",
        "id": null,
        "OBJECTID": 176,
        "BaselineID": 2,
        "GroupID": 0,
        "TransOrder": 105,
        "TransEdit": "0",
        "Azimuth": 210.844284979,
        "SHAPE_Leng": 150.007953548,
        "ShrCount": 8,
        "TCD": 4989.00148087,
        "SCE": 8.5986135344,
        "NSM": -0.115312294349,
        "EPR": -0.0104829358499,
        "EPRunc": 1.28564869307,
        "LRR": -0.337430592445,
        "LR2": 0.256812760531,
        "LSE": 2.50558019417,
        "LCI99": 0.868805136457,
        "WLR": -0.337430592444,
        "WR2": 0.256812760529,
        "WSE": 0.250558019417,
        "WCI99": 0.868805136459,
        "formule pr": -17.4501421386032,
        "LRR_moy": -0.320825587926333
      },
      "geometry": {
        "type": "Point",
        "coordinates": [
          707049.9565155191,
          6158265.2187166
        ]
      }
    },
    {
      "type": "Feature",
      "properties": {
        "info": false,
        "cara": false,
        "regl": false,
        "tech": false,
        "projet": "Etat des lieux de la pêche artisanale",
        "id": null,
        "OBJECTID": 175,
        "BaselineID": 2,
        "GroupID": 0,
        "TransOrder": 104,
        "TransEdit": "0",
        "Azimuth": 213.382520448,
        "SHAPE_Leng": 150.019561508,
        "ShrCount": 8,
        "TCD": 4969.00148088,
        "SCE": 8.29703325843,
        "NSM": -0.558466156196,
        "EPR": -0.0507696505632,
        "EPRunc": 1.28564869307,
        "LRR": -0.303266101318,
        "LR2": 0.243509789242,
        "LSE": 2.33319126834,
        "LCI99": 0.809029606393,
        "WLR": -0.303266101323,
        "WR2": 0.243509789249,
        "WSE": 0.233319126833,
        "WCI99": 0.809029606389,
        "formule pr": -17.7014438383432,
        "LRR_moy": -0.329202311251
      },
      "geometry": {
        "type": "Point",
        "coordinates": [
          707037.8249304576,
          6158271.3534861235
        ]
      }
    },
    {
      "type": "Feature",
      "properties": {
        "info": false,
        "cara": false,
        "regl": false,
        "tech": false,
        "projet": "Etat des lieux de la pêche artisanale",
        "id": null,
        "OBJECTID": 174,
        "BaselineID": 2,
        "GroupID": 0,
        "TransOrder": 103,
        "TransEdit": "0",
        "Azimuth": 216.523269682,
        "SHAPE_Leng": 150.008532521,
        "ShrCount": 8,
        "TCD": 4949.00148088,
        "SCE": 8.16521077182,
        "NSM": -1.44809253353,
        "EPR": -0.131644775776,
        "EPRunc": 1.28564869307,
        "LRR": -0.34691023999,
        "LR2": 0.343795447828,
        "LSE": 2.09203867189,
        "LCI99": 0.725410405158,
        "WLR": -0.346910239994,
        "WR2": 0.343795447835,
        "WSE": 0.209203867188,
        "WCI99": 0.725410405155,
        "formule pr": -18.0127257509332,
        "LRR_moy": -0.339578375004
      },
      "geometry": {
        "type": "Point",
        "coordinates": [
          707027.838461719,
          6158278.086492608
        ]
      }
    },
    {
      "type": "Feature",
      "properties": {
        "info": false,
        "cara": false,
        "regl": false,
        "tech": false,
        "projet": "Etat des lieux de la pêche artisanale",
        "id": null,
        "OBJECTID": 173,
        "BaselineID": 2,
        "GroupID": 0,
        "TransOrder": 102,
        "TransEdit": "0",
        "Azimuth": 220.413497774,
        "SHAPE_Leng": 150.130412182,
        "ShrCount": 8,
        "TCD": 4929.00148089,
        "SCE": 7.05155762048,
        "NSM": -2.05697627926,
        "EPR": -0.186997843569,
        "EPRunc": 1.28564869307,
        "LRR": -0.368558783704,
        "LR2": 0.507022970733,
        "LSE": 1.58631459646,
        "LCI99": 0.550051549997,
        "WLR": -0.368558783701,
        "WR2": 0.507022970722,
        "WSE": 0.158631459648,
        "WCI99": 0.550051550004,
        "formule pr": -17.8504689324632,
        "LRR_moy": -0.334169814388333
      },
      "geometry": {
        "type": "Point",
        "coordinates": [
          707019.9853551944,
          6158284.495814262
        ]
      }
    },
    {
      "type": "Feature",
      "properties": {
        "info": false,
        "cara": false,
        "regl": false,
        "tech": false,
        "projet": "Etat des lieux de la pêche artisanale",
        "id": null,
        "OBJECTID": 172,
        "BaselineID": 2,
        "GroupID": 0,
        "TransOrder": 101,
        "TransEdit": "0",
        "Azimuth": 224.769668992,
        "SHAPE_Leng": 150.116685817,
        "ShrCount": 8,
        "TCD": 4909.00148088,
        "SCE": 4.79206263032,
        "NSM": -2.13670483188,
        "EPR": -0.194245893807,
        "EPRunc": 1.28564869307,
        "LRR": -0.287040419471,
        "LR2": 0.557580259795,
        "LSE": 1.11606538794,
        "LCI99": 0.386993537034,
        "WLR": -0.28704041947,
        "WR2": 0.55758025979,
        "WSE": 0.111606538795,
        "WCI99": 0.386993537037,
        "formule pr": -17.8276637601232,
        "LRR_moy": -0.333409641977
      },
      "geometry": {
        "type": "Point",
        "coordinates": [
          707013.565029498,
          6158290.644407706
        ]
      }
    },
    {
      "type": "Feature",
      "properties": {
        "info": false,
        "cara": false,
        "regl": false,
        "tech": false,
        "projet": "Etat des lieux de la pêche artisanale",
        "id": null,
        "OBJECTID": 170,
        "BaselineID": 2,
        "GroupID": 0,
        "TransOrder": 100,
        "TransEdit": "0",
        "Azimuth": 235.98031548,
        "SHAPE_Leng": 150.123357376,
        "ShrCount": 8,
        "TCD": 4869.00148088,
        "SCE": 5.23501535013,
        "NSM": -4.7145316496,
        "EPR": -0.428593786327,
        "EPRunc": 1.28564869307,
        "LRR": -0.344629722756,
        "LR2": 0.662842331877,
        "LSE": 1.07287015335,
        "LCI99": 0.372015672117,
        "WLR": -0.344629722753,
        "WR2": 0.662842331864,
        "WSE": 0.107287015337,
        "WCI99": 0.372015672125,
        "formule pr": -17.2557192842732,
        "LRR_moy": -0.314344826115333
      },
      "geometry": {
        "type": "Point",
        "coordinates": [
          707004.7836049912,
          6158298.308744338
        ]
      }
    },
    {
      "type": "Feature",
      "properties": {
        "info": false,
        "cara": false,
        "regl": false,
        "tech": false,
        "projet": "Etat des lieux de la pêche artisanale",
        "id": null,
        "OBJECTID": 168,
        "BaselineID": 2,
        "GroupID": 0,
        "TransOrder": 99,
        "TransEdit": "0",
        "Azimuth": 248.39645814,
        "SHAPE_Leng": 149.981213818,
        "ShrCount": 8,
        "TCD": 4829.00148088,
        "SCE": 4.8468289456,
        "NSM": -4.34645614789,
        "EPR": -0.395132377081,
        "EPRunc": 1.28564869307,
        "LRR": -0.311364336119,
        "LR2": 0.668346982233,
        "LSE": 0.957398798534,
        "LCI99": 0.331976200858,
        "WLR": -0.311364336124,
        "WR2": 0.668346982251,
        "WSE": 0.0957398798509,
        "WCI99": 0.331976200849,
        "formule pr": -17.6652853839382,
        "LRR_moy": -0.3279970294375
      },
      "geometry": {
        "type": "Point",
        "coordinates": [
          707001.0487152515,
          6158305.983376659
        ]
      }
    },
    {
      "type": "Feature",
      "properties": {
        "info": false,
        "cara": false,
        "regl": false,
        "tech": false,
        "projet": "Etat des lieux de la pêche artisanale",
        "id": null,
        "OBJECTID": 158,
        "BaselineID": 2,
        "GroupID": 0,
        "TransOrder": 98,
        "TransEdit": "0",
        "Azimuth": 255.354871438,
        "SHAPE_Leng": 154.716790898,
        "ShrCount": 8,
        "TCD": 4529.00148088,
        "SCE": 4.64546539663,
        "NSM": -1.30471323228,
        "EPR": -0.118610293843,
        "EPRunc": 1.28564869307,
        "LRR": -0.190016100076,
        "LR2": 0.261598023902,
        "LSE": 1.3934860532,
        "LCI99": 0.483188621708,
        "WLR": -0.19001610007,
        "WR2": 0.261598023883,
        "WSE": 0.139348605322,
        "WCI99": 0.483188621716,
        "formule pr": -10.164966071642,
        "LRR_moy": -0.1824384067095
      },
      "geometry": {
        "type": "Point",
        "coordinates": [
          707038.3399236576,
          6158550.457372316
        ]
      }
    },
    {
      "type": "Feature",
      "properties": {
        "info": false,
        "cara": false,
        "regl": false,
        "tech": false,
        "projet": "Etat des lieux de la pêche artisanale",
        "id": null,
        "OBJECTID": 156,
        "BaselineID": 2,
        "GroupID": 0,
        "TransOrder": 97,
        "TransEdit": "0",
        "Azimuth": 266.432066515,
        "SHAPE_Leng": 155.48670059,
        "ShrCount": 8,
        "TCD": 4489.00148087,
        "SCE": 5.16850361649,
        "NSM": -0.81303117405,
        "EPR": -0.0739119249136,
        "EPRunc": 1.28564869307,
        "LRR": -0.174860713343,
        "LR2": 0.195281563063,
        "LSE": 1.54941098511,
        "LCI99": 0.537255293395,
        "WLR": -0.174860713345,
        "WR2": 0.195281563066,
        "WSE": 0.15494109851,
        "WCI99": 0.537255293395,
        "formule pr": -10.208924169567,
        "LRR_moy": -0.183903676640333
      },
      "geometry": {
        "type": "Point",
        "coordinates": [
          707037.458538893,
          6158561.371458329
        ]
      }
    },
    {
      "type": "Feature",
      "properties": {
        "info": false,
        "cara": false,
        "regl": false,
        "tech": false,
        "projet": "Etat des lieux de la pêche artisanale",
        "id": null,
        "OBJECTID": 155,
        "BaselineID": 2,
        "GroupID": 0,
        "TransOrder": 96,
        "TransEdit": "0",
        "Azimuth": 271.486504847,
        "SHAPE_Leng": 155.15478131,
        "ShrCount": 8,
        "TCD": 4469.00148088,
        "SCE": 5.11189595357,
        "NSM": -0.61301655683,
        "EPR": -0.0557287778936,
        "EPRunc": 1.28564869307,
        "LRR": -0.186834216502,
        "LR2": 0.214597269134,
        "LSE": 1.5601758587,
        "LCI99": 0.540987992709,
        "WLR": -0.186834216507,
        "WR2": 0.214597269145,
        "WSE": 0.156017585869,
        "WCI99": 0.540987992705,
        "formule pr": -10.507130314677,
        "LRR_moy": -0.193843881477333
      },
      "geometry": {
        "type": "Point",
        "coordinates": [
          707037.7946986362,
          6158568.110413737
        ]
      }
    },
    {
      "type": "Feature",
      "properties": {
        "info": false,
        "cara": false,
        "regl": false,
        "tech": false,
        "projet": "Etat des lieux de la pêche artisanale",
        "id": null,
        "OBJECTID": 154,
        "BaselineID": 2,
        "GroupID": 0,
        "TransOrder": 95,
        "TransEdit": "0",
        "Azimuth": 275.923809091,
        "SHAPE_Leng": 155.557055133,
        "ShrCount": 8,
        "TCD": 4449.00148087,
        "SCE": 5.21956526922,
        "NSM": -0.629348875872,
        "EPR": -0.0572135341702,
        "EPRunc": 1.28564869307,
        "LRR": -0.219836714587,
        "LR2": 0.288679277099,
        "LSE": 1.50628857316,
        "LCI99": 0.522302679593,
        "WLR": -0.219836714588,
        "WR2": 0.2886792771,
        "WSE": 0.150628857316,
        "WCI99": 0.522302679594,
        "formule pr": -11.624501784997,
        "LRR_moy": -0.231089597154667
      },
      "geometry": {
        "type": "Point",
        "coordinates": [
          707038.7582476422,
          6158576.41284039
        ]
      }
    },
    {
      "type": "Feature",
      "properties": {
        "info": false,
        "cara": false,
        "regl": false,
        "tech": false,
        "projet": "Etat des lieux de la pêche artisanale",
        "id": null,
        "OBJECTID": 153,
        "BaselineID": 2,
        "GroupID": 0,
        "TransOrder": 94,
        "TransEdit": "0",
        "Azimuth": 280.220200233,
        "SHAPE_Leng": 155.781651574,
        "ShrCount": 8,
        "TCD": 4429.00148088,
        "SCE": 5.77104004917,
        "NSM": -1.31983221018,
        "EPR": -0.11998474638,
        "EPRunc": 1.28564869307,
        "LRR": -0.286597860375,
        "LR2": 0.418344078129,
        "LSE": 1.47510263377,
        "LCI99": 0.511489014801,
        "WLR": -0.286597860381,
        "WR2": 0.418344078146,
        "WSE": 0.147510263375,
        "WCI99": 0.511489014794,
        "formule pr": -13.407437126637,
        "LRR_moy": -0.290520775209333
      },
      "geometry": {
        "type": "Point",
        "coordinates": [
          707039.750742787,
          6158585.05109692
        ]
      }
    },
    {
      "type": "Feature",
      "properties": {
        "info": false,
        "cara": false,
        "regl": false,
        "tech": false,
        "projet": "Etat des lieux de la pêche artisanale",
        "id": null,
        "OBJECTID": 152,
        "BaselineID": 2,
        "GroupID": 0,
        "TransOrder": 93,
        "TransEdit": "0",
        "Azimuth": 284.632846584,
        "SHAPE_Leng": 156.30886051,
        "ShrCount": 8,
        "TCD": 4409.00148088,
        "SCE": 6.26695233782,
        "NSM": -2.25263922033,
        "EPR": -0.204785383666,
        "EPRunc": 1.28564869307,
        "LRR": -0.365127750666,
        "LR2": 0.524358788279,
        "LSE": 1.51793555965,
        "LCI99": 0.526341249865,
        "WLR": -0.365127750664,
        "WR2": 0.524358788272,
        "WSE": 0.151793555966,
        "WCI99": 0.52634124987,
        "formule pr": -14.207517693887,
        "LRR_moy": -0.317190127451
      },
      "geometry": {
        "type": "Point",
        "coordinates": [
          707040.8773354666,
          6158593.420210021
        ]
      }
    },
    {
      "type": "Feature",
      "properties": {
        "info": false,
        "cara": false,
        "regl": false,
        "tech": false,
        "projet": "Etat des lieux de la pêche artisanale",
        "id": null,
        "OBJECTID": 151,
        "BaselineID": 2,
        "GroupID": 0,
        "TransOrder": 92,
        "TransEdit": "0",
        "Azimuth": 288.335758597,
        "SHAPE_Leng": 155.927974519,
        "ShrCount": 8,
        "TCD": 4389.00148087,
        "SCE": 5.78276602892,
        "NSM": -1.30663796416,
        "EPR": -0.118785269469,
        "EPRunc": 1.28564869307,
        "LRR": -0.299844771312,
        "LR2": 0.444735252883,
        "LSE": 1.46244244509,
        "LCI99": 0.507099118609,
        "WLR": -0.299844771317,
        "WR2": 0.444735252899,
        "WSE": 0.146244244507,
        "WCI99": 0.507099118601,
        "formule pr": -14.534862128837002,
        "LRR_moy": -0.328101608616
      },
      "geometry": {
        "type": "Point",
        "coordinates": [
          707044.5715882657,
          6158603.034098443
        ]
      }
    },
    {
      "type": "Feature",
      "properties": {
        "info": false,
        "cara": false,
        "regl": false,
        "tech": false,
        "projet": "Etat des lieux de la pêche artisanale",
        "id": null,
        "OBJECTID": 150,
        "BaselineID": 2,
        "GroupID": 0,
        "TransOrder": 91,
        "TransEdit": "0",
        "Azimuth": 292.222572409,
        "SHAPE_Leng": 155.002187175,
        "ShrCount": 8,
        "TCD": 4369.00148088,
        "SCE": 4.73841226073,
        "NSM": -1.99644935664,
        "EPR": -0.181495396058,
        "EPRunc": 1.28564869307,
        "LRR": -0.31933230387,
        "LR2": 0.617289304707,
        "LSE": 1.09753103128,
        "LCI99": 0.38056678434,
        "WLR": -0.319332303873,
        "WR2": 0.617289304719,
        "WSE": 0.109753103127,
        "WCI99": 0.380566784334,
        "formule pr": -14.714653063607,
        "LRR_moy": -0.334094639775
      },
      "geometry": {
        "type": "Point",
        "coordinates": [
          707048.2220906208,
          6158612.097379559
        ]
      }
    },
    {
      "type": "Feature",
      "properties": {
        "info": false,
        "cara": false,
        "regl": false,
        "tech": false,
        "projet": "Etat des lieux de la pêche artisanale",
        "id": null,
        "OBJECTID": 149,
        "BaselineID": 2,
        "GroupID": 0,
        "TransOrder": 90,
        "TransEdit": "0",
        "Azimuth": 296.809501774,
        "SHAPE_Leng": 155.384512544,
        "ShrCount": 8,
        "TCD": 4349.00148087,
        "SCE": 4.60702116309,
        "NSM": -2.56715775241,
        "EPR": -0.233377977492,
        "EPRunc": 1.28564869307,
        "LRR": -0.383106844143,
        "LR2": 0.662901682312,
        "LSE": 1.19249529201,
        "LCI99": 0.413495459979,
        "WLR": -0.38310684414,
        "WR2": 0.6629016823,
        "WSE": 0.119249529204,
        "WCI99": 0.413495459987,
        "formule pr": -16.095720355267,
        "LRR_moy": -0.380130216163667
      },
      "geometry": {
        "type": "Point",
        "coordinates": [
          707051.6431958998,
          6158619.254380509
        ]
      }
    },
    {
      "type": "Feature",
      "properties": {
        "info": false,
        "cara": false,
        "regl": false,
        "tech": false,
        "projet": "Etat des lieux de la pêche artisanale",
        "id": null,
        "OBJECTID": 148,
        "BaselineID": 2,
        "GroupID": 0,
        "TransOrder": 89,
        "TransEdit": "0",
        "Azimuth": 301.243123473,
        "SHAPE_Leng": 157.315654903,
        "ShrCount": 8,
        "TCD": 4329.00148088,
        "SCE": 6.74108222188,
        "NSM": -2.16015513548,
        "EPR": -0.196377739589,
        "EPRunc": 1.28564869307,
        "LRR": -0.437951500478,
        "LR2": 0.613503390664,
        "LSE": 1.51730681895,
        "LCI99": 0.52612323523,
        "WLR": -0.437951500478,
        "WR2": 0.613503390664,
        "WSE": 0.151730681895,
        "WCI99": 0.52612323523,
        "formule pr": -17.296009747637,
        "LRR_moy": -0.420139862576
      },
      "geometry": {
        "type": "Point",
        "coordinates": [
          707056.3006815525,
          6158626.078791445
        ]
      }
    },
    {
      "type": "Feature",
      "properties": {
        "info": false,
        "cara": false,
        "regl": false,
        "tech": false,
        "projet": "Etat des lieux de la pêche artisanale",
        "id": null,
        "OBJECTID": 146,
        "BaselineID": 2,
        "GroupID": 0,
        "TransOrder": 88,
        "TransEdit": "0",
        "Azimuth": 311.492582074,
        "SHAPE_Leng": 158.047308376,
        "ShrCount": 8,
        "TCD": 4289.00148087,
        "SCE": 8.03412752181,
        "NSM": -1.24229665001,
        "EPR": -0.112936059092,
        "EPRunc": 1.28564869307,
        "LRR": -0.439361243107,
        "LR2": 0.46729426571,
        "LSE": 2.04763825576,
        "LCI99": 0.710014645849,
        "WLR": -0.439361243108,
        "WR2": 0.467294265712,
        "WSE": 0.204763825575,
        "WCI99": 0.710014645848,
        "formule pr": -17.455752043427,
        "LRR_moy": -0.425464605769
      },
      "geometry": {
        "type": "Point",
        "coordinates": [
          707064.3902581944,
          6158635.777430987
        ]
      }
    },
    {
      "type": "Feature",
      "properties": {
        "info": false,
        "cara": false,
        "regl": false,
        "tech": false,
        "projet": "Etat des lieux de la pêche artisanale",
        "id": null,
        "OBJECTID": 143,
        "BaselineID": 2,
        "GroupID": 0,
        "TransOrder": 87,
        "TransEdit": "0",
        "Azimuth": 329.471678236,
        "SHAPE_Leng": 157.588727156,
        "ShrCount": 8,
        "TCD": 4229.00148088,
        "SCE": 7.4783160793,
        "NSM": -0.341156298637,
        "EPR": -0.031014208967,
        "EPRunc": 1.28564869307,
        "LRR": -0.399081073722,
        "LR2": 0.409297198191,
        "LSE": 2.09271116818,
        "LCI99": 0.725643591959,
        "WLR": -0.399081073725,
        "WR2": 0.409297198197,
        "WSE": 0.209271116817,
        "WCI99": 0.725643591956,
        "formule pr": -17.268448622792,
        "LRR_moy": -0.4192211584145
      },
      "geometry": {
        "type": "Point",
        "coordinates": [
          707073.428610688,
          6158643.2560171485
        ]
      }
    },
    {
      "type": "Feature",
      "properties": {
        "info": false,
        "cara": false,
        "regl": false,
        "tech": false,
        "projet": "Etat des lieux de la pêche artisanale",
        "id": null,
        "OBJECTID": 139,
        "BaselineID": 2,
        "GroupID": 0,
        "TransOrder": 86,
        "TransEdit": "0",
        "Azimuth": 338.659149714,
        "SHAPE_Leng": 167.812894899,
        "ShrCount": 8,
        "TCD": 4109.00148088,
        "SCE": 6.43842504061,
        "NSM": -0.852693988005,
        "EPR": -0.0775176352732,
        "EPRunc": 1.28564869307,
        "LRR": -0.339903599741,
        "LR2": 0.445791503619,
        "LSE": 1.65428179608,
        "LCI99": 0.573619046369,
        "WLR": -0.339903599745,
        "WR2": 0.445791503627,
        "WSE": 0.165428179607,
        "WCI99": 0.573619046365,
        "formule pr": -15.2209959249489,
        "LRR_moy": -0.285682380671333
      },
      "geometry": {
        "type": "Point",
        "coordinates": [
          707166.8660968748,
          6158655.315547808
        ]
      }
    },
    {
      "type": "Feature",
      "properties": {
        "info": false,
        "cara": false,
        "regl": false,
        "tech": false,
        "projet": "Etat des lieux de la pêche artisanale",
        "id": null,
        "OBJECTID": 135,
        "BaselineID": 2,
        "GroupID": 0,
        "TransOrder": 83,
        "TransEdit": "0",
        "Azimuth": 347.471170828,
        "SHAPE_Leng": 154.359264769,
        "ShrCount": 7,
        "TCD": 4029.00148087,
        "SCE": 4.36559694039,
        "NSM": 2.31426392608,
        "EPR": 0.210387629644,
        "EPRunc": 1.28564869307,
        "LRR": -0.0732526351668,
        "LR2": 0.037742480275,
        "LSE": 1.76844801771,
        "LCI99": 0.666967409133,
        "WLR": -0.073252635163,
        "WR2": 0.0377424802729,
        "WSE": 0.176844801771,
        "WCI99": 0.666967409116,
        "formule pr": -11.0335181884559,
        "LRR_moy": -0.1460997894549
      },
      "geometry": {
        "type": "Point",
        "coordinates": [
          707212.2259098568,
          6158693.1930549815
        ]
      }
    },
    {
      "type": "Feature",
      "properties": {
        "info": false,
        "cara": false,
        "regl": false,
        "tech": false,
        "projet": "Etat des lieux de la pêche artisanale",
        "id": null,
        "OBJECTID": 131,
        "BaselineID": 1,
        "GroupID": 0,
        "TransOrder": 82,
        "TransEdit": "0",
        "Azimuth": 143.396128237,
        "SHAPE_Leng": 152.384444061,
        "ShrCount": 8,
        "TCD": 2920.00000001,
        "SCE": 13.1031716658,
        "NSM": 3.09529631139,
        "EPR": 0.281390573763,
        "EPRunc": 1.28564869307,
        "LRR": 0.221677376334,
        "LR2": 0.0466407445251,
        "LSE": 4.374716957130002,
        "LCI99": 1.51692473134,
        "WLR": 0.221677376336,
        "WR2": 0.0466407445261,
        "WSE": 0.437471695713,
        "WCI99": 1.51692473134,
        "formule pr": -12.1047156013834,
        "LRR_moy": -0.22097610097808
      },
      "geometry": {
        "type": "Point",
        "coordinates": [
          706274.0010170639,
          6159330.9833184015
        ]
      }
    },
    {
      "type": "Feature",
      "properties": {
        "info": false,
        "cara": false,
        "regl": false,
        "tech": false,
        "projet": "Etat des lieux de la pêche artisanale",
        "id": null,
        "OBJECTID": 129,
        "BaselineID": 1,
        "GroupID": 0,
        "TransOrder": 81,
        "TransEdit": "0",
        "Azimuth": 155.700946722,
        "SHAPE_Leng": 152.686371814,
        "ShrCount": 8,
        "TCD": 2880.0,
        "SCE": 10.5488334396,
        "NSM": 3.89943683296,
        "EPR": 0.354494257542,
        "EPRunc": 1.28564869307,
        "LRR": 0.158362052516,
        "LR2": 0.0319998835196,
        "LSE": 3.80187346521,
        "LCI99": 1.31829234698,
        "WLR": 0.158362052519,
        "WR2": 0.0319998835206,
        "WSE": 0.38018734652,
        "WCI99": 1.31829234699,
        "formule pr": 0.65565948673904,
        "LRR_moy": 0.204369735292667
      },
      "geometry": {
        "type": "Point",
        "coordinates": [
          706266.6574644707,
          6159327.959200353
        ]
      }
    },
    {
      "type": "Feature",
      "properties": {
        "info": false,
        "cara": false,
        "regl": false,
        "tech": false,
        "projet": "Etat des lieux de la pêche artisanale",
        "id": null,
        "OBJECTID": 127,
        "BaselineID": 1,
        "GroupID": 0,
        "TransOrder": 80,
        "TransEdit": "0",
        "Azimuth": 166.061973668,
        "SHAPE_Leng": 152.062083917,
        "ShrCount": 8,
        "TCD": 2840.0,
        "SCE": 8.404461206560002,
        "NSM": 5.11814779348,
        "EPR": 0.465286163044,
        "EPRunc": 1.28564869307,
        "LRR": 0.233069777028,
        "LR2": 0.0850449200672,
        "LSE": 3.33691150177,
        "LCI99": 1.15706767613,
        "WLR": 0.233069777025,
        "WR2": 0.0850449200649,
        "WSE": 0.333691150177,
        "WCI99": 1.15706767614,
        "formule pr": 0.28192267138904,
        "LRR_moy": 0.191911841447667
      },
      "geometry": {
        "type": "Point",
        "coordinates": [
          706254.2852895063,
          6159324.518268702
        ]
      }
    },
    {
      "type": "Feature",
      "properties": {
        "info": false,
        "cara": false,
        "regl": false,
        "tech": false,
        "projet": "Etat des lieux de la pêche artisanale",
        "id": null,
        "OBJECTID": 126,
        "BaselineID": 1,
        "GroupID": 0,
        "TransOrder": 79,
        "TransEdit": "0",
        "Azimuth": 170.233380189,
        "SHAPE_Leng": 152.617063761,
        "ShrCount": 8,
        "TCD": 2820.0,
        "SCE": 7.14447086888,
        "NSM": 4.18933801376,
        "EPR": 0.380848910342,
        "EPRunc": 1.28564869307,
        "LRR": 0.184303694799,
        "LR2": 0.0736969004472,
        "LSE": 2.8521280481,
        "LCI99": 0.98896994149,
        "WLR": 0.184303694797,
        "WR2": 0.0736969004458,
        "WSE": 0.285212804811,
        "WCI99": 0.988969941492,
        "formule pr": 0.28138002695904,
        "LRR_moy": 0.1918937533
      },
      "geometry": {
        "type": "Point",
        "coordinates": [
          706245.3873570282,
          6159322.730883886
        ]
      }
    },
    {
      "type": "Feature",
      "properties": {
        "info": false,
        "cara": false,
        "regl": false,
        "tech": false,
        "projet": "Etat des lieux de la pêche artisanale",
        "id": null,
        "OBJECTID": 125,
        "BaselineID": 1,
        "GroupID": 0,
        "TransOrder": 78,
        "TransEdit": "0",
        "Azimuth": 174.362249328,
        "SHAPE_Leng": 153.622906453,
        "ShrCount": 8,
        "TCD": 2800.00000001,
        "SCE": 7.71995921733,
        "NSM": 3.88504624699,
        "EPR": 0.353186022453,
        "EPRunc": 1.28564869307,
        "LRR": 0.158307788073,
        "LR2": 0.0534738904787,
        "LSE": 2.90723888867,
        "LCI99": 1.00807951997,
        "WLR": 0.15830778807,
        "WR2": 0.0534738904765,
        "WSE": 0.290723888868,
        "WCI99": 1.00807951997,
        "formule pr": -0.0787494137609599,
        "LRR_moy": 0.179889438609333
      },
      "geometry": {
        "type": "Point",
        "coordinates": [
          706236.2277719723,
          6159321.983056656
        ]
      }
    },
    {
      "type": "Feature",
      "properties": {
        "info": false,
        "cara": false,
        "regl": false,
        "tech": false,
        "projet": "Etat des lieux de la pêche artisanale",
        "id": null,
        "OBJECTID": 124,
        "BaselineID": 1,
        "GroupID": 0,
        "TransOrder": 77,
        "TransEdit": "0",
        "Azimuth": 178.412407077,
        "SHAPE_Leng": 154.463509975,
        "ShrCount": 8,
        "TCD": 2780.0,
        "SCE": 7.32693692942,
        "NSM": 4.2308879309,
        "EPR": 0.384626175536,
        "EPRunc": 1.28564869307,
        "LRR": 0.197056832956,
        "LR2": 0.114482691452,
        "LSE": 2.39223114818,
        "LCI99": 0.829501571719,
        "WLR": 0.197056832957,
        "WR2": 0.114482691454,
        "WSE": 0.239223114818,
        "WCI99": 0.829501571719,
        "formule pr": -0.0595706039209603,
        "LRR_moy": 0.180528732270667
      },
      "geometry": {
        "type": "Point",
        "coordinates": [
          706226.8617770801,
          6159322.177124785
        ]
      }
    },
    {
      "type": "Feature",
      "properties": {
        "info": false,
        "cara": false,
        "regl": false,
        "tech": false,
        "projet": "Etat des lieux de la pêche artisanale",
        "id": null,
        "OBJECTID": 123,
        "BaselineID": 1,
        "GroupID": 0,
        "TransOrder": 76,
        "TransEdit": "0",
        "Azimuth": 182.050666085,
        "SHAPE_Leng": 154.563240863,
        "ShrCount": 8,
        "TCD": 2760.0,
        "SCE": 8.22352132559,
        "NSM": 4.78460062291,
        "EPR": 0.434963692992,
        "EPRunc": 1.28564869307,
        "LRR": 0.186221575783,
        "LR2": 0.0806147548939,
        "LSE": 2.74507695331,
        "LCI99": 0.951850179274,
        "WLR": 0.186221575778,
        "WR2": 0.0806147548895,
        "WSE": 0.274507695332,
        "WCI99": 0.951850179278,
        "formule pr": -0.21335096239096,
        "LRR_moy": 0.175402720321667
      },
      "geometry": {
        "type": "Point",
        "coordinates": [
          706216.5063494457,
          6159322.5859971745
        ]
      }
    },
    {
      "type": "Feature",
      "properties": {
        "info": false,
        "cara": false,
        "regl": false,
        "tech": false,
        "projet": "Etat des lieux de la pêche artisanale",
        "id": null,
        "OBJECTID": 122,
        "BaselineID": 1,
        "GroupID": 0,
        "TransOrder": 75,
        "TransEdit": "0",
        "Azimuth": 184.559654367,
        "SHAPE_Leng": 152.951670389,
        "ShrCount": 8,
        "TCD": 2740.0,
        "SCE": 8.35896495355,
        "NSM": 4.65461903893,
        "EPR": 0.423147185357,
        "EPRunc": 1.28564869307,
        "LRR": 0.142929752226,
        "LR2": 0.0467659993425,
        "LSE": 2.81669825063,
        "LCI99": 0.976684727032,
        "WLR": 0.142929752226,
        "WR2": 0.046765999343,
        "WSE": 0.281669825063,
        "WCI99": 0.976684727032,
        "formule pr": -1.02094603308096,
        "LRR_moy": 0.148482884632
      },
      "geometry": {
        "type": "Point",
        "coordinates": [
          706203.1750648639,
          6159323.176011183
        ]
      }
    },
    {
      "type": "Feature",
      "properties": {
        "info": false,
        "cara": false,
        "regl": false,
        "tech": false,
        "projet": "Etat des lieux de la pêche artisanale",
        "id": null,
        "OBJECTID": 121,
        "BaselineID": 1,
        "GroupID": 0,
        "TransOrder": 74,
        "TransEdit": "0",
        "Azimuth": 187.17344028,
        "SHAPE_Leng": 152.129501144,
        "ShrCount": 8,
        "TCD": 2720.00000001,
        "SCE": 8.92657013172,
        "NSM": 4.42076371924,
        "EPR": 0.40188761084,
        "EPRunc": 1.28564869307,
        "LRR": 0.116297325887,
        "LR2": 0.0273927058658,
        "LSE": 3.02485146326,
        "LCI99": 1.04886145509,
        "WLR": 0.116297325885,
        "WR2": 0.0273927058649,
        "WSE": 0.302485146327,
        "WCI99": 1.04886145509,
        "formule pr": -2.28700845294496,
        "LRR_moy": 0.106280803969867
      },
      "geometry": {
        "type": "Point",
        "coordinates": [
          706190.141530318,
          6159324.6281828275
        ]
      }
    },
    {
      "type": "Feature",
      "properties": {
        "info": false,
        "cara": false,
        "regl": false,
        "tech": false,
        "projet": "Etat des lieux de la pêche artisanale",
        "id": null,
        "OBJECTID": 120,
        "BaselineID": 1,
        "GroupID": 0,
        "TransOrder": 73,
        "TransEdit": "0",
        "Azimuth": 188.744023977,
        "SHAPE_Leng": 152.024349811,
        "ShrCount": 8,
        "TCD": 2700.00000001,
        "SCE": 9.97481241844,
        "NSM": 3.80423879889,
        "EPR": 0.345839890808,
        "EPRunc": 1.28564869307,
        "LRR": 0.0596153337966,
        "LR2": 0.00578538729292,
        "LSE": 3.41126032184,
        "LCI99": 1.18284798719,
        "WLR": 0.059615333793,
        "WR2": 0.0057853872922,
        "WSE": 0.341126032184,
        "WCI99": 1.18284798719,
        "formule pr": -3.72682573184716,
        "LRR_moy": 0.058286894673127
      },
      "geometry": {
        "type": "Point",
        "coordinates": [
          706174.4630470327,
          6159327.0032925
        ]
      }
    },
    {
      "type": "Feature",
      "properties": {
        "info": false,
        "cara": false,
        "regl": false,
        "tech": false,
        "projet": "Etat des lieux de la pêche artisanale",
        "id": null,
        "OBJECTID": 119,
        "BaselineID": 1,
        "GroupID": 0,
        "TransOrder": 72,
        "TransEdit": "0",
        "Azimuth": 191.116886258,
        "SHAPE_Leng": 152.686124438,
        "ShrCount": 8,
        "TCD": 2680.0,
        "SCE": 10.0335955877,
        "NSM": 3.64965692723,
        "EPR": 0.331786993385,
        "EPRunc": 1.28564869307,
        "LRR": -0.00105197566422,
        "LR2": 2.015509668e-06,
        "LSE": 3.23441575053,
        "LCI99": 1.12152747058,
        "WLR": -0.00105197566797,
        "WR2": 2.015509682e-06,
        "WSE": 0.323441575053,
        "WCI99": 1.12152747058,
        "formule pr": -6.28502771143716,
        "LRR_moy": -0.02698650464654
      },
      "geometry": {
        "type": "Point",
        "coordinates": [
          706160.9896345092,
          6159329.706195103
        ]
      }
    },
    {
      "type": "Feature",
      "properties": {
        "info": false,
        "cara": false,
        "regl": false,
        "tech": false,
        "projet": "Etat des lieux de la pêche artisanale",
        "id": null,
        "OBJECTID": 118,
        "BaselineID": 1,
        "GroupID": 0,
        "TransOrder": 71,
        "TransEdit": "0",
        "Azimuth": 194.738399068,
        "SHAPE_Leng": 153.07287931,
        "ShrCount": 7,
        "TCD": 2660.00000001,
        "SCE": 5.96737655766,
        "NSM": 2.44385251699,
        "EPR": 0.222168410635,
        "EPRunc": 1.28564869307,
        "LRR": -0.139522872072,
        "LR2": 0.0564214419137,
        "LSE": 2.48683877641,
        "LCI99": 1.02887655464,
        "WLR": -0.139522872081,
        "WR2": 0.0564214419175,
        "WSE": 0.248683877641,
        "WCI99": 1.02887655467,
        "formule pr": -7.584055288084259,
        "LRR_moy": -0.07028742386811
      },
      "geometry": {
        "type": "Point",
        "coordinates": [
          706150.7027069505,
          6159331.183309962
        ]
      }
    },
    {
      "type": "Feature",
      "properties": {
        "info": false,
        "cara": false,
        "regl": false,
        "tech": false,
        "projet": "Etat des lieux de la pêche artisanale",
        "id": null,
        "OBJECTID": 105,
        "BaselineID": 1,
        "GroupID": 0,
        "TransOrder": 70,
        "TransEdit": "0",
        "Azimuth": 228.760450167,
        "SHAPE_Leng": 157.955393762,
        "ShrCount": 8,
        "TCD": 2320.0,
        "SCE": 9.70291827651,
        "NSM": 0.882197234593,
        "EPR": 0.0801997485994,
        "EPRunc": 1.28564869307,
        "LRR": -0.174850317859,
        "LR2": 0.0490836703647,
        "LSE": 3.35932555648,
        "LCI99": 1.16483970671,
        "WLR": -0.174850317859,
        "WR2": 0.0490836703643,
        "WSE": 0.335932555648,
        "WCI99": 1.16483970671,
        "formule pr": -10.391420145392,
        "LRR_moy": -0.1899868758345
      },
      "geometry": {
        "type": "Point",
        "coordinates": [
          705952.4118213014,
          6159441.189464205
        ]
      }
    },
    {
      "type": "Feature",
      "properties": {
        "info": false,
        "cara": false,
        "regl": false,
        "tech": false,
        "projet": "Etat des lieux de la pêche artisanale",
        "id": null,
        "OBJECTID": 104,
        "BaselineID": 1,
        "GroupID": 0,
        "TransOrder": 69,
        "TransEdit": "0",
        "Azimuth": 235.357649888,
        "SHAPE_Leng": 157.687230259,
        "ShrCount": 8,
        "TCD": 2300.0,
        "SCE": 9.23583311403,
        "NSM": 0.541602069632,
        "EPR": 0.0492365517848,
        "EPRunc": 1.28564869307,
        "LRR": -0.20512343381,
        "LR2": 0.073159901017,
        "LSE": 3.18686863127,
        "LCI99": 1.10504059798,
        "WLR": -0.205123433813,
        "WR2": 0.0731599010188,
        "WSE": 0.318686863126,
        "WCI99": 1.10504059798,
        "formule pr": -10.076392073577,
        "LRR_moy": -0.179485940107333
      },
      "geometry": {
        "type": "Point",
        "coordinates": [
          705950.8825428499,
          6159443.578167831
        ]
      }
    },
    {
      "type": "Feature",
      "properties": {
        "info": false,
        "cara": false,
        "regl": false,
        "tech": false,
        "projet": "Etat des lieux de la pêche artisanale",
        "id": null,
        "OBJECTID": 103,
        "BaselineID": 1,
        "GroupID": 0,
        "TransOrder": 68,
        "TransEdit": "0",
        "Azimuth": 240.760482399,
        "SHAPE_Leng": 157.134633564,
        "ShrCount": 8,
        "TCD": 2279.99999999,
        "SCE": 9.2411203362,
        "NSM": 1.68365722223,
        "EPR": 0.153059747476,
        "EPRunc": 1.28564869307,
        "LRR": -0.158484068653,
        "LR2": 0.0499555464519,
        "LSE": 3.01681548731,
        "LCI99": 1.04607499581,
        "WLR": -0.158484068648,
        "WR2": 0.0499555464486,
        "WSE": 0.301681548732,
        "WCI99": 1.04607499581,
        "formule pr": -9.54929738482701,
        "LRR_moy": -0.161916117149
      },
      "geometry": {
        "type": "Point",
        "coordinates": [
          705948.2611960252,
          6159448.902487873
        ]
      }
    },
    {
      "type": "Feature",
      "properties": {
        "info": false,
        "cara": false,
        "regl": false,
        "tech": false,
        "projet": "Etat des lieux de la pêche artisanale",
        "id": null,
        "OBJECTID": 102,
        "BaselineID": 1,
        "GroupID": 0,
        "TransOrder": 67,
        "TransEdit": "0",
        "Azimuth": 245.922831939,
        "SHAPE_Leng": 156.665440087,
        "ShrCount": 8,
        "TCD": 2260.0,
        "SCE": 9.94438701965,
        "NSM": 2.94694428148,
        "EPR": 0.267904025589,
        "EPRunc": 1.28564869307,
        "LRR": -0.122140848984,
        "LR2": 0.0250045084452,
        "LSE": 3.32917103875,
        "LCI99": 1.1543836854,
        "WLR": -0.122140848981,
        "WR2": 0.0250045084441,
        "WSE": 0.332917103876,
        "WCI99": 1.1543836854,
        "formule pr": -8.61117191640701,
        "LRR_moy": -0.130645268201667
      },
      "geometry": {
        "type": "Point",
        "coordinates": [
          705945.5948830533,
          6159454.853491063
        ]
      }
    },
    {
      "type": "Feature",
      "properties": {
        "info": false,
        "cara": false,
        "regl": false,
        "tech": false,
        "projet": "Etat des lieux de la pêche artisanale",
        "id": null,
        "OBJECTID": 101,
        "BaselineID": 1,
        "GroupID": 0,
        "TransOrder": 66,
        "TransEdit": "0",
        "Azimuth": 251.599314982,
        "SHAPE_Leng": 156.394991236,
        "ShrCount": 8,
        "TCD": 2239.99999999,
        "SCE": 9.62786401419,
        "NSM": 3.2283443733,
        "EPR": 0.293485852118,
        "EPRunc": 1.28564869307,
        "LRR": -0.111310886968,
        "LR2": 0.0215165589833,
        "LSE": 3.27650628147,
        "LCI99": 1.13612228162,
        "WLR": -0.111310886973,
        "WR2": 0.0215165589852,
        "WSE": 0.327650628146,
        "WCI99": 1.13612228162,
        "formule pr": -7.944867857541009,
        "LRR_moy": -0.108435132906133
      },
      "geometry": {
        "type": "Point",
        "coordinates": [
          705943.8480029874,
          6159459.705437849
        ]
      }
    },
    {
      "type": "Feature",
      "properties": {
        "info": false,
        "cara": false,
        "regl": false,
        "tech": false,
        "projet": "Etat des lieux de la pêche artisanale",
        "id": null,
        "OBJECTID": 97,
        "BaselineID": 1,
        "GroupID": 0,
        "TransOrder": 63,
        "TransEdit": "0",
        "Azimuth": 161.542821787,
        "SHAPE_Leng": 156.105494923,
        "ShrCount": 5,
        "TCD": 2080.00000001,
        "SCE": 5.76225085198,
        "NSM": -4.5347860802,
        "EPR": -0.453727060724,
        "EPRunc": 1.41498838433,
        "LRR": -0.284959444202,
        "LR2": 0.297939807971,
        "LSE": 2.17160673353,
        "LCI99": 1.47511472511,
        "WLR": -0.284959444219,
        "WR2": 0.297939807989,
        "WSE": 0.21716067335,
        "WCI99": 1.47511472513,
        "formule pr": -13.2269495683709,
        "LRR_moy": -0.2322696256275
      },
      "geometry": {
        "type": "Point",
        "coordinates": [
          705661.6947000002,
          6159550.852102843
        ]
      }
    },
    {
      "type": "Feature",
      "properties": {
        "info": false,
        "cara": false,
        "regl": false,
        "tech": false,
        "projet": "Etat des lieux de la pêche artisanale",
        "id": null,
        "OBJECTID": 93,
        "BaselineID": 1,
        "GroupID": 0,
        "TransOrder": 62,
        "TransEdit": "0",
        "Azimuth": 188.359503017,
        "SHAPE_Leng": 158.369660276,
        "ShrCount": 8,
        "TCD": 1999.99999999,
        "SCE": 4.235340028210002,
        "NSM": -4.235340028210002,
        "EPR": -0.385030911656,
        "EPRunc": 1.28564869307,
        "LRR": -0.179579807053,
        "LR2": 0.178132956105,
        "LSE": 1.68371730891,
        "LCI99": 0.583825754103,
        "WLR": -0.179579807051,
        "WR2": 0.178132956102,
        "WSE": 0.168371730892,
        "WCI99": 0.583825754104,
        "formule pr": -12.7295863355959,
        "LRR_moy": -0.215690851201667
      },
      "geometry": {
        "type": "Point",
        "coordinates": [
          705654.5984480783,
          6159550.898246754
        ]
      }
    },
    {
      "type": "Feature",
      "properties": {
        "info": false,
        "cara": false,
        "regl": false,
        "tech": false,
        "projet": "Etat des lieux de la pêche artisanale",
        "id": null,
        "OBJECTID": 92,
        "BaselineID": 1,
        "GroupID": 0,
        "TransOrder": 61,
        "TransEdit": "0",
        "Azimuth": 185.82374519,
        "SHAPE_Leng": 170.192819931,
        "ShrCount": 6,
        "TCD": 1980.00000001,
        "SCE": 2.04051237505,
        "NSM": -1.01523120114,
        "EPR": -0.113459264823,
        "EPRunc": 1.58048364658,
        "LRR": -0.135925723558,
        "LR2": 0.358550317635,
        "LSE": 0.758870605261,
        "LCI99": 0.418525730726,
        "WLR": -0.135925723548,
        "WR2": 0.358550317592,
        "WSE": 0.0758870605291,
        "WCI99": 0.418525730735,
        "formule pr": -11.0357461881659,
        "LRR_moy": -0.159229512954
      },
      "geometry": {
        "type": "Point",
        "coordinates": [
          705630.0966500248,
          6159571.345901998
        ]
      }
    },
    {
      "type": "Feature",
      "properties": {
        "info": false,
        "cara": false,
        "regl": false,
        "tech": false,
        "projet": "Etat des lieux de la pêche artisanale",
        "id": null,
        "OBJECTID": 91,
        "BaselineID": 1,
        "GroupID": 0,
        "TransOrder": 60,
        "TransEdit": "0",
        "Azimuth": 175.536017638,
        "SHAPE_Leng": 158.244054128,
        "ShrCount": 6,
        "TCD": 1920.0,
        "SCE": 4.92803034069,
        "NSM": 0.0782421842791,
        "EPR": 0.00874411729715,
        "EPRunc": 1.58048364658,
        "LRR": -0.193725693726,
        "LR2": 0.155983423116,
        "LSE": 1.88097630824,
        "LCI99": 1.03737973039,
        "WLR": -0.193725693716,
        "WR2": 0.155983423106,
        "WSE": 0.188097630825,
        "WCI99": 1.03737973038,
        "formule pr": -8.39487979205236,
        "LRR_moy": -0.07120063308355
      },
      "geometry": {
        "type": "Point",
        "coordinates": [
          705543.8737059433,
          6159559.492953652
        ]
      }
    },
    {
      "type": "Feature",
      "properties": {
        "info": false,
        "cara": false,
        "regl": false,
        "tech": false,
        "projet": "Etat des lieux de la pêche artisanale",
        "id": null,
        "OBJECTID": 744,
        "BaselineID": 13,
        "GroupID": 0,
        "TransOrder": 402,
        "TransEdit": "1",
        "Azimuth": 155.21677748,
        "SHAPE_Leng": 157.234628148,
        "ShrCount": 8,
        "TCD": 23940.1890308,
        "SCE": 6.0620599921,
        "NSM": -3.62816309103,
        "EPR": -0.329833008276,
        "EPRunc": 1.28564869307,
        "LRR": -0.167720410286,
        "LR2": 0.124626855737,
        "LSE": 1.94025913512,
        "LCI99": 0.672781141298,
        "WLR": -0.167720410288,
        "WR2": 0.124626855739,
        "WSE": 0.194025913512,
        "WCI99": 0.672781141298,
        "formule pr": -5.09185512496824,
        "LRR_moy": -0.05253681841115
      },
      "geometry": {
        "type": "Point",
        "coordinates": [
          713946.6494378031,
          6148954.415219046
        ]
      }
    },
    {
      "type": "Feature",
      "properties": {
        "info": false,
        "cara": false,
        "regl": false,
        "tech": false,
        "projet": "Etat des lieux de la pêche artisanale",
        "id": null,
        "OBJECTID": 743,
        "BaselineID": 13,
        "GroupID": 0,
        "TransOrder": 401,
        "TransEdit": "1",
        "Azimuth": 160.699880833,
        "SHAPE_Leng": 151.626108068,
        "ShrCount": 8,
        "TCD": 23912.058333800003,
        "SCE": 2.53944400453,
        "NSM": -0.2558027324,
        "EPR": -0.0232547938545,
        "EPRunc": 1.28564869307,
        "LRR": 0.0626467734637,
        "LR2": 0.0834637838582,
        "LSE": 0.906165490638,
        "LCI99": 0.314211149409,
        "WLR": 0.0626467734653,
        "WR2": 0.0834637838618,
        "WSE": 0.0906165490639,
        "WCI99": 0.31421114941,
        "formule pr": -2.71203698687674,
        "LRR_moy": 0.026790452858567
      },
      "geometry": {
        "type": "Point",
        "coordinates": [
          713935.8580170448,
          6148944.800741685
        ]
      }
    },
    {
      "type": "Feature",
      "properties": {
        "info": false,
        "cara": false,
        "regl": false,
        "tech": false,
        "projet": "Etat des lieux de la pêche artisanale",
        "id": null,
        "OBJECTID": 742,
        "BaselineID": 11,
        "GroupID": 0,
        "TransOrder": 359,
        "TransEdit": "1",
        "Azimuth": 188.271668089,
        "SHAPE_Leng": 152.635850897,
        "ShrCount": 8,
        "TCD": 20563.0792508,
        "SCE": 4.139591934480001,
        "NSM": -3.63263128813,
        "EPR": -0.330239208011,
        "EPRunc": 1.28564869307,
        "LRR": -0.240158770478,
        "LR2": 0.482809258398,
        "LSE": 1.08497331817,
        "LCI99": 0.376212421354,
        "WLR": -0.24015877048,
        "WR2": 0.482809258408,
        "WSE": 0.108497331816,
        "WCI99": 0.376212421351,
        "formule pr": -10.9321802431741,
        "LRR_moy": -0.221075988279667
      },
      "geometry": {
        "type": "Point",
        "coordinates": [
          713237.1645326366,
          6151002.125181787
        ]
      }
    },
    {
      "type": "Feature",
      "properties": {
        "info": false,
        "cara": false,
        "regl": false,
        "tech": false,
        "projet": "Etat des lieux de la pêche artisanale",
        "id": null,
        "OBJECTID": 741,
        "BaselineID": 11,
        "GroupID": 0,
        "TransOrder": 360,
        "TransEdit": "1",
        "Azimuth": 184.374326838,
        "SHAPE_Leng": 155.978401432,
        "ShrCount": 8,
        "TCD": 20585.248907499998,
        "SCE": 3.85603621511,
        "NSM": -2.57033027983,
        "EPR": -0.233666389075,
        "EPRunc": 1.28564869307,
        "LRR": -0.189193771538,
        "LR2": 0.325285272871,
        "LSE": 1.18937213516,
        "LCI99": 0.412412511317,
        "WLR": -0.18919377154,
        "WR2": 0.325285272879,
        "WSE": 0.118937213515,
        "WCI99": 0.412412511314,
        "formule pr": -10.7401887250241,
        "LRR_moy": -0.214676271008
      },
      "geometry": {
        "type": "Point",
        "coordinates": [
          713249.5408306409,
          6151006.378589758
        ]
      }
    },
    {
      "type": "Feature",
      "properties": {
        "info": false,
        "cara": false,
        "regl": false,
        "tech": false,
        "projet": "Etat des lieux de la pêche artisanale",
        "id": null,
        "OBJECTID": 740,
        "BaselineID": 7,
        "GroupID": 0,
        "TransOrder": 233,
        "TransEdit": "1",
        "Azimuth": 311.920748739,
        "SHAPE_Leng": 151.766985069,
        "ShrCount": 8,
        "TCD": 14045.4563397,
        "SCE": 8.29229986162,
        "NSM": 0.313672024212,
        "EPR": 0.0285156385648,
        "EPRunc": 1.28564869307,
        "LRR": -0.355906886315,
        "LR2": 0.28472347487,
        "LSE": 2.46232157221,
        "LCI99": 0.853805292094,
        "WLR": -0.35590688632,
        "WR2": 0.284723474878,
        "WSE": 0.24623215722,
        "WCI99": 0.85380529209,
        "formule pr": -20.2728154423252,
        "LRR_moy": -0.375757939376
      },
      "geometry": {
        "type": "Point",
        "coordinates": [
          710520.7319270221,
          6154281.452925023
        ]
      }
    },
    {
      "type": "Feature",
      "properties": {
        "info": false,
        "cara": false,
        "regl": false,
        "tech": false,
        "projet": "Etat des lieux de la pêche artisanale",
        "id": null,
        "OBJECTID": 739,
        "BaselineID": 15,
        "GroupID": 0,
        "TransOrder": 446,
        "TransEdit": "1",
        "Azimuth": 266.47139847,
        "SHAPE_Leng": 152.895201049,
        "ShrCount": 8,
        "TCD": 34387.5666108,
        "SCE": 7.99251398133,
        "NSM": 0.137702714054,
        "EPR": 0.0125184285504,
        "EPRunc": 1.28564869307,
        "LRR": -0.282473894318,
        "LR2": 0.191551708856,
        "LSE": 2.53305404624,
        "LCI99": 0.878331642075,
        "WLR": -0.282473894316,
        "WR2": 0.191551708852,
        "WSE": 0.253305404624,
        "WCI99": 0.878331642078,
        "formule pr": -16.0244032935945,
        "LRR_moy": -0.247196032631
      },
      "geometry": {
        "type": "Point",
        "coordinates": [
          710228.228765691,
          6155944.1316602435
        ]
      }
    },
    {
      "type": "Feature",
      "properties": {
        "info": false,
        "cara": false,
        "regl": false,
        "tech": false,
        "projet": "Etat des lieux de la pêche artisanale",
        "id": null,
        "OBJECTID": 738,
        "BaselineID": 15,
        "GroupID": 0,
        "TransOrder": 444,
        "TransEdit": "1",
        "Azimuth": 220.961114457,
        "SHAPE_Leng": 154.199833446,
        "ShrCount": 8,
        "TCD": 34331.3350072,
        "SCE": 4.59761690265,
        "NSM": -2.95119193421,
        "EPR": -0.268290175837,
        "EPRunc": 1.28564869307,
        "LRR": -0.276713606072,
        "LR2": 0.47368191359,
        "LSE": 1.27319314132,
        "LCI99": 0.441477284764,
        "WLR": -0.276713606076,
        "WR2": 0.4736819136,
        "WSE": 0.127319314131,
        "WCI99": 0.44147728476,
        "formule pr": -22.2022598127138,
        "LRR_moy": -0.387868546383
      },
      "geometry": {
        "type": "Point",
        "coordinates": [
          710145.9491064089,
          6156087.081132766
        ]
      }
    },
    {
      "type": "Feature",
      "properties": {
        "info": false,
        "cara": false,
        "regl": false,
        "tech": false,
        "projet": "Etat des lieux de la pêche artisanale",
        "id": null,
        "OBJECTID": 737,
        "BaselineID": 3,
        "GroupID": 0,
        "TransOrder": 143,
        "TransEdit": "1",
        "Azimuth": 192.735723723,
        "SHAPE_Leng": 153.229871471,
        "ShrCount": 8,
        "TCD": 6724.5402813,
        "SCE": 3.79315514519,
        "NSM": -1.91532663314,
        "EPR": -0.174120603013,
        "EPRunc": 1.28564869307,
        "LRR": -0.0967032357822,
        "LR2": 0.107320239657,
        "LSE": 1.21739373902,
        "LCI99": 0.422128948821,
        "WLR": -0.096703235787,
        "WR2": 0.107320239667,
        "WSE": 0.121739373901,
        "WCI99": 0.422128948818,
        "formule pr": -6.51671822962844,
        "LRR_moy": -0.1131095135641
      },
      "geometry": {
        "type": "Point",
        "coordinates": [
          708390.8533723126,
          6158276.572325389
        ]
      }
    },
    {
      "type": "Feature",
      "properties": {
        "info": false,
        "cara": false,
        "regl": false,
        "tech": false,
        "projet": "Etat des lieux de la pêche artisanale",
        "id": null,
        "OBJECTID": 736,
        "BaselineID": 3,
        "GroupID": 0,
        "TransOrder": 130,
        "TransEdit": "1",
        "Azimuth": 225.778344751,
        "SHAPE_Leng": 154.93727325,
        "ShrCount": 8,
        "TCD": 6348.16309127,
        "SCE": 4.20747109826,
        "NSM": 1.87130293899,
        "EPR": 0.170118448999,
        "EPRunc": 1.28564869307,
        "LRR": -0.0582728596844,
        "LR2": 0.0305985730182,
        "LSE": 1.4316953101,
        "LCI99": 0.496437608405,
        "WLR": -0.0582728596941,
        "WR2": 0.0305985730284,
        "WSE": 0.143169531009,
        "WCI99": 0.496437608401,
        "formule pr": -6.36007469492601,
        "LRR_moy": -0.0556086941523
      },
      "geometry": {
        "type": "Point",
        "coordinates": [
          708147.0705776683,
          6158219.567396292
        ]
      }
    },
    {
      "type": "Feature",
      "properties": {
        "info": false,
        "cara": false,
        "regl": false,
        "tech": false,
        "projet": "Etat des lieux de la pêche artisanale",
        "id": null,
        "OBJECTID": 735,
        "BaselineID": 3,
        "GroupID": 0,
        "TransOrder": 128,
        "TransEdit": "1",
        "Azimuth": 146.938227696,
        "SHAPE_Leng": 160.340785759,
        "ShrCount": 8,
        "TCD": 6303.93580399,
        "SCE": 5.5393991442,
        "NSM": 1.13374602897,
        "EPR": 0.103067820815,
        "EPRunc": 1.28564869307,
        "LRR": -0.0967733015168,
        "LR2": 0.0507981948039,
        "LSE": 1.82597037143,
        "LCI99": 0.633151731247,
        "WLR": -0.0967733015202,
        "WR2": 0.0507981948075,
        "WSE": 0.182597037143,
        "WCI99": 0.633151731246,
        "formule pr": -9.02762752703086,
        "LRR_moy": -0.0922922242495
      },
      "geometry": {
        "type": "Point",
        "coordinates": [
          707921.5385523714,
          6158270.158591986
        ]
      }
    },
    {
      "type": "Feature",
      "properties": {
        "info": false,
        "cara": false,
        "regl": false,
        "tech": false,
        "projet": "Etat des lieux de la pêche artisanale",
        "id": null,
        "OBJECTID": 734,
        "BaselineID": 3,
        "GroupID": 0,
        "TransOrder": 129,
        "TransEdit": "1",
        "Azimuth": 149.444366012,
        "SHAPE_Leng": 171.822745932,
        "ShrCount": 8,
        "TCD": 6309.71764578,
        "SCE": 7.19492963933,
        "NSM": 1.7375577489,
        "EPR": 0.157959795355,
        "EPRunc": 1.28564869307,
        "LRR": -0.0802890379416,
        "LR2": 0.0183226610219,
        "LSE": 2.56524821413,
        "LCI99": 0.889494908169,
        "WLR": -0.0802890379419,
        "WR2": 0.018322661022,
        "WSE": 0.256524821413,
        "WCI99": 0.88949490817,
        "formule pr": -8.91479589142186,
        "LRR_moy": -0.0885311697292
      },
      "geometry": {
        "type": "Point",
        "coordinates": [
          707925.6677517509,
          6158288.093255494
        ]
      }
    },
    {
      "type": "Feature",
      "properties": {
        "info": false,
        "cara": false,
        "regl": false,
        "tech": false,
        "projet": "Etat des lieux de la pêche artisanale",
        "id": null,
        "OBJECTID": 733,
        "BaselineID": 3,
        "GroupID": 0,
        "TransOrder": 127,
        "TransEdit": "1",
        "Azimuth": 145.453135198,
        "SHAPE_Leng": 154.858566399,
        "ShrCount": 8,
        "TCD": 6293.06719055,
        "SCE": 4.8150081682,
        "NSM": 0.819210874393,
        "EPR": 0.0744737158539,
        "EPRunc": 1.28564869307,
        "LRR": -0.0998143332901,
        "LR2": 0.0775566201181,
        "LSE": 1.50257570564,
        "LCI99": 0.521015249888,
        "WLR": -0.0998143332908,
        "WR2": 0.0775566201193,
        "WSE": 0.150257570564,
        "WCI99": 0.521015249888,
        "formule pr": -9.20767532164936,
        "LRR_moy": -0.09829381740345
      },
      "geometry": {
        "type": "Point",
        "coordinates": [
          707912.2300000455,
          6158257.266029289
        ]
      }
    },
    {
      "type": "Feature",
      "properties": {
        "info": false,
        "cara": false,
        "regl": false,
        "tech": false,
        "projet": "Etat des lieux de la pêche artisanale",
        "id": null,
        "OBJECTID": 732,
        "BaselineID": 2,
        "GroupID": 0,
        "TransOrder": 115,
        "TransEdit": "1",
        "Azimuth": 177.293146246,
        "SHAPE_Leng": 151.402450464,
        "ShrCount": 8,
        "TCD": 5372.91299951,
        "SCE": 2.20684866041,
        "NSM": -0.537497172315,
        "EPR": -0.0488633793014,
        "EPRunc": 1.28564869307,
        "LRR": -0.0199656576285,
        "LR2": 0.0125462462137,
        "LSE": 0.773157778475,
        "LCI99": 0.268090979803,
        "WLR": -0.0199656576304,
        "WR2": 0.0125462462161,
        "WSE": 0.0773157778476,
        "WCI99": 0.268090979804,
        "formule pr": -8.02616607150846,
        "LRR_moy": -0.01974628103915
      },
      "geometry": {
        "type": "Point",
        "coordinates": [
          707322.8610257027,
          6158315.373997011
        ]
      }
    },
    {
      "type": "Feature",
      "properties": {
        "info": false,
        "cara": false,
        "regl": false,
        "tech": false,
        "projet": "Etat des lieux de la pêche artisanale",
        "id": null,
        "OBJECTID": 731,
        "BaselineID": 2,
        "GroupID": 0,
        "TransOrder": 114,
        "TransEdit": "1",
        "Azimuth": 159.229555792,
        "SHAPE_Leng": 153.619083756,
        "ShrCount": 8,
        "TCD": 5258.27954676,
        "SCE": 3.880188306,
        "NSM": 0.145639472587,
        "EPR": 0.0132399520533,
        "EPRunc": 1.28564869307,
        "LRR": -0.107069851561,
        "LR2": 0.0991991113467,
        "LSE": 1.40835047051,
        "LCI99": 0.488342829959,
        "WLR": -0.10706985156,
        "WR2": 0.0991991113429,
        "WSE": 0.140835047051,
        "WCI99": 0.488342829961,
        "formule pr": -12.2048329325482,
        "LRR_moy": -0.1459819477245
      },
      "geometry": {
        "type": "Point",
        "coordinates": [
          707179.6120252492,
          6158253.6638801405
        ]
      }
    },
    {
      "type": "Feature",
      "properties": {
        "info": false,
        "cara": false,
        "regl": false,
        "tech": false,
        "projet": "Etat des lieux de la pêche artisanale",
        "id": null,
        "OBJECTID": 730,
        "BaselineID": 2,
        "GroupID": 0,
        "TransOrder": 110,
        "TransEdit": "1",
        "Azimuth": 187.758510266,
        "SHAPE_Leng": 153.02733414,
        "ShrCount": 8,
        "TCD": 5112.436849379999,
        "SCE": 5.10883548629,
        "NSM": 1.9383692657,
        "EPR": 0.176215387791,
        "EPRunc": 1.28564869307,
        "LRR": -0.0536607714675,
        "LR2": 0.0175132785043,
        "LSE": 1.75436340773,
        "LCI99": 0.608322153647,
        "WLR": -0.0536607714721,
        "WR2": 0.0175132785072,
        "WSE": 0.175436340773,
        "WCI99": 0.608322153646,
        "formule pr": -11.8076742868912,
        "LRR_moy": -0.1327433262026
      },
      "geometry": {
        "type": "Point",
        "coordinates": [
          707110.4276184341,
          6158247.583580015
        ]
      }
    },
    {
      "type": "Feature",
      "properties": {
        "info": false,
        "cara": false,
        "regl": false,
        "tech": false,
        "projet": "Etat des lieux de la pêche artisanale",
        "id": null,
        "OBJECTID": 729,
        "BaselineID": 2,
        "GroupID": 0,
        "TransOrder": 85,
        "TransEdit": "1",
        "Azimuth": 336.431799508,
        "SHAPE_Leng": 169.389997238,
        "ShrCount": 8,
        "TCD": 4124.88975072,
        "SCE": 6.23499748953,
        "NSM": -0.317316683991,
        "EPR": -0.0288469712719,
        "EPRunc": 1.28564869307,
        "LRR": -0.29819659853,
        "LR2": 0.334113819799,
        "LSE": 1.83754717203,
        "LCI99": 0.637165964697,
        "WLR": -0.298196598531,
        "WR2": 0.3341138198,
        "WSE": 0.183754717203,
        "WCI99": 0.637165964697,
        "formule pr": -16.2220274788739,
        "LRR_moy": -0.3190500991355
      },
      "geometry": {
        "type": "Point",
        "coordinates": [
          707161.1357639141,
          6158646.043274096
        ]
      }
    },
    {
      "type": "Feature",
      "properties": {
        "info": false,
        "cara": false,
        "regl": false,
        "tech": false,
        "projet": "Etat des lieux de la pêche artisanale",
        "id": null,
        "OBJECTID": 728,
        "BaselineID": 2,
        "GroupID": 0,
        "TransOrder": 84,
        "TransEdit": "1",
        "Azimuth": 340.786244909,
        "SHAPE_Leng": 157.646273013,
        "ShrCount": 8,
        "TCD": 4067.77427548,
        "SCE": 5.52593507781,
        "NSM": -0.491333355378,
        "EPR": -0.0446666686707,
        "EPRunc": 1.28564869307,
        "LRR": -0.218946943743,
        "LR2": 0.268741643334,
        "LSE": 1.57648504257,
        "LCI99": 0.546643170998,
        "WLR": -0.218946943741,
        "WR2": 0.268741643327,
        "WSE": 0.157648504258,
        "WCI99": 0.546643171001,
        "formule pr": -12.9715562913169,
        "LRR_moy": -0.210701059550267
      },
      "geometry": {
        "type": "Point",
        "coordinates": [
          707193.6072526119,
          6158682.838001441
        ]
      }
    },
    {
      "type": "Feature",
      "properties": {
        "info": false,
        "cara": false,
        "regl": false,
        "tech": false,
        "projet": "Etat des lieux de la pêche artisanale",
        "id": null,
        "OBJECTID": 727,
        "BaselineID": 1,
        "GroupID": 0,
        "TransOrder": 65,
        "TransEdit": "1",
        "Azimuth": 258.268525731,
        "SHAPE_Leng": 156.754809545,
        "ShrCount": 8,
        "TCD": 2213.75301447,
        "SCE": 8.3104869232,
        "NSM": 3.38933916947,
        "EPR": 0.308121742679,
        "EPRunc": 1.28564869307,
        "LRR": -0.0918536627664,
        "LR2": 0.0197680472871,
        "LSE": 2.82333265566,
        "LCI99": 0.978985194278,
        "WLR": -0.0918536627723,
        "WR2": 0.0197680472896,
        "WSE": 0.282333265566,
        "WCI99": 0.978985194277,
        "formule pr": -7.739282116373009,
        "LRR_moy": -0.1015822748672
      },
      "geometry": {
        "type": "Point",
        "coordinates": [
          705942.8488637325,
          6159468.400112735
        ]
      }
    },
    {
      "type": "Feature",
      "properties": {
        "info": false,
        "cara": false,
        "regl": false,
        "tech": false,
        "projet": "Etat des lieux de la pêche artisanale",
        "id": null,
        "OBJECTID": 726,
        "BaselineID": 1,
        "GroupID": 0,
        "TransOrder": 64,
        "TransEdit": "1",
        "Azimuth": 188.563333065,
        "SHAPE_Leng": 163.479968679,
        "ShrCount": 8,
        "TCD": 1989.57795534,
        "SCE": 4.46845472061,
        "NSM": -4.46845472061,
        "EPR": -0.406223156419,
        "EPRunc": 1.28564869307,
        "LRR": -0.18253330235,
        "LR2": 0.225003970913,
        "LSE": 1.47869903274,
        "LCI99": 0.512736059261,
        "WLR": -0.182533302351,
        "WR2": 0.225003970916,
        "WSE": 0.147869903274,
        "WCI99": 0.51273605926,
        "formule pr": -11.2392491291559,
        "LRR_moy": -0.166012944320333
      },
      "geometry": {
        "type": "Point",
        "coordinates": [
          705645.7645432607,
          6159558.1835025605
        ]
      }
    },
    {
      "type": "Feature",
      "properties": {
        "info": false,
        "cara": false,
        "regl": false,
        "tech": false,
        "projet": "Etat des lieux de la pêche artisanale",
        "id": null,
        "OBJECTID": 90,
        "BaselineID": 1,
        "GroupID": 0,
        "TransOrder": 59,
        "TransEdit": "0",
        "Azimuth": 175.16126289,
        "SHAPE_Leng": 151.545457049,
        "ShrCount": 8,
        "TCD": 1900.0,
        "SCE": 2.57928076046,
        "NSM": 1.11697862895,
        "EPR": 0.101543511722,
        "EPRunc": 1.28564869307,
        "LRR": 0.0513244275589,
        "LR2": 0.0553057104544,
        "LSE": 0.925907926371,
        "LCI99": 0.321056801211,
        "WLR": 0.0513244275561,
        "WR2": 0.0553057104482,
        "WSE": 0.0925907926375,
        "WCI99": 0.321056801212,
        "formule pr": -7.75693671887946,
        "LRR_moy": -0.049935863977787
      },
      "geometry": {
        "type": "Point",
        "coordinates": [
          705523.655447867,
          6159549.509907293
        ]
      }
    },
    {
      "type": "Feature",
      "properties": {
        "info": false,
        "cara": false,
        "regl": false,
        "tech": false,
        "projet": "Etat des lieux de la pêche artisanale",
        "id": null,
        "OBJECTID": 89,
        "BaselineID": 1,
        "GroupID": 0,
        "TransOrder": 58,
        "TransEdit": "0",
        "Azimuth": 180.352721186,
        "SHAPE_Leng": 152.035903035,
        "ShrCount": 8,
        "TCD": 1880.0,
        "SCE": 3.38258157377,
        "NSM": -0.016985805301,
        "EPR": -0.00154416411827,
        "EPRunc": 1.28564869307,
        "LRR": -0.00740632576626,
        "LR2": 0.000599506979984,
        "LSE": 1.31995309513,
        "LCI99": 0.457691209247,
        "WLR": -0.00740632577057,
        "WR2": 0.00059950698068,
        "WSE": 0.131995309514,
        "WCI99": 0.457691209248,
        "formule pr": -9.04342188931946,
        "LRR_moy": -0.092818702992453
      },
      "geometry": {
        "type": "Point",
        "coordinates": [
          705517.244013125,
          6159548.708528247
        ]
      }
    },
    {
      "type": "Feature",
      "properties": {
        "info": false,
        "cara": false,
        "regl": false,
        "tech": false,
        "projet": "Etat des lieux de la pêche artisanale",
        "id": null,
        "OBJECTID": 88,
        "BaselineID": 1,
        "GroupID": 0,
        "TransOrder": 57,
        "TransEdit": "0",
        "Azimuth": 176.450953349,
        "SHAPE_Leng": 159.816689408,
        "ShrCount": 4,
        "TCD": 1860.0,
        "SCE": 5.064795304,
        "NSM": -1.82772243314,
        "EPR": -0.166156584831,
        "EPRunc": 1.28564869307,
        "LRR": -0.32237421077,
        "LR2": 0.611457306652,
        "LSE": 1.67817361407,
        "LCI99": 1.80345475814,
        "WLR": -0.32237421077,
        "WR2": 0.611457306653,
        "WSE": 0.167817361407,
        "WCI99": 1.80345475813,
        "formule pr": -11.2055688475898,
        "LRR_moy": -0.16489026826813
      },
      "geometry": {
        "type": "Point",
        "coordinates": [
          705486.6865523709,
          6159556.981161266
        ]
      }
    },
    {
      "type": "Feature",
      "properties": {
        "info": false,
        "cara": false,
        "regl": false,
        "tech": false,
        "projet": "Etat des lieux de la pêche artisanale",
        "id": null,
        "OBJECTID": 85,
        "BaselineID": 1,
        "GroupID": 0,
        "TransOrder": 56,
        "TransEdit": "0",
        "Azimuth": 151.324968021,
        "SHAPE_Leng": 150.61421615,
        "ShrCount": 7,
        "TCD": 1760.00000001,
        "SCE": 3.16583757925,
        "NSM": -0.784079188439,
        "EPR": -0.0712799262217,
        "EPRunc": 1.28564869307,
        "LRR": -0.0146314673429,
        "LR2": 0.0039998724641,
        "LSE": 1.1039085954,
        "LCI99": 0.416337403431,
        "WLR": -0.0146314673441,
        "WR2": 0.00399987246496,
        "WSE": 0.11039085954,
        "WCI99": 0.41633740342,
        "formule pr": -6.33483089202346,
        "LRR_moy": -0.00253233641592
      },
      "geometry": {
        "type": "Point",
        "coordinates": [
          705342.4894877167,
          6159493.921359572
        ]
      }
    },
    {
      "type": "Feature",
      "properties": {
        "info": false,
        "cara": false,
        "regl": false,
        "tech": false,
        "projet": "Etat des lieux de la pêche artisanale",
        "id": null,
        "OBJECTID": 83,
        "BaselineID": 1,
        "GroupID": 0,
        "TransOrder": 55,
        "TransEdit": "0",
        "Azimuth": 163.815669539,
        "SHAPE_Leng": 150.556203086,
        "ShrCount": 8,
        "TCD": 1720.0,
        "SCE": 3.32553696241,
        "NSM": -0.805340163234,
        "EPR": -0.0732127421122,
        "EPRunc": 1.28564869307,
        "LRR": 0.00956679451106,
        "LR2": 0.00159723499421,
        "LSE": 1.04404196495,
        "LCI99": 0.36201955297,
        "WLR": 0.00956679451246,
        "WR2": 0.00159723499468,
        "WSE": 0.104404196495,
        "WCI99": 0.362019552971,
        "formule pr": -6.43649042520826,
        "LRR_moy": -0.00592098752208
      },
      "geometry": {
        "type": "Point",
        "coordinates": [
          705334.8711245594,
          6159491.744647692
        ]
      }
    },
    {
      "type": "Feature",
      "properties": {
        "info": false,
        "cara": false,
        "regl": false,
        "tech": false,
        "projet": "Etat des lieux de la pêche artisanale",
        "id": null,
        "OBJECTID": 81,
        "BaselineID": 1,
        "GroupID": 0,
        "TransOrder": 54,
        "TransEdit": "0",
        "Azimuth": 173.485042217,
        "SHAPE_Leng": 150.175176549,
        "ShrCount": 8,
        "TCD": 1680.0,
        "SCE": 2.36190222251,
        "NSM": -0.510959209341,
        "EPR": -0.0464508372128,
        "EPRunc": 1.28564869307,
        "LRR": -0.0126982897344,
        "LR2": 0.00395742779865,
        "LSE": 0.879347864129,
        "LCI99": 0.304912188748,
        "WLR": -0.012698289737,
        "WR2": 0.00395742780025,
        "WSE": 0.0879347864126,
        "WCI99": 0.304912188747,
        "formule pr": -6.85113569146926,
        "LRR_moy": -0.019742496397447
      },
      "geometry": {
        "type": "Point",
        "coordinates": [
          705319.8758815376,
          6159489.66040589
        ]
      }
    },
    {
      "type": "Feature",
      "properties": {
        "info": false,
        "cara": false,
        "regl": false,
        "tech": false,
        "projet": "Etat des lieux de la pêche artisanale",
        "id": null,
        "OBJECTID": 80,
        "BaselineID": 1,
        "GroupID": 0,
        "TransOrder": 53,
        "TransEdit": "0",
        "Azimuth": 177.581850573,
        "SHAPE_Leng": 150.078365381,
        "ShrCount": 8,
        "TCD": 1660.0,
        "SCE": 2.2315252602,
        "NSM": -0.719836407035,
        "EPR": -0.0654396733668,
        "EPRunc": 1.28564869307,
        "LRR": -0.056095993969,
        "LR2": 0.103255453369,
        "LSE": 0.721593730758,
        "LCI99": 0.250211244955,
        "WLR": -0.0560959939714,
        "WR2": 0.103255453378,
        "WSE": 0.0721593730752,
        "WCI99": 0.250211244953,
        "formule pr": -8.21844306241986,
        "LRR_moy": -0.065319408762467
      },
      "geometry": {
        "type": "Point",
        "coordinates": [
          705310.4678799544,
          6159489.371878529
        ]
      }
    },
    {
      "type": "Feature",
      "properties": {
        "info": false,
        "cara": false,
        "regl": false,
        "tech": false,
        "projet": "Etat des lieux de la pêche artisanale",
        "id": null,
        "OBJECTID": 79,
        "BaselineID": 1,
        "GroupID": 0,
        "TransOrder": 52,
        "TransEdit": "0",
        "Azimuth": 180.131319676,
        "SHAPE_Leng": 151.036795007,
        "ShrCount": 8,
        "TCD": 1640.00000002,
        "SCE": 2.53857342007,
        "NSM": -1.29377937388,
        "EPR": -0.117616306716,
        "EPRunc": 1.28564869307,
        "LRR": -0.127163942584,
        "LR2": 0.302531377951,
        "LSE": 0.842799247405,
        "LCI99": 0.292239025856,
        "WLR": -0.127163942589,
        "WR2": 0.302531377981,
        "WSE": 0.0842799247382,
        "WCI99": 0.292239025848,
        "formule pr": -10.8383313675759,
        "LRR_moy": -0.152649018934333
      },
      "geometry": {
        "type": "Point",
        "coordinates": [
          705297.0663816732,
          6159489.863124438
        ]
      }
    },
    {
      "type": "Feature",
      "properties": {
        "info": false,
        "cara": false,
        "regl": false,
        "tech": false,
        "projet": "Etat des lieux de la pêche artisanale",
        "id": null,
        "OBJECTID": 78,
        "BaselineID": 1,
        "GroupID": 0,
        "TransOrder": 51,
        "TransEdit": "0",
        "Azimuth": 182.763817919,
        "SHAPE_Leng": 150.940714312,
        "ShrCount": 8,
        "TCD": 1620.00000001,
        "SCE": 3.74831582243,
        "NSM": -1.85337533148,
        "EPR": -0.168488666498,
        "EPRunc": 1.28564869307,
        "LRR": -0.27468712025,
        "LR2": 0.517196290009,
        "LSE": 1.15845435275,
        "LCI99": 0.401691829445,
        "WLR": -0.27468712025,
        "WR2": 0.517196290011,
        "WSE": 0.115845435274,
        "WCI99": 0.401691829445,
        "formule pr": -12.5748566969959,
        "LRR_moy": -0.210533196581667
      },
      "geometry": {
        "type": "Point",
        "coordinates": [
          705283.9336239285,
          6159490.433276315
        ]
      }
    },
    {
      "type": "Feature",
      "properties": {
        "info": false,
        "cara": false,
        "regl": false,
        "tech": false,
        "projet": "Etat des lieux de la pêche artisanale",
        "id": null,
        "OBJECTID": 77,
        "BaselineID": 1,
        "GroupID": 0,
        "TransOrder": 50,
        "TransEdit": "0",
        "Azimuth": 184.846972568,
        "SHAPE_Leng": 151.389940953,
        "ShrCount": 8,
        "TCD": 1600.00000002,
        "SCE": 3.37254891854,
        "NSM": -1.24678731054,
        "EPR": -0.113344300958,
        "EPRunc": 1.28564869307,
        "LRR": -0.229748526911,
        "LR2": 0.453129462903,
        "LSE": 1.10170895213,
        "LCI99": 0.382015470397,
        "WLR": -0.229748526919,
        "WR2": 0.453129462931,
        "WSE": 0.11017089521,
        "WCI99": 0.382015470387,
        "formule pr": -13.5226044733459,
        "LRR_moy": -0.242124789126667
      },
      "geometry": {
        "type": "Point",
        "coordinates": [
          705269.3697358553,
          6159491.740097736
        ]
      }
    },
    {
      "type": "Feature",
      "properties": {
        "info": false,
        "cara": false,
        "regl": false,
        "tech": false,
        "projet": "Etat des lieux de la pêche artisanale",
        "id": null,
        "OBJECTID": 76,
        "BaselineID": 1,
        "GroupID": 0,
        "TransOrder": 49,
        "TransEdit": "0",
        "Azimuth": 187.196626639,
        "SHAPE_Leng": 152.455277881,
        "ShrCount": 8,
        "TCD": 1580.00000001,
        "SCE": 3.40142424073,
        "NSM": -0.772536930702,
        "EPR": -0.0702306300638,
        "EPRunc": 1.28564869307,
        "LRR": -0.221938720219,
        "LR2": 0.440238687467,
        "LSE": 1.09237925749,
        "LCI99": 0.378780416639,
        "WLR": -0.221938720219,
        "WR2": 0.440238687466,
        "WSE": 0.109237925749,
        "WCI99": 0.378780416639,
        "formule pr": -12.7535390089959,
        "LRR_moy": -0.216489273648333
      },
      "geometry": {
        "type": "Point",
        "coordinates": [
          705255.6257279712,
          6159493.652542127
        ]
      }
    },
    {
      "type": "Feature",
      "properties": {
        "info": false,
        "cara": false,
        "regl": false,
        "tech": false,
        "projet": "Etat des lieux de la pêche artisanale",
        "id": null,
        "OBJECTID": 75,
        "BaselineID": 1,
        "GroupID": 0,
        "TransOrder": 48,
        "TransEdit": "0",
        "Azimuth": 189.922085417,
        "SHAPE_Leng": 152.788360749,
        "ShrCount": 8,
        "TCD": 1559.99999999,
        "SCE": 3.50979631142,
        "NSM": -0.517429475918,
        "EPR": -0.0470390432653,
        "EPRunc": 1.28564869307,
        "LRR": -0.197780573815,
        "LR2": 0.367333460229,
        "LSE": 1.13298419424,
        "LCI99": 0.392860100734,
        "WLR": -0.197780573818,
        "WR2": 0.367333460239,
        "WSE": 0.113298419423,
        "WCI99": 0.392860100731,
        "formule pr": -12.5150963580459,
        "LRR_moy": -0.208541185283333
      },
      "geometry": {
        "type": "Point",
        "coordinates": [
          705242.8353357529,
          6159495.176805223
        ]
      }
    },
    {
      "type": "Feature",
      "properties": {
        "info": false,
        "cara": false,
        "regl": false,
        "tech": false,
        "projet": "Etat des lieux de la pêche artisanale",
        "id": null,
        "OBJECTID": 74,
        "BaselineID": 1,
        "GroupID": 0,
        "TransOrder": 47,
        "TransEdit": "0",
        "Azimuth": 194.343389938,
        "SHAPE_Leng": 152.768735424,
        "ShrCount": 8,
        "TCD": 1540.0,
        "SCE": 4.13618299035,
        "NSM": -0.89883552311,
        "EPR": -0.0817123202827,
        "EPRunc": 1.28564869307,
        "LRR": -0.205904261816,
        "LR2": 0.298710773978,
        "LSE": 1.3771191136,
        "LCI99": 0.47751341673,
        "WLR": -0.205904261818,
        "WR2": 0.298710773984,
        "WSE": 0.137711911359,
        "WCI99": 0.477513416729,
        "formule pr": -12.4244801191959,
        "LRR_moy": -0.205520643988333
      },
      "geometry": {
        "type": "Point",
        "coordinates": [
          705234.3897381902,
          6159496.208716624
        ]
      }
    },
    {
      "type": "Feature",
      "properties": {
        "info": false,
        "cara": false,
        "regl": false,
        "tech": false,
        "projet": "Etat des lieux de la pêche artisanale",
        "id": null,
        "OBJECTID": 72,
        "BaselineID": 1,
        "GroupID": 0,
        "TransOrder": 46,
        "TransEdit": "0",
        "Azimuth": 204.28443271,
        "SHAPE_Leng": 152.662233755,
        "ShrCount": 8,
        "TCD": 1500.0,
        "SCE": 4.95358594531,
        "NSM": 0.343995993447,
        "EPR": 0.0312723630406,
        "EPRunc": 1.28564869307,
        "LRR": -0.212877096334,
        "LR2": 0.295304219188,
        "LSE": 1.4354166446,
        "LCI99": 0.497727974017,
        "WLR": -0.212877096337,
        "WR2": 0.295304219197,
        "WSE": 0.143541664459,
        "WCI99": 0.497727974014,
        "formule pr": -11.7543090616659,
        "LRR_moy": -0.183181608737333
      },
      "geometry": {
        "type": "Point",
        "coordinates": [
          705221.4714301896,
          6159501.735126736
        ]
      }
    },
    {
      "type": "Feature",
      "properties": {
        "info": false,
        "cara": false,
        "regl": false,
        "tech": false,
        "projet": "Etat des lieux de la pêche artisanale",
        "id": null,
        "OBJECTID": 71,
        "BaselineID": 1,
        "GroupID": 0,
        "TransOrder": 45,
        "TransEdit": "0",
        "Azimuth": 203.967336533,
        "SHAPE_Leng": 156.209231623,
        "ShrCount": 8,
        "TCD": 1480.00000001,
        "SCE": 3.65408701587,
        "NSM": 0.27943236968,
        "EPR": 0.0254029426981,
        "EPRunc": 1.28564869307,
        "LRR": -0.130763468062,
        "LR2": 0.166517060966,
        "LSE": 1.27699280258,
        "LCI99": 0.442794810034,
        "WLR": -0.130763468061,
        "WR2": 0.166517060963,
        "WSE": 0.127699280258,
        "WCI99": 0.442794810035,
        "formule pr": -11.4134692654859,
        "LRR_moy": -0.171820282198
      },
      "geometry": {
        "type": "Point",
        "coordinates": [
          705204.4625899235,
          6159514.643583385
        ]
      }
    },
    {
      "type": "Feature",
      "properties": {
        "info": false,
        "cara": false,
        "regl": false,
        "tech": false,
        "projet": "Etat des lieux de la pêche artisanale",
        "id": null,
        "OBJECTID": 66,
        "BaselineID": 1,
        "GroupID": 0,
        "TransOrder": 44,
        "TransEdit": "0",
        "Azimuth": 183.881644352,
        "SHAPE_Leng": 150.144253286,
        "ShrCount": 7,
        "TCD": 1320.0,
        "SCE": 3.05931944083,
        "NSM": 2.28604743792,
        "EPR": 0.207822494356,
        "EPRunc": 1.28564869307,
        "LRR": 0.0210211740718,
        "LR2": 0.00597187960034,
        "LSE": 1.27345451524,
        "LCI99": 0.489048244344,
        "WLR": 0.0210211740739,
        "WR2": 0.00597187960191,
        "WSE": 0.127345451524,
        "WCI99": 0.489048244327,
        "formule pr": -7.12294384524436,
        "LRR_moy": -0.02880276818995
      },
      "geometry": {
        "type": "Point",
        "coordinates": [
          705007.9710859082,
          6159514.24927108
        ]
      }
    },
    {
      "type": "Feature",
      "properties": {
        "info": false,
        "cara": false,
        "regl": false,
        "tech": false,
        "projet": "Etat des lieux de la pêche artisanale",
        "id": null,
        "OBJECTID": 64,
        "BaselineID": 1,
        "GroupID": 0,
        "TransOrder": 43,
        "TransEdit": "0",
        "Azimuth": 193.464203744,
        "SHAPE_Leng": 149.93263092,
        "ShrCount": 8,
        "TCD": 1280.0,
        "SCE": 3.08851647154,
        "NSM": 0.462985301671,
        "EPR": 0.0420895728792,
        "EPRunc": 1.28564869307,
        "LRR": -0.0786267104517,
        "LR2": 0.117777195948,
        "LSE": 0.939315894433,
        "LCI99": 0.325705988472,
        "WLR": -0.0786267104548,
        "WR2": 0.117777195957,
        "WSE": 0.0939315894429,
        "WCI99": 0.325705988472,
        "formule pr": -6.82986649296773,
        "LRR_moy": -0.019033523114062
      },
      "geometry": {
        "type": "Point",
        "coordinates": [
          704993.1820290193,
          6159516.564721534
        ]
      }
    },
    {
      "type": "Feature",
      "properties": {
        "info": false,
        "cara": false,
        "regl": false,
        "tech": false,
        "projet": "Etat des lieux de la pêche artisanale",
        "id": null,
        "OBJECTID": 63,
        "BaselineID": 1,
        "GroupID": 0,
        "TransOrder": 42,
        "TransEdit": "0",
        "Azimuth": 197.505704999,
        "SHAPE_Leng": 149.980061353,
        "ShrCount": 8,
        "TCD": 1260.0,
        "SCE": 3.86329222355,
        "NSM": 2.06888235851,
        "EPR": 0.18808021441,
        "EPRunc": 1.28564869307,
        "LRR": 0.000504967037713,
        "LR2": 2.349559322e-06,
        "LSE": 1.43797833508,
        "LCI99": 0.498616235289,
        "WLR": 0.000504967035553,
        "WR2": 2.349559302e-06,
        "WSE": 0.143797833508,
        "WCI99": 0.498616235289,
        "formule pr": -6.83660463269973,
        "LRR_moy": -0.019258127771796
      },
      "geometry": {
        "type": "Point",
        "coordinates": [
          704983.9299573682,
          6159518.685317716
        ]
      }
    },
    {
      "type": "Feature",
      "properties": {
        "info": false,
        "cara": false,
        "regl": false,
        "tech": false,
        "projet": "Etat des lieux de la pêche artisanale",
        "id": null,
        "OBJECTID": 62,
        "BaselineID": 1,
        "GroupID": 0,
        "TransOrder": 41,
        "TransEdit": "0",
        "Azimuth": 200.905998035,
        "SHAPE_Leng": 149.948200904,
        "ShrCount": 8,
        "TCD": 1240.0,
        "SCE": 4.69777589542,
        "NSM": 2.03747765753,
        "EPR": 0.185225241593,
        "EPRunc": 1.28564869307,
        "LRR": 0.0203473600986,
        "LR2": 0.00271087071992,
        "LSE": 1.70352001581,
        "LCI99": 0.590692304815,
        "WLR": 0.0203473600967,
        "WR2": 0.00271087071941,
        "WSE": 0.170352001581,
        "WCI99": 0.590692304815,
        "formule pr": -6.76991380043773,
        "LRR_moy": -0.017035100029729
      },
      "geometry": {
        "type": "Point",
        "coordinates": [
          704973.2589350407,
          6159522.021319226
        ]
      }
    },
    {
      "type": "Feature",
      "properties": {
        "info": false,
        "cara": false,
        "regl": false,
        "tech": false,
        "projet": "Etat des lieux de la pêche artisanale",
        "id": null,
        "OBJECTID": 61,
        "BaselineID": 1,
        "GroupID": 0,
        "TransOrder": 40,
        "TransEdit": "0",
        "Azimuth": 203.648902364,
        "SHAPE_Leng": 150.038376874,
        "ShrCount": 8,
        "TCD": 1220.0,
        "SCE": 5.91376994806,
        "NSM": 0.240690214574,
        "EPR": 0.0218809285977,
        "EPRunc": 1.28564869307,
        "LRR": -0.0719576272255,
        "LR2": 0.0279054312307,
        "LSE": 1.85382935114,
        "LCI99": 0.642811779139,
        "WLR": -0.0719576272257,
        "WR2": 0.0279054312307,
        "WSE": 0.185382935115,
        "WCI99": 0.64281177914,
        "formule pr": -8.21833454379486,
        "LRR_moy": -0.065315791474967
      },
      "geometry": {
        "type": "Point",
        "coordinates": [
          704961.0616830855,
          6159526.279159928
        ]
      }
    },
    {
      "type": "Feature",
      "properties": {
        "info": false,
        "cara": false,
        "regl": false,
        "tech": false,
        "projet": "Etat des lieux de la pêche artisanale",
        "id": null,
        "OBJECTID": 60,
        "BaselineID": 1,
        "GroupID": 0,
        "TransOrder": 39,
        "TransEdit": "0",
        "Azimuth": 206.644003244,
        "SHAPE_Leng": 150.025483765,
        "ShrCount": 8,
        "TCD": 1200.0,
        "SCE": 5.09003499478,
        "NSM": -0.657938959161,
        "EPR": -0.059812632651,
        "EPRunc": 1.28564869307,
        "LRR": -0.144337107298,
        "LR2": 0.157556779226,
        "LSE": 1.45684316391,
        "LCI99": 0.505157578577,
        "WLR": -0.144337107298,
        "WR2": 0.157556779224,
        "WSE": 0.145684316391,
        "WCI99": 0.505157578578,
        "formule pr": -10.3906834263109,
        "LRR_moy": -0.137727420892167
      },
      "geometry": {
        "type": "Point",
        "coordinates": [
          704949.5866810309,
          6159530.853598783
        ]
      }
    },
    {
      "type": "Feature",
      "properties": {
        "info": false,
        "cara": false,
        "regl": false,
        "tech": false,
        "projet": "Etat des lieux de la pêche artisanale",
        "id": null,
        "OBJECTID": 59,
        "BaselineID": 1,
        "GroupID": 0,
        "TransOrder": 38,
        "TransEdit": "0",
        "Azimuth": 208.922247088,
        "SHAPE_Leng": 150.366086281,
        "ShrCount": 8,
        "TCD": 1180.0,
        "SCE": 5.2157625927,
        "NSM": -0.586602621368,
        "EPR": -0.0533275110335,
        "EPRunc": 1.28564869307,
        "LRR": -0.196887528153,
        "LR2": 0.220317813897,
        "LSE": 1.61672158301,
        "LCI99": 0.56059511438,
        "WLR": -0.196887528158,
        "WR2": 0.220317813907,
        "WSE": 0.1616721583,
        "WCI99": 0.560595114376,
        "formule pr": -11.3153009749559,
        "LRR_moy": -0.168548005847
      },
      "geometry": {
        "type": "Point",
        "coordinates": [
          704936.3386496978,
          6159536.162482501
        ]
      }
    },
    {
      "type": "Feature",
      "properties": {
        "info": false,
        "cara": false,
        "regl": false,
        "tech": false,
        "projet": "Etat des lieux de la pêche artisanale",
        "id": null,
        "OBJECTID": 58,
        "BaselineID": 1,
        "GroupID": 0,
        "TransOrder": 37,
        "TransEdit": "0",
        "Azimuth": 210.382556439,
        "SHAPE_Leng": 150.15874216,
        "ShrCount": 8,
        "TCD": 1160.00000001,
        "SCE": 5.82950078798,
        "NSM": -0.76233563169,
        "EPR": -0.0693032392446,
        "EPRunc": 1.28564869307,
        "LRR": -0.16441938209,
        "LR2": 0.135772263685,
        "LSE": 1.81069212562,
        "LCI99": 0.627854028755,
        "WLR": -0.164419382095,
        "WR2": 0.135772263693,
        "WSE": 0.181069212561,
        "WCI99": 0.627854028753,
        "formule pr": -11.6784644531909,
        "LRR_moy": -0.1806534551215
      },
      "geometry": {
        "type": "Point",
        "coordinates": [
          704921.9165023041,
          6159543.765073394
        ]
      }
    },
    {
      "type": "Feature",
      "properties": {
        "info": false,
        "cara": false,
        "regl": false,
        "tech": false,
        "projet": "Etat des lieux de la pêche artisanale",
        "id": null,
        "OBJECTID": 54,
        "BaselineID": 1,
        "GroupID": 0,
        "TransOrder": 36,
        "TransEdit": "0",
        "Azimuth": 201.495969708,
        "SHAPE_Leng": 169.211666047,
        "ShrCount": 8,
        "TCD": 1080.00000001,
        "SCE": 26.2162340913,
        "NSM": -9.95081804537,
        "EPR": -0.904619822306,
        "EPRunc": 1.28564869307,
        "LRR": -0.693000232808,
        "LR2": 0.11559327071,
        "LSE": 8.36712301371,
        "LCI99": 2.90128388969,
        "WLR": -0.693000232805,
        "WR2": 0.115593270709,
        "WSE": 0.836712301372,
        "WCI99": 2.9012838897,
        "formule pr": -23.9312354506959,
        "LRR_moy": -0.589079155038333
      },
      "geometry": {
        "type": "Point",
        "coordinates": [
          704831.0615395977,
          6159588.239196882
        ]
      }
    },
    {
      "type": "Feature",
      "properties": {
        "info": false,
        "cara": false,
        "regl": false,
        "tech": false,
        "projet": "Etat des lieux de la pêche artisanale",
        "id": null,
        "OBJECTID": 53,
        "BaselineID": 1,
        "GroupID": 0,
        "TransOrder": 35,
        "TransEdit": "0",
        "Azimuth": 199.920857098,
        "SHAPE_Leng": 169.257692161,
        "ShrCount": 8,
        "TCD": 1060.00000001,
        "SCE": 32.1602958227,
        "NSM": -12.981777909,
        "EPR": -1.18016162809,
        "EPRunc": 1.28564869307,
        "LRR": -0.909817850217,
        "LR2": 0.127663767461,
        "LSE": 10.3811534589,
        "LCI99": 3.59964509156,
        "WLR": -0.909817850215,
        "WR2": 0.127663767461,
        "WSE": 1.03811534589,
        "WCI99": 3.59964509157,
        "formule pr": -32.7428310055959,
        "LRR_moy": -0.882799006868333
      },
      "geometry": {
        "type": "Point",
        "coordinates": [
          704806.4559708148,
          6159590.559804604
        ]
      }
    },
    {
      "type": "Feature",
      "properties": {
        "info": false,
        "cara": false,
        "regl": false,
        "tech": false,
        "projet": "Etat des lieux de la pêche artisanale",
        "id": null,
        "OBJECTID": 51,
        "BaselineID": 1,
        "GroupID": 0,
        "TransOrder": 34,
        "TransEdit": "0",
        "Azimuth": 204.602010001,
        "SHAPE_Leng": 170.269133572,
        "ShrCount": 8,
        "TCD": 1020.00000001,
        "SCE": 34.6647449605,
        "NSM": -14.3958070738,
        "EPR": -1.30870973398,
        "EPRunc": 1.28564869307,
        "LRR": -1.04557893758,
        "LR2": 0.14236804816,
        "LSE": 11.2017033549,
        "LCI99": 3.88416919739,
        "WLR": -1.04557893758,
        "WR2": 0.14236804816,
        "WSE": 1.12017033549,
        "WCI99": 3.88416919739,
        "formule pr": -37.2891308847159,
        "LRR_moy": -1.034342336172333
      },
      "geometry": {
        "type": "Point",
        "coordinates": [
          704778.8697329541,
          6159599.20158467
        ]
      }
    },
    {
      "type": "Feature",
      "properties": {
        "info": false,
        "cara": false,
        "regl": false,
        "tech": false,
        "projet": "Etat des lieux de la pêche artisanale",
        "id": null,
        "OBJECTID": 49,
        "BaselineID": 1,
        "GroupID": 0,
        "TransOrder": 33,
        "TransEdit": "0",
        "Azimuth": 211.008950891,
        "SHAPE_Leng": 168.687539248,
        "ShrCount": 8,
        "TCD": 979.999999996,
        "SCE": 34.3962445153,
        "NSM": -15.809511801,
        "EPR": -1.43722834554,
        "EPRunc": 1.28564869307,
        "LRR": -1.14763022072,
        "LR2": 0.169084640306,
        "LSE": 11.1048148278,
        "LCI99": 3.85057328607,
        "WLR": -1.14763022073,
        "WR2": 0.169084640307,
        "WSE": 1.11048148278,
        "WCI99": 3.85057328607,
        "formule pr": -39.8757267800459,
        "LRR_moy": -1.12056219935
      },
      "geometry": {
        "type": "Point",
        "coordinates": [
          704756.1318248764,
          6159609.447444964
        ]
      }
    },
    {
      "type": "Feature",
      "properties": {
        "info": false,
        "cara": false,
        "regl": false,
        "tech": false,
        "projet": "Etat des lieux de la pêche artisanale",
        "id": null,
        "OBJECTID": 47,
        "BaselineID": 1,
        "GroupID": 0,
        "TransOrder": 32,
        "TransEdit": "0",
        "Azimuth": 216.906763372,
        "SHAPE_Leng": 166.664857617,
        "ShrCount": 8,
        "TCD": 939.999999996,
        "SCE": 32.6066983097,
        "NSM": -16.0305475367,
        "EPR": -1.45732250334,
        "EPRunc": 1.28564869307,
        "LRR": -1.16847743975,
        "LR2": 0.189188961598,
        "LSE": 10.5588176988,
        "LCI99": 3.66124982669,
        "WLR": -1.16847743976,
        "WR2": 0.189188961599,
        "WSE": 1.05588176988,
        "WCI99": 3.66124982669,
        "formule pr": -41.4781562399459,
        "LRR_moy": -1.17397651468
      },
      "geometry": {
        "type": "Point",
        "coordinates": [
          704734.5526888877,
          6159624.273121506
        ]
      }
    },
    {
      "type": "Feature",
      "properties": {
        "info": false,
        "cara": false,
        "regl": false,
        "tech": false,
        "projet": "Etat des lieux de la pêche artisanale",
        "id": null,
        "OBJECTID": 46,
        "BaselineID": 1,
        "GroupID": 0,
        "TransOrder": 31,
        "TransEdit": "0",
        "Azimuth": 219.659077473,
        "SHAPE_Leng": 165.765346956,
        "ShrCount": 8,
        "TCD": 919.999999994,
        "SCE": 31.9049517575,
        "NSM": -16.1555875198,
        "EPR": -1.46868977453,
        "EPRunc": 1.28564869307,
        "LRR": -1.20582188357,
        "LR2": 0.210440462818,
        "LSE": 10.195159147,
        "LCI99": 3.53515191993,
        "WLR": -1.20582188357,
        "WR2": 0.210440462819,
        "WSE": 1.0195159147,
        "WCI99": 3.53515191993,
        "formule pr": -41.6316024560459,
        "LRR_moy": -1.17909138855
      },
      "geometry": {
        "type": "Point",
        "coordinates": [
          704723.8444395703,
          6159632.584946844
        ]
      }
    },
    {
      "type": "Feature",
      "properties": {
        "info": false,
        "cara": false,
        "regl": false,
        "tech": false,
        "projet": "Etat des lieux de la pêche artisanale",
        "id": null,
        "OBJECTID": 45,
        "BaselineID": 1,
        "GroupID": 0,
        "TransOrder": 30,
        "TransEdit": "0",
        "Azimuth": 222.02452004,
        "SHAPE_Leng": 163.729413896,
        "ShrCount": 8,
        "TCD": 900.000000006,
        "SCE": 29.771694038,
        "NSM": -16.0958174397,
        "EPR": -1.46325613088,
        "EPRunc": 1.28564869307,
        "LRR": -1.16297484233,
        "LR2": 0.223668704998,
        "LSE": 9.4574550473,
        "LCI99": 3.27935443536,
        "WLR": -1.16297484233,
        "WR2": 0.223668704997,
        "WSE": 0.945745504731,
        "WCI99": 3.27935443537,
        "formule pr": -41.4946297900459,
        "LRR_moy": -1.174525633016667
      },
      "geometry": {
        "type": "Point",
        "coordinates": [
          704712.8808995826,
          6159642.031069642
        ]
      }
    },
    {
      "type": "Feature",
      "properties": {
        "info": false,
        "cara": false,
        "regl": false,
        "tech": false,
        "projet": "Etat des lieux de la pêche artisanale",
        "id": null,
        "OBJECTID": 44,
        "BaselineID": 1,
        "GroupID": 0,
        "TransOrder": 29,
        "TransEdit": "0",
        "Azimuth": 225.269471901,
        "SHAPE_Leng": 163.553531436,
        "ShrCount": 8,
        "TCD": 880.000000005,
        "SCE": 29.8975196745,
        "NSM": -16.3618665856,
        "EPR": -1.48744241688,
        "EPRunc": 1.28564869307,
        "LRR": -1.15478017315,
        "LR2": 0.224581696826,
        "LSE": 9.36619496571,
        "LCI99": 3.24771017675,
        "WLR": -1.15478017316,
        "WR2": 0.224581696827,
        "WSE": 0.936619496571,
        "WCI99": 3.24771017675,
        "formule pr": -41.5343963282459,
        "LRR_moy": -1.17585118429
      },
      "geometry": {
        "type": "Point",
        "coordinates": [
          704703.6897929584,
          6159650.379051889
        ]
      }
    },
    {
      "type": "Feature",
      "properties": {
        "info": false,
        "cara": false,
        "regl": false,
        "tech": false,
        "projet": "Etat des lieux de la pêche artisanale",
        "id": null,
        "OBJECTID": 43,
        "BaselineID": 1,
        "GroupID": 0,
        "TransOrder": 28,
        "TransEdit": "0",
        "Azimuth": 227.229985869,
        "SHAPE_Leng": 162.538282686,
        "ShrCount": 8,
        "TCD": 860.000000005,
        "SCE": 29.0831051679,
        "NSM": -16.5713291054,
        "EPR": -1.50648446412,
        "EPRunc": 1.28564869307,
        "LRR": -1.20979853739,
        "LR2": 0.252847573489,
        "LSE": 9.07760531476,
        "LCI99": 3.14764226766,
        "WLR": -1.2097985374,
        "WR2": 0.252847573489,
        "WSE": 0.907760531476,
        "WCI99": 3.14764226767,
        "formule pr": -43.1402204404459,
        "LRR_moy": -1.229378654696667
      },
      "geometry": {
        "type": "Point",
        "coordinates": [
          704692.8501164746,
          6159661.363108624
        ]
      }
    },
    {
      "type": "Feature",
      "properties": {
        "info": false,
        "cara": false,
        "regl": false,
        "tech": false,
        "projet": "Etat des lieux de la pêche artisanale",
        "id": null,
        "OBJECTID": 42,
        "BaselineID": 1,
        "GroupID": 0,
        "TransOrder": 27,
        "TransEdit": "0",
        "Azimuth": 229.67123472,
        "SHAPE_Leng": 161.627214417,
        "ShrCount": 8,
        "TCD": 840.000000004,
        "SCE": 27.7550381347,
        "NSM": -16.5514047931,
        "EPR": -1.50467316301,
        "EPRunc": 1.28564869307,
        "LRR": -1.32355725355,
        "LR2": 0.311760148367,
        "LSE": 8.583914265620002,
        "LCI99": 2.97645584134,
        "WLR": -1.32355725355,
        "WR2": 0.31176014837,
        "WSE": 0.85839142656,
        "WCI99": 2.97645584134,
        "formule pr": -44.4986306924459,
        "LRR_moy": -1.27465899643
      },
      "geometry": {
        "type": "Point",
        "coordinates": [
          704683.9761279118,
          6159672.590803826
        ]
      }
    },
    {
      "type": "Feature",
      "properties": {
        "info": false,
        "cara": false,
        "regl": false,
        "tech": false,
        "projet": "Etat des lieux de la pêche artisanale",
        "id": null,
        "OBJECTID": 41,
        "BaselineID": 1,
        "GroupID": 0,
        "TransOrder": 26,
        "TransEdit": "0",
        "Azimuth": 231.564866555,
        "SHAPE_Leng": 159.46722675,
        "ShrCount": 8,
        "TCD": 820.000000005,
        "SCE": 25.2936644637,
        "NSM": -15.9710878312,
        "EPR": -1.45191707556,
        "EPRunc": 1.28564869307,
        "LRR": -1.29062119835,
        "LR2": 0.33644468829,
        "LSE": 7.91158596724,
        "LCI99": 2.74332729076,
        "WLR": -1.29062119835,
        "WR2": 0.336444688291,
        "WSE": 0.791158596723,
        "WCI99": 2.74332729076,
        "formule pr": -45.3625920746459,
        "LRR_moy": -1.30345770917
      },
      "geometry": {
        "type": "Point",
        "coordinates": [
          704674.4424328831,
          6159684.882927033
        ]
      }
    },
    {
      "type": "Feature",
      "properties": {
        "info": false,
        "cara": false,
        "regl": false,
        "tech": false,
        "projet": "Etat des lieux de la pêche artisanale",
        "id": null,
        "OBJECTID": 40,
        "BaselineID": 1,
        "GroupID": 0,
        "TransOrder": 25,
        "TransEdit": "0",
        "Azimuth": 233.594637204,
        "SHAPE_Leng": 159.761767893,
        "ShrCount": 8,
        "TCD": 800.0,
        "SCE": 24.726080545,
        "NSM": -14.9646242916,
        "EPR": -1.36042039015,
        "EPRunc": 1.28564869307,
        "LRR": -1.29619467561,
        "LR2": 0.345051398719,
        "LSE": 7.79497949362,
        "LCI99": 2.70289421923,
        "WLR": -1.29619467561,
        "WR2": 0.345051398718,
        "WSE": 0.779497949363,
        "WCI99": 2.70289421923,
        "formule pr": -44.3917804296459,
        "LRR_moy": -1.271097321003333
      },
      "geometry": {
        "type": "Point",
        "coordinates": [
          704665.7905014047,
          6159697.434514589
        ]
      }
    },
    {
      "type": "Feature",
      "properties": {
        "info": false,
        "cara": false,
        "regl": false,
        "tech": false,
        "projet": "Etat des lieux de la pêche artisanale",
        "id": null,
        "OBJECTID": 39,
        "BaselineID": 1,
        "GroupID": 0,
        "TransOrder": 24,
        "TransEdit": "0",
        "Azimuth": 234.628202668,
        "SHAPE_Leng": 158.221870305,
        "ShrCount": 8,
        "TCD": 780.000000003,
        "SCE": 21.8493890709,
        "NSM": -13.6317851148,
        "EPR": -1.23925319225,
        "EPRunc": 1.28564869307,
        "LRR": -1.22647608905,
        "LR2": 0.382811988642,
        "LSE": 6.79763892058,
        "LCI99": 2.35706828451,
        "WLR": -1.22647608905,
        "WR2": 0.382811988644,
        "WSE": 0.679763892057,
        "WCI99": 2.35706828451,
        "formule pr": -41.5441367556459,
        "LRR_moy": -1.176175865203333
      },
      "geometry": {
        "type": "Point",
        "coordinates": [
          704656.6627458927,
          6159712.492744217
        ]
      }
    },
    {
      "type": "Feature",
      "properties": {
        "info": false,
        "cara": false,
        "regl": false,
        "tech": false,
        "projet": "Etat des lieux de la pêche artisanale",
        "id": null,
        "OBJECTID": 38,
        "BaselineID": 1,
        "GroupID": 0,
        "TransOrder": 23,
        "TransEdit": "0",
        "Azimuth": 236.077137445,
        "SHAPE_Leng": 156.925333697,
        "ShrCount": 8,
        "TCD": 760.000000005,
        "SCE": 19.0554849756,
        "NSM": -12.2142002388,
        "EPR": -1.11038183989,
        "EPRunc": 1.28564869307,
        "LRR": -1.00585683095,
        "LR2": 0.367381724592,
        "LSE": 5.76144330746,
        "LCI99": 1.99776943902,
        "WLR": -1.00585683096,
        "WR2": 0.367381724594,
        "WSE": 0.576144330745,
        "WCI99": 1.99776943902,
        "formule pr": -37.0401258785359,
        "LRR_moy": -1.026042169299667
      },
      "geometry": {
        "type": "Point",
        "coordinates": [
          704648.6032303676,
          6159727.015472103
        ]
      }
    },
    {
      "type": "Feature",
      "properties": {
        "info": false,
        "cara": false,
        "regl": false,
        "tech": false,
        "projet": "Etat des lieux de la pêche artisanale",
        "id": null,
        "OBJECTID": 37,
        "BaselineID": 1,
        "GroupID": 0,
        "TransOrder": 22,
        "TransEdit": "0",
        "Azimuth": 237.09830189,
        "SHAPE_Leng": 154.828510556,
        "ShrCount": 8,
        "TCD": 740.000000006,
        "SCE": 15.4955494647,
        "NSM": -10.6718682532,
        "EPR": -0.970169841204,
        "EPRunc": 1.28564869307,
        "LRR": -0.845793587899,
        "LR2": 0.400580956521,
        "LSE": 4.51614146434,
        "LCI99": 1.56596340852,
        "WLR": -0.8457935879,
        "WR2": 0.400580956521,
        "WSE": 0.451614146434,
        "WCI99": 1.56596340852,
        "formule pr": -32.6235940426159,
        "LRR_moy": -0.878824441435667
      },
      "geometry": {
        "type": "Point",
        "coordinates": [
          704640.5822340213,
          6159742.717502045
        ]
      }
    },
    {
      "type": "Feature",
      "properties": {
        "info": false,
        "cara": false,
        "regl": false,
        "tech": false,
        "projet": "Etat des lieux de la pêche artisanale",
        "id": null,
        "OBJECTID": 36,
        "BaselineID": 1,
        "GroupID": 0,
        "TransOrder": 21,
        "TransEdit": "0",
        "Azimuth": 237.628747827,
        "SHAPE_Leng": 155.223115721,
        "ShrCount": 8,
        "TCD": 720.000000003,
        "SCE": 13.69017396,
        "NSM": -8.48959283892,
        "EPR": -0.771781167175,
        "EPRunc": 1.28564869307,
        "LRR": -0.784822905458,
        "LR2": 0.396917724485,
        "LSE": 4.22272438421,
        "LCI99": 1.46422159761,
        "WLR": -0.784822905456,
        "WR2": 0.396917724482,
        "WSE": 0.422272438422,
        "WCI99": 1.46422159761,
        "formule pr": -28.4582900286859,
        "LRR_moy": -0.739980974304667
      },
      "geometry": {
        "type": "Point",
        "coordinates": [
          704632.1362425322,
          6159759.512552692
        ]
      }
    },
    {
      "type": "Feature",
      "properties": {
        "info": false,
        "cara": false,
        "regl": false,
        "tech": false,
        "projet": "Etat des lieux de la pêche artisanale",
        "id": null,
        "OBJECTID": 35,
        "BaselineID": 1,
        "GroupID": 0,
        "TransOrder": 20,
        "TransEdit": "0",
        "Azimuth": 237.695930754,
        "SHAPE_Leng": 153.436363544,
        "ShrCount": 8,
        "TCD": 700.000000002,
        "SCE": 11.7437163916,
        "NSM": -5.0510871704,
        "EPR": -0.459189742764,
        "EPRunc": 1.28564869307,
        "LRR": -0.589326429557,
        "LR2": 0.383910743896,
        "LSE": 3.25870939997,
        "LCI99": 1.12995124702,
        "WLR": -0.58932642956,
        "WR2": 0.383910743899,
        "WSE": 0.325870939997,
        "WCI99": 1.12995124702,
        "formule pr": -23.7910026193859,
        "LRR_moy": -0.584404727328
      },
      "geometry": {
        "type": "Point",
        "coordinates": [
          704624.6197383113,
          6159778.223381599
        ]
      }
    },
    {
      "type": "Feature",
      "properties": {
        "info": false,
        "cara": false,
        "regl": false,
        "tech": false,
        "projet": "Etat des lieux de la pêche artisanale",
        "id": null,
        "OBJECTID": 34,
        "BaselineID": 1,
        "GroupID": 0,
        "TransOrder": 19,
        "TransEdit": "0",
        "Azimuth": 237.635981496,
        "SHAPE_Leng": 152.413632318,
        "ShrCount": 8,
        "TCD": 679.999999995,
        "SCE": 9.84302229856,
        "NSM": -2.09227340104,
        "EPR": -0.190206672822,
        "EPRunc": 1.28564869307,
        "LRR": -0.379064846969,
        "LR2": 0.247318194255,
        "LSE": 2.8865176511,
        "LCI99": 1.0008944705,
        "WLR": -0.379064846978,
        "WR2": 0.247318194267,
        "WSE": 0.288651765108,
        "WCI99": 1.0008944705,
        "formule pr": -17.2398245763059,
        "LRR_moy": -0.366032125892
      },
      "geometry": {
        "type": "Point",
        "coordinates": [
          704616.5103884652,
          6159796.939002786
        ]
      }
    },
    {
      "type": "Feature",
      "properties": {
        "info": false,
        "cara": false,
        "regl": false,
        "tech": false,
        "projet": "Etat des lieux de la pêche artisanale",
        "id": null,
        "OBJECTID": 33,
        "BaselineID": 1,
        "GroupID": 0,
        "TransOrder": 18,
        "TransEdit": "0",
        "Azimuth": 237.10476404,
        "SHAPE_Leng": 154.609889339,
        "ShrCount": 8,
        "TCD": 660.000000005,
        "SCE": 7.46249813227,
        "NSM": 1.68323897279,
        "EPR": 0.153021724799,
        "EPRunc": 1.28564869307,
        "LRR": -0.12970510115,
        "LR2": 0.0626412481191,
        "LSE": 2.19009425171,
        "LCI99": 0.759410989774,
        "WLR": -0.129705101154,
        "WR2": 0.0626412481231,
        "WSE": 0.219009425171,
        "WCI99": 0.759410989773,
        "formule pr": -11.7852849581119,
        "LRR_moy": -0.184214138618867
      },
      "geometry": {
        "type": "Point",
        "coordinates": [
          704608.1922517533,
          6159817.010409176
        ]
      }
    },
    {
      "type": "Feature",
      "properties": {
        "info": false,
        "cara": false,
        "regl": false,
        "tech": false,
        "projet": "Etat des lieux de la pêche artisanale",
        "id": null,
        "OBJECTID": 32,
        "BaselineID": 1,
        "GroupID": 0,
        "TransOrder": 17,
        "TransEdit": "0",
        "Azimuth": 235.8520509,
        "SHAPE_Leng": 155.671400365,
        "ShrCount": 8,
        "TCD": 639.999999997,
        "SCE": 7.56000166764,
        "NSM": 3.55830372978,
        "EPR": 0.323482157253,
        "EPRunc": 1.28564869307,
        "LRR": -0.0438724677376,
        "LR2": 0.00618275528088,
        "LSE": 2.42793652983,
        "LCI99": 0.841882344463,
        "WLR": -0.0438724677395,
        "WR2": 0.00618275528141,
        "WSE": 0.242793652983,
        "WCI99": 0.841882344464,
        "formule pr": -7.01988971974886,
        "LRR_moy": -0.025367630673433
      },
      "geometry": {
        "type": "Point",
        "coordinates": [
          704597.2437901396,
          6159837.746995449
        ]
      }
    },
    {
      "type": "Feature",
      "properties": {
        "info": false,
        "cara": false,
        "regl": false,
        "tech": false,
        "projet": "Etat des lieux de la pêche artisanale",
        "id": null,
        "OBJECTID": 31,
        "BaselineID": 1,
        "GroupID": 0,
        "TransOrder": 16,
        "TransEdit": "0",
        "Azimuth": 234.558862067,
        "SHAPE_Leng": 156.695957111,
        "ShrCount": 8,
        "TCD": 619.999999993,
        "SCE": 7.28705146711,
        "NSM": 6.65748888158,
        "EPR": 0.605226261962,
        "EPRunc": 1.28564869307,
        "LRR": 0.0974746768673,
        "LR2": 0.0175128209131,
        "LSE": 3.18683976227,
        "LCI99": 1.10503058771,
        "WLR": 0.0974746768642,
        "WR2": 0.017512820912,
        "WSE": 0.318683976228,
        "WCI99": 1.10503058772,
        "formule pr": -4.64747926843886,
        "LRR_moy": 0.053712717703567
      },
      "geometry": {
        "type": "Point",
        "coordinates": [
          704586.6227653306,
          6159858.980878168
        ]
      }
    },
    {
      "type": "Feature",
      "properties": {
        "info": false,
        "cara": false,
        "regl": false,
        "tech": false,
        "projet": "Etat des lieux de la pêche artisanale",
        "id": null,
        "OBJECTID": 30,
        "BaselineID": 1,
        "GroupID": 0,
        "TransOrder": 15,
        "TransEdit": "0",
        "Azimuth": 234.130695768,
        "SHAPE_Leng": 159.551798908,
        "ShrCount": 8,
        "TCD": 600.0000000109999,
        "SCE": 9.39900609068,
        "NSM": 8.295846480610004,
        "EPR": 0.754167861874,
        "EPRunc": 1.28564869307,
        "LRR": 0.107535943981,
        "LR2": 0.0119176469353,
        "LSE": 4.27403423163,
        "LCI99": 1.48201318899,
        "WLR": 0.107535943985,
        "WR2": 0.0119176469362,
        "WSE": 0.427403423163,
        "WCI99": 1.48201318899,
        "formule pr": -2.67943936152286,
        "LRR_moy": 0.1193140479341
      },
      "geometry": {
        "type": "Point",
        "coordinates": [
          704576.0399701803,
          6159877.423381289
        ]
      }
    },
    {
      "type": "Feature",
      "properties": {
        "info": false,
        "cara": false,
        "regl": false,
        "tech": false,
        "projet": "Etat des lieux de la pêche artisanale",
        "id": null,
        "OBJECTID": 29,
        "BaselineID": 1,
        "GroupID": 0,
        "TransOrder": 14,
        "TransEdit": "0",
        "Azimuth": 233.122758833,
        "SHAPE_Leng": 162.137736398,
        "ShrCount": 8,
        "TCD": 580.0,
        "SCE": 11.3420701063,
        "NSM": 9.34932254838,
        "EPR": 0.849938413489,
        "EPRunc": 1.28564869307,
        "LRR": 0.152931522954,
        "LR2": 0.0194349671504,
        "LSE": 4.74161556129,
        "LCI99": 1.64414612006,
        "WLR": 0.152931522953,
        "WR2": 0.0194349671502,
        "WSE": 0.474161556129,
        "WCI99": 1.64414612007,
        "formule pr": -0.395719023185862,
        "LRR_moy": 0.195438059212
      },
      "geometry": {
        "type": "Point",
        "coordinates": [
          704564.3110000024,
          6159897.102102841
        ]
      }
    },
    {
      "type": "Feature",
      "properties": {
        "info": false,
        "cara": false,
        "regl": false,
        "tech": false,
        "projet": "Etat des lieux de la pêche artisanale",
        "id": null,
        "OBJECTID": 28,
        "BaselineID": 1,
        "GroupID": 0,
        "TransOrder": 13,
        "TransEdit": "0",
        "Azimuth": 232.576175226,
        "SHAPE_Leng": 165.878347578,
        "ShrCount": 8,
        "TCD": 560.000000001,
        "SCE": 15.5596597073,
        "NSM": 12.019850208,
        "EPR": 1.09271365527,
        "EPRunc": 1.28564869307,
        "LRR": 0.325846710701,
        "LR2": 0.062903598779,
        "LSE": 5.48972716009,
        "LCI99": 1.90355238501,
        "WLR": 0.325846710697,
        "WR2": 0.0629035987776,
        "WSE": 0.54897271601,
        "WCI99": 1.90355238501,
        "formule pr": 3.56403772034414,
        "LRR_moy": 0.327429950663
      },
      "geometry": {
        "type": "Point",
        "coordinates": [
          704554.2254920794,
          6159916.500996783
        ]
      }
    },
    {
      "type": "Feature",
      "properties": {
        "info": false,
        "cara": false,
        "regl": false,
        "tech": false,
        "projet": "Etat des lieux de la pêche artisanale",
        "id": null,
        "OBJECTID": 27,
        "BaselineID": 1,
        "GroupID": 0,
        "TransOrder": 12,
        "TransEdit": "0",
        "Azimuth": 232.370842617,
        "SHAPE_Leng": 169.45125826,
        "ShrCount": 8,
        "TCD": 540.000000001,
        "SCE": 19.3732125728,
        "NSM": 15.6449943104,
        "EPR": 1.42227221003,
        "EPRunc": 1.28564869307,
        "LRR": 0.503511618334,
        "LR2": 0.0999760433979,
        "LSE": 6.59434384789,
        "LCI99": 2.28657610718,
        "WLR": 0.503511618331,
        "WR2": 0.0999760433968,
        "WSE": 0.659434384789,
        "WCI99": 2.28657610718,
        "formule pr": 9.00293712889414,
        "LRR_moy": 0.508726597614667
      },
      "geometry": {
        "type": "Point",
        "coordinates": [
          704544.8986637983,
          6159935.275674934
        ]
      }
    },
    {
      "type": "Feature",
      "properties": {
        "info": false,
        "cara": false,
        "regl": false,
        "tech": false,
        "projet": "Etat des lieux de la pêche artisanale",
        "id": null,
        "OBJECTID": 26,
        "BaselineID": 1,
        "GroupID": 0,
        "TransOrder": 11,
        "TransEdit": "0",
        "Azimuth": 232.270202519,
        "SHAPE_Leng": 173.722163231,
        "ShrCount": 8,
        "TCD": 520.000000003,
        "SCE": 23.6381231776,
        "NSM": 19.6572869442,
        "EPR": 1.78702608584,
        "EPRunc": 1.28564869307,
        "LRR": 0.696821463809,
        "LR2": 0.12987519328,
        "LSE": 7.87285443652,
        "LCI99": 2.72989720662,
        "WLR": 0.696821463811,
        "WR2": 0.129875193281,
        "WSE": 0.787285443652,
        "WCI99": 2.72989720662,
        "formule pr": 15.354783874804099,
        "LRR_moy": 0.720454822478333
      },
      "geometry": {
        "type": "Point",
        "coordinates": [
          704535.6951000075,
          6159953.805902843
        ]
      }
    },
    {
      "type": "Feature",
      "properties": {
        "info": false,
        "cara": false,
        "regl": false,
        "tech": false,
        "projet": "Etat des lieux de la pêche artisanale",
        "id": null,
        "OBJECTID": 25,
        "BaselineID": 1,
        "GroupID": 0,
        "TransOrder": 10,
        "TransEdit": "0",
        "Azimuth": 231.849067145,
        "SHAPE_Leng": 176.557553762,
        "ShrCount": 8,
        "TCD": 500.000000003,
        "SCE": 26.0747941762,
        "NSM": 23.3822470748,
        "EPR": 2.12565882499,
        "EPRunc": 1.28564869307,
        "LRR": 0.961031385292,
        "LR2": 0.192769141731,
        "LSE": 8.58421768735,
        "LCI99": 2.97656105224,
        "WLR": 0.961031385296,
        "WR2": 0.192769141733,
        "WSE": 0.858421768735,
        "WCI99": 2.97656105224,
        "formule pr": 21.3884300435641,
        "LRR_moy": 0.921576361437
      },
      "geometry": {
        "type": "Point",
        "coordinates": [
          704525.2920000012,
          6159972.649002846
        ]
      }
    },
    {
      "type": "Feature",
      "properties": {
        "info": false,
        "cara": false,
        "regl": false,
        "tech": false,
        "projet": "Etat des lieux de la pêche artisanale",
        "id": null,
        "OBJECTID": 24,
        "BaselineID": 1,
        "GroupID": 0,
        "TransOrder": 9,
        "TransEdit": "0",
        "Azimuth": 232.102394894,
        "SHAPE_Leng": 182.103455225,
        "ShrCount": 8,
        "TCD": 479.999999999,
        "SCE": 32.0593345594,
        "NSM": 26.5315102275,
        "EPR": 2.41195547523,
        "EPRunc": 1.28564869307,
        "LRR": 1.10687623521,
        "LR2": 0.188481934479,
        "LSE": 10.0252756947,
        "LCI99": 3.476245158,
        "WLR": 1.10687623521,
        "WR2": 0.188481934479,
        "WSE": 1.00252756947,
        "WCI99": 3.476245158,
        "formule pr": 26.9867723009741,
        "LRR_moy": 1.108187770017333
      },
      "geometry": {
        "type": "Point",
        "coordinates": [
          704517.1054999958,
          6159990.597802846
        ]
      }
    },
    {
      "type": "Feature",
      "properties": {
        "info": false,
        "cara": false,
        "regl": false,
        "tech": false,
        "projet": "Etat des lieux de la pêche artisanale",
        "id": null,
        "OBJECTID": 23,
        "BaselineID": 1,
        "GroupID": 0,
        "TransOrder": 8,
        "TransEdit": "0",
        "Azimuth": 233.20316092,
        "SHAPE_Leng": 185.385435992,
        "ShrCount": 8,
        "TCD": 460.000000001,
        "SCE": 35.3492699747,
        "NSM": 29.1148047381,
        "EPR": 2.64680043073,
        "EPRunc": 1.28564869307,
        "LRR": 1.25665568955,
        "LR2": 0.198954304877,
        "LSE": 11.0065524485,
        "LCI99": 3.81650099412,
        "WLR": 1.25665568955,
        "WR2": 0.198954304878,
        "WSE": 1.10065524484,
        "WCI99": 3.81650099412,
        "formule pr": 30.9667807041541,
        "LRR_moy": 1.24085471679
      },
      "geometry": {
        "type": "Point",
        "coordinates": [
          704509.7394000123,
          6160005.687202848
        ]
      }
    },
    {
      "type": "Feature",
      "properties": {
        "info": false,
        "cara": false,
        "regl": false,
        "tech": false,
        "projet": "Etat des lieux de la pêche artisanale",
        "id": null,
        "OBJECTID": 22,
        "BaselineID": 1,
        "GroupID": 0,
        "TransOrder": 7,
        "TransEdit": "0",
        "Azimuth": 234.39841975,
        "SHAPE_Leng": 188.531495166,
        "ShrCount": 8,
        "TCD": 440.000000005,
        "SCE": 38.4158121419,
        "NSM": 30.6549198734,
        "EPR": 2.78681089758,
        "EPRunc": 1.28564869307,
        "LRR": 1.35903222561,
        "LR2": 0.200911244438,
        "LSE": 11.8306382047,
        "LCI99": 4.10225115273,
        "WLR": 1.35903222562,
        "WR2": 0.200911244439,
        "WSE": 1.18306382047,
        "WCI99": 4.10225115274,
        "formule pr": 33.2207094383541,
        "LRR_moy": 1.315985674596667
      },
      "geometry": {
        "type": "Point",
        "coordinates": [
          704502.368400013,
          6160020.233702842
        ]
      }
    },
    {
      "type": "Feature",
      "properties": {
        "info": false,
        "cara": false,
        "regl": false,
        "tech": false,
        "projet": "Etat des lieux de la pêche artisanale",
        "id": null,
        "OBJECTID": 21,
        "BaselineID": 1,
        "GroupID": 0,
        "TransOrder": 6,
        "TransEdit": "0",
        "Azimuth": 236.326343724,
        "SHAPE_Leng": 190.028188639,
        "ShrCount": 8,
        "TCD": 419.999999997,
        "SCE": 39.8837198954,
        "NSM": 30.5056646551,
        "EPR": 2.77324224137,
        "EPRunc": 1.28564869307,
        "LRR": 1.33226910863,
        "LR2": 0.188354496719,
        "LSE": 12.071748684,
        "LCI99": 4.18585574992,
        "WLR": 1.33226910863,
        "WR2": 0.188354496718,
        "WSE": 1.2071748684,
        "WCI99": 4.18585574992,
        "formule pr": 33.1413242756541,
        "LRR_moy": 1.313339502506667
      },
      "geometry": {
        "type": "Point",
        "coordinates": [
          704496.0814999993,
          6160032.443002842
        ]
      }
    },
    {
      "type": "Feature",
      "properties": {
        "info": false,
        "cara": false,
        "regl": false,
        "tech": false,
        "projet": "Etat des lieux de la pêche artisanale",
        "id": null,
        "OBJECTID": 20,
        "BaselineID": 1,
        "GroupID": 0,
        "TransOrder": 5,
        "TransEdit": "0",
        "Azimuth": 238.279430912,
        "SHAPE_Leng": 191.745723934,
        "ShrCount": 8,
        "TCD": 400.0,
        "SCE": 41.7438589142,
        "NSM": 30.1156808893,
        "EPR": 2.73778917175,
        "EPRunc": 1.28564869307,
        "LRR": 1.24871717328,
        "LR2": 0.159915316645,
        "LSE": 12.4929101671,
        "LCI99": 4.33189268807,
        "WLR": 1.24871717329,
        "WR2": 0.159915316646,
        "WSE": 1.24929101671,
        "WCI99": 4.33189268807,
        "formule pr": 30.9058948180541,
        "LRR_moy": 1.238825187253333
      },
      "geometry": {
        "type": "Point",
        "coordinates": [
          704490.0592657989,
          6160044.602481709
        ]
      }
    },
    {
      "type": "Feature",
      "properties": {
        "info": false,
        "cara": false,
        "regl": false,
        "tech": false,
        "projet": "Etat des lieux de la pêche artisanale",
        "id": null,
        "OBJECTID": 18,
        "BaselineID": 1,
        "GroupID": 0,
        "TransOrder": 4,
        "TransEdit": "0",
        "Azimuth": 244.173077063,
        "SHAPE_Leng": 192.995449201,
        "ShrCount": 8,
        "TCD": 359.999999996,
        "SCE": 42.9611830572,
        "NSM": 29.6644251711,
        "EPR": 2.69676592465,
        "EPRunc": 1.28564869307,
        "LRR": 1.13548927985,
        "LR2": 0.129901694886,
        "LSE": 12.8275235735,
        "LCI99": 4.44791924624,
        "WLR": 1.13548927985,
        "WR2": 0.129901694887,
        "WSE": 1.28275235735,
        "WCI99": 4.44791924624,
        "formule pr": 27.6875822857541,
        "LRR_moy": 1.131548102843333
      },
      "geometry": {
        "type": "Point",
        "coordinates": [
          704480.9162999968,
          6160062.6221028445
        ]
      }
    },
    {
      "type": "Feature",
      "properties": {
        "info": false,
        "cara": false,
        "regl": false,
        "tech": false,
        "projet": "Etat des lieux de la pêche artisanale",
        "id": null,
        "OBJECTID": 16,
        "BaselineID": 1,
        "GroupID": 0,
        "TransOrder": 3,
        "TransEdit": "0",
        "Azimuth": 252.571605055,
        "SHAPE_Leng": 191.857596184,
        "ShrCount": 8,
        "TCD": 320.0,
        "SCE": 41.8207021415,
        "NSM": 29.0564478076,
        "EPR": 2.64149525524,
        "EPRunc": 1.28564869307,
        "LRR": 1.0104378554,
        "LR2": 0.107087336434,
        "LSE": 12.7358539987,
        "LCI99": 4.41613299667,
        "WLR": 1.01043785541,
        "WR2": 0.107087336436,
        "WSE": 1.27358539987,
        "WCI99": 4.41613299667,
        "formule pr": 24.7106920233341,
        "LRR_moy": 1.032318427429333
      },
      "geometry": {
        "type": "Point",
        "coordinates": [
          704475.1055999974,
          6160072.9630028475
        ]
      }
    },
    {
      "type": "Feature",
      "properties": {
        "info": false,
        "cara": false,
        "regl": false,
        "tech": false,
        "projet": "Etat des lieux de la pêche artisanale",
        "id": null,
        "OBJECTID": 14,
        "BaselineID": 1,
        "GroupID": 0,
        "TransOrder": 2,
        "TransEdit": "0",
        "Azimuth": 262.664818107,
        "SHAPE_Leng": 190.470312103,
        "ShrCount": 8,
        "TCD": 279.999999999,
        "SCE": 40.3845716106,
        "NSM": 29.7648315492,
        "EPR": 2.7058937772,
        "EPRunc": 1.28564869307,
        "LRR": 0.951028147038,
        "LR2": 0.0972670963641,
        "LSE": 12.6465790091,
        "LCI99": 4.3851770649,
        "WLR": 0.951028147036,
        "WR2": 0.0972670963636,
        "WSE": 1.26465790091,
        "WCI99": 4.38517706491,
        "formule pr": 23.1649355822541,
        "LRR_moy": 0.980793212726667
      },
      "geometry": {
        "type": "Point",
        "coordinates": [
          704472.1360916164,
          6160078.766601762
        ]
      }
    },
    {
      "type": "Feature",
      "properties": {
        "info": false,
        "cara": false,
        "regl": false,
        "tech": false,
        "projet": "Etat des lieux de la pêche artisanale",
        "id": null,
        "OBJECTID": 12,
        "BaselineID": 1,
        "GroupID": 0,
        "TransOrder": 1,
        "TransEdit": "0",
        "Azimuth": 274.574985869,
        "SHAPE_Leng": 190.849301228,
        "ShrCount": 8,
        "TCD": 239.999999999,
        "SCE": 40.6517359655,
        "NSM": 32.1116129216,
        "EPR": 2.91923753833,
        "EPRunc": 1.28564869307,
        "LRR": 0.980913635742,
        "LR2": 0.0959002331308,
        "LSE": 13.1465606514,
        "LCI99": 4.55854474235,
        "WLR": 0.980913635738,
        "WR2": 0.0959002331299,
        "WSE": 1.31465606514,
        "WCI99": 4.55854474236,
        "formule pr": 22.7202659421541,
        "LRR_moy": 0.96597089139
      },
      "geometry": {
        "type": "Point",
        "coordinates": [
          704471.9513999949,
          6160079.129902846
        ]
      }
    }
  ]
}