{
  "type": "FeatureCollection",
  "name": "us_med_pnmgl_recif_art_aamp_ixsurvey_pt_2154",
  "crs": {
    "type": "name",
    "properties": {
      "name": "urn:ogc:def:crs:EPSG::2154"
    }
  },
  "features": [
    {
      "type": "Feature",
      "properties": {
        "nom": "E4",
        "source": "PNMGL - IXSurvey, etat des lieux RA 2016",
        "info": true,
        "cara": false,
        "regl": false,
        "fid": 1.0,
        "num": "IXSurvey 2016",
        "tech": true,
        "projet": "Herbier de posidonie",
        "objectid": 1.0,
        "typerecif": "B",
        "pmin": -21.19,
        "pmax": -23.66,
        "pext": -21.633,
        "long": 4.0,
        "larg": 2.33,
        "dir": 300.0,
        "dt": 0.0,
        "com": "1 dalot incliné",
        "ht": 2.0,
        "hr": 2.47,
        "em": 0.443,
        "pc": 2.027,
        "enf": 0.0,
        "ind_enf": 0.0,
        "name": "E4",
        "areaname": "Bar",
        "easting": 704961.2149,
        "northing": 6189220.0692,
        "x_dd": 3.06058242282,
        "y_dd": 42.8024711015,
        "link_img": "..\\01_MXD\\Img_Recifs\\Z6\\E4.png"
      },
      "geometry": {
        "type": "MultiPoint",
        "coordinates": [
          [
            704961.2149000019,
            6189220.069200002
          ]
        ]
      }
    },
    {
      "type": "Feature",
      "properties": {
        "nom": "A7",
        "source": "PNMGL - IXSurvey, etat des lieux RA 2016",
        "info": true,
        "cara": false,
        "regl": false,
        "fid": 2.0,
        "num": "IXSurvey 2016",
        "tech": true,
        "projet": "Herbier de posidonie",
        "objectid": 2.0,
        "typerecif": "B",
        "pmin": -19.75,
        "pmax": -22.29,
        "pext": -20.214,
        "long": 4.1,
        "larg": 2.3,
        "dir": 0.0,
        "dt": 0.6,
        "com": "2 dalots désaxés et inclinés",
        "ht": 2.0,
        "hr": 2.54,
        "em": 0.464,
        "pc": 2.076,
        "enf": 0.0,
        "ind_enf": 0.0,
        "name": "A7",
        "areaname": "Bar",
        "easting": 704831.116,
        "northing": 6189456.7722,
        "x_dd": 3.05899591835,
        "y_dd": 42.8046003921,
        "link_img": "..\\01_MXD\\Img_Recifs\\Z6\\A7.png"
      },
      "geometry": {
        "type": "MultiPoint",
        "coordinates": [
          [
            704831.1159999967,
            6189456.7722
          ]
        ]
      }
    },
    {
      "type": "Feature",
      "properties": {
        "nom": "A5",
        "source": "PNMGL - IXSurvey, etat des lieux RA 2016",
        "info": true,
        "cara": false,
        "regl": false,
        "fid": 3.0,
        "num": "IXSurvey 2016",
        "tech": true,
        "projet": "Herbier de posidonie",
        "objectid": 3.0,
        "typerecif": "B",
        "pmin": -20.67,
        "pmax": -22.71,
        "pext": -21.106,
        "long": 4.0,
        "larg": 2.4,
        "dir": 280.0,
        "dt": 0.0,
        "com": "RAS",
        "ht": 2.0,
        "hr": 2.04,
        "em": 0.436,
        "pc": 1.604,
        "enf": 0.0,
        "ind_enf": 0.0,
        "name": "A5",
        "areaname": "Bar",
        "easting": 704916.9496,
        "northing": 6189448.4824,
        "x_dd": 3.06004401122,
        "y_dd": 42.8045252694,
        "link_img": "..\\01_MXD\\Img_Recifs\\Z6\\A5.png"
      },
      "geometry": {
        "type": "MultiPoint",
        "coordinates": [
          [
            704916.9496000037,
            6189448.4824
          ]
        ]
      }
    },
    {
      "type": "Feature",
      "properties": {
        "nom": "A3",
        "source": "PNMGL - IXSurvey, etat des lieux RA 2016",
        "info": true,
        "cara": false,
        "regl": false,
        "fid": 4.0,
        "num": "IXSurvey 2016",
        "tech": true,
        "projet": "Herbier de posidonie",
        "objectid": 4.0,
        "typerecif": "A",
        "pmin": -21.47,
        "pmax": -22.79,
        "pext": -21.986,
        "long": 2.3,
        "larg": 1.45,
        "dir": 290.0,
        "dt": 0.0,
        "com": "RAS",
        "ht": 1.9,
        "hr": 1.32,
        "em": 0.516,
        "pc": 0.804,
        "enf": 0.58,
        "ind_enf": 58.0,
        "name": "A3",
        "areaname": "Bar",
        "easting": 705019.0592,
        "northing": 6189416.2588,
        "x_dd": 3.06129063081,
        "y_dd": 42.804234813,
        "link_img": "..\\01_MXD\\Img_Recifs\\Z6\\A3.png"
      },
      "geometry": {
        "type": "MultiPoint",
        "coordinates": [
          [
            705019.0591999963,
            6189416.2588
          ]
        ]
      }
    },
    {
      "type": "Feature",
      "properties": {
        "nom": "A1",
        "source": "PNMGL - IXSurvey, etat des lieux RA 2016",
        "info": true,
        "cara": false,
        "regl": false,
        "fid": 5.0,
        "num": "IXSurvey 2016",
        "tech": true,
        "projet": "Herbier de posidonie",
        "objectid": 5.0,
        "typerecif": "A",
        "pmin": -22.17,
        "pmax": -23.51,
        "pext": -22.781,
        "long": 2.4,
        "larg": 1.7,
        "dir": 260.0,
        "dt": 0.0,
        "com": "RAS",
        "ht": 1.9,
        "hr": 1.34,
        "em": 0.611,
        "pc": 0.729,
        "enf": 0.56,
        "ind_enf": 56.0,
        "name": "A1",
        "areaname": "Bar",
        "easting": 705115.5007,
        "northing": 6189396.9219,
        "x_dd": 3.06246814638,
        "y_dd": 42.8040602583,
        "link_img": "..\\01_MXD\\Img_Recifs\\Z6\\A1.png"
      },
      "geometry": {
        "type": "MultiPoint",
        "coordinates": [
          [
            705115.500699997,
            6189396.9219
          ]
        ]
      }
    },
    {
      "type": "Feature",
      "properties": {
        "nom": "B6",
        "source": "PNMGL - IXSurvey, etat des lieux RA 2016",
        "info": true,
        "cara": false,
        "regl": false,
        "fid": 6.0,
        "num": "IXSurvey 2016",
        "tech": true,
        "projet": "Herbier de posidonie",
        "objectid": 6.0,
        "typerecif": "C",
        "pmin": -19.47,
        "pmax": -22.72,
        "pext": -20.587,
        "long": 25.0,
        "larg": 17.0,
        "dir": 10.0,
        "dt": 0.0,
        "com": "Amas chaotique avec 3 éléments cubiques au sud-est",
        "ht": 3.0,
        "hr": 3.25,
        "em": 1.117,
        "pc": 2.133,
        "enf": 0.0,
        "ind_enf": 0.0,
        "name": "B6",
        "areaname": "Bar",
        "easting": 704865.5734,
        "northing": 6189371.2616,
        "x_dd": 3.05941591431,
        "y_dd": 42.8038312583,
        "link_img": "..\\01_MXD\\Img_Recifs\\Z6\\B6.png"
      },
      "geometry": {
        "type": "MultiPoint",
        "coordinates": [
          [
            704865.5733999982,
            6189371.261599999
          ]
        ]
      }
    },
    {
      "type": "Feature",
      "properties": {
        "nom": "B4",
        "source": "PNMGL - IXSurvey, etat des lieux RA 2016",
        "info": true,
        "cara": false,
        "regl": false,
        "fid": 7.0,
        "num": "IXSurvey 2016",
        "tech": true,
        "projet": "Herbier de posidonie",
        "objectid": 7.0,
        "typerecif": "B",
        "pmin": -21.23,
        "pmax": -23.53,
        "pext": -21.726,
        "long": 4.3,
        "larg": 2.4,
        "dir": 0.0,
        "dt": 0.6,
        "com": "Un des dalots incliné de -25° et désaxé",
        "ht": 2.0,
        "hr": 2.3,
        "em": 0.496,
        "pc": 1.804,
        "enf": 0.0,
        "ind_enf": 0.0,
        "name": "B4",
        "areaname": "Bar",
        "easting": 704971.2552,
        "northing": 6189366.1939,
        "x_dd": 3.06070639877,
        "y_dd": 42.8037849674,
        "link_img": "..\\01_MXD\\Img_Recifs\\Z6\\B4.png"
      },
      "geometry": {
        "type": "MultiPoint",
        "coordinates": [
          [
            704971.2551999986,
            6189366.1939
          ]
        ]
      }
    },
    {
      "type": "Feature",
      "properties": {
        "nom": "C3",
        "source": "PNMGL - IXSurvey, etat des lieux RA 2016",
        "info": true,
        "cara": false,
        "regl": false,
        "fid": 8.0,
        "num": "IXSurvey 2016",
        "tech": true,
        "projet": "Herbier de posidonie",
        "objectid": 8.0,
        "typerecif": "B",
        "pmin": -20.83,
        "pmax": -23.26,
        "pext": -22.019,
        "long": 4.2,
        "larg": 2.4,
        "dir": 315.0,
        "dt": 0.3,
        "com": "2 dalots désaxés et inclinés",
        "ht": 2.0,
        "hr": 2.43,
        "em": 1.189,
        "pc": 1.241,
        "enf": 0.0,
        "ind_enf": 0.0,
        "name": "C3",
        "areaname": "Bar",
        "easting": 705010.3805,
        "northing": 6189317.5142,
        "x_dd": 3.06118371591,
        "y_dd": 42.8033469738,
        "link_img": "..\\01_MXD\\Img_Recifs\\Z6\\C3.png"
      },
      "geometry": {
        "type": "MultiPoint",
        "coordinates": [
          [
            705010.3805000037,
            6189317.514199998
          ]
        ]
      }
    },
    {
      "type": "Feature",
      "properties": {
        "nom": "C1",
        "source": "PNMGL - IXSurvey, etat des lieux RA 2016",
        "info": true,
        "cara": false,
        "regl": false,
        "fid": 9.0,
        "num": "IXSurvey 2016",
        "tech": true,
        "projet": "Herbier de posidonie",
        "objectid": 9.0,
        "typerecif": "A",
        "pmin": -22.21,
        "pmax": -23.55,
        "pext": -22.83,
        "long": 2.5,
        "larg": 1.9,
        "dir": 15.0,
        "dt": 0.0,
        "com": "RAS",
        "ht": 1.9,
        "hr": 1.34,
        "em": 0.62,
        "pc": 0.72,
        "enf": 0.56,
        "ind_enf": 56.0,
        "name": "C1",
        "areaname": "Bar",
        "easting": 705115.6449,
        "northing": 6189295.0286,
        "x_dd": 3.06246892291,
        "y_dd": 42.803144045,
        "link_img": "..\\01_MXD\\Img_Recifs\\Z6\\C1.png"
      },
      "geometry": {
        "type": "MultiPoint",
        "coordinates": [
          [
            705115.6449000016,
            6189295.0286
          ]
        ]
      }
    },
    {
      "type": "Feature",
      "properties": {
        "nom": "D1",
        "source": "PNMGL - IXSurvey, etat des lieux RA 2016",
        "info": true,
        "cara": false,
        "regl": false,
        "fid": 10.0,
        "num": "IXSurvey 2016",
        "tech": true,
        "projet": "Herbier de posidonie",
        "objectid": 10.0,
        "typerecif": "A",
        "pmin": -21.98,
        "pmax": -23.68,
        "pext": -22.754,
        "long": 2.4,
        "larg": 1.9,
        "dir": 0.0,
        "dt": 0.0,
        "com": "RAS",
        "ht": 1.9,
        "hr": 1.7,
        "em": 0.774,
        "pc": 0.926,
        "enf": 0.2,
        "ind_enf": 20.0,
        "name": "D1",
        "areaname": "Bar",
        "easting": 705097.132,
        "northing": 6189251.5653,
        "x_dd": 3.06224243717,
        "y_dd": 42.8027533599,
        "link_img": "..\\01_MXD\\Img_Recifs\\Z6\\D1.png"
      },
      "geometry": {
        "type": "MultiPoint",
        "coordinates": [
          [
            705097.1319999993,
            6189251.565299999
          ]
        ]
      }
    },
    {
      "type": "Feature",
      "properties": {
        "nom": "D2",
        "source": "PNMGL - IXSurvey, etat des lieux RA 2016",
        "info": true,
        "cara": false,
        "regl": false,
        "fid": 11.0,
        "num": "IXSurvey 2016",
        "tech": true,
        "projet": "Herbier de posidonie",
        "objectid": 11.0,
        "typerecif": "C",
        "pmin": -22.41,
        "pmax": -24.45,
        "pext": -22.487,
        "long": 24.0,
        "larg": 22.0,
        "dir": 350.0,
        "dt": 0.0,
        "com": "RAS",
        "ht": 3.0,
        "hr": 2.04,
        "em": 0.077,
        "pc": 1.963,
        "enf": 0.96,
        "ind_enf": 96.0,
        "name": "D2",
        "areaname": "Bar",
        "easting": 705060.6449,
        "northing": 6189263.2493,
        "x_dd": 3.06179699531,
        "y_dd": 42.8028586786,
        "link_img": "..\\01_MXD\\Img_Recifs\\Z6\\D2.png"
      },
      "geometry": {
        "type": "MultiPoint",
        "coordinates": [
          [
            705060.6449000016,
            6189263.249299999
          ]
        ]
      }
    },
    {
      "type": "Feature",
      "properties": {
        "nom": "D4",
        "source": "PNMGL - IXSurvey, etat des lieux RA 2016",
        "info": true,
        "cara": false,
        "regl": false,
        "fid": 12.0,
        "num": "IXSurvey 2016",
        "tech": true,
        "projet": "Herbier de posidonie",
        "objectid": 12.0,
        "typerecif": "C",
        "pmin": -21.2,
        "pmax": -23.1,
        "pext": -21.622,
        "long": 25.0,
        "larg": 11.0,
        "dir": 35.0,
        "dt": 0.0,
        "com": "RAS",
        "ht": 3.0,
        "hr": 1.9,
        "em": 0.422,
        "pc": 1.478,
        "enf": 1.1,
        "ind_enf": 110.0,
        "name": "D4",
        "areaname": "Bar",
        "easting": 704959.3205,
        "northing": 6189267.2613,
        "x_dd": 3.06055973188,
        "y_dd": 42.8028954599,
        "link_img": "..\\01_MXD\\Img_Recifs\\Z6\\D4.png"
      },
      "geometry": {
        "type": "MultiPoint",
        "coordinates": [
          [
            704959.3205000013,
            6189267.261300001
          ]
        ]
      }
    },
    {
      "type": "Feature",
      "properties": {
        "nom": "D7",
        "source": "PNMGL - IXSurvey, etat des lieux RA 2016",
        "info": true,
        "cara": false,
        "regl": false,
        "fid": 13.0,
        "num": "IXSurvey 2016",
        "tech": true,
        "projet": "Herbier de posidonie",
        "objectid": 13.0,
        "typerecif": "A",
        "pmin": -19.69,
        "pmax": -20.88,
        "pext": -20.099,
        "long": 2.35,
        "larg": 1.8,
        "dir": 30.0,
        "dt": 0.0,
        "com": "RAS",
        "ht": 1.9,
        "hr": 1.19,
        "em": 0.409,
        "pc": 0.781,
        "enf": 0.71,
        "ind_enf": 71.0,
        "name": "D7",
        "areaname": "Bar",
        "easting": 704812.4052,
        "northing": 6189278.7733,
        "x_dd": 3.05876581092,
        "y_dd": 42.8029999725,
        "link_img": "..\\01_MXD\\Img_Recifs\\Z6\\D7.png"
      },
      "geometry": {
        "type": "MultiPoint",
        "coordinates": [
          [
            704812.4051999971,
            6189278.7733
          ]
        ]
      }
    },
    {
      "type": "Feature",
      "properties": {
        "nom": "E2",
        "source": "PNMGL - IXSurvey, etat des lieux RA 2016",
        "info": true,
        "cara": false,
        "regl": false,
        "fid": 14.0,
        "num": "IXSurvey 2016",
        "tech": true,
        "projet": "Herbier de posidonie",
        "objectid": 14.0,
        "typerecif": "A",
        "pmin": -22.0,
        "pmax": -23.14,
        "pext": -22.4,
        "long": 2.3,
        "larg": 1.85,
        "dir": 30.0,
        "dt": 0.0,
        "com": "Souille de 15 m vers le sud - environ 1m de large",
        "ht": 1.9,
        "hr": 1.14,
        "em": 0.4,
        "pc": 0.74,
        "enf": 0.76,
        "ind_enf": 76.0,
        "name": "E2",
        "areaname": "Bar",
        "easting": 705056.7517,
        "northing": 6189207.5597,
        "x_dd": 3.06174892254,
        "y_dd": 42.8023579523,
        "link_img": "..\\01_MXD\\Img_Recifs\\Z6\\E2.png"
      },
      "geometry": {
        "type": "MultiPoint",
        "coordinates": [
          [
            705056.751699999,
            6189207.559700001
          ]
        ]
      }
    },
    {
      "type": "Feature",
      "properties": {
        "nom": "F1",
        "source": "PNMGL - IXSurvey, etat des lieux RA 2016",
        "info": true,
        "cara": false,
        "regl": false,
        "fid": 15.0,
        "num": "IXSurvey 2016",
        "tech": true,
        "projet": "Herbier de posidonie",
        "objectid": 15.0,
        "typerecif": "A",
        "pmin": -22.28,
        "pmax": -23.72,
        "pext": -22.896,
        "long": 0.0,
        "larg": 0.0,
        "dir": 0.0,
        "dt": 0.0,
        "com": null,
        "ht": 1.9,
        "hr": 1.44,
        "em": 0.616,
        "pc": 0.824,
        "enf": 0.46,
        "ind_enf": 46.0,
        "name": "F1",
        "areaname": "Bar",
        "easting": 705120.1569000001,
        "northing": 6189146.1764,
        "x_dd": 3.06252258125,
        "y_dd": 42.8018055532,
        "link_img": "..\\01_MXD\\Img_Recifs\\Z6\\F1.png"
      },
      "geometry": {
        "type": "MultiPoint",
        "coordinates": [
          [
            705120.1569000036,
            6189146.176399998
          ]
        ]
      }
    },
    {
      "type": "Feature",
      "properties": {
        "nom": "F3",
        "source": "PNMGL - IXSurvey, etat des lieux RA 2016",
        "info": true,
        "cara": false,
        "regl": false,
        "fid": 16.0,
        "num": "IXSurvey 2016",
        "tech": true,
        "projet": "Herbier de posidonie",
        "objectid": 16.0,
        "typerecif": "B",
        "pmin": -20.79,
        "pmax": -23.12,
        "pext": -22.035,
        "long": 2.6,
        "larg": 2.0,
        "dir": 0.0,
        "dt": 0.0,
        "com": "Dalot disloqué avec 2 modules disjoints\r\n",
        "ht": 1.9,
        "hr": 2.33,
        "em": 1.245,
        "pc": 1.085,
        "enf": 0.0,
        "ind_enf": 0.0,
        "name": "F3",
        "areaname": "Bar",
        "easting": 705002.7269,
        "northing": 6189165.986300001,
        "x_dd": 3.06108882332,
        "y_dd": 42.8019845076,
        "link_img": "..\\01_MXD\\Img_Recifs\\Z6\\F3.png"
      },
      "geometry": {
        "type": "MultiPoint",
        "coordinates": [
          [
            705002.7268999964,
            6189165.986299999
          ]
        ]
      }
    },
    {
      "type": "Feature",
      "properties": {
        "nom": "F7",
        "source": "PNMGL - IXSurvey, etat des lieux RA 2016",
        "info": true,
        "cara": false,
        "regl": false,
        "fid": 17.0,
        "num": "IXSurvey 2016",
        "tech": true,
        "projet": "Herbier de posidonie",
        "objectid": 17.0,
        "typerecif": "C",
        "pmin": -19.58,
        "pmax": -21.96,
        "pext": -20.292,
        "long": 0.0,
        "larg": 0.0,
        "dir": 0.0,
        "dt": 0.0,
        "com": null,
        "ht": 3.0,
        "hr": 2.38,
        "em": 0.712,
        "pc": 1.668,
        "enf": 0.62,
        "ind_enf": 62.0,
        "name": "F7",
        "areaname": "Bar",
        "easting": 704808.5128,
        "northing": 6189176.2617,
        "x_dd": 3.05871734875,
        "y_dd": 42.8020782275,
        "link_img": "..\\01_MXD\\Img_Recifs\\Z6\\F7.png"
      },
      "geometry": {
        "type": "MultiPoint",
        "coordinates": [
          [
            704808.5128000006,
            6189176.261700001
          ]
        ]
      }
    },
    {
      "type": "Feature",
      "properties": {
        "nom": "G6",
        "source": "PNMGL - IXSurvey, etat des lieux RA 2016",
        "info": true,
        "cara": false,
        "regl": false,
        "fid": 18.0,
        "num": "IXSurvey 2016",
        "tech": true,
        "projet": "Herbier de posidonie",
        "objectid": 18.0,
        "typerecif": "B",
        "pmin": -20.09,
        "pmax": -22.45,
        "pext": -21.935,
        "long": 0.0,
        "larg": 0.0,
        "dir": 0.0,
        "dt": 0.0,
        "com": "1 dalot",
        "ht": 2.0,
        "hr": 2.36,
        "em": 1.845,
        "pc": 0.515,
        "enf": 0.0,
        "ind_enf": 0.0,
        "name": "G6",
        "areaname": "Bar",
        "easting": 704872.7359,
        "northing": 6189120.5152,
        "x_dd": 3.05950107178,
        "y_dd": 42.8015765302,
        "link_img": "..\\01_MXD\\Img_Recifs\\Z6\\G6.png"
      },
      "geometry": {
        "type": "MultiPoint",
        "coordinates": [
          [
            704872.7358999997,
            6189120.5152
          ]
        ]
      }
    },
    {
      "type": "Feature",
      "properties": {
        "nom": "G4",
        "source": "PNMGL - IXSurvey, etat des lieux RA 2016",
        "info": true,
        "cara": false,
        "regl": false,
        "fid": 19.0,
        "num": "IXSurvey 2016",
        "tech": true,
        "projet": "Herbier de posidonie",
        "objectid": 19.0,
        "typerecif": "C",
        "pmin": -21.35,
        "pmax": -23.54,
        "pext": -21.681,
        "long": 0.0,
        "larg": 0.0,
        "dir": 0.0,
        "dt": 0.0,
        "com": null,
        "ht": 3.0,
        "hr": 2.19,
        "em": 0.331,
        "pc": 1.859,
        "enf": 0.81,
        "ind_enf": 81.0,
        "name": "G4",
        "areaname": "Bar",
        "easting": 704954.0052,
        "northing": 6189115.0643,
        "x_dd": 3.06049340139,
        "y_dd": 42.8015269612,
        "link_img": "..\\01_MXD\\Img_Recifs\\Z6\\G4.png"
      },
      "geometry": {
        "type": "MultiPoint",
        "coordinates": [
          [
            704954.0051999986,
            6189115.064300001
          ]
        ]
      }
    },
    {
      "type": "Feature",
      "properties": {
        "nom": "G2",
        "source": "PNMGL - IXSurvey, etat des lieux RA 2016",
        "info": true,
        "cara": false,
        "regl": false,
        "fid": 20.0,
        "num": "IXSurvey 2016",
        "tech": true,
        "projet": "Herbier de posidonie",
        "objectid": 20.0,
        "typerecif": "A",
        "pmin": -21.73,
        "pmax": -23.35,
        "pext": -22.483,
        "long": 0.0,
        "larg": 0.0,
        "dir": 0.0,
        "dt": 0.0,
        "com": null,
        "ht": 1.9,
        "hr": 1.62,
        "em": 0.753,
        "pc": 0.867,
        "enf": 0.28,
        "ind_enf": 28.0,
        "name": "G2",
        "areaname": "Bar",
        "easting": 705052.7973,
        "northing": 6189107.328499999,
        "x_dd": 3.0616996783,
        "y_dd": 42.8014567146,
        "link_img": "..\\01_MXD\\Img_Recifs\\Z6\\G2.png"
      },
      "geometry": {
        "type": "MultiPoint",
        "coordinates": [
          [
            705052.7973000035,
            6189107.328499999
          ]
        ]
      }
    },
    {
      "type": "Feature",
      "properties": {
        "nom": "H2",
        "source": "PNMGL - IXSurvey, etat des lieux RA 2016",
        "info": true,
        "cara": false,
        "regl": false,
        "fid": 21.0,
        "num": "IXSurvey 2016",
        "tech": true,
        "projet": "Herbier de posidonie",
        "objectid": 21.0,
        "typerecif": "B",
        "pmin": -21.33,
        "pmax": -24.03,
        "pext": -22.489,
        "long": 2.6,
        "larg": 1.8,
        "dir": 247.0,
        "dt": 0.0,
        "com": "1 dalot désaxé et incliné; 1 structure non identifiée accolée\r\n",
        "ht": 2.0,
        "hr": 2.7,
        "em": 1.159,
        "pc": 1.541,
        "enf": 0.0,
        "ind_enf": 0.0,
        "name": "H2",
        "areaname": "Bar",
        "easting": 705043.7885,
        "northing": 6189064.845,
        "x_dd": 3.06158926731,
        "y_dd": 42.8010747721,
        "link_img": "..\\01_MXD\\Img_Recifs\\Z6\\H2.png"
      },
      "geometry": {
        "type": "MultiPoint",
        "coordinates": [
          [
            705043.7885000035,
            6189064.844999999
          ]
        ]
      }
    },
    {
      "type": "Feature",
      "properties": {
        "nom": "H4",
        "source": "PNMGL - IXSurvey, etat des lieux RA 2016",
        "info": true,
        "cara": false,
        "regl": false,
        "fid": 22.0,
        "num": "IXSurvey 2016",
        "tech": true,
        "projet": "Herbier de posidonie",
        "objectid": 22.0,
        "typerecif": "B",
        "pmin": -20.65,
        "pmax": -23.0,
        "pext": -21.622,
        "long": 0.0,
        "larg": 0.0,
        "dir": 0.0,
        "dt": 0.0,
        "com": null,
        "ht": 2.0,
        "hr": 2.35,
        "em": 0.972,
        "pc": 1.378,
        "enf": 0.0,
        "ind_enf": 0.0,
        "name": "H4",
        "areaname": "Bar",
        "easting": 704947.5608,
        "northing": 6189069.131,
        "x_dd": 3.06041427965,
        "y_dd": 42.8011139797,
        "link_img": "..\\01_MXD\\Img_Recifs\\Z6\\H4.png"
      },
      "geometry": {
        "type": "MultiPoint",
        "coordinates": [
          [
            704947.560800001,
            6189069.131000001
          ]
        ]
      }
    },
    {
      "type": "Feature",
      "properties": {
        "nom": "I7",
        "source": "PNMGL - IXSurvey, etat des lieux RA 2016",
        "info": true,
        "cara": false,
        "regl": false,
        "fid": 23.0,
        "num": "IXSurvey 2016",
        "tech": true,
        "projet": "Herbier de posidonie",
        "objectid": 23.0,
        "typerecif": "B",
        "pmin": -18.38,
        "pmax": -20.85,
        "pext": -20.063,
        "long": 4.0,
        "larg": 2.6,
        "dir": 286.0,
        "dt": 0.0,
        "com": "2 dallots désaxés et inclinés\r\n",
        "ht": 2.0,
        "hr": 2.47,
        "em": 1.683,
        "pc": 0.787,
        "enf": 0.0,
        "ind_enf": 0.0,
        "name": "I7",
        "areaname": "Bar",
        "easting": 704786.0218,
        "northing": 6189031.3758000005,
        "x_dd": 3.05844139902,
        "y_dd": 42.8007755835,
        "link_img": "..\\01_MXD\\Img_Recifs\\Z6\\I7.png"
      },
      "geometry": {
        "type": "MultiPoint",
        "coordinates": [
          [
            704786.0217999965,
            6189031.375799999
          ]
        ]
      }
    },
    {
      "type": "Feature",
      "properties": {
        "nom": "I5",
        "source": "PNMGL - IXSurvey, etat des lieux RA 2016",
        "info": true,
        "cara": false,
        "regl": false,
        "fid": 24.0,
        "num": "IXSurvey 2016",
        "tech": true,
        "projet": "Herbier de posidonie",
        "objectid": 24.0,
        "typerecif": "B",
        "pmin": -20.76,
        "pmax": -22.41,
        "pext": -21.245,
        "long": 0.0,
        "larg": 0.0,
        "dir": 0.0,
        "dt": 0.0,
        "com": null,
        "ht": 2.0,
        "hr": 1.65,
        "em": 0.485,
        "pc": 1.165,
        "enf": 0.35,
        "ind_enf": 35.0,
        "name": "I5",
        "areaname": "Bar",
        "easting": 704897.7925,
        "northing": 6189017.0685,
        "x_dd": 3.05980608155,
        "y_dd": 42.8006461818,
        "link_img": "..\\01_MXD\\Img_Recifs\\Z6\\I5.png"
      },
      "geometry": {
        "type": "MultiPoint",
        "coordinates": [
          [
            704897.7924999967,
            6189017.068500001
          ]
        ]
      }
    },
    {
      "type": "Feature",
      "properties": {
        "nom": "I3",
        "source": "PNMGL - IXSurvey, etat des lieux RA 2016",
        "info": true,
        "cara": false,
        "regl": false,
        "fid": 25.0,
        "num": "IXSurvey 2016",
        "tech": true,
        "projet": "Herbier de posidonie",
        "objectid": 25.0,
        "typerecif": "A",
        "pmin": -21.44,
        "pmax": -22.81,
        "pext": -21.969,
        "long": 0.0,
        "larg": 0.0,
        "dir": 0.0,
        "dt": 0.0,
        "com": null,
        "ht": 1.9,
        "hr": 1.37,
        "em": 0.529,
        "pc": 0.841,
        "enf": 0.53,
        "ind_enf": 53.0,
        "name": "I3",
        "areaname": "Bar",
        "easting": 704986.3702,
        "northing": 6189016.5265,
        "x_dd": 3.06088768271,
        "y_dd": 42.8006406995,
        "link_img": "..\\01_MXD\\Img_Recifs\\Z6\\I3.png"
      },
      "geometry": {
        "type": "MultiPoint",
        "coordinates": [
          [
            704986.3702000007,
            6189016.526500002
          ]
        ]
      }
    },
    {
      "type": "Feature",
      "properties": {
        "nom": "I1",
        "source": "PNMGL - IXSurvey, etat des lieux RA 2016",
        "info": true,
        "cara": false,
        "regl": false,
        "fid": 26.0,
        "num": "IXSurvey 2016",
        "tech": true,
        "projet": "Herbier de posidonie",
        "objectid": 26.0,
        "typerecif": "A",
        "pmin": -22.38,
        "pmax": -23.43,
        "pext": -22.756,
        "long": 0.0,
        "larg": 0.0,
        "dir": 0.0,
        "dt": 0.0,
        "com": null,
        "ht": 1.9,
        "hr": 1.05,
        "em": 0.376,
        "pc": 0.674,
        "enf": 0.85,
        "ind_enf": 85.0,
        "name": "I1",
        "areaname": "Bar",
        "easting": 705089.3284,
        "northing": 6189004.873299999,
        "x_dd": 3.06214477454,
        "y_dd": 42.8005351944,
        "link_img": "..\\01_MXD\\Img_Recifs\\Z6\\I1.png"
      },
      "geometry": {
        "type": "MultiPoint",
        "coordinates": [
          [
            705089.3284000009,
            6189004.873300001
          ]
        ]
      }
    },
    {
      "type": "Feature",
      "properties": {
        "nom": "C5",
        "source": "PNMGL - IXSurvey, etat des lieux RA 2016",
        "info": true,
        "cara": false,
        "regl": false,
        "fid": 27.0,
        "num": "IXSurvey 2016",
        "tech": true,
        "projet": "Herbier de posidonie",
        "objectid": 27.0,
        "typerecif": "B",
        "pmin": -20.74,
        "pmax": -23.33,
        "pext": -21.18,
        "long": 4.0,
        "larg": 2.6,
        "dir": 268.0,
        "dt": 0.6,
        "com": "Dalot disloqué avec 2 modules disjoints\r\n",
        "ht": 1.9,
        "hr": 2.59,
        "em": 0.44,
        "pc": 2.15,
        "enf": 0.0,
        "ind_enf": 0.0,
        "name": "C5",
        "areaname": "Bar",
        "easting": 704919.3987000001,
        "northing": 6189356.4416,
        "x_dd": 3.06007306364,
        "y_dd": 42.8036976324,
        "link_img": "..\\01_MXD\\Img_Recifs\\Z6\\C5.png"
      },
      "geometry": {
        "type": "MultiPoint",
        "coordinates": [
          [
            704919.3986999989,
            6189356.441599999
          ]
        ]
      }
    },
    {
      "type": "Feature",
      "properties": {
        "nom": "B2",
        "source": "PNMGL - IXSurvey, etat des lieux RA 2016",
        "info": true,
        "cara": false,
        "regl": false,
        "fid": 28.0,
        "num": "IXSurvey 2016",
        "tech": true,
        "projet": "Herbier de posidonie",
        "objectid": 28.0,
        "typerecif": "C",
        "pmin": -21.54,
        "pmax": -23.63,
        "pext": -22.523,
        "long": 0.0,
        "larg": 0.0,
        "dir": 0.0,
        "dt": 0.0,
        "com": null,
        "ht": 3.0,
        "hr": 2.09,
        "em": 0.983,
        "pc": 1.107,
        "enf": 0.91,
        "ind_enf": 91.0,
        "name": "B2",
        "areaname": "Bar",
        "easting": 705066.8177,
        "northing": 6189354.632100001,
        "x_dd": 3.06187324752,
        "y_dd": 42.8036803381,
        "link_img": "..\\01_MXD\\Img_Recifs\\Z6\\B2.png"
      },
      "geometry": {
        "type": "MultiPoint",
        "coordinates": [
          [
            705066.8176999986,
            6189354.632100001
          ]
        ]
      }
    },
    {
      "type": "Feature",
      "properties": {
        "nom": "CanB_01",
        "source": "PNMGL - IXSurvey, etat des lieux RA 2016",
        "info": true,
        "cara": false,
        "regl": false,
        "fid": 29.0,
        "num": "IXSurvey 2016",
        "tech": true,
        "projet": "Herbier de posidonie",
        "objectid": 29.0,
        "typerecif": "Bo",
        "pmin": -25.63,
        "pmax": -29.84,
        "pext": -29.45,
        "long": 5.25,
        "larg": 5.25,
        "dir": 0.0,
        "dt": 0.0,
        "com": null,
        "ht": 4.0,
        "hr": 4.21,
        "em": 3.82,
        "pc": 0.39,
        "enf": 0.0,
        "ind_enf": 0.0,
        "name": "CanB_01",
        "areaname": "Can",
        "easting": 705822.0847,
        "northing": 6180513.1105,
        "x_dd": 3.07099907722,
        "y_dd": 42.7241756488,
        "link_img": "..\\01_MXD\\Img_Recifs\\Can\\CanB_01.png"
      },
      "geometry": {
        "type": "MultiPoint",
        "coordinates": [
          [
            705822.0847000033,
            6180513.1105
          ]
        ]
      }
    },
    {
      "type": "Feature",
      "properties": {
        "nom": "CanB_02",
        "source": "PNMGL - IXSurvey, etat des lieux RA 2016",
        "info": true,
        "cara": false,
        "regl": false,
        "fid": 30.0,
        "num": "IXSurvey 2016",
        "tech": true,
        "projet": "Herbier de posidonie",
        "objectid": 30.0,
        "typerecif": "Co",
        "pmin": -27.65,
        "pmax": -29.9,
        "pext": -29.6,
        "long": 0.0,
        "larg": 0.0,
        "dir": 0.0,
        "dt": 0.0,
        "com": null,
        "ht": 2.0,
        "hr": 2.25,
        "em": 1.95,
        "pc": 0.3,
        "enf": 0.0,
        "ind_enf": 0.0,
        "name": "CanB_02",
        "areaname": "Can",
        "easting": 705836.4856,
        "northing": 6180514.3155,
        "x_dd": 3.07117470626,
        "y_dd": 42.7241863666,
        "link_img": "..\\01_MXD\\Img_Recifs\\Can\\CanB_02.png"
      },
      "geometry": {
        "type": "MultiPoint",
        "coordinates": [
          [
            705836.4856000021,
            6180514.315499999
          ]
        ]
      }
    },
    {
      "type": "Feature",
      "properties": {
        "nom": "CanB_03",
        "source": "PNMGL - IXSurvey, etat des lieux RA 2016",
        "info": true,
        "cara": false,
        "regl": false,
        "fid": 31.0,
        "num": "IXSurvey 2016",
        "tech": true,
        "projet": "Herbier de posidonie",
        "objectid": 31.0,
        "typerecif": "Co",
        "pmin": -27.86,
        "pmax": -29.85,
        "pext": -29.6,
        "long": 0.0,
        "larg": 0.0,
        "dir": 0.0,
        "dt": 0.0,
        "com": null,
        "ht": 2.0,
        "hr": 1.99,
        "em": 1.74,
        "pc": 0.25,
        "enf": 0.01,
        "ind_enf": 1.0,
        "name": "CanB_03",
        "areaname": "Can",
        "easting": 705831.289,
        "northing": 6180516.7678,
        "x_dd": 3.07111136179,
        "y_dd": 42.7242084579,
        "link_img": "..\\01_MXD\\Img_Recifs\\Can\\CanB_03.png"
      },
      "geometry": {
        "type": "MultiPoint",
        "coordinates": [
          [
            705831.2889999971,
            6180516.7678
          ]
        ]
      }
    },
    {
      "type": "Feature",
      "properties": {
        "nom": "CanB_04",
        "source": "PNMGL - IXSurvey, etat des lieux RA 2016",
        "info": true,
        "cara": false,
        "regl": false,
        "fid": 32.0,
        "num": "IXSurvey 2016",
        "tech": true,
        "projet": "Herbier de posidonie",
        "objectid": 32.0,
        "typerecif": "Co",
        "pmin": -29.09,
        "pmax": -29.68,
        "pext": -29.45,
        "long": 0.0,
        "larg": 0.0,
        "dir": 0.0,
        "dt": 0.0,
        "com": null,
        "ht": 2.0,
        "hr": 0.59,
        "em": 0.36,
        "pc": 0.23,
        "enf": 1.41,
        "ind_enf": 141.0,
        "name": "CanB_04",
        "areaname": "Can",
        "easting": 705846.2468000001,
        "northing": 6180518.8331,
        "x_dd": 3.07129379171,
        "y_dd": 42.7242269062,
        "link_img": "..\\01_MXD\\Img_Recifs\\Can\\CanB_04.png"
      },
      "geometry": {
        "type": "MultiPoint",
        "coordinates": [
          [
            705846.246799998,
            6180518.8330999985
          ]
        ]
      }
    },
    {
      "type": "Feature",
      "properties": {
        "nom": "CanB_05",
        "source": "PNMGL - IXSurvey, etat des lieux RA 2016",
        "info": true,
        "cara": false,
        "regl": false,
        "fid": 33.0,
        "num": "IXSurvey 2016",
        "tech": true,
        "projet": "Herbier de posidonie",
        "objectid": 33.0,
        "typerecif": "Co",
        "pmin": -27.89,
        "pmax": -30.11,
        "pext": -29.45,
        "long": 0.0,
        "larg": 0.0,
        "dir": 0.0,
        "dt": 0.0,
        "com": null,
        "ht": 2.0,
        "hr": 2.22,
        "em": 1.56,
        "pc": 0.66,
        "enf": 0.0,
        "ind_enf": 0.0,
        "name": "CanB_05",
        "areaname": "Can",
        "easting": 705851.3393,
        "northing": 6180519.2302,
        "x_dd": 3.07135589805,
        "y_dd": 42.7242304352,
        "link_img": "..\\01_MXD\\Img_Recifs\\Can\\CanB_05.png"
      },
      "geometry": {
        "type": "MultiPoint",
        "coordinates": [
          [
            705851.3392999992,
            6180519.2302
          ]
        ]
      }
    },
    {
      "type": "Feature",
      "properties": {
        "nom": "CanB_06",
        "source": "PNMGL - IXSurvey, etat des lieux RA 2016",
        "info": true,
        "cara": false,
        "regl": false,
        "fid": 34.0,
        "num": "IXSurvey 2016",
        "tech": true,
        "projet": "Herbier de posidonie",
        "objectid": 34.0,
        "typerecif": "Co",
        "pmin": -27.78,
        "pmax": -29.99,
        "pext": -29.45,
        "long": 0.0,
        "larg": 0.0,
        "dir": 0.0,
        "dt": 0.0,
        "com": null,
        "ht": 2.0,
        "hr": 2.21,
        "em": 1.67,
        "pc": 0.54,
        "enf": 0.0,
        "ind_enf": 0.0,
        "name": "CanB_06",
        "areaname": "Can",
        "easting": 705853.3346,
        "northing": 6180511.3307,
        "x_dd": 3.07138014324,
        "y_dd": 42.7241593929,
        "link_img": "..\\01_MXD\\Img_Recifs\\Can\\CanB_06.png"
      },
      "geometry": {
        "type": "MultiPoint",
        "coordinates": [
          [
            705853.3346000016,
            6180511.330699999
          ]
        ]
      }
    },
    {
      "type": "Feature",
      "properties": {
        "nom": "CanB_07",
        "source": "PNMGL - IXSurvey, etat des lieux RA 2016",
        "info": true,
        "cara": false,
        "regl": false,
        "fid": 35.0,
        "num": "IXSurvey 2016",
        "tech": true,
        "projet": "Herbier de posidonie",
        "objectid": 35.0,
        "typerecif": "Co",
        "pmin": -27.82,
        "pmax": -30.02,
        "pext": -29.45,
        "long": 0.0,
        "larg": 0.0,
        "dir": 0.0,
        "dt": 0.0,
        "com": null,
        "ht": 2.0,
        "hr": 2.2,
        "em": 1.63,
        "pc": 0.57,
        "enf": 0.0,
        "ind_enf": 0.0,
        "name": "CanB_07",
        "areaname": "Can",
        "easting": 705851.5219,
        "northing": 6180514.3591,
        "x_dd": 3.07135807114,
        "y_dd": 42.7241866366,
        "link_img": "..\\01_MXD\\Img_Recifs\\Can\\CanB_07.png"
      },
      "geometry": {
        "type": "MultiPoint",
        "coordinates": [
          [
            705851.5218999982,
            6180514.359099999
          ]
        ]
      }
    },
    {
      "type": "Feature",
      "properties": {
        "nom": "CanB_08",
        "source": "PNMGL - IXSurvey, etat des lieux RA 2016",
        "info": true,
        "cara": false,
        "regl": false,
        "fid": 36.0,
        "num": "IXSurvey 2016",
        "tech": true,
        "projet": "Herbier de posidonie",
        "objectid": 36.0,
        "typerecif": "Co",
        "pmin": -27.71,
        "pmax": -29.94,
        "pext": -29.45,
        "long": 0.0,
        "larg": 0.0,
        "dir": 0.0,
        "dt": 0.0,
        "com": null,
        "ht": 2.0,
        "hr": 2.23,
        "em": 1.74,
        "pc": 0.49,
        "enf": 0.0,
        "ind_enf": 0.0,
        "name": "CanB_08",
        "areaname": "Can",
        "easting": 705850.0462,
        "northing": 6180511.9976,
        "x_dd": 3.07134004928,
        "y_dd": 42.7241654159,
        "link_img": "..\\01_MXD\\Img_Recifs\\Can\\CanB_08.png"
      },
      "geometry": {
        "type": "MultiPoint",
        "coordinates": [
          [
            705850.0461999997,
            6180511.9976
          ]
        ]
      }
    },
    {
      "type": "Feature",
      "properties": {
        "nom": "CanB_09",
        "source": "PNMGL - IXSurvey, etat des lieux RA 2016",
        "info": true,
        "cara": false,
        "regl": false,
        "fid": 37.0,
        "num": "IXSurvey 2016",
        "tech": true,
        "projet": "Herbier de posidonie",
        "objectid": 37.0,
        "typerecif": "Co",
        "pmin": -27.8,
        "pmax": -29.8,
        "pext": -29.45,
        "long": 0.0,
        "larg": 0.0,
        "dir": 0.0,
        "dt": 0.0,
        "com": null,
        "ht": 2.0,
        "hr": 2.0,
        "em": 1.65,
        "pc": 0.35,
        "enf": 0.0,
        "ind_enf": 0.0,
        "name": "CanB_09",
        "areaname": "Can",
        "easting": 705847.5893,
        "northing": 6180510.0269,
        "x_dd": 3.07131006623,
        "y_dd": 42.7241477168,
        "link_img": "..\\01_MXD\\Img_Recifs\\Can\\CanB_09.png"
      },
      "geometry": {
        "type": "MultiPoint",
        "coordinates": [
          [
            705847.5892999992,
            6180510.026900001
          ]
        ]
      }
    },
    {
      "type": "Feature",
      "properties": {
        "nom": "CanB_10",
        "source": "PNMGL - IXSurvey, etat des lieux RA 2016",
        "info": true,
        "cara": false,
        "regl": false,
        "fid": 38.0,
        "num": "IXSurvey 2016",
        "tech": true,
        "projet": "Herbier de posidonie",
        "objectid": 38.0,
        "typerecif": "Co",
        "pmin": -27.87,
        "pmax": -30.02,
        "pext": -29.45,
        "long": 0.0,
        "larg": 0.0,
        "dir": 0.0,
        "dt": 0.0,
        "com": null,
        "ht": 2.0,
        "hr": 2.15,
        "em": 1.58,
        "pc": 0.57,
        "enf": 0.0,
        "ind_enf": 0.0,
        "name": "CanB_10",
        "areaname": "Can",
        "easting": 705856.9325,
        "northing": 6180513.2494,
        "x_dd": 3.07142403998,
        "y_dd": 42.7241766151,
        "link_img": "..\\01_MXD\\Img_Recifs\\Can\\CanB_10.png"
      },
      "geometry": {
        "type": "MultiPoint",
        "coordinates": [
          [
            705856.9324999973,
            6180513.249400001
          ]
        ]
      }
    },
    {
      "type": "Feature",
      "properties": {
        "nom": "CanB_11",
        "source": "PNMGL - IXSurvey, etat des lieux RA 2016",
        "info": true,
        "cara": false,
        "regl": false,
        "fid": 39.0,
        "num": "IXSurvey 2016",
        "tech": true,
        "projet": "Herbier de posidonie",
        "objectid": 39.0,
        "typerecif": "Co",
        "pmin": -28.99,
        "pmax": -29.93,
        "pext": -29.4,
        "long": 0.0,
        "larg": 0.0,
        "dir": 0.0,
        "dt": 0.0,
        "com": null,
        "ht": 2.0,
        "hr": 0.94,
        "em": 0.41,
        "pc": 0.53,
        "enf": 1.06,
        "ind_enf": 106.0,
        "name": "CanB_11",
        "areaname": "Can",
        "easting": 705843.1919,
        "northing": 6180496.0113,
        "x_dd": 3.0712562867,
        "y_dd": 42.7240217353,
        "link_img": "..\\01_MXD\\Img_Recifs\\Can\\CanB_11.png"
      },
      "geometry": {
        "type": "MultiPoint",
        "coordinates": [
          [
            705843.1919,
            6180496.011300001
          ]
        ]
      }
    },
    {
      "type": "Feature",
      "properties": {
        "nom": "CanB_12",
        "source": "PNMGL - IXSurvey, etat des lieux RA 2016",
        "info": true,
        "cara": false,
        "regl": false,
        "fid": 40.0,
        "num": "IXSurvey 2016",
        "tech": true,
        "projet": "Herbier de posidonie",
        "objectid": 40.0,
        "typerecif": "Co",
        "pmin": -27.71,
        "pmax": -29.93,
        "pext": -29.4,
        "long": 0.0,
        "larg": 0.0,
        "dir": 0.0,
        "dt": 0.0,
        "com": null,
        "ht": 2.0,
        "hr": 2.22,
        "em": 1.69,
        "pc": 0.53,
        "enf": 0.0,
        "ind_enf": 0.0,
        "name": "CanB_12",
        "areaname": "Can",
        "easting": 705847.0194,
        "northing": 6180494.685,
        "x_dd": 3.07130294749,
        "y_dd": 42.7240097792,
        "link_img": "..\\01_MXD\\Img_Recifs\\Can\\CanB_12.png"
      },
      "geometry": {
        "type": "MultiPoint",
        "coordinates": [
          [
            705847.0194000006,
            6180494.684999999
          ]
        ]
      }
    },
    {
      "type": "Feature",
      "properties": {
        "nom": "CanB_13",
        "source": "PNMGL - IXSurvey, etat des lieux RA 2016",
        "info": true,
        "cara": false,
        "regl": false,
        "fid": 41.0,
        "num": "IXSurvey 2016",
        "tech": true,
        "projet": "Herbier de posidonie",
        "objectid": 41.0,
        "typerecif": "Co",
        "pmin": -27.76,
        "pmax": -29.98,
        "pext": -29.4,
        "long": 0.0,
        "larg": 0.0,
        "dir": 0.0,
        "dt": 0.0,
        "com": null,
        "ht": 2.0,
        "hr": 2.22,
        "em": 1.64,
        "pc": 0.58,
        "enf": 0.0,
        "ind_enf": 0.0,
        "name": "CanB_13",
        "areaname": "Can",
        "easting": 705846.0086,
        "northing": 6180491.2772,
        "x_dd": 3.07129058352,
        "y_dd": 42.7239791471,
        "link_img": "..\\01_MXD\\Img_Recifs\\Can\\CanB_13.png"
      },
      "geometry": {
        "type": "MultiPoint",
        "coordinates": [
          [
            705846.0085999966,
            6180491.2771999985
          ]
        ]
      }
    },
    {
      "type": "Feature",
      "properties": {
        "nom": "CanB_14",
        "source": "PNMGL - IXSurvey, etat des lieux RA 2016",
        "info": true,
        "cara": false,
        "regl": false,
        "fid": 42.0,
        "num": "IXSurvey 2016",
        "tech": true,
        "projet": "Herbier de posidonie",
        "objectid": 42.0,
        "typerecif": "Co",
        "pmin": -27.97,
        "pmax": -29.98,
        "pext": -29.4,
        "long": 0.0,
        "larg": 0.0,
        "dir": 0.0,
        "dt": 0.0,
        "com": null,
        "ht": 2.0,
        "hr": 2.01,
        "em": 1.43,
        "pc": 0.58,
        "enf": 0.0,
        "ind_enf": 0.0,
        "name": "CanB_14",
        "areaname": "Can",
        "easting": 705847.8825,
        "northing": 6180488.245,
        "x_dd": 3.07131340184,
        "y_dd": 42.7239518687,
        "link_img": "..\\01_MXD\\Img_Recifs\\Can\\CanB_14.png"
      },
      "geometry": {
        "type": "MultiPoint",
        "coordinates": [
          [
            705847.8825000003,
            6180488.245000001
          ]
        ]
      }
    },
    {
      "type": "Feature",
      "properties": {
        "nom": "CanB_15",
        "source": "PNMGL - IXSurvey, etat des lieux RA 2016",
        "info": true,
        "cara": false,
        "regl": false,
        "fid": 43.0,
        "num": "IXSurvey 2016",
        "tech": true,
        "projet": "Herbier de posidonie",
        "objectid": 43.0,
        "typerecif": "Co",
        "pmin": -27.8,
        "pmax": -29.93,
        "pext": -29.4,
        "long": 0.0,
        "larg": 0.0,
        "dir": 0.0,
        "dt": 0.0,
        "com": null,
        "ht": 2.0,
        "hr": 2.13,
        "em": 1.6,
        "pc": 0.53,
        "enf": 0.0,
        "ind_enf": 0.0,
        "name": "CanB_15",
        "areaname": "Can",
        "easting": 705843.2694,
        "northing": 6180484.6476,
        "x_dd": 3.07125710673,
        "y_dd": 42.7239195612,
        "link_img": "..\\01_MXD\\Img_Recifs\\Can\\CanB_15.png"
      },
      "geometry": {
        "type": "MultiPoint",
        "coordinates": [
          [
            705843.2694000006,
            6180484.647599999
          ]
        ]
      }
    },
    {
      "type": "Feature",
      "properties": {
        "nom": "CanB_16",
        "source": "PNMGL - IXSurvey, etat des lieux RA 2016",
        "info": true,
        "cara": false,
        "regl": false,
        "fid": 44.0,
        "num": "IXSurvey 2016",
        "tech": true,
        "projet": "Herbier de posidonie",
        "objectid": 44.0,
        "typerecif": "Co",
        "pmin": -27.77,
        "pmax": -29.88,
        "pext": -29.4,
        "long": 0.0,
        "larg": 0.0,
        "dir": 0.0,
        "dt": 0.0,
        "com": null,
        "ht": 2.0,
        "hr": 2.11,
        "em": 1.63,
        "pc": 0.48,
        "enf": 0.0,
        "ind_enf": 0.0,
        "name": "CanB_16",
        "areaname": "Can",
        "easting": 705840.8175,
        "northing": 6180484.7224,
        "x_dd": 3.07122720731,
        "y_dd": 42.7239202536,
        "link_img": "..\\01_MXD\\Img_Recifs\\Can\\CanB_16.png"
      },
      "geometry": {
        "type": "MultiPoint",
        "coordinates": [
          [
            705840.8175000027,
            6180484.722399998
          ]
        ]
      }
    },
    {
      "type": "Feature",
      "properties": {
        "nom": "CanB_17",
        "source": "PNMGL - IXSurvey, etat des lieux RA 2016",
        "info": true,
        "cara": false,
        "regl": false,
        "fid": 45.0,
        "num": "IXSurvey 2016",
        "tech": true,
        "projet": "Herbier de posidonie",
        "objectid": 45.0,
        "typerecif": "Co",
        "pmin": -27.64,
        "pmax": -29.88,
        "pext": -29.4,
        "long": 0.0,
        "larg": 0.0,
        "dir": 0.0,
        "dt": 0.0,
        "com": null,
        "ht": 2.0,
        "hr": 2.24,
        "em": 1.76,
        "pc": 0.48,
        "enf": 0.0,
        "ind_enf": 0.0,
        "name": "CanB_17",
        "areaname": "Can",
        "easting": 705839.8671,
        "northing": 6180489.1538,
        "x_dd": 3.07121566618,
        "y_dd": 42.723960105,
        "link_img": "..\\01_MXD\\Img_Recifs\\Can\\CanB_17.png"
      },
      "geometry": {
        "type": "MultiPoint",
        "coordinates": [
          [
            705839.8671000004,
            6180489.1537999995
          ]
        ]
      }
    },
    {
      "type": "Feature",
      "properties": {
        "nom": "CanB_18",
        "source": "PNMGL - IXSurvey, etat des lieux RA 2016",
        "info": true,
        "cara": false,
        "regl": false,
        "fid": 46.0,
        "num": "IXSurvey 2016",
        "tech": true,
        "projet": "Herbier de posidonie",
        "objectid": 46.0,
        "typerecif": "Co",
        "pmin": -27.66,
        "pmax": -29.94,
        "pext": -29.4,
        "long": 0.0,
        "larg": 0.0,
        "dir": 0.0,
        "dt": 0.0,
        "com": null,
        "ht": 2.0,
        "hr": 2.28,
        "em": 1.74,
        "pc": 0.54,
        "enf": 0.0,
        "ind_enf": 0.0,
        "name": "CanB_18",
        "areaname": "Can",
        "easting": 705849.2461,
        "northing": 6180493.7464,
        "x_dd": 3.07133009118,
        "y_dd": 42.7240013219,
        "link_img": "..\\01_MXD\\Img_Recifs\\Can\\CanB_18.png"
      },
      "geometry": {
        "type": "MultiPoint",
        "coordinates": [
          [
            705849.246100001,
            6180493.746399999
          ]
        ]
      }
    },
    {
      "type": "Feature",
      "properties": {
        "nom": "CanB_19",
        "source": "PNMGL - IXSurvey, etat des lieux RA 2016",
        "info": true,
        "cara": false,
        "regl": false,
        "fid": 47.0,
        "num": "IXSurvey 2016",
        "tech": true,
        "projet": "Herbier de posidonie",
        "objectid": 47.0,
        "typerecif": "Co",
        "pmin": -27.86,
        "pmax": -29.94,
        "pext": -29.6,
        "long": 0.0,
        "larg": 0.0,
        "dir": 0.0,
        "dt": 0.0,
        "com": null,
        "ht": 2.0,
        "hr": 2.08,
        "em": 1.74,
        "pc": 0.34,
        "enf": 0.0,
        "ind_enf": 0.0,
        "name": "CanB_19",
        "areaname": "Can",
        "easting": 705829.7172,
        "northing": 6180519.5073,
        "x_dd": 3.0710922241,
        "y_dd": 42.7242331021,
        "link_img": "..\\01_MXD\\Img_Recifs\\Can\\CanB_19.png"
      },
      "geometry": {
        "type": "MultiPoint",
        "coordinates": [
          [
            705829.7172000036,
            6180519.507300001
          ]
        ]
      }
    },
    {
      "type": "Feature",
      "properties": {
        "nom": "CanA_01",
        "source": "PNMGL - IXSurvey, etat des lieux RA 2016",
        "info": true,
        "cara": false,
        "regl": false,
        "fid": 48.0,
        "num": "IXSurvey 2016",
        "tech": true,
        "projet": "Herbier de posidonie",
        "objectid": 48.0,
        "typerecif": "U",
        "pmin": -27.67,
        "pmax": -29.81,
        "pext": -29.6,
        "long": 4.24,
        "larg": 4.0,
        "dir": 0.0,
        "dt": 0.0,
        "com": "Ressemble à 4 Comin solidaires",
        "ht": 0.0,
        "hr": 2.14,
        "em": 1.93,
        "pc": 0.21,
        "enf": 0.0,
        "ind_enf": 0.0,
        "name": "CanA_01",
        "areaname": "Can",
        "easting": 705953.3534,
        "northing": 6180748.0012,
        "x_dd": 3.07260250376,
        "y_dd": 42.7262865305,
        "link_img": "..\\01_MXD\\Img_Recifs\\Can\\CanA_01.png"
      },
      "geometry": {
        "type": "MultiPoint",
        "coordinates": [
          [
            705953.3533999994,
            6180748.001200002
          ]
        ]
      }
    },
    {
      "type": "Feature",
      "properties": {
        "nom": "CanA_02",
        "source": "PNMGL - IXSurvey, etat des lieux RA 2016",
        "info": true,
        "cara": false,
        "regl": false,
        "fid": 49.0,
        "num": "IXSurvey 2016",
        "tech": true,
        "projet": "Herbier de posidonie",
        "objectid": 49.0,
        "typerecif": "U",
        "pmin": -27.59,
        "pmax": -29.95,
        "pext": -29.6,
        "long": 4.4,
        "larg": 4.1,
        "dir": 0.0,
        "dt": 0.0,
        "com": "Ressemble à 4 Comin solidaires",
        "ht": 0.0,
        "hr": 2.36,
        "em": 2.01,
        "pc": 0.35,
        "enf": 0.0,
        "ind_enf": 0.0,
        "name": "CanA_02",
        "areaname": "Can",
        "easting": 705963.5311,
        "northing": 6180747.5243,
        "x_dd": 3.07272661771,
        "y_dd": 42.7262821583,
        "link_img": "..\\01_MXD\\Img_Recifs\\Can\\CanA_02.png"
      },
      "geometry": {
        "type": "MultiPoint",
        "coordinates": [
          [
            705963.5310999975,
            6180747.524300002
          ]
        ]
      }
    },
    {
      "type": "Feature",
      "properties": {
        "nom": "CanA_03",
        "source": "PNMGL - IXSurvey, etat des lieux RA 2016",
        "info": true,
        "cara": false,
        "regl": false,
        "fid": 50.0,
        "num": "IXSurvey 2016",
        "tech": true,
        "projet": "Herbier de posidonie",
        "objectid": 50.0,
        "typerecif": "Bo",
        "pmin": -26.09,
        "pmax": -29.9,
        "pext": -29.6,
        "long": 6.0,
        "larg": 5.5,
        "dir": 0.0,
        "dt": 0.0,
        "com": "incliné de 11.4 degrés vers le 112°",
        "ht": 4.0,
        "hr": 3.81,
        "em": 3.51,
        "pc": 0.3,
        "enf": 0.19,
        "ind_enf": 19.0,
        "name": "CanA_03",
        "areaname": "Can",
        "easting": 705946.4072,
        "northing": 6180700.7326,
        "x_dd": 3.07251726392,
        "y_dd": 42.725861585,
        "link_img": "..\\01_MXD\\Img_Recifs\\Can\\CanA_03.png"
      },
      "geometry": {
        "type": "MultiPoint",
        "coordinates": [
          [
            705946.4072000012,
            6180700.7326
          ]
        ]
      }
    },
    {
      "type": "Feature",
      "properties": {
        "nom": "CanA_04",
        "source": "PNMGL - IXSurvey, etat des lieux RA 2016",
        "info": true,
        "cara": false,
        "regl": false,
        "fid": 51.0,
        "num": "IXSurvey 2016",
        "tech": true,
        "projet": "Herbier de posidonie",
        "objectid": 51.0,
        "typerecif": "Co",
        "pmin": -27.9,
        "pmax": -29.85,
        "pext": -29.6,
        "long": 0.0,
        "larg": 0.0,
        "dir": 0.0,
        "dt": 0.0,
        "com": null,
        "ht": 2.0,
        "hr": 1.95,
        "em": 1.7,
        "pc": 0.25,
        "enf": 0.05,
        "ind_enf": 5.0,
        "name": "CanA_04",
        "areaname": "Can",
        "easting": 705952.1975,
        "northing": 6180740.9905,
        "x_dd": 3.07258832871,
        "y_dd": 42.7262235052,
        "link_img": "..\\01_MXD\\Img_Recifs\\Can\\CanA_04.png"
      },
      "geometry": {
        "type": "MultiPoint",
        "coordinates": [
          [
            705952.1974999979,
            6180740.990499999
          ]
        ]
      }
    },
    {
      "type": "Feature",
      "properties": {
        "nom": "CanA_05",
        "source": "PNMGL - IXSurvey, etat des lieux RA 2016",
        "info": true,
        "cara": false,
        "regl": false,
        "fid": 52.0,
        "num": "IXSurvey 2016",
        "tech": true,
        "projet": "Herbier de posidonie",
        "objectid": 52.0,
        "typerecif": "Co",
        "pmin": -27.74,
        "pmax": -29.95,
        "pext": -29.6,
        "long": 0.0,
        "larg": 0.0,
        "dir": 0.0,
        "dt": 0.0,
        "com": null,
        "ht": 2.0,
        "hr": 2.21,
        "em": 1.86,
        "pc": 0.35,
        "enf": 0.0,
        "ind_enf": 0.0,
        "name": "CanA_05",
        "areaname": "Can",
        "easting": 705958.464,
        "northing": 6180745.7221,
        "x_dd": 3.07266480308,
        "y_dd": 42.7262659963,
        "link_img": "..\\01_MXD\\Img_Recifs\\Can\\CanA_05.png"
      },
      "geometry": {
        "type": "MultiPoint",
        "coordinates": [
          [
            705958.4640000015,
            6180745.722100001
          ]
        ]
      }
    },
    {
      "type": "Feature",
      "properties": {
        "nom": "CanA_06",
        "source": "PNMGL - IXSurvey, etat des lieux RA 2016",
        "info": true,
        "cara": false,
        "regl": false,
        "fid": 53.0,
        "num": "IXSurvey 2016",
        "tech": true,
        "projet": "Herbier de posidonie",
        "objectid": 53.0,
        "typerecif": "Co",
        "pmin": -27.81,
        "pmax": -29.95,
        "pext": -29.6,
        "long": 0.0,
        "larg": 0.0,
        "dir": 0.0,
        "dt": 0.0,
        "com": null,
        "ht": 2.0,
        "hr": 2.14,
        "em": 1.79,
        "pc": 0.35,
        "enf": 0.0,
        "ind_enf": 0.0,
        "name": "CanA_06",
        "areaname": "Can",
        "easting": 705960.2879000001,
        "northing": 6180746.7572,
        "x_dd": 3.07268705756,
        "y_dd": 42.726275288,
        "link_img": "..\\01_MXD\\Img_Recifs\\Can\\CanA_06.png"
      },
      "geometry": {
        "type": "MultiPoint",
        "coordinates": [
          [
            705960.2879000008,
            6180746.757199999
          ]
        ]
      }
    },
    {
      "type": "Feature",
      "properties": {
        "nom": "CanA_07",
        "source": "PNMGL - IXSurvey, etat des lieux RA 2016",
        "info": true,
        "cara": false,
        "regl": false,
        "fid": 54.0,
        "num": "IXSurvey 2016",
        "tech": true,
        "projet": "Herbier de posidonie",
        "objectid": 54.0,
        "typerecif": "Co",
        "pmin": -28.1,
        "pmax": -30.0,
        "pext": -29.9,
        "long": 0.0,
        "larg": 0.0,
        "dir": 0.0,
        "dt": 0.0,
        "com": null,
        "ht": 2.0,
        "hr": 1.9,
        "em": 1.8,
        "pc": 0.1,
        "enf": 0.1,
        "ind_enf": 10.0,
        "name": "CanA_07",
        "areaname": "Can",
        "easting": 705962.9504,
        "northing": 6180719.5534,
        "x_dd": 3.07271922181,
        "y_dd": 42.7260306703,
        "link_img": "..\\01_MXD\\Img_Recifs\\Can\\CanA_07.png"
      },
      "geometry": {
        "type": "MultiPoint",
        "coordinates": [
          [
            705962.9504000023,
            6180719.553399999
          ]
        ]
      }
    },
    {
      "type": "Feature",
      "properties": {
        "nom": "CanA_08",
        "source": "PNMGL - IXSurvey, etat des lieux RA 2016",
        "info": true,
        "cara": false,
        "regl": false,
        "fid": 55.0,
        "num": "IXSurvey 2016",
        "tech": true,
        "projet": "Herbier de posidonie",
        "objectid": 55.0,
        "typerecif": "Co",
        "pmin": -28.67,
        "pmax": -29.96,
        "pext": -29.9,
        "long": 0.0,
        "larg": 0.0,
        "dir": 0.0,
        "dt": 0.0,
        "com": null,
        "ht": 2.0,
        "hr": 1.29,
        "em": 1.23,
        "pc": 0.06,
        "enf": 0.71,
        "ind_enf": 71.0,
        "name": "CanA_08",
        "areaname": "Can",
        "easting": 705962.9737,
        "northing": 6180717.2896,
        "x_dd": 3.07271948053,
        "y_dd": 42.7260103158,
        "link_img": "..\\01_MXD\\Img_Recifs\\Can\\CanA_08.png"
      },
      "geometry": {
        "type": "MultiPoint",
        "coordinates": [
          [
            705962.9737000018,
            6180717.2896
          ]
        ]
      }
    },
    {
      "type": "Feature",
      "properties": {
        "nom": "CanA_09",
        "source": "PNMGL - IXSurvey, etat des lieux RA 2016",
        "info": true,
        "cara": false,
        "regl": false,
        "fid": 56.0,
        "num": "IXSurvey 2016",
        "tech": true,
        "projet": "Herbier de posidonie",
        "objectid": 56.0,
        "typerecif": "Co",
        "pmin": -27.84,
        "pmax": -30.05,
        "pext": -29.9,
        "long": 0.0,
        "larg": 0.0,
        "dir": 0.0,
        "dt": 0.0,
        "com": null,
        "ht": 2.0,
        "hr": 2.21,
        "em": 2.06,
        "pc": 0.15,
        "enf": 0.0,
        "ind_enf": 0.0,
        "name": "CanA_09",
        "areaname": "Can",
        "easting": 705965.7,
        "northing": 6180715.8116,
        "x_dd": 3.0727527116,
        "y_dd": 42.7259970041,
        "link_img": "..\\01_MXD\\Img_Recifs\\Can\\CanA_09.png"
      },
      "geometry": {
        "type": "MultiPoint",
        "coordinates": [
          [
            705965.700000003,
            6180715.8116
          ]
        ]
      }
    },
    {
      "type": "Feature",
      "properties": {
        "nom": "CanA_10",
        "source": "PNMGL - IXSurvey, etat des lieux RA 2016",
        "info": true,
        "cara": false,
        "regl": false,
        "fid": 57.0,
        "num": "IXSurvey 2016",
        "tech": true,
        "projet": "Herbier de posidonie",
        "objectid": 57.0,
        "typerecif": "Co",
        "pmin": -27.98,
        "pmax": -30.12,
        "pext": -29.8,
        "long": 0.0,
        "larg": 0.0,
        "dir": 0.0,
        "dt": 0.0,
        "com": null,
        "ht": 2.0,
        "hr": 2.14,
        "em": 1.82,
        "pc": 0.32,
        "enf": 0.0,
        "ind_enf": 0.0,
        "name": "CanA_10",
        "areaname": "Can",
        "easting": 705969.3842,
        "northing": 6180714.0581,
        "x_dd": 3.07279762129,
        "y_dd": 42.7259812075,
        "link_img": "..\\01_MXD\\Img_Recifs\\Can\\CanA_10.png"
      },
      "geometry": {
        "type": "MultiPoint",
        "coordinates": [
          [
            705969.3841999993,
            6180714.0581
          ]
        ]
      }
    },
    {
      "type": "Feature",
      "properties": {
        "nom": "CanA_11",
        "source": "PNMGL - IXSurvey, etat des lieux RA 2016",
        "info": true,
        "cara": false,
        "regl": false,
        "fid": 58.0,
        "num": "IXSurvey 2016",
        "tech": true,
        "projet": "Herbier de posidonie",
        "objectid": 58.0,
        "typerecif": "Co",
        "pmin": -27.97,
        "pmax": -30.09,
        "pext": -29.8,
        "long": 0.0,
        "larg": 0.0,
        "dir": 0.0,
        "dt": 0.0,
        "com": null,
        "ht": 2.0,
        "hr": 2.12,
        "em": 1.83,
        "pc": 0.29,
        "enf": 0.0,
        "ind_enf": 0.0,
        "name": "CanA_11",
        "areaname": "Can",
        "easting": 705970.1725,
        "northing": 6180711.883,
        "x_dd": 3.07280721028,
        "y_dd": 42.7259616441,
        "link_img": "..\\01_MXD\\Img_Recifs\\Can\\CanA_11.png"
      },
      "geometry": {
        "type": "MultiPoint",
        "coordinates": [
          [
            705970.1724999994,
            6180711.883000001
          ]
        ]
      }
    },
    {
      "type": "Feature",
      "properties": {
        "nom": "CanA_12",
        "source": "PNMGL - IXSurvey, etat des lieux RA 2016",
        "info": true,
        "cara": false,
        "regl": false,
        "fid": 59.0,
        "num": "IXSurvey 2016",
        "tech": true,
        "projet": "Herbier de posidonie",
        "objectid": 59.0,
        "typerecif": "Co",
        "pmin": -28.12,
        "pmax": -30.09,
        "pext": -29.8,
        "long": 0.0,
        "larg": 0.0,
        "dir": 0.0,
        "dt": 0.0,
        "com": null,
        "ht": 2.0,
        "hr": 1.97,
        "em": 1.68,
        "pc": 0.29,
        "enf": 0.03,
        "ind_enf": 3.0,
        "name": "CanA_12",
        "areaname": "Can",
        "easting": 705972.5468,
        "northing": 6180711.7459,
        "x_dd": 3.07283616369,
        "y_dd": 42.7259603917,
        "link_img": "..\\01_MXD\\Img_Recifs\\Can\\CanA_12.png"
      },
      "geometry": {
        "type": "MultiPoint",
        "coordinates": [
          [
            705972.5468000025,
            6180711.745900001
          ]
        ]
      }
    },
    {
      "type": "Feature",
      "properties": {
        "nom": "CanA_13",
        "source": "PNMGL - IXSurvey, etat des lieux RA 2016",
        "info": true,
        "cara": false,
        "regl": false,
        "fid": 60.0,
        "num": "IXSurvey 2016",
        "tech": true,
        "projet": "Herbier de posidonie",
        "objectid": 60.0,
        "typerecif": "Co",
        "pmin": -29.35,
        "pmax": -30.09,
        "pext": -29.8,
        "long": 0.0,
        "larg": 0.0,
        "dir": 0.0,
        "dt": 0.0,
        "com": null,
        "ht": 2.0,
        "hr": 0.74,
        "em": 0.45,
        "pc": 0.29,
        "enf": 1.26,
        "ind_enf": 126.0,
        "name": "CanA_13",
        "areaname": "Can",
        "easting": 705971.5926,
        "northing": 6180715.1644,
        "x_dd": 3.07282456552,
        "y_dd": 42.7259911362,
        "link_img": "..\\01_MXD\\Img_Recifs\\Can\\CanA_13.png"
      },
      "geometry": {
        "type": "MultiPoint",
        "coordinates": [
          [
            705971.5926000029,
            6180715.1644
          ]
        ]
      }
    },
    {
      "type": "Feature",
      "properties": {
        "nom": "CanA_14",
        "source": "PNMGL - IXSurvey, etat des lieux RA 2016",
        "info": true,
        "cara": false,
        "regl": false,
        "fid": 61.0,
        "num": "IXSurvey 2016",
        "tech": true,
        "projet": "Herbier de posidonie",
        "objectid": 61.0,
        "typerecif": "Co",
        "pmin": -28.42,
        "pmax": -30.05,
        "pext": -29.8,
        "long": 0.0,
        "larg": 0.0,
        "dir": 0.0,
        "dt": 0.0,
        "com": null,
        "ht": 2.0,
        "hr": 1.63,
        "em": 1.38,
        "pc": 0.25,
        "enf": 0.37,
        "ind_enf": 37.0,
        "name": "CanA_14",
        "areaname": "Can",
        "easting": 705975.4571,
        "northing": 6180714.6628,
        "x_dd": 3.07287168807,
        "y_dd": 42.7259865941,
        "link_img": "..\\01_MXD\\Img_Recifs\\Can\\CanA_14.png"
      },
      "geometry": {
        "type": "MultiPoint",
        "coordinates": [
          [
            705975.4570999965,
            6180714.662799999
          ]
        ]
      }
    },
    {
      "type": "Feature",
      "properties": {
        "nom": "CanA_15",
        "source": "PNMGL - IXSurvey, etat des lieux RA 2016",
        "info": true,
        "cara": false,
        "regl": false,
        "fid": 62.0,
        "num": "IXSurvey 2016",
        "tech": true,
        "projet": "Herbier de posidonie",
        "objectid": 62.0,
        "typerecif": "Co",
        "pmin": -28.06,
        "pmax": -30.11,
        "pext": -29.8,
        "long": 0.0,
        "larg": 0.0,
        "dir": 0.0,
        "dt": 0.0,
        "com": null,
        "ht": 2.0,
        "hr": 2.05,
        "em": 1.74,
        "pc": 0.31,
        "enf": 0.0,
        "ind_enf": 0.0,
        "name": "CanA_15",
        "areaname": "Can",
        "easting": 705980.3684,
        "northing": 6180717.368399999,
        "x_dd": 3.07293161263,
        "y_dd": 42.72601088,
        "link_img": "..\\01_MXD\\Img_Recifs\\Can\\CanA_15.png"
      },
      "geometry": {
        "type": "MultiPoint",
        "coordinates": [
          [
            705980.3684,
            6180717.3684
          ]
        ]
      }
    },
    {
      "type": "Feature",
      "properties": {
        "nom": "CanA_16",
        "source": "PNMGL - IXSurvey, etat des lieux RA 2016",
        "info": true,
        "cara": false,
        "regl": false,
        "fid": 63.0,
        "num": "IXSurvey 2016",
        "tech": true,
        "projet": "Herbier de posidonie",
        "objectid": 63.0,
        "typerecif": "Co",
        "pmin": -28.12,
        "pmax": -30.21,
        "pext": -29.8,
        "long": 0.0,
        "larg": 0.0,
        "dir": 0.0,
        "dt": 0.0,
        "com": null,
        "ht": 2.0,
        "hr": 2.09,
        "em": 1.68,
        "pc": 0.41,
        "enf": 0.0,
        "ind_enf": 0.0,
        "name": "CanA_16",
        "areaname": "Can",
        "easting": 705979.9776,
        "northing": 6180707.846,
        "x_dd": 3.07292673951,
        "y_dd": 42.7259252652,
        "link_img": "..\\01_MXD\\Img_Recifs\\Can\\CanA_16.png"
      },
      "geometry": {
        "type": "MultiPoint",
        "coordinates": [
          [
            705979.9776000008,
            6180707.846000001
          ]
        ]
      }
    },
    {
      "type": "Feature",
      "properties": {
        "nom": "CanA_17",
        "source": "PNMGL - IXSurvey, etat des lieux RA 2016",
        "info": true,
        "cara": false,
        "regl": false,
        "fid": 64.0,
        "num": "IXSurvey 2016",
        "tech": true,
        "projet": "Herbier de posidonie",
        "objectid": 64.0,
        "typerecif": "Co",
        "pmin": -28.06,
        "pmax": -30.14,
        "pext": -29.8,
        "long": 0.0,
        "larg": 0.0,
        "dir": 0.0,
        "dt": 0.0,
        "com": null,
        "ht": 2.0,
        "hr": 2.08,
        "em": 1.74,
        "pc": 0.34,
        "enf": 0.0,
        "ind_enf": 0.0,
        "name": "CanA_17",
        "areaname": "Can",
        "easting": 705984.9735,
        "northing": 6180717.4804,
        "x_dd": 3.07298777384,
        "y_dd": 42.7260118488,
        "link_img": "..\\01_MXD\\Img_Recifs\\Can\\CanA_17.png"
      },
      "geometry": {
        "type": "MultiPoint",
        "coordinates": [
          [
            705984.9734999985,
            6180717.4804
          ]
        ]
      }
    },
    {
      "type": "Feature",
      "properties": {
        "nom": "CanA_18",
        "source": "PNMGL - IXSurvey, etat des lieux RA 2016",
        "info": true,
        "cara": false,
        "regl": false,
        "fid": 65.0,
        "num": "IXSurvey 2016",
        "tech": true,
        "projet": "Herbier de posidonie",
        "objectid": 65.0,
        "typerecif": "Co",
        "pmin": -28.0,
        "pmax": -30.06,
        "pext": -29.8,
        "long": 0.0,
        "larg": 0.0,
        "dir": 0.0,
        "dt": 0.0,
        "com": null,
        "ht": 2.0,
        "hr": 2.06,
        "em": 1.8,
        "pc": 0.26,
        "enf": 0.0,
        "ind_enf": 0.0,
        "name": "CanA_18",
        "areaname": "Can",
        "easting": 705982.5202,
        "northing": 6180715.320600001,
        "x_dd": 3.07295783111,
        "y_dd": 42.7259924499,
        "link_img": "..\\01_MXD\\Img_Recifs\\Can\\CanA_18.png"
      },
      "geometry": {
        "type": "MultiPoint",
        "coordinates": [
          [
            705982.5201999992,
            6180715.320599999
          ]
        ]
      }
    },
    {
      "type": "Feature",
      "properties": {
        "nom": "CanD_01",
        "source": "PNMGL - IXSurvey, etat des lieux RA 2016",
        "info": true,
        "cara": false,
        "regl": false,
        "fid": 66.0,
        "num": "IXSurvey 2016",
        "tech": true,
        "projet": "Herbier de posidonie",
        "objectid": 66.0,
        "typerecif": "Bo",
        "pmin": -26.87,
        "pmax": -30.06,
        "pext": -29.6,
        "long": 5.7,
        "larg": 5.6,
        "dir": 0.0,
        "dt": 0.0,
        "com": null,
        "ht": 4.0,
        "hr": 3.19,
        "em": 2.73,
        "pc": 0.46,
        "enf": 0.81,
        "ind_enf": 81.0,
        "name": "CanD_01",
        "areaname": "Can",
        "easting": 705940.5203,
        "northing": 6180629.9415,
        "x_dd": 3.07244468034,
        "y_dd": 42.7252251347,
        "link_img": "..\\01_MXD\\Img_Recifs\\Can\\CanD_01.png"
      },
      "geometry": {
        "type": "MultiPoint",
        "coordinates": [
          [
            705940.5203000009,
            6180629.941500001
          ]
        ]
      }
    },
    {
      "type": "Feature",
      "properties": {
        "nom": "CanD_02",
        "source": "PNMGL - IXSurvey, etat des lieux RA 2016",
        "info": true,
        "cara": false,
        "regl": false,
        "fid": 67.0,
        "num": "IXSurvey 2016",
        "tech": true,
        "projet": "Herbier de posidonie",
        "objectid": 67.0,
        "typerecif": "Bo",
        "pmin": -26.01,
        "pmax": -30.18,
        "pext": -29.7,
        "long": 5.75,
        "larg": 5.5,
        "dir": 0.0,
        "dt": 0.0,
        "com": null,
        "ht": 4.0,
        "hr": 4.17,
        "em": 3.69,
        "pc": 0.48,
        "enf": 0.0,
        "ind_enf": 0.0,
        "name": "CanD_02",
        "areaname": "Can",
        "easting": 705943.3802,
        "northing": 6180611.6965,
        "x_dd": 3.07247935259,
        "y_dd": 42.7250610663,
        "link_img": "..\\01_MXD\\Img_Recifs\\Can\\CanD_02.png"
      },
      "geometry": {
        "type": "MultiPoint",
        "coordinates": [
          [
            705943.3801999986,
            6180611.6965
          ]
        ]
      }
    },
    {
      "type": "Feature",
      "properties": {
        "nom": "CanD_03",
        "source": "PNMGL - IXSurvey, etat des lieux RA 2016",
        "info": true,
        "cara": false,
        "regl": false,
        "fid": 68.0,
        "num": "IXSurvey 2016",
        "tech": true,
        "projet": "Herbier de posidonie",
        "objectid": 68.0,
        "typerecif": "Bo",
        "pmin": -26.08,
        "pmax": -30.38,
        "pext": -29.85,
        "long": 5.9,
        "larg": 5.6,
        "dir": 0.0,
        "dt": 0.0,
        "com": null,
        "ht": 4.0,
        "hr": 4.3,
        "em": 3.77,
        "pc": 0.53,
        "enf": 0.0,
        "ind_enf": 0.0,
        "name": "CanD_03",
        "areaname": "Can",
        "easting": 705951.6292,
        "northing": 6180594.5666,
        "x_dd": 3.07257975684,
        "y_dd": 42.7249069794,
        "link_img": "..\\01_MXD\\Img_Recifs\\Can\\CanD_03.png"
      },
      "geometry": {
        "type": "MultiPoint",
        "coordinates": [
          [
            705951.6291999966,
            6180594.566599999
          ]
        ]
      }
    },
    {
      "type": "Feature",
      "properties": {
        "nom": "CanD_04",
        "source": "PNMGL - IXSurvey, etat des lieux RA 2016",
        "info": true,
        "cara": false,
        "regl": false,
        "fid": 69.0,
        "num": "IXSurvey 2016",
        "tech": true,
        "projet": "Herbier de posidonie",
        "objectid": 69.0,
        "typerecif": "Co",
        "pmin": -28.26,
        "pmax": -30.35,
        "pext": -29.85,
        "long": 0.0,
        "larg": 0.0,
        "dir": 0.0,
        "dt": 0.0,
        "com": null,
        "ht": 2.0,
        "hr": 2.09,
        "em": 1.59,
        "pc": 0.5,
        "enf": 0.0,
        "ind_enf": 0.0,
        "name": "CanD_04",
        "areaname": "Can",
        "easting": 705949.7801,
        "northing": 6180615.8106,
        "x_dd": 3.07255744525,
        "y_dd": 42.7250980042,
        "link_img": "..\\01_MXD\\Img_Recifs\\Can\\CanD_04.png"
      },
      "geometry": {
        "type": "MultiPoint",
        "coordinates": [
          [
            705949.7801000029,
            6180615.810600001
          ]
        ]
      }
    },
    {
      "type": "Feature",
      "properties": {
        "nom": "CanD_05",
        "source": "PNMGL - IXSurvey, etat des lieux RA 2016",
        "info": true,
        "cara": false,
        "regl": false,
        "fid": 70.0,
        "num": "IXSurvey 2016",
        "tech": true,
        "projet": "Herbier de posidonie",
        "objectid": 70.0,
        "typerecif": "Co",
        "pmin": -28.17,
        "pmax": -30.29,
        "pext": -29.85,
        "long": 0.0,
        "larg": 0.0,
        "dir": 0.0,
        "dt": 0.0,
        "com": null,
        "ht": 2.0,
        "hr": 2.12,
        "em": 1.68,
        "pc": 0.44,
        "enf": 0.0,
        "ind_enf": 0.0,
        "name": "CanD_05",
        "areaname": "Can",
        "easting": 705951.5507,
        "northing": 6180610.5028,
        "x_dd": 3.07257897817,
        "y_dd": 42.725050266,
        "link_img": "..\\01_MXD\\Img_Recifs\\Can\\CanD_05.png"
      },
      "geometry": {
        "type": "MultiPoint",
        "coordinates": [
          [
            705951.5507000014,
            6180610.502799999
          ]
        ]
      }
    },
    {
      "type": "Feature",
      "properties": {
        "nom": "CanD_06",
        "source": "PNMGL - IXSurvey, etat des lieux RA 2016",
        "info": true,
        "cara": false,
        "regl": false,
        "fid": 71.0,
        "num": "IXSurvey 2016",
        "tech": true,
        "projet": "Herbier de posidonie",
        "objectid": 71.0,
        "typerecif": "Co",
        "pmin": -28.1,
        "pmax": -30.31,
        "pext": -29.85,
        "long": 0.0,
        "larg": 0.0,
        "dir": 0.0,
        "dt": 0.0,
        "com": null,
        "ht": 2.0,
        "hr": 2.21,
        "em": 1.75,
        "pc": 0.46,
        "enf": 0.0,
        "ind_enf": 0.0,
        "name": "CanD_06",
        "areaname": "Can",
        "easting": 705956.588,
        "northing": 6180615.8967,
        "x_dd": 3.07264046837,
        "y_dd": 42.7250987221,
        "link_img": "..\\01_MXD\\Img_Recifs\\Can\\CanD_06.png"
      },
      "geometry": {
        "type": "MultiPoint",
        "coordinates": [
          [
            705956.5879999995,
            6180615.8966999985
          ]
        ]
      }
    },
    {
      "type": "Feature",
      "properties": {
        "nom": "CanD_07",
        "source": "PNMGL - IXSurvey, etat des lieux RA 2016",
        "info": true,
        "cara": false,
        "regl": false,
        "fid": 72.0,
        "num": "IXSurvey 2016",
        "tech": true,
        "projet": "Herbier de posidonie",
        "objectid": 72.0,
        "typerecif": "Co",
        "pmin": -28.26,
        "pmax": -30.34,
        "pext": -29.85,
        "long": 0.0,
        "larg": 0.0,
        "dir": 0.0,
        "dt": 0.0,
        "com": null,
        "ht": 2.0,
        "hr": 2.08,
        "em": 1.59,
        "pc": 0.49,
        "enf": 0.0,
        "ind_enf": 0.0,
        "name": "CanD_07",
        "areaname": "Can",
        "easting": 705958.8813,
        "northing": 6180616.2144,
        "x_dd": 3.07266843866,
        "y_dd": 42.7251015596,
        "link_img": "..\\01_MXD\\Img_Recifs\\Can\\CanD_07.png"
      },
      "geometry": {
        "type": "MultiPoint",
        "coordinates": [
          [
            705958.8813000023,
            6180616.214400001
          ]
        ]
      }
    },
    {
      "type": "Feature",
      "properties": {
        "nom": "CanD_08",
        "source": "PNMGL - IXSurvey, etat des lieux RA 2016",
        "info": true,
        "cara": false,
        "regl": false,
        "fid": 73.0,
        "num": "IXSurvey 2016",
        "tech": true,
        "projet": "Herbier de posidonie",
        "objectid": 73.0,
        "typerecif": "Co",
        "pmin": -28.07,
        "pmax": -30.4,
        "pext": -29.9,
        "long": 0.0,
        "larg": 0.0,
        "dir": 0.0,
        "dt": 0.0,
        "com": null,
        "ht": 2.0,
        "hr": 2.33,
        "em": 1.83,
        "pc": 0.5,
        "enf": 0.0,
        "ind_enf": 0.0,
        "name": "CanD_08",
        "areaname": "Can",
        "easting": 705955.3136,
        "northing": 6180605.5827,
        "x_dd": 3.07262481141,
        "y_dd": 42.7250059971,
        "link_img": "..\\01_MXD\\Img_Recifs\\Can\\CanD_08.png"
      },
      "geometry": {
        "type": "MultiPoint",
        "coordinates": [
          [
            705955.3136000037,
            6180605.582699999
          ]
        ]
      }
    },
    {
      "type": "Feature",
      "properties": {
        "nom": "CanD_09",
        "source": "PNMGL - IXSurvey, etat des lieux RA 2016",
        "info": true,
        "cara": false,
        "regl": false,
        "fid": 74.0,
        "num": "IXSurvey 2016",
        "tech": true,
        "projet": "Herbier de posidonie",
        "objectid": 74.0,
        "typerecif": "Co",
        "pmin": -28.27,
        "pmax": -30.43,
        "pext": -29.8,
        "long": 0.0,
        "larg": 0.0,
        "dir": 0.0,
        "dt": 0.0,
        "com": null,
        "ht": 2.0,
        "hr": 2.16,
        "em": 1.53,
        "pc": 0.63,
        "enf": 0.0,
        "ind_enf": 0.0,
        "name": "CanD_09",
        "areaname": "Can",
        "easting": 705961.9373,
        "northing": 6180601.697,
        "x_dd": 3.07270554349,
        "y_dd": 42.7249710051,
        "link_img": "..\\01_MXD\\Img_Recifs\\Can\\CanD_09.png"
      },
      "geometry": {
        "type": "MultiPoint",
        "coordinates": [
          [
            705961.9372999966,
            6180601.697000001
          ]
        ]
      }
    },
    {
      "type": "Feature",
      "properties": {
        "nom": "CanD_10",
        "source": "PNMGL - IXSurvey, etat des lieux RA 2016",
        "info": true,
        "cara": false,
        "regl": false,
        "fid": 75.0,
        "num": "IXSurvey 2016",
        "tech": true,
        "projet": "Herbier de posidonie",
        "objectid": 75.0,
        "typerecif": "Co",
        "pmin": -28.15,
        "pmax": -30.45,
        "pext": -29.75,
        "long": 0.0,
        "larg": 0.0,
        "dir": 0.0,
        "dt": 0.0,
        "com": null,
        "ht": 2.0,
        "hr": 2.3,
        "em": 1.6,
        "pc": 0.7,
        "enf": 0.0,
        "ind_enf": 0.0,
        "name": "CanD_10",
        "areaname": "Can",
        "easting": 705961.4394000001,
        "northing": 6180606.8345,
        "x_dd": 3.07269952931,
        "y_dd": 42.7250172017,
        "link_img": "..\\01_MXD\\Img_Recifs\\Can\\CanD_10.png"
      },
      "geometry": {
        "type": "MultiPoint",
        "coordinates": [
          [
            705961.4394000024,
            6180606.8345
          ]
        ]
      }
    },
    {
      "type": "Feature",
      "properties": {
        "nom": "CanD_11",
        "source": "PNMGL - IXSurvey, etat des lieux RA 2016",
        "info": true,
        "cara": false,
        "regl": false,
        "fid": 76.0,
        "num": "IXSurvey 2016",
        "tech": true,
        "projet": "Herbier de posidonie",
        "objectid": 76.0,
        "typerecif": "Co",
        "pmin": -28.34,
        "pmax": -30.43,
        "pext": -29.75,
        "long": 0.0,
        "larg": 0.0,
        "dir": 0.0,
        "dt": 0.0,
        "com": null,
        "ht": 2.0,
        "hr": 2.09,
        "em": 1.41,
        "pc": 0.68,
        "enf": 0.0,
        "ind_enf": 0.0,
        "name": "CanD_11",
        "areaname": "Can",
        "easting": 705964.9545,
        "northing": 6180608.4349,
        "x_dd": 3.07274241378,
        "y_dd": 42.7250315621,
        "link_img": "..\\01_MXD\\Img_Recifs\\Can\\CanD_11.png"
      },
      "geometry": {
        "type": "MultiPoint",
        "coordinates": [
          [
            705964.9544999972,
            6180608.434900001
          ]
        ]
      }
    },
    {
      "type": "Feature",
      "properties": {
        "nom": "CanD_12",
        "source": "PNMGL - IXSurvey, etat des lieux RA 2016",
        "info": true,
        "cara": false,
        "regl": false,
        "fid": 77.0,
        "num": "IXSurvey 2016",
        "tech": true,
        "projet": "Herbier de posidonie",
        "objectid": 77.0,
        "typerecif": "Co",
        "pmin": -28.22,
        "pmax": -30.41,
        "pext": -29.75,
        "long": 0.0,
        "larg": 0.0,
        "dir": 0.0,
        "dt": 0.0,
        "com": null,
        "ht": 2.0,
        "hr": 2.19,
        "em": 1.53,
        "pc": 0.66,
        "enf": 0.0,
        "ind_enf": 0.0,
        "name": "CanD_12",
        "areaname": "Can",
        "easting": 705966.3244,
        "northing": 6180610.9143,
        "x_dd": 3.07275914751,
        "y_dd": 42.7250538436,
        "link_img": "..\\01_MXD\\Img_Recifs\\Can\\CanD_12.png"
      },
      "geometry": {
        "type": "MultiPoint",
        "coordinates": [
          [
            705966.3244000003,
            6180610.914299998
          ]
        ]
      }
    },
    {
      "type": "Feature",
      "properties": {
        "nom": "CanD_13",
        "source": "PNMGL - IXSurvey, etat des lieux RA 2016",
        "info": true,
        "cara": false,
        "regl": false,
        "fid": 78.0,
        "num": "IXSurvey 2016",
        "tech": true,
        "projet": "Herbier de posidonie",
        "objectid": 78.0,
        "typerecif": "Co",
        "pmin": -28.36,
        "pmax": -30.41,
        "pext": -29.75,
        "long": 0.0,
        "larg": 0.0,
        "dir": 0.0,
        "dt": 0.0,
        "com": null,
        "ht": 2.0,
        "hr": 2.05,
        "em": 1.39,
        "pc": 0.66,
        "enf": 0.0,
        "ind_enf": 0.0,
        "name": "CanD_13",
        "areaname": "Can",
        "easting": 705966.8776,
        "northing": 6180613.1419,
        "x_dd": 3.0727659188,
        "y_dd": 42.7250738679,
        "link_img": "..\\01_MXD\\Img_Recifs\\Can\\CanD_13.png"
      },
      "geometry": {
        "type": "MultiPoint",
        "coordinates": [
          [
            705966.8775999993,
            6180613.141899999
          ]
        ]
      }
    },
    {
      "type": "Feature",
      "properties": {
        "nom": "CanD_14",
        "source": "PNMGL - IXSurvey, etat des lieux RA 2016",
        "info": true,
        "cara": false,
        "regl": false,
        "fid": 79.0,
        "num": "IXSurvey 2016",
        "tech": true,
        "projet": "Herbier de posidonie",
        "objectid": 79.0,
        "typerecif": "Co",
        "pmin": -28.65,
        "pmax": -30.44,
        "pext": -29.75,
        "long": 0.0,
        "larg": 0.0,
        "dir": 0.0,
        "dt": 0.0,
        "com": null,
        "ht": 2.0,
        "hr": 1.79,
        "em": 1.1,
        "pc": 0.69,
        "enf": 0.21,
        "ind_enf": 21.0,
        "name": "CanD_14",
        "areaname": "Can",
        "easting": 705963.9612,
        "northing": 6180613.6122,
        "x_dd": 3.07273035868,
        "y_dd": 42.7250781206,
        "link_img": "..\\01_MXD\\Img_Recifs\\Can\\CanD_14.png"
      },
      "geometry": {
        "type": "MultiPoint",
        "coordinates": [
          [
            705963.9611999989,
            6180613.612199999
          ]
        ]
      }
    },
    {
      "type": "Feature",
      "properties": {
        "nom": "CanD_15",
        "source": "PNMGL - IXSurvey, etat des lieux RA 2016",
        "info": true,
        "cara": false,
        "regl": false,
        "fid": 80.0,
        "num": "IXSurvey 2016",
        "tech": true,
        "projet": "Herbier de posidonie",
        "objectid": 80.0,
        "typerecif": "Co",
        "pmin": -27.86,
        "pmax": -29.91,
        "pext": -29.45,
        "long": 0.0,
        "larg": 0.0,
        "dir": 0.0,
        "dt": 0.0,
        "com": null,
        "ht": 2.0,
        "hr": 2.05,
        "em": 1.59,
        "pc": 0.46,
        "enf": 0.0,
        "ind_enf": 0.0,
        "name": "CanD_15",
        "areaname": "Can",
        "easting": 705924.1571000001,
        "northing": 6180598.0534,
        "x_dd": 3.07224477534,
        "y_dd": 42.7249385565,
        "link_img": "..\\01_MXD\\Img_Recifs\\Can\\CanD_15.png"
      },
      "geometry": {
        "type": "MultiPoint",
        "coordinates": [
          [
            705924.1570999995,
            6180598.053399999
          ]
        ]
      }
    },
    {
      "type": "Feature",
      "properties": {
        "nom": "CanD_16",
        "source": "PNMGL - IXSurvey, etat des lieux RA 2016",
        "info": true,
        "cara": false,
        "regl": false,
        "fid": 81.0,
        "num": "IXSurvey 2016",
        "tech": true,
        "projet": "Herbier de posidonie",
        "objectid": 81.0,
        "typerecif": "Co",
        "pmin": -27.86,
        "pmax": -29.96,
        "pext": -29.45,
        "long": 0.0,
        "larg": 0.0,
        "dir": 0.0,
        "dt": 0.0,
        "com": null,
        "ht": 2.0,
        "hr": 2.1,
        "em": 1.59,
        "pc": 0.51,
        "enf": 0.0,
        "ind_enf": 0.0,
        "name": "CanD_16",
        "areaname": "Can",
        "easting": 705926.2866,
        "northing": 6180600.2651,
        "x_dd": 3.07227076915,
        "y_dd": 42.7249584249,
        "link_img": "..\\01_MXD\\Img_Recifs\\Can\\CanD_16.png"
      },
      "geometry": {
        "type": "MultiPoint",
        "coordinates": [
          [
            705926.2866000012,
            6180600.265099999
          ]
        ]
      }
    },
    {
      "type": "Feature",
      "properties": {
        "nom": "CanD_17",
        "source": "PNMGL - IXSurvey, etat des lieux RA 2016",
        "info": true,
        "cara": false,
        "regl": false,
        "fid": 82.0,
        "num": "IXSurvey 2016",
        "tech": true,
        "projet": "Herbier de posidonie",
        "objectid": 82.0,
        "typerecif": "Co",
        "pmin": -28.24,
        "pmax": -29.91,
        "pext": -29.45,
        "long": 0.0,
        "larg": 0.0,
        "dir": 0.0,
        "dt": 0.0,
        "com": null,
        "ht": 2.0,
        "hr": 1.67,
        "em": 1.21,
        "pc": 0.46,
        "enf": 0.33,
        "ind_enf": 33.0,
        "name": "CanD_17",
        "areaname": "Can",
        "easting": 705930.732,
        "northing": 6180597.235099999,
        "x_dd": 3.07232494671,
        "y_dd": 42.7249311449,
        "link_img": "..\\01_MXD\\Img_Recifs\\Can\\CanD_17.png"
      },
      "geometry": {
        "type": "MultiPoint",
        "coordinates": [
          [
            705930.7320000008,
            6180597.235100001
          ]
        ]
      }
    },
    {
      "type": "Feature",
      "properties": {
        "nom": "CanD_18",
        "source": "PNMGL - IXSurvey, etat des lieux RA 2016",
        "info": true,
        "cara": false,
        "regl": false,
        "fid": 83.0,
        "num": "IXSurvey 2016",
        "tech": true,
        "projet": "Herbier de posidonie",
        "objectid": 83.0,
        "typerecif": "Co",
        "pmin": -27.84,
        "pmax": -30.06,
        "pext": -29.45,
        "long": 0.0,
        "larg": 0.0,
        "dir": 0.0,
        "dt": 0.0,
        "com": null,
        "ht": 2.0,
        "hr": 2.22,
        "em": 1.61,
        "pc": 0.61,
        "enf": 0.0,
        "ind_enf": 0.0,
        "name": "CanD_18",
        "areaname": "Can",
        "easting": 705927.8936000001,
        "northing": 6180590.8422,
        "x_dd": 3.07229026122,
        "y_dd": 42.7248736883,
        "link_img": "..\\01_MXD\\Img_Recifs\\Can\\CanD_18.png"
      },
      "geometry": {
        "type": "MultiPoint",
        "coordinates": [
          [
            705927.8936000019,
            6180590.8422
          ]
        ]
      }
    },
    {
      "type": "Feature",
      "properties": {
        "nom": "CanD_19",
        "source": "PNMGL - IXSurvey, etat des lieux RA 2016",
        "info": true,
        "cara": false,
        "regl": false,
        "fid": 84.0,
        "num": "IXSurvey 2016",
        "tech": true,
        "projet": "Herbier de posidonie",
        "objectid": 84.0,
        "typerecif": "Co",
        "pmin": -27.85,
        "pmax": -30.04,
        "pext": -29.45,
        "long": 0.0,
        "larg": 0.0,
        "dir": 0.0,
        "dt": 0.0,
        "com": null,
        "ht": 2.0,
        "hr": 2.19,
        "em": 1.6,
        "pc": 0.59,
        "enf": 0.0,
        "ind_enf": 0.0,
        "name": "CanD_19",
        "areaname": "Can",
        "easting": 705927.4012,
        "northing": 6180586.528,
        "x_dd": 3.07228420828,
        "y_dd": 42.7248349024,
        "link_img": "..\\01_MXD\\Img_Recifs\\Can\\CanD_19.png"
      },
      "geometry": {
        "type": "MultiPoint",
        "coordinates": [
          [
            705927.4011999965,
            6180586.528000001
          ]
        ]
      }
    },
    {
      "type": "Feature",
      "properties": {
        "nom": "CanD_20",
        "source": "PNMGL - IXSurvey, etat des lieux RA 2016",
        "info": true,
        "cara": false,
        "regl": false,
        "fid": 85.0,
        "num": "IXSurvey 2016",
        "tech": true,
        "projet": "Herbier de posidonie",
        "objectid": 85.0,
        "typerecif": "Co",
        "pmin": -28.21,
        "pmax": -30.07,
        "pext": -29.6,
        "long": 0.0,
        "larg": 0.0,
        "dir": 0.0,
        "dt": 0.0,
        "com": null,
        "ht": 2.0,
        "hr": 1.86,
        "em": 1.39,
        "pc": 0.47,
        "enf": 0.14,
        "ind_enf": 14.0,
        "name": "CanD_20",
        "areaname": "Can",
        "easting": 705933.8243,
        "northing": 6180584.4513,
        "x_dd": 3.07236251425,
        "y_dd": 42.7248161774,
        "link_img": "..\\01_MXD\\Img_Recifs\\Can\\CanD_20.png"
      },
      "geometry": {
        "type": "MultiPoint",
        "coordinates": [
          [
            705933.8242999986,
            6180584.451299999
          ]
        ]
      }
    },
    {
      "type": "Feature",
      "properties": {
        "nom": "CanD_21",
        "source": "PNMGL - IXSurvey, etat des lieux RA 2016",
        "info": true,
        "cara": false,
        "regl": false,
        "fid": 86.0,
        "num": "IXSurvey 2016",
        "tech": true,
        "projet": "Herbier de posidonie",
        "objectid": 86.0,
        "typerecif": "Co",
        "pmin": -28.18,
        "pmax": -30.3,
        "pext": -29.7,
        "long": 0.0,
        "larg": 0.0,
        "dir": 0.0,
        "dt": 0.0,
        "com": null,
        "ht": 2.0,
        "hr": 2.12,
        "em": 1.52,
        "pc": 0.6,
        "enf": 0.0,
        "ind_enf": 0.0,
        "name": "CanD_21",
        "areaname": "Can",
        "easting": 705940.078,
        "northing": 6180588.0348,
        "x_dd": 3.07243881767,
        "y_dd": 42.7248483459,
        "link_img": "..\\01_MXD\\Img_Recifs\\Can\\CanD_21.png"
      },
      "geometry": {
        "type": "MultiPoint",
        "coordinates": [
          [
            705940.0780000016,
            6180588.0348000005
          ]
        ]
      }
    },
    {
      "type": "Feature",
      "properties": {
        "nom": "CanD_22",
        "source": "PNMGL - IXSurvey, etat des lieux RA 2016",
        "info": true,
        "cara": false,
        "regl": false,
        "fid": 87.0,
        "num": "IXSurvey 2016",
        "tech": true,
        "projet": "Herbier de posidonie",
        "objectid": 87.0,
        "typerecif": "Co",
        "pmin": -28.27,
        "pmax": -30.26,
        "pext": -29.7,
        "long": 0.0,
        "larg": 0.0,
        "dir": 0.0,
        "dt": 0.0,
        "com": null,
        "ht": 2.0,
        "hr": 1.99,
        "em": 1.43,
        "pc": 0.56,
        "enf": 0.01,
        "ind_enf": 1.0,
        "name": "CanD_22",
        "areaname": "Can",
        "easting": 705944.2703,
        "northing": 6180588.586799999,
        "x_dd": 3.07248994861,
        "y_dd": 42.7248532745,
        "link_img": "..\\01_MXD\\Img_Recifs\\Can\\CanD_22.png"
      },
      "geometry": {
        "type": "MultiPoint",
        "coordinates": [
          [
            705944.2703000009,
            6180588.586800002
          ]
        ]
      }
    },
    {
      "type": "Feature",
      "properties": {
        "nom": "H4",
        "source": "PNMGL - IXSurvey, etat des lieux RA 2016",
        "info": true,
        "cara": false,
        "regl": false,
        "fid": 88.0,
        "num": "IXSurvey 2016",
        "tech": true,
        "projet": "Herbier de posidonie",
        "objectid": 129.0,
        "typerecif": "B",
        "pmin": -19.85,
        "pmax": -22.51,
        "pext": -21.505,
        "long": 4.2,
        "larg": 2.5,
        "dir": 274.0,
        "dt": 0.0,
        "com": "2 dalots inclinés",
        "ht": 2.0,
        "hr": 2.66,
        "em": 1.655,
        "pc": 1.005,
        "enf": 0.0,
        "ind_enf": 0.0,
        "name": "H4",
        "areaname": "Leu1",
        "easting": 706263.6143,
        "northing": 6199424.3303,
        "x_dd": 3.07660717229,
        "y_dd": 42.8942201424,
        "link_img": "..\\01_MXD\\Img_Recifs\\Z1\\H4.png"
      },
      "geometry": {
        "type": "MultiPoint",
        "coordinates": [
          [
            706263.6142999977,
            6199424.3303
          ]
        ]
      }
    },
    {
      "type": "Feature",
      "properties": {
        "nom": "CanD_23",
        "source": "PNMGL - IXSurvey, etat des lieux RA 2016",
        "info": true,
        "cara": false,
        "regl": false,
        "fid": 89.0,
        "num": "IXSurvey 2016",
        "tech": true,
        "projet": "Herbier de posidonie",
        "objectid": 88.0,
        "typerecif": "Co",
        "pmin": -28.09,
        "pmax": -30.37,
        "pext": -29.85,
        "long": 0.0,
        "larg": 0.0,
        "dir": 0.0,
        "dt": 0.0,
        "com": "Collé contre Bonna CanD_03",
        "ht": 2.0,
        "hr": 2.28,
        "em": 1.76,
        "pc": 0.52,
        "enf": 0.0,
        "ind_enf": 0.0,
        "name": "CanD_23",
        "areaname": "Can",
        "easting": 705949.5824,
        "northing": 6180589.7686,
        "x_dd": 3.07255474249,
        "y_dd": 42.7248638564,
        "link_img": "..\\01_MXD\\Img_Recifs\\Can\\CanD_23.png"
      },
      "geometry": {
        "type": "MultiPoint",
        "coordinates": [
          [
            705949.5824000016,
            6180589.768599998
          ]
        ]
      }
    },
    {
      "type": "Feature",
      "properties": {
        "nom": "CanD_24",
        "source": "PNMGL - IXSurvey, etat des lieux RA 2016",
        "info": true,
        "cara": false,
        "regl": false,
        "fid": 90.0,
        "num": "IXSurvey 2016",
        "tech": true,
        "projet": "Herbier de posidonie",
        "objectid": 89.0,
        "typerecif": "Co",
        "pmin": -28.37,
        "pmax": -30.45,
        "pext": -29.8,
        "long": 0.0,
        "larg": 0.0,
        "dir": 0.0,
        "dt": 0.0,
        "com": null,
        "ht": 2.0,
        "hr": 2.08,
        "em": 1.43,
        "pc": 0.65,
        "enf": 0.0,
        "ind_enf": 0.0,
        "name": "CanD_24",
        "areaname": "Can",
        "easting": 705943.4208,
        "northing": 6180597.7805,
        "x_dd": 3.07247969194,
        "y_dd": 42.7249359441,
        "link_img": "..\\01_MXD\\Img_Recifs\\Can\\CanD_24.png"
      },
      "geometry": {
        "type": "MultiPoint",
        "coordinates": [
          [
            705943.4208000004,
            6180597.7804999985
          ]
        ]
      }
    },
    {
      "type": "Feature",
      "properties": {
        "nom": "CanD_25",
        "source": "PNMGL - IXSurvey, etat des lieux RA 2016",
        "info": true,
        "cara": false,
        "regl": false,
        "fid": 91.0,
        "num": "IXSurvey 2016",
        "tech": true,
        "projet": "Herbier de posidonie",
        "objectid": 90.0,
        "typerecif": "U",
        "pmin": -29.16,
        "pmax": -30.04,
        "pext": -29.75,
        "long": 4.7,
        "larg": 1.9,
        "dir": 25.0,
        "dt": 0.0,
        "com": null,
        "ht": 0.0,
        "hr": 0.88,
        "em": 0.59,
        "pc": 0.29,
        "enf": 0.0,
        "ind_enf": 0.0,
        "name": "CanD_25",
        "areaname": "Can",
        "easting": 705936.5958,
        "northing": 6180592.0863,
        "x_dd": 3.07239639781,
        "y_dd": 42.7248848026,
        "link_img": "..\\01_MXD\\Img_Recifs\\Can\\CanD_25.png"
      },
      "geometry": {
        "type": "MultiPoint",
        "coordinates": [
          [
            705936.5957999974,
            6180592.086300001
          ]
        ]
      }
    },
    {
      "type": "Feature",
      "properties": {
        "nom": "CanC_01",
        "source": "PNMGL - IXSurvey, etat des lieux RA 2016",
        "info": true,
        "cara": false,
        "regl": false,
        "fid": 92.0,
        "num": "IXSurvey 2016",
        "tech": true,
        "projet": "Herbier de posidonie",
        "objectid": 91.0,
        "typerecif": "Bo",
        "pmin": -29.7,
        "pmax": -30.39,
        "pext": -30.1,
        "long": 5.25,
        "larg": 5.16,
        "dir": 0.0,
        "dt": 0.0,
        "com": null,
        "ht": 4.0,
        "hr": 0.69,
        "em": 0.4,
        "pc": 0.29,
        "enf": 3.31,
        "ind_enf": 331.0,
        "name": "CanC_01",
        "areaname": "Can",
        "easting": 706134.1985,
        "northing": 6180632.7132,
        "x_dd": 3.07480661778,
        "y_dd": 42.725248432,
        "link_img": "..\\01_MXD\\Img_Recifs\\Can\\CanC_01.png"
      },
      "geometry": {
        "type": "MultiPoint",
        "coordinates": [
          [
            706134.1984999999,
            6180632.713199999
          ]
        ]
      }
    },
    {
      "type": "Feature",
      "properties": {
        "nom": "CanA_19",
        "source": "PNMGL - IXSurvey, etat des lieux RA 2016",
        "info": true,
        "cara": false,
        "regl": false,
        "fid": 93.0,
        "num": "IXSurvey 2016",
        "tech": true,
        "projet": "Herbier de posidonie",
        "objectid": 92.0,
        "typerecif": "Co",
        "pmin": -28.01,
        "pmax": -29.8,
        "pext": -29.6,
        "long": 0.0,
        "larg": 0.0,
        "dir": 0.0,
        "dt": 0.0,
        "com": null,
        "ht": 2.0,
        "hr": 1.79,
        "em": 1.59,
        "pc": 0.2,
        "enf": 0.21,
        "ind_enf": 21.0,
        "name": "CanA_19",
        "areaname": "Can",
        "easting": 705958.8067000001,
        "northing": 6180742.162499999,
        "x_dd": 3.07266894243,
        "y_dd": 42.7262339883,
        "link_img": "..\\01_MXD\\Img_Recifs\\Can\\CanA_19.png"
      },
      "geometry": {
        "type": "MultiPoint",
        "coordinates": [
          [
            705958.8066999987,
            6180742.1625000015
          ]
        ]
      }
    },
    {
      "type": "Feature",
      "properties": {
        "nom": "CanB_20",
        "source": "PNMGL - IXSurvey, etat des lieux RA 2016",
        "info": true,
        "cara": false,
        "regl": false,
        "fid": 94.0,
        "num": "IXSurvey 2016",
        "tech": true,
        "projet": "Herbier de posidonie",
        "objectid": 93.0,
        "typerecif": "Co",
        "pmin": -28.09,
        "pmax": -30.13,
        "pext": -29.45,
        "long": 0.0,
        "larg": 0.0,
        "dir": 0.0,
        "dt": 0.0,
        "com": null,
        "ht": 2.0,
        "hr": 2.04,
        "em": 1.36,
        "pc": 0.68,
        "enf": 0.0,
        "ind_enf": 0.0,
        "name": "CanB_20",
        "areaname": "Can",
        "easting": 705852.97,
        "northing": 6180516.18,
        "x_dd": 3.07137575047,
        "y_dd": 42.724202997,
        "link_img": "..\\01_MXD\\Img_Recifs\\Can\\CanB_20.png"
      },
      "geometry": {
        "type": "MultiPoint",
        "coordinates": [
          [
            705852.9699999988,
            6180516.18
          ]
        ]
      }
    },
    {
      "type": "Feature",
      "properties": {
        "nom": "CanB_21",
        "source": "PNMGL - IXSurvey, etat des lieux RA 2016",
        "info": true,
        "cara": false,
        "regl": false,
        "fid": 95.0,
        "num": "IXSurvey 2016",
        "tech": true,
        "projet": "Herbier de posidonie",
        "objectid": 94.0,
        "typerecif": "Co",
        "pmin": -27.92,
        "pmax": -30.09,
        "pext": -29.45,
        "long": 0.0,
        "larg": 0.0,
        "dir": 0.0,
        "dt": 0.0,
        "com": null,
        "ht": 2.0,
        "hr": 2.17,
        "em": 1.53,
        "pc": 0.64,
        "enf": 0.0,
        "ind_enf": 0.0,
        "name": "CanB_21",
        "areaname": "Can",
        "easting": 705855.13,
        "northing": 6180513.48,
        "x_dd": 3.07140206144,
        "y_dd": 42.7241787031,
        "link_img": "..\\01_MXD\\Img_Recifs\\Can\\CanB_21.png"
      },
      "geometry": {
        "type": "MultiPoint",
        "coordinates": [
          [
            705855.1300000027,
            6180513.48
          ]
        ]
      }
    },
    {
      "type": "Feature",
      "properties": {
        "nom": "A7",
        "source": "PNMGL - IXSurvey, etat des lieux RA 2016",
        "info": true,
        "cara": false,
        "regl": false,
        "fid": 96.0,
        "num": "IXSurvey 2016",
        "tech": true,
        "projet": "Herbier de posidonie",
        "objectid": 95.0,
        "typerecif": "B",
        "pmin": -13.71,
        "pmax": -17.16,
        "pext": -15.614,
        "long": 4.3,
        "larg": 2.6,
        "dir": 200.0,
        "dt": 0.0,
        "com": "2 dalots inclinés de 17.5° vers le 110",
        "ht": 2.0,
        "hr": 3.45,
        "em": 1.904,
        "pc": 1.546,
        "enf": 0.0,
        "ind_enf": 0.0,
        "name": "A7",
        "areaname": "Leu2",
        "easting": 705608.809,
        "northing": 6199790.1189,
        "x_dd": 3.06860246321,
        "y_dd": 42.8975149579,
        "link_img": "..\\01_MXD\\Img_Recifs\\Z2\\A7.png"
      },
      "geometry": {
        "type": "MultiPoint",
        "coordinates": [
          [
            705608.8090000004,
            6199790.118900001
          ]
        ]
      }
    },
    {
      "type": "Feature",
      "properties": {
        "nom": "A5",
        "source": "PNMGL - IXSurvey, etat des lieux RA 2016",
        "info": true,
        "cara": false,
        "regl": false,
        "fid": 97.0,
        "num": "IXSurvey 2016",
        "tech": true,
        "projet": "Herbier de posidonie",
        "objectid": 96.0,
        "typerecif": "B",
        "pmin": -14.33,
        "pmax": -17.34,
        "pext": -16.592,
        "long": 4.1,
        "larg": 3.0,
        "dir": 270.0,
        "dt": 0.6,
        "com": "2 dalots désaxés et inclinés de 30° vers le 0 (N)",
        "ht": 2.0,
        "hr": 3.01,
        "em": 2.262,
        "pc": 0.748,
        "enf": 0.0,
        "ind_enf": 0.0,
        "name": "A5",
        "areaname": "Leu2",
        "easting": 705700.8436,
        "northing": 6199794.0635,
        "x_dd": 3.06972819881,
        "y_dd": 42.8975497053,
        "link_img": "..\\01_MXD\\Img_Recifs\\Z2\\A5.png"
      },
      "geometry": {
        "type": "MultiPoint",
        "coordinates": [
          [
            705700.8435999975,
            6199794.063499998
          ]
        ]
      }
    },
    {
      "type": "Feature",
      "properties": {
        "nom": "A3",
        "source": "PNMGL - IXSurvey, etat des lieux RA 2016",
        "info": true,
        "cara": false,
        "regl": false,
        "fid": 98.0,
        "num": "IXSurvey 2016",
        "tech": true,
        "projet": "Herbier de posidonie",
        "objectid": 97.0,
        "typerecif": "A",
        "pmin": -17.27,
        "pmax": -18.15,
        "pext": -17.583,
        "long": 2.4,
        "larg": 1.6,
        "dir": 15.0,
        "dt": 0.0,
        "com": null,
        "ht": 1.9,
        "hr": 0.88,
        "em": 0.313,
        "pc": 0.567,
        "enf": 1.02,
        "ind_enf": 102.0,
        "name": "A3",
        "areaname": "Leu2",
        "easting": 705800.3407,
        "northing": 6199786.8748,
        "x_dd": 3.0709450888,
        "y_dd": 42.8974842629,
        "link_img": "..\\01_MXD\\Img_Recifs\\Z2\\A3.png"
      },
      "geometry": {
        "type": "MultiPoint",
        "coordinates": [
          [
            705800.3407000005,
            6199786.8748
          ]
        ]
      }
    },
    {
      "type": "Feature",
      "properties": {
        "nom": "A1",
        "source": "PNMGL - IXSurvey, etat des lieux RA 2016",
        "info": true,
        "cara": false,
        "regl": false,
        "fid": 99.0,
        "num": "IXSurvey 2016",
        "tech": true,
        "projet": "Herbier de posidonie",
        "objectid": 98.0,
        "typerecif": "A",
        "pmin": -17.18,
        "pmax": -18.8,
        "pext": -18.097,
        "long": 2.45,
        "larg": 1.8,
        "dir": 265.0,
        "dt": 0.0,
        "com": null,
        "ht": 1.9,
        "hr": 1.62,
        "em": 0.917,
        "pc": 0.703,
        "enf": 0.28,
        "ind_enf": 28.0,
        "name": "A1",
        "areaname": "Leu2",
        "easting": 705893.2009,
        "northing": 6199771.342,
        "x_dd": 3.07208070582,
        "y_dd": 42.8973438258,
        "link_img": "..\\01_MXD\\Img_Recifs\\Z2\\A1.png"
      },
      "geometry": {
        "type": "MultiPoint",
        "coordinates": [
          [
            705893.2009000033,
            6199771.342
          ]
        ]
      }
    },
    {
      "type": "Feature",
      "properties": {
        "nom": "B2",
        "source": "PNMGL - IXSurvey, etat des lieux RA 2016",
        "info": true,
        "cara": false,
        "regl": false,
        "fid": 100.0,
        "num": "IXSurvey 2016",
        "tech": true,
        "projet": "Herbier de posidonie",
        "objectid": 99.0,
        "typerecif": "C",
        "pmin": -16.52,
        "pmax": -18.99,
        "pext": -17.968,
        "long": 12.6,
        "larg": 9.0,
        "dir": 110.0,
        "dt": 0.0,
        "com": null,
        "ht": 3.0,
        "hr": 2.47,
        "em": 1.448,
        "pc": 1.022,
        "enf": 0.0,
        "ind_enf": 0.0,
        "name": "B2",
        "areaname": "Leu2",
        "easting": 705850.7174,
        "northing": 6199723.4458,
        "x_dd": 3.07156055254,
        "y_dd": 42.89691346,
        "link_img": "..\\01_MXD\\Img_Recifs\\Z2\\B2.png"
      },
      "geometry": {
        "type": "MultiPoint",
        "coordinates": [
          [
            705850.7173999995,
            6199723.445799999
          ]
        ]
      }
    },
    {
      "type": "Feature",
      "properties": {
        "nom": "B6",
        "source": "PNMGL - IXSurvey, etat des lieux RA 2016",
        "info": true,
        "cara": false,
        "regl": false,
        "fid": 101.0,
        "num": "IXSurvey 2016",
        "tech": true,
        "projet": "Herbier de posidonie",
        "objectid": 100.0,
        "typerecif": "C",
        "pmin": -13.93,
        "pmax": -17.88,
        "pext": -16.195,
        "long": 21.8,
        "larg": 17.6,
        "dir": 65.0,
        "dt": 0.0,
        "com": null,
        "ht": 3.0,
        "hr": 3.95,
        "em": 2.265,
        "pc": 1.685,
        "enf": 0.0,
        "ind_enf": 0.0,
        "name": "B6",
        "areaname": "Leu2",
        "easting": 705651.1979,
        "northing": 6199748.3662,
        "x_dd": 3.06912048302,
        "y_dd": 42.8971391584,
        "link_img": "..\\01_MXD\\Img_Recifs\\Z2\\B6.png"
      },
      "geometry": {
        "type": "MultiPoint",
        "coordinates": [
          [
            705651.1978999972,
            6199748.3662
          ]
        ]
      }
    },
    {
      "type": "Feature",
      "properties": {
        "nom": "B4",
        "source": "PNMGL - IXSurvey, etat des lieux RA 2016",
        "info": true,
        "cara": false,
        "regl": false,
        "fid": 102.0,
        "num": "IXSurvey 2016",
        "tech": true,
        "projet": "Herbier de posidonie",
        "objectid": 101.0,
        "typerecif": "B",
        "pmin": -16.09,
        "pmax": -19.11,
        "pext": -17.47,
        "long": 4.0,
        "larg": 2.4,
        "dir": 20.0,
        "dt": 0.0,
        "com": "Dalot Nord incliné de 25° au 285",
        "ht": 2.0,
        "hr": 3.02,
        "em": 1.38,
        "pc": 1.64,
        "enf": 0.0,
        "ind_enf": 0.0,
        "name": "B4",
        "areaname": "Leu2",
        "easting": 705754.869,
        "northing": 6199733.4177,
        "x_dd": 3.0703883331,
        "y_dd": 42.8970039084,
        "link_img": "..\\01_MXD\\Img_Recifs\\Z2\\B4.png"
      },
      "geometry": {
        "type": "MultiPoint",
        "coordinates": [
          [
            705754.8690000027,
            6199733.4177
          ]
        ]
      }
    },
    {
      "type": "Feature",
      "properties": {
        "nom": "C5",
        "source": "PNMGL - IXSurvey, etat des lieux RA 2016",
        "info": true,
        "cara": false,
        "regl": false,
        "fid": 103.0,
        "num": "IXSurvey 2016",
        "tech": true,
        "projet": "Herbier de posidonie",
        "objectid": 102.0,
        "typerecif": "B",
        "pmin": -15.18,
        "pmax": -18.14,
        "pext": -16.849,
        "long": 4.0,
        "larg": 2.5,
        "dir": 160.0,
        "dt": 0.0,
        "com": "Dalots inclinés de 23° au 250",
        "ht": 2.0,
        "hr": 2.96,
        "em": 1.669,
        "pc": 1.291,
        "enf": 0.0,
        "ind_enf": 0.0,
        "name": "C5",
        "areaname": "Leu2",
        "easting": 705694.7306,
        "northing": 6199690.3772,
        "x_dd": 3.06965231081,
        "y_dd": 42.8966173404,
        "link_img": "..\\01_MXD\\Img_Recifs\\Z2\\C5.png"
      },
      "geometry": {
        "type": "MultiPoint",
        "coordinates": [
          [
            705694.7305999994,
            6199690.3772
          ]
        ]
      }
    },
    {
      "type": "Feature",
      "properties": {
        "nom": "C3",
        "source": "PNMGL - IXSurvey, etat des lieux RA 2016",
        "info": true,
        "cara": false,
        "regl": false,
        "fid": 104.0,
        "num": "IXSurvey 2016",
        "tech": true,
        "projet": "Herbier de posidonie",
        "objectid": 103.0,
        "typerecif": "B",
        "pmin": -16.25,
        "pmax": -19.34,
        "pext": -17.783,
        "long": 4.1,
        "larg": 2.5,
        "dir": 340.0,
        "dt": 0.0,
        "com": "Dalots inclinés de 24° au 70",
        "ht": 2.0,
        "hr": 3.09,
        "em": 1.533,
        "pc": 1.557,
        "enf": 0.0,
        "ind_enf": 0.0,
        "name": "C3",
        "areaname": "Leu2",
        "easting": 705804.5983,
        "northing": 6199687.6222,
        "x_dd": 3.0709960728,
        "y_dd": 42.8965916857,
        "link_img": "..\\01_MXD\\Img_Recifs\\Z2\\C3.png"
      },
      "geometry": {
        "type": "MultiPoint",
        "coordinates": [
          [
            705804.5983000025,
            6199687.622200001
          ]
        ]
      }
    },
    {
      "type": "Feature",
      "properties": {
        "nom": "D7",
        "source": "PNMGL - IXSurvey, etat des lieux RA 2016",
        "info": true,
        "cara": false,
        "regl": false,
        "fid": 105.0,
        "num": "IXSurvey 2016",
        "tech": true,
        "projet": "Herbier de posidonie",
        "objectid": 104.0,
        "typerecif": "A",
        "pmin": -14.76,
        "pmax": -16.18,
        "pext": -15.434,
        "long": 2.5,
        "larg": 1.95,
        "dir": 0.0,
        "dt": 0.0,
        "com": null,
        "ht": 1.9,
        "hr": 1.42,
        "em": 0.674,
        "pc": 0.746,
        "enf": 0.48,
        "ind_enf": 48.0,
        "name": "D7",
        "areaname": "Leu2",
        "easting": 705591.8082,
        "northing": 6199655.2215,
        "x_dd": 3.06839309403,
        "y_dd": 42.8963020071,
        "link_img": "..\\01_MXD\\Img_Recifs\\Z2\\D7.png"
      },
      "geometry": {
        "type": "MultiPoint",
        "coordinates": [
          [
            705591.8082000017,
            6199655.221500002
          ]
        ]
      }
    },
    {
      "type": "Feature",
      "properties": {
        "nom": "D4",
        "source": "PNMGL - IXSurvey, etat des lieux RA 2016",
        "info": true,
        "cara": false,
        "regl": false,
        "fid": 106.0,
        "num": "IXSurvey 2016",
        "tech": true,
        "projet": "Herbier de posidonie",
        "objectid": 105.0,
        "typerecif": "C",
        "pmin": -15.18,
        "pmax": -18.69,
        "pext": -17.486,
        "long": 20.3,
        "larg": 19.5,
        "dir": 340.0,
        "dt": 0.0,
        "com": null,
        "ht": 3.0,
        "hr": 3.51,
        "em": 2.306,
        "pc": 1.204,
        "enf": 0.0,
        "ind_enf": 0.0,
        "name": "D4",
        "areaname": "Leu2",
        "easting": 705752.1572999998,
        "northing": 6199633.2307,
        "x_dd": 3.07035407426,
        "y_dd": 42.896102985,
        "link_img": "..\\01_MXD\\Img_Recifs\\Z2\\D4.png"
      },
      "geometry": {
        "type": "MultiPoint",
        "coordinates": [
          [
            705752.1573000029,
            6199633.230700001
          ]
        ]
      }
    },
    {
      "type": "Feature",
      "properties": {
        "nom": "D2",
        "source": "PNMGL - IXSurvey, etat des lieux RA 2016",
        "info": true,
        "cara": false,
        "regl": false,
        "fid": 107.0,
        "num": "IXSurvey 2016",
        "tech": true,
        "projet": "Herbier de posidonie",
        "objectid": 106.0,
        "typerecif": "C",
        "pmin": -17.03,
        "pmax": -19.28,
        "pext": -17.88,
        "long": 21.1,
        "larg": 15.0,
        "dir": 250.0,
        "dt": 0.0,
        "com": null,
        "ht": 3.0,
        "hr": 2.25,
        "em": 0.85,
        "pc": 1.4,
        "enf": 0.0,
        "ind_enf": 0.0,
        "name": "D2",
        "areaname": "Leu2",
        "easting": 705838.7895,
        "northing": 6199632.2455,
        "x_dd": 3.07141365276,
        "y_dd": 42.8960934261,
        "link_img": "..\\01_MXD\\Img_Recifs\\Z2\\D2.png"
      },
      "geometry": {
        "type": "MultiPoint",
        "coordinates": [
          [
            705838.7894999981,
            6199632.245499998
          ]
        ]
      }
    },
    {
      "type": "Feature",
      "properties": {
        "nom": "D1",
        "source": "PNMGL - IXSurvey, etat des lieux RA 2016",
        "info": true,
        "cara": false,
        "regl": false,
        "fid": 108.0,
        "num": "IXSurvey 2016",
        "tech": true,
        "projet": "Herbier de posidonie",
        "objectid": 107.0,
        "typerecif": "A",
        "pmin": -17.45,
        "pmax": -18.25,
        "pext": -17.767,
        "long": 2.5,
        "larg": 1.6,
        "dir": 85.0,
        "dt": 0.0,
        "com": null,
        "ht": 1.9,
        "hr": 0.8,
        "em": 0.317,
        "pc": 0.483,
        "enf": 1.1,
        "ind_enf": 110.0,
        "name": "D1",
        "areaname": "Leu2",
        "easting": 705893.2192,
        "northing": 6199627.3549,
        "x_dd": 3.07207932203,
        "y_dd": 42.896049002,
        "link_img": "..\\01_MXD\\Img_Recifs\\Z2\\D1.png"
      },
      "geometry": {
        "type": "MultiPoint",
        "coordinates": [
          [
            705893.2192000002,
            6199627.354899999
          ]
        ]
      }
    },
    {
      "type": "Feature",
      "properties": {
        "nom": "E2",
        "source": "PNMGL - IXSurvey, etat des lieux RA 2016",
        "info": true,
        "cara": false,
        "regl": false,
        "fid": 109.0,
        "num": "IXSurvey 2016",
        "tech": true,
        "projet": "Herbier de posidonie",
        "objectid": 108.0,
        "typerecif": "A",
        "pmin": -16.69,
        "pmax": -18.89,
        "pext": -17.917,
        "long": 3.0,
        "larg": 2.0,
        "dir": 62.0,
        "dt": 0.0,
        "com": "buses inclinées",
        "ht": 1.9,
        "hr": 2.2,
        "em": 1.227,
        "pc": 0.973,
        "enf": 0.0,
        "ind_enf": 0.0,
        "name": "E2",
        "areaname": "Leu2",
        "easting": 705840.7227,
        "northing": 6199579.1843,
        "x_dd": 3.0714367104,
        "y_dd": 42.8956162507,
        "link_img": "..\\01_MXD\\Img_Recifs\\Z2\\E2.png"
      },
      "geometry": {
        "type": "MultiPoint",
        "coordinates": [
          [
            705840.7226999998,
            6199579.184300002
          ]
        ]
      }
    },
    {
      "type": "Feature",
      "properties": {
        "nom": "E4",
        "source": "PNMGL - IXSurvey, etat des lieux RA 2016",
        "info": true,
        "cara": false,
        "regl": false,
        "fid": 110.0,
        "num": "IXSurvey 2016",
        "tech": true,
        "projet": "Herbier de posidonie",
        "objectid": 109.0,
        "typerecif": "B",
        "pmin": -15.92,
        "pmax": -18.83,
        "pext": -17.341,
        "long": 4.1,
        "larg": 3.0,
        "dir": 48.0,
        "dt": 0.5,
        "com": "1 dalot décalé et incliné",
        "ht": 2.0,
        "hr": 2.91,
        "em": 1.421,
        "pc": 1.489,
        "enf": 0.0,
        "ind_enf": 0.0,
        "name": "E4",
        "areaname": "Leu2",
        "easting": 705733.598,
        "northing": 6199590.9875,
        "x_dd": 3.07012661853,
        "y_dd": 42.895723256,
        "link_img": "..\\01_MXD\\Img_Recifs\\Z2\\E4.png"
      },
      "geometry": {
        "type": "MultiPoint",
        "coordinates": [
          [
            705733.5979999974,
            6199590.987500001
          ]
        ]
      }
    },
    {
      "type": "Feature",
      "properties": {
        "nom": "F7",
        "source": "PNMGL - IXSurvey, etat des lieux RA 2016",
        "info": true,
        "cara": false,
        "regl": false,
        "fid": 111.0,
        "num": "IXSurvey 2016",
        "tech": true,
        "projet": "Herbier de posidonie",
        "objectid": 110.0,
        "typerecif": "C",
        "pmin": -14.41,
        "pmax": -17.19,
        "pext": -15.863,
        "long": 18.0,
        "larg": 16.0,
        "dir": 350.0,
        "dt": 0.0,
        "com": "1 structure allongée de  16x1.8m de longeur orientée au 350°",
        "ht": 3.0,
        "hr": 2.78,
        "em": 1.453,
        "pc": 1.327,
        "enf": 0.22,
        "ind_enf": 22.0,
        "name": "F7",
        "areaname": "Leu2",
        "easting": 705589.9894,
        "northing": 6199552.9769,
        "x_dd": 3.06836976561,
        "y_dd": 42.8953825734,
        "link_img": "..\\01_MXD\\Img_Recifs\\Z2\\F7.png"
      },
      "geometry": {
        "type": "MultiPoint",
        "coordinates": [
          [
            705589.9893999994,
            6199552.9769
          ]
        ]
      }
    },
    {
      "type": "Feature",
      "properties": {
        "nom": "F3",
        "source": "PNMGL - IXSurvey, etat des lieux RA 2016",
        "info": true,
        "cara": false,
        "regl": false,
        "fid": 112.0,
        "num": "IXSurvey 2016",
        "tech": true,
        "projet": "Herbier de posidonie",
        "objectid": 111.0,
        "typerecif": "B",
        "pmin": -16.94,
        "pmax": -19.81,
        "pext": -17.838,
        "long": 4.5,
        "larg": 3.0,
        "dir": 12.0,
        "dt": 0.5,
        "com": "2 dalots désaxés et inclinés",
        "ht": 2.0,
        "hr": 2.87,
        "em": 0.898,
        "pc": 1.972,
        "enf": 0.0,
        "ind_enf": 0.0,
        "name": "F3",
        "areaname": "Leu2",
        "easting": 705790.4042,
        "northing": 6199534.0279,
        "x_dd": 3.07082077987,
        "y_dd": 42.8952105837,
        "link_img": "..\\01_MXD\\Img_Recifs\\Z2\\F3.png"
      },
      "geometry": {
        "type": "MultiPoint",
        "coordinates": [
          [
            705790.4042000026,
            6199534.027899999
          ]
        ]
      }
    },
    {
      "type": "Feature",
      "properties": {
        "nom": "G2",
        "source": "PNMGL - IXSurvey, etat des lieux RA 2016",
        "info": true,
        "cara": false,
        "regl": false,
        "fid": 113.0,
        "num": "IXSurvey 2016",
        "tech": true,
        "projet": "Herbier de posidonie",
        "objectid": 112.0,
        "typerecif": "A",
        "pmin": -17.3,
        "pmax": -18.89,
        "pext": -17.927,
        "long": 2.8,
        "larg": 1.9,
        "dir": 56.0,
        "dt": 0.0,
        "com": null,
        "ht": 1.9,
        "hr": 1.59,
        "em": 0.627,
        "pc": 0.963,
        "enf": 0.31,
        "ind_enf": 31.0,
        "name": "G2",
        "areaname": "Leu2",
        "easting": 705829.9529,
        "northing": 6199482.3425,
        "x_dd": 3.07130391763,
        "y_dd": 42.8947454764,
        "link_img": "..\\01_MXD\\Img_Recifs\\Z2\\G2.png"
      },
      "geometry": {
        "type": "MultiPoint",
        "coordinates": [
          [
            705829.9528999999,
            6199482.342500001
          ]
        ]
      }
    },
    {
      "type": "Feature",
      "properties": {
        "nom": "G4",
        "source": "PNMGL - IXSurvey, etat des lieux RA 2016",
        "info": true,
        "cara": false,
        "regl": false,
        "fid": 114.0,
        "num": "IXSurvey 2016",
        "tech": true,
        "projet": "Herbier de posidonie",
        "objectid": 113.0,
        "typerecif": "C",
        "pmin": -14.81,
        "pmax": -18.32,
        "pext": -17.286,
        "long": 12.6,
        "larg": 11.5,
        "dir": 64.0,
        "dt": 0.0,
        "com": "1 structure allongée de  16x2.3m de longeur orientée au 64°",
        "ht": 3.0,
        "hr": 3.51,
        "em": 2.476,
        "pc": 1.034,
        "enf": 0.0,
        "ind_enf": 0.0,
        "name": "G4",
        "areaname": "Leu2",
        "easting": 705731.2678,
        "northing": 6199487.438,
        "x_dd": 3.07009699399,
        "y_dd": 42.8947920929,
        "link_img": "..\\01_MXD\\Img_Recifs\\Z2\\G4.png"
      },
      "geometry": {
        "type": "MultiPoint",
        "coordinates": [
          [
            705731.2678000033,
            6199487.438000001
          ]
        ]
      }
    },
    {
      "type": "Feature",
      "properties": {
        "nom": "G6",
        "source": "PNMGL - IXSurvey, etat des lieux RA 2016",
        "info": true,
        "cara": false,
        "regl": false,
        "fid": 115.0,
        "num": "IXSurvey 2016",
        "tech": true,
        "projet": "Herbier de posidonie",
        "objectid": 114.0,
        "typerecif": "B",
        "pmin": -14.06,
        "pmax": -17.28,
        "pext": -16.459,
        "long": 5.0,
        "larg": 4.0,
        "dir": 97.0,
        "dt": 2.0,
        "com": "2 dalots désaxés et inclinés",
        "ht": 2.0,
        "hr": 3.22,
        "em": 2.399,
        "pc": 0.821,
        "enf": 0.0,
        "ind_enf": 0.0,
        "name": "G6",
        "areaname": "Leu2",
        "easting": 705634.6952,
        "northing": 6199496.6447,
        "x_dd": 3.0689159495,
        "y_dd": 42.8948756497,
        "link_img": "..\\01_MXD\\Img_Recifs\\Z2\\G6.png"
      },
      "geometry": {
        "type": "MultiPoint",
        "coordinates": [
          [
            705634.6952000037,
            6199496.644699998
          ]
        ]
      }
    },
    {
      "type": "Feature",
      "properties": {
        "nom": "H4",
        "source": "PNMGL - IXSurvey, etat des lieux RA 2016",
        "info": true,
        "cara": false,
        "regl": false,
        "fid": 116.0,
        "num": "IXSurvey 2016",
        "tech": true,
        "projet": "Herbier de posidonie",
        "objectid": 115.0,
        "typerecif": "B",
        "pmin": -16.45,
        "pmax": -19.22,
        "pext": -17.259,
        "long": 4.3,
        "larg": 2.8,
        "dir": 17.0,
        "dt": 0.5,
        "com": "2 dalots désaxés et inclinés",
        "ht": 2.0,
        "hr": 2.77,
        "em": 0.809,
        "pc": 1.961,
        "enf": 0.0,
        "ind_enf": 0.0,
        "name": "H4",
        "areaname": "Leu2",
        "easting": 705728.7555,
        "northing": 6199438.2728,
        "x_dd": 3.07006573343,
        "y_dd": 42.894349989,
        "link_img": "..\\01_MXD\\Img_Recifs\\Z2\\H4.png"
      },
      "geometry": {
        "type": "MultiPoint",
        "coordinates": [
          [
            705728.7555000037,
            6199438.2727999985
          ]
        ]
      }
    },
    {
      "type": "Feature",
      "properties": {
        "nom": "I1",
        "source": "PNMGL - IXSurvey, etat des lieux RA 2016",
        "info": true,
        "cara": false,
        "regl": false,
        "fid": 117.0,
        "num": "IXSurvey 2016",
        "tech": true,
        "projet": "Herbier de posidonie",
        "objectid": 116.0,
        "typerecif": "A",
        "pmin": -17.55,
        "pmax": -18.97,
        "pext": -18.319,
        "long": 2.9,
        "larg": 1.6,
        "dir": 277.0,
        "dt": 0.0,
        "com": null,
        "ht": 1.9,
        "hr": 1.42,
        "em": 0.769,
        "pc": 0.651,
        "enf": 0.48,
        "ind_enf": 48.0,
        "name": "I1",
        "areaname": "Leu2",
        "easting": 705874.4138,
        "northing": 6199377.9604,
        "x_dd": 3.07184653993,
        "y_dd": 42.8938064458,
        "link_img": "..\\01_MXD\\Img_Recifs\\Z2\\I1.png"
      },
      "geometry": {
        "type": "MultiPoint",
        "coordinates": [
          [
            705874.4138000011,
            6199377.9604
          ]
        ]
      }
    },
    {
      "type": "Feature",
      "properties": {
        "nom": "I3",
        "source": "PNMGL - IXSurvey, etat des lieux RA 2016",
        "info": true,
        "cara": false,
        "regl": false,
        "fid": 118.0,
        "num": "IXSurvey 2016",
        "tech": true,
        "projet": "Herbier de posidonie",
        "objectid": 117.0,
        "typerecif": "A",
        "pmin": -16.68,
        "pmax": -18.58,
        "pext": -17.456,
        "long": 2.6,
        "larg": 1.9,
        "dir": 345.0,
        "dt": 0.0,
        "com": "buses inclinées",
        "ht": 1.9,
        "hr": 1.9,
        "em": 0.776,
        "pc": 1.124,
        "enf": 0.0,
        "ind_enf": 0.0,
        "name": "I3",
        "areaname": "Leu2",
        "easting": 705780.202,
        "northing": 6199390.0036,
        "x_dd": 3.07069442267,
        "y_dd": 42.8939155103,
        "link_img": "..\\01_MXD\\Img_Recifs\\Z2\\I3.png"
      },
      "geometry": {
        "type": "MultiPoint",
        "coordinates": [
          [
            705780.2019999996,
            6199390.003600001
          ]
        ]
      }
    },
    {
      "type": "Feature",
      "properties": {
        "nom": "I5",
        "source": "PNMGL - IXSurvey, etat des lieux RA 2016",
        "info": true,
        "cara": false,
        "regl": false,
        "fid": 119.0,
        "num": "IXSurvey 2016",
        "tech": true,
        "projet": "Herbier de posidonie",
        "objectid": 118.0,
        "typerecif": "B",
        "pmin": -14.42,
        "pmax": -18.17,
        "pext": -16.725,
        "long": 4.8,
        "larg": 4.7,
        "dir": 21.0,
        "dt": 0.7,
        "com": "2 dalots désaxés et inclinés",
        "ht": 2.0,
        "hr": 3.75,
        "em": 2.305,
        "pc": 1.445,
        "enf": 0.0,
        "ind_enf": 0.0,
        "name": "I5",
        "areaname": "Leu2",
        "easting": 705676.4178,
        "northing": 6199393.5315,
        "x_dd": 3.06942513468,
        "y_dd": 42.8939480634,
        "link_img": "..\\01_MXD\\Img_Recifs\\Z2\\I5.png"
      },
      "geometry": {
        "type": "MultiPoint",
        "coordinates": [
          [
            705676.4178000018,
            6199393.5315000005
          ]
        ]
      }
    },
    {
      "type": "Feature",
      "properties": {
        "nom": "I7",
        "source": "PNMGL - IXSurvey, etat des lieux RA 2016",
        "info": true,
        "cara": false,
        "regl": false,
        "fid": 120.0,
        "num": "IXSurvey 2016",
        "tech": true,
        "projet": "Herbier de posidonie",
        "objectid": 119.0,
        "typerecif": "B",
        "pmin": -13.76,
        "pmax": -17.03,
        "pext": -15.917,
        "long": 4.7,
        "larg": 3.6,
        "dir": 319.0,
        "dt": 0.5,
        "com": "2 dalots désaxés et inclinés",
        "ht": 2.0,
        "hr": 3.27,
        "em": 2.157,
        "pc": 1.113,
        "enf": 0.0,
        "ind_enf": 0.0,
        "name": "I7",
        "areaname": "Leu2",
        "easting": 705575.1538,
        "northing": 6199403.3841,
        "x_dd": 3.06818673523,
        "y_dd": 42.8940374575,
        "link_img": "..\\01_MXD\\Img_Recifs\\Z2\\I7.png"
      },
      "geometry": {
        "type": "MultiPoint",
        "coordinates": [
          [
            705575.1538000032,
            6199403.384100001
          ]
        ]
      }
    },
    {
      "type": "Feature",
      "properties": {
        "nom": "A7",
        "source": "PNMGL - IXSurvey, etat des lieux RA 2016",
        "info": true,
        "cara": false,
        "regl": false,
        "fid": 121.0,
        "num": "IXSurvey 2016",
        "tech": true,
        "projet": "Herbier de posidonie",
        "objectid": 120.0,
        "typerecif": "B",
        "pmin": -20.17,
        "pmax": -22.51,
        "pext": -20.702,
        "long": 4.6,
        "larg": 3.5,
        "dir": 355.0,
        "dt": 0.0,
        "com": "2 dalots inclinés",
        "ht": 2.0,
        "hr": 2.34,
        "em": 0.532,
        "pc": 1.808,
        "enf": 0.0,
        "ind_enf": 0.0,
        "name": "A7",
        "areaname": "Leu1",
        "easting": 706154.0821000001,
        "northing": 6199790.7613,
        "x_dd": 3.07527181104,
        "y_dd": 42.8975162676,
        "link_img": "..\\01_MXD\\Img_Recifs\\Z1\\A7.png"
      },
      "geometry": {
        "type": "MultiPoint",
        "coordinates": [
          [
            706154.0820999965,
            6199790.761300001
          ]
        ]
      }
    },
    {
      "type": "Feature",
      "properties": {
        "nom": "C5",
        "source": "PNMGL - IXSurvey, etat des lieux RA 2016",
        "info": true,
        "cara": false,
        "regl": false,
        "fid": 122.0,
        "num": "IXSurvey 2016",
        "tech": true,
        "projet": "Herbier de posidonie",
        "objectid": 121.0,
        "typerecif": "B",
        "pmin": -19.82,
        "pmax": -22.53,
        "pext": -21.577,
        "long": 4.0,
        "larg": 3.0,
        "dir": 279.0,
        "dt": 0.0,
        "com": "2 dalots inclinés",
        "ht": 2.0,
        "hr": 2.71,
        "em": 1.757,
        "pc": 0.953,
        "enf": 0.0,
        "ind_enf": 0.0,
        "name": "C5",
        "areaname": "Leu1",
        "easting": 706249.531,
        "northing": 6199688.3018000005,
        "x_dd": 3.0764380518,
        "y_dd": 42.8965940618,
        "link_img": "..\\01_MXD\\Img_Recifs\\Z1\\C5.png"
      },
      "geometry": {
        "type": "MultiPoint",
        "coordinates": [
          [
            706249.5310000032,
            6199688.301800001
          ]
        ]
      }
    },
    {
      "type": "Feature",
      "properties": {
        "nom": "D4",
        "source": "PNMGL - IXSurvey, etat des lieux RA 2016",
        "info": true,
        "cara": false,
        "regl": false,
        "fid": 123.0,
        "num": "IXSurvey 2016",
        "tech": true,
        "projet": "Herbier de posidonie",
        "objectid": 122.0,
        "typerecif": "C",
        "pmin": -20.62,
        "pmax": -23.79,
        "pext": -21.896,
        "long": 18.0,
        "larg": 16.0,
        "dir": 0.0,
        "dt": 0.0,
        "com": null,
        "ht": 3.0,
        "hr": 3.17,
        "em": 1.276,
        "pc": 1.894,
        "enf": 0.0,
        "ind_enf": 0.0,
        "name": "D4",
        "areaname": "Leu1",
        "easting": 706289.2477,
        "northing": 6199627.4101,
        "x_dd": 3.07692310116,
        "y_dd": 42.8960461383,
        "link_img": "..\\01_MXD\\Img_Recifs\\Z1\\D4.png"
      },
      "geometry": {
        "type": "MultiPoint",
        "coordinates": [
          [
            706289.2476999983,
            6199627.410100002
          ]
        ]
      }
    },
    {
      "type": "Feature",
      "properties": {
        "nom": "D2",
        "source": "PNMGL - IXSurvey, etat des lieux RA 2016",
        "info": true,
        "cara": false,
        "regl": false,
        "fid": 124.0,
        "num": "IXSurvey 2016",
        "tech": true,
        "projet": "Herbier de posidonie",
        "objectid": 123.0,
        "typerecif": "C",
        "pmin": -22.11,
        "pmax": -24.49,
        "pext": -22.995,
        "long": 18.0,
        "larg": 14.0,
        "dir": 37.0,
        "dt": 0.0,
        "com": "1 structure allongée de  14x1.5m de longeur orientée au 37°",
        "ht": 3.0,
        "hr": 2.38,
        "em": 0.885,
        "pc": 1.495,
        "enf": 0.62,
        "ind_enf": 62.0,
        "name": "D2",
        "areaname": "Leu1",
        "easting": 706394.4932000001,
        "northing": 6199620.6532,
        "x_dd": 3.07821026468,
        "y_dd": 42.8959844463,
        "link_img": "..\\01_MXD\\Img_Recifs\\Z1\\D2.png"
      },
      "geometry": {
        "type": "MultiPoint",
        "coordinates": [
          [
            706394.4931999967,
            6199620.6532000005
          ]
        ]
      }
    },
    {
      "type": "Feature",
      "properties": {
        "nom": "F7",
        "source": "PNMGL - IXSurvey, etat des lieux RA 2016",
        "info": true,
        "cara": false,
        "regl": false,
        "fid": 125.0,
        "num": "IXSurvey 2016",
        "tech": true,
        "projet": "Herbier de posidonie",
        "objectid": 124.0,
        "typerecif": "C",
        "pmin": -19.26,
        "pmax": -21.65,
        "pext": -20.524,
        "long": 15.0,
        "larg": 13.0,
        "dir": 0.0,
        "dt": 0.0,
        "com": null,
        "ht": 3.0,
        "hr": 2.39,
        "em": 1.264,
        "pc": 1.126,
        "enf": 0.61,
        "ind_enf": 61.0,
        "name": "F7",
        "areaname": "Leu1",
        "easting": 706128.6195,
        "northing": 6199534.9738,
        "x_dd": 3.07495740317,
        "y_dd": 42.8952162823,
        "link_img": "..\\01_MXD\\Img_Recifs\\Z1\\F7.png"
      },
      "geometry": {
        "type": "MultiPoint",
        "coordinates": [
          [
            706128.6194999963,
            6199534.9738
          ]
        ]
      }
    },
    {
      "type": "Feature",
      "properties": {
        "nom": "G4",
        "source": "PNMGL - IXSurvey, etat des lieux RA 2016",
        "info": true,
        "cara": false,
        "regl": false,
        "fid": 126.0,
        "num": "IXSurvey 2016",
        "tech": true,
        "projet": "Herbier de posidonie",
        "objectid": 125.0,
        "typerecif": "C",
        "pmin": -19.3,
        "pmax": -23.0,
        "pext": -21.776,
        "long": 17.0,
        "larg": 11.0,
        "dir": 0.0,
        "dt": 0.0,
        "com": null,
        "ht": 3.0,
        "hr": 3.7,
        "em": 2.476,
        "pc": 1.224,
        "enf": 0.0,
        "ind_enf": 0.0,
        "name": "G4",
        "areaname": "Leu1",
        "easting": 706288.7275,
        "northing": 6199480.9799,
        "x_dd": 3.07691499413,
        "y_dd": 42.894729351,
        "link_img": "..\\01_MXD\\Img_Recifs\\Z1\\G4.png"
      },
      "geometry": {
        "type": "MultiPoint",
        "coordinates": [
          [
            706288.7274999991,
            6199480.979899999
          ]
        ]
      }
    },
    {
      "type": "Feature",
      "properties": {
        "nom": "I7",
        "source": "PNMGL - IXSurvey, etat des lieux RA 2016",
        "info": true,
        "cara": false,
        "regl": false,
        "fid": 127.0,
        "num": "IXSurvey 2016",
        "tech": true,
        "projet": "Herbier de posidonie",
        "objectid": 126.0,
        "typerecif": "B",
        "pmin": -20.04,
        "pmax": -22.12,
        "pext": -20.16,
        "long": 4.0,
        "larg": 2.5,
        "dir": 20.0,
        "dt": 0.0,
        "com": null,
        "ht": 2.0,
        "hr": 2.08,
        "em": 0.12,
        "pc": 1.96,
        "enf": 0.0,
        "ind_enf": 0.0,
        "name": "I7",
        "areaname": "Leu1",
        "easting": 706120.2896,
        "northing": 6199393.2058,
        "x_dd": 3.07485387889,
        "y_dd": 42.8939414878,
        "link_img": "..\\01_MXD\\Img_Recifs\\Z1\\I7.png"
      },
      "geometry": {
        "type": "MultiPoint",
        "coordinates": [
          [
            706120.2895999998,
            6199393.205800001
          ]
        ]
      }
    },
    {
      "type": "Feature",
      "properties": {
        "nom": "I5",
        "source": "PNMGL - IXSurvey, etat des lieux RA 2016",
        "info": true,
        "cara": false,
        "regl": false,
        "fid": 128.0,
        "num": "IXSurvey 2016",
        "tech": true,
        "projet": "Herbier de posidonie",
        "objectid": 127.0,
        "typerecif": "B",
        "pmin": -20.67,
        "pmax": -23.15,
        "pext": -21.171,
        "long": 4.0,
        "larg": 2.5,
        "dir": 14.0,
        "dt": 0.0,
        "com": "2 dalots inclinés",
        "ht": 2.0,
        "hr": 2.48,
        "em": 0.501,
        "pc": 1.979,
        "enf": 0.0,
        "ind_enf": 0.0,
        "name": "I5",
        "areaname": "Leu1",
        "easting": 706222.0638,
        "northing": 6199380.1716,
        "x_dd": 3.07609846847,
        "y_dd": 42.8938234015,
        "link_img": "..\\01_MXD\\Img_Recifs\\Z1\\I5.png"
      },
      "geometry": {
        "type": "MultiPoint",
        "coordinates": [
          [
            706222.0637999997,
            6199380.171599999
          ]
        ]
      }
    },
    {
      "type": "Feature",
      "properties": {
        "nom": "I3",
        "source": "PNMGL - IXSurvey, etat des lieux RA 2016",
        "info": true,
        "cara": false,
        "regl": false,
        "fid": 129.0,
        "num": "IXSurvey 2016",
        "tech": true,
        "projet": "Herbier de posidonie",
        "objectid": 128.0,
        "typerecif": "A",
        "pmin": -21.16,
        "pmax": -22.95,
        "pext": -21.931,
        "long": 2.5,
        "larg": 1.5,
        "dir": 308.0,
        "dt": 0.0,
        "com": null,
        "ht": 1.9,
        "hr": 1.79,
        "em": 0.771,
        "pc": 1.019,
        "enf": 0.11,
        "ind_enf": 11.0,
        "name": "I3",
        "areaname": "Leu1",
        "easting": 706317.3583000001,
        "northing": 6199382.433,
        "x_dd": 3.07726398678,
        "y_dd": 42.8938429052,
        "link_img": "..\\01_MXD\\Img_Recifs\\Z1\\I3.png"
      },
      "geometry": {
        "type": "MultiPoint",
        "coordinates": [
          [
            706317.3583000004,
            6199382.432999998
          ]
        ]
      }
    },
    {
      "type": "Feature",
      "properties": {
        "nom": "H2",
        "source": "PNMGL - IXSurvey, etat des lieux RA 2016",
        "info": true,
        "cara": false,
        "regl": false,
        "fid": 130.0,
        "num": "IXSurvey 2016",
        "tech": true,
        "projet": "Herbier de posidonie",
        "objectid": 130.0,
        "typerecif": "B",
        "pmin": -22.14,
        "pmax": -24.42,
        "pext": -22.593,
        "long": 4.2,
        "larg": 2.5,
        "dir": 4.0,
        "dt": 0.0,
        "com": "2 dalots inclinés",
        "ht": 2.0,
        "hr": 2.28,
        "em": 0.453,
        "pc": 1.827,
        "enf": 0.0,
        "ind_enf": 0.0,
        "name": "H2",
        "areaname": "Leu1",
        "easting": 706379.5699,
        "northing": 6199424.036299999,
        "x_dd": 3.07802536348,
        "y_dd": 42.8942164775,
        "link_img": "..\\01_MXD\\Img_Recifs\\Z1\\H2.png"
      },
      "geometry": {
        "type": "MultiPoint",
        "coordinates": [
          [
            706379.5698999986,
            6199424.0363
          ]
        ]
      }
    },
    {
      "type": "Feature",
      "properties": {
        "nom": "G2",
        "source": "PNMGL - IXSurvey, etat des lieux RA 2016",
        "info": true,
        "cara": false,
        "regl": false,
        "fid": 131.0,
        "num": "IXSurvey 2016",
        "tech": true,
        "projet": "Herbier de posidonie",
        "objectid": 131.0,
        "typerecif": "A",
        "pmin": -22.21,
        "pmax": -23.95,
        "pext": -22.698,
        "long": 2.9,
        "larg": 2.0,
        "dir": 20.0,
        "dt": 0.0,
        "com": null,
        "ht": 1.9,
        "hr": 1.74,
        "em": 0.488,
        "pc": 1.252,
        "enf": 0.16,
        "ind_enf": 16.0,
        "name": "G2",
        "areaname": "Leu1",
        "easting": 706388.8711,
        "northing": 6199471.5304,
        "x_dd": 3.07813969661,
        "y_dd": 42.8946434911,
        "link_img": "..\\01_MXD\\Img_Recifs\\Z1\\G2.png"
      },
      "geometry": {
        "type": "MultiPoint",
        "coordinates": [
          [
            706388.871100001,
            6199471.5304000005
          ]
        ]
      }
    },
    {
      "type": "Feature",
      "properties": {
        "nom": "G6",
        "source": "PNMGL - IXSurvey, etat des lieux RA 2016",
        "info": true,
        "cara": false,
        "regl": false,
        "fid": 132.0,
        "num": "IXSurvey 2016",
        "tech": true,
        "projet": "Herbier de posidonie",
        "objectid": 132.0,
        "typerecif": "B",
        "pmin": -19.93,
        "pmax": -22.48,
        "pext": -20.899,
        "long": 4.6,
        "larg": 3.0,
        "dir": 328.0,
        "dt": 0.0,
        "com": "2 dalots désaxés et inclinés",
        "ht": 2.0,
        "hr": 2.55,
        "em": 0.969,
        "pc": 1.581,
        "enf": 0.0,
        "ind_enf": 0.0,
        "name": "G6",
        "areaname": "Leu1",
        "easting": 706174.813,
        "northing": 6199489.713799999,
        "x_dd": 3.07552185295,
        "y_dd": 42.8948088804,
        "link_img": "..\\01_MXD\\Img_Recifs\\Z1\\G6.png"
      },
      "geometry": {
        "type": "MultiPoint",
        "coordinates": [
          [
            706174.813000001,
            6199489.713799998
          ]
        ]
      }
    },
    {
      "type": "Feature",
      "properties": {
        "nom": "F3",
        "source": "PNMGL - IXSurvey, etat des lieux RA 2016",
        "info": true,
        "cara": false,
        "regl": false,
        "fid": 133.0,
        "num": "IXSurvey 2016",
        "tech": true,
        "projet": "Herbier de posidonie",
        "objectid": 133.0,
        "typerecif": "B",
        "pmin": -21.73,
        "pmax": -24.39,
        "pext": -22.237,
        "long": 4.2,
        "larg": 2.8,
        "dir": 20.0,
        "dt": 0.0,
        "com": "2 dalots désaxés et inclinés",
        "ht": 2.0,
        "hr": 2.66,
        "em": 0.507,
        "pc": 2.153,
        "enf": 0.0,
        "ind_enf": 0.0,
        "name": "F3",
        "areaname": "Leu1",
        "easting": 706334.3452000001,
        "northing": 6199526.9959,
        "x_dd": 3.07747347841,
        "y_dd": 42.8951427544,
        "link_img": "..\\01_MXD\\Img_Recifs\\Z1\\F3.png"
      },
      "geometry": {
        "type": "MultiPoint",
        "coordinates": [
          [
            706334.3452000022,
            6199526.995900001
          ]
        ]
      }
    },
    {
      "type": "Feature",
      "properties": {
        "nom": "F1",
        "source": "PNMGL - IXSurvey, etat des lieux RA 2016",
        "info": true,
        "cara": false,
        "regl": false,
        "fid": 134.0,
        "num": "IXSurvey 2016",
        "tech": true,
        "projet": "Herbier de posidonie",
        "objectid": 134.0,
        "typerecif": "A",
        "pmin": -22.63,
        "pmax": -24.16,
        "pext": -23.163,
        "long": 2.7,
        "larg": 1.8,
        "dir": 345.0,
        "dt": 0.0,
        "com": null,
        "ht": 1.9,
        "hr": 1.53,
        "em": 0.533,
        "pc": 0.997,
        "enf": 0.37,
        "ind_enf": 37.0,
        "name": "F1",
        "areaname": "Leu1",
        "easting": 706428.6004000001,
        "northing": 6199523.3733,
        "x_dd": 3.07862624065,
        "y_dd": 42.8951093399,
        "link_img": "..\\01_MXD\\Img_Recifs\\Z1\\F1.png"
      },
      "geometry": {
        "type": "MultiPoint",
        "coordinates": [
          [
            706428.6004000008,
            6199523.373300001
          ]
        ]
      }
    },
    {
      "type": "Feature",
      "properties": {
        "nom": "E2",
        "source": "PNMGL - IXSurvey, etat des lieux RA 2016",
        "info": true,
        "cara": false,
        "regl": false,
        "fid": 135.0,
        "num": "IXSurvey 2016",
        "tech": true,
        "projet": "Herbier de posidonie",
        "objectid": 135.0,
        "typerecif": "A",
        "pmin": -21.89,
        "pmax": -23.79,
        "pext": -22.608,
        "long": 2.7,
        "larg": 1.8,
        "dir": 326.0,
        "dt": 0.0,
        "com": null,
        "ht": 1.9,
        "hr": 1.9,
        "em": 0.718,
        "pc": 1.182,
        "enf": 0.0,
        "ind_enf": 0.0,
        "name": "E2",
        "areaname": "Leu1",
        "easting": 706371.8029,
        "northing": 6199590.389199999,
        "x_dd": 3.07793237725,
        "y_dd": 42.8957124951,
        "link_img": "..\\01_MXD\\Img_Recifs\\Z1\\E2.png"
      },
      "geometry": {
        "type": "MultiPoint",
        "coordinates": [
          [
            706371.8029000014,
            6199590.389199998
          ]
        ]
      }
    },
    {
      "type": "Feature",
      "properties": {
        "nom": "E4",
        "source": "PNMGL - IXSurvey, etat des lieux RA 2016",
        "info": true,
        "cara": false,
        "regl": false,
        "fid": 136.0,
        "num": "IXSurvey 2016",
        "tech": true,
        "projet": "Herbier de posidonie",
        "objectid": 136.0,
        "typerecif": "B",
        "pmin": -21.24,
        "pmax": -23.76,
        "pext": -21.948,
        "long": 5.0,
        "larg": 3.2,
        "dir": 313.0,
        "dt": 0.0,
        "com": "2 dalots disjoints inclinés",
        "ht": 2.0,
        "hr": 2.52,
        "em": 0.708,
        "pc": 1.812,
        "enf": 0.0,
        "ind_enf": 0.0,
        "name": "E4",
        "areaname": "Leu1",
        "easting": 706288.3704,
        "northing": 6199583.0899,
        "x_dd": 3.07691184301,
        "y_dd": 42.8956475909,
        "link_img": "..\\01_MXD\\Img_Recifs\\Z1\\E4.png"
      },
      "geometry": {
        "type": "MultiPoint",
        "coordinates": [
          [
            706288.3703999966,
            6199583.089899998
          ]
        ]
      }
    },
    {
      "type": "Feature",
      "properties": {
        "nom": "C3",
        "source": "PNMGL - IXSurvey, etat des lieux RA 2016",
        "info": true,
        "cara": false,
        "regl": false,
        "fid": 137.0,
        "num": "IXSurvey 2016",
        "tech": true,
        "projet": "Herbier de posidonie",
        "objectid": 137.0,
        "typerecif": "B",
        "pmin": -21.98,
        "pmax": -24.34,
        "pext": -22.647,
        "long": 4.0,
        "larg": 2.7,
        "dir": 350.0,
        "dt": 0.0,
        "com": "2 dalots inclinés",
        "ht": 2.0,
        "hr": 2.36,
        "em": 0.667,
        "pc": 1.693,
        "enf": 0.0,
        "ind_enf": 0.0,
        "name": "C3",
        "areaname": "Leu1",
        "easting": 706345.7541,
        "northing": 6199667.42,
        "x_dd": 3.07761470533,
        "y_dd": 42.8964054354,
        "link_img": "..\\01_MXD\\Img_Recifs\\Z1\\C3.png"
      },
      "geometry": {
        "type": "MultiPoint",
        "coordinates": [
          [
            706345.7541000023,
            6199667.420000002
          ]
        ]
      }
    },
    {
      "type": "Feature",
      "properties": {
        "nom": "C1",
        "source": "PNMGL - IXSurvey, etat des lieux RA 2016",
        "info": true,
        "cara": false,
        "regl": false,
        "fid": 138.0,
        "num": "IXSurvey 2016",
        "tech": true,
        "projet": "Herbier de posidonie",
        "objectid": 138.0,
        "typerecif": "A",
        "pmin": -22.6,
        "pmax": -24.1,
        "pext": -23.366,
        "long": 2.7,
        "larg": 1.5,
        "dir": 280.0,
        "dt": 0.0,
        "com": null,
        "ht": 1.9,
        "hr": 1.5,
        "em": 0.766,
        "pc": 0.734,
        "enf": 0.4,
        "ind_enf": 40.0,
        "name": "C1",
        "areaname": "Leu1",
        "easting": 706430.8976,
        "northing": 6199670.3791,
        "x_dd": 3.07865612798,
        "y_dd": 42.8964312878,
        "link_img": "..\\01_MXD\\Img_Recifs\\Z1\\C1.png"
      },
      "geometry": {
        "type": "MultiPoint",
        "coordinates": [
          [
            706430.8976000026,
            6199670.379099999
          ]
        ]
      }
    },
    {
      "type": "Feature",
      "properties": {
        "nom": "B2",
        "source": "PNMGL - IXSurvey, etat des lieux RA 2016",
        "info": true,
        "cara": false,
        "regl": false,
        "fid": 139.0,
        "num": "IXSurvey 2016",
        "tech": true,
        "projet": "Herbier de posidonie",
        "objectid": 139.0,
        "typerecif": "C",
        "pmin": -20.19,
        "pmax": -24.5,
        "pext": -23.14,
        "long": 17.0,
        "larg": 11.0,
        "dir": 285.0,
        "dt": 0.0,
        "com": "1 structure allongée de  15x1m de longeur orientée au 285°",
        "ht": 3.0,
        "hr": 4.31,
        "em": 2.95,
        "pc": 1.36,
        "enf": 0.0,
        "ind_enf": 0.0,
        "name": "B2",
        "areaname": "Leu1",
        "easting": 706393.1363,
        "northing": 6199714.7326,
        "x_dd": 3.0781948081,
        "y_dd": 42.8968304799,
        "link_img": "..\\01_MXD\\Img_Recifs\\Z1\\B2.png"
      },
      "geometry": {
        "type": "MultiPoint",
        "coordinates": [
          [
            706393.1362999976,
            6199714.7326
          ]
        ]
      }
    },
    {
      "type": "Feature",
      "properties": {
        "nom": "B4",
        "source": "PNMGL - IXSurvey, etat des lieux RA 2016",
        "info": true,
        "cara": false,
        "regl": false,
        "fid": 140.0,
        "num": "IXSurvey 2016",
        "tech": true,
        "projet": "Herbier de posidonie",
        "objectid": 140.0,
        "typerecif": "B",
        "pmin": -20.46,
        "pmax": -23.11,
        "pext": -22.092,
        "long": 4.1,
        "larg": 2.6,
        "dir": 292.0,
        "dt": 0.5,
        "com": "1 dalot désaxé et incliné",
        "ht": 2.0,
        "hr": 2.65,
        "em": 1.632,
        "pc": 1.018,
        "enf": 0.0,
        "ind_enf": 0.0,
        "name": "B4",
        "areaname": "Leu1",
        "easting": 706298.2606,
        "northing": 6199725.876,
        "x_dd": 3.07703451181,
        "y_dd": 42.8969315271,
        "link_img": "..\\01_MXD\\Img_Recifs\\Z1\\B4.png"
      },
      "geometry": {
        "type": "MultiPoint",
        "coordinates": [
          [
            706298.2606000006,
            6199725.875999998
          ]
        ]
      }
    },
    {
      "type": "Feature",
      "properties": {
        "nom": "D1",
        "source": "PNMGL - IXSurvey, etat des lieux RA 2016",
        "info": true,
        "cara": false,
        "regl": false,
        "fid": 141.0,
        "num": "IXSurvey 2016",
        "tech": true,
        "projet": "Herbier de posidonie",
        "objectid": 141.0,
        "typerecif": "A",
        "pmin": -22.94,
        "pmax": -24.4,
        "pext": -23.727,
        "long": 2.7,
        "larg": 1.5,
        "dir": 297.0,
        "dt": 0.0,
        "com": null,
        "ht": 1.9,
        "hr": 1.46,
        "em": 0.787,
        "pc": 0.673,
        "enf": 0.44,
        "ind_enf": 44.0,
        "name": "D1",
        "areaname": "Leu1",
        "easting": 706453.9426,
        "northing": 6199693.0181,
        "x_dd": 3.07893826736,
        "y_dd": 42.8966346652,
        "link_img": "..\\01_MXD\\Img_Recifs\\Z1\\D1.png"
      },
      "geometry": {
        "type": "MultiPoint",
        "coordinates": [
          [
            706453.9425999969,
            6199693.018100001
          ]
        ]
      }
    },
    {
      "type": "Feature",
      "properties": {
        "nom": "A5",
        "source": "PNMGL - IXSurvey, etat des lieux RA 2016",
        "info": true,
        "cara": false,
        "regl": false,
        "fid": 142.0,
        "num": "IXSurvey 2016",
        "tech": true,
        "projet": "Herbier de posidonie",
        "objectid": 142.0,
        "typerecif": "B",
        "pmin": -20.4,
        "pmax": -22.81,
        "pext": -21.655,
        "long": 4.3,
        "larg": 3.1,
        "dir": 74.0,
        "dt": 0.5,
        "com": "2 dalots désaxés et inclinés",
        "ht": 2.0,
        "hr": 2.41,
        "em": 1.255,
        "pc": 1.155,
        "enf": 0.0,
        "ind_enf": 0.0,
        "name": "A5",
        "areaname": "Leu1",
        "easting": 706247.0584,
        "northing": 6199771.1427,
        "x_dd": 3.07640878989,
        "y_dd": 42.8973390415,
        "link_img": "..\\01_MXD\\Img_Recifs\\Z1\\A5.png"
      },
      "geometry": {
        "type": "MultiPoint",
        "coordinates": [
          [
            706247.0583999977,
            6199771.142700002
          ]
        ]
      }
    },
    {
      "type": "Feature",
      "properties": {
        "nom": "A3",
        "source": "PNMGL - IXSurvey, etat des lieux RA 2016",
        "info": true,
        "cara": false,
        "regl": false,
        "fid": 143.0,
        "num": "IXSurvey 2016",
        "tech": true,
        "projet": "Herbier de posidonie",
        "objectid": 143.0,
        "typerecif": "A",
        "pmin": -21.85,
        "pmax": -23.17,
        "pext": -22.527,
        "long": 2.5,
        "larg": 1.4,
        "dir": 281.0,
        "dt": 0.0,
        "com": null,
        "ht": 1.9,
        "hr": 1.32,
        "em": 0.677,
        "pc": 0.643,
        "enf": 0.58,
        "ind_enf": 58.0,
        "name": "A3",
        "areaname": "Leu1",
        "easting": 706340.3556,
        "northing": 6199786.049,
        "x_dd": 3.07755010149,
        "y_dd": 42.8974722706,
        "link_img": "..\\01_MXD\\Img_Recifs\\Z1\\A3.png"
      },
      "geometry": {
        "type": "MultiPoint",
        "coordinates": [
          [
            706340.3555999994,
            6199786.048999999
          ]
        ]
      }
    },
    {
      "type": "Feature",
      "properties": {
        "nom": "A1",
        "source": "PNMGL - IXSurvey, etat des lieux RA 2016",
        "info": true,
        "cara": false,
        "regl": false,
        "fid": 144.0,
        "num": "IXSurvey 2016",
        "tech": true,
        "projet": "Herbier de posidonie",
        "objectid": 144.0,
        "typerecif": "A",
        "pmin": -23.06,
        "pmax": -24.85,
        "pext": -23.756,
        "long": 2.5,
        "larg": 1.5,
        "dir": 45.0,
        "dt": 0.0,
        "com": null,
        "ht": 1.9,
        "hr": 1.79,
        "em": 0.696,
        "pc": 1.094,
        "enf": 0.11,
        "ind_enf": 11.0,
        "name": "A1",
        "areaname": "Leu1",
        "easting": 706438.3082,
        "northing": 6199793.7996,
        "x_dd": 3.07874827222,
        "y_dd": 42.8975410972,
        "link_img": "..\\01_MXD\\Img_Recifs\\Z1\\A1.png"
      },
      "geometry": {
        "type": "MultiPoint",
        "coordinates": [
          [
            706438.3082000017,
            6199793.799600001
          ]
        ]
      }
    },
    {
      "type": "Feature",
      "properties": {
        "nom": "A5bis",
        "source": "PNMGL - IXSurvey, etat des lieux RA 2016",
        "info": true,
        "cara": false,
        "regl": false,
        "fid": 145.0,
        "num": "IXSurvey 2016",
        "tech": true,
        "projet": "Herbier de posidonie",
        "objectid": 145.0,
        "typerecif": "A",
        "pmin": -21.09,
        "pmax": -22.82,
        "pext": -21.655,
        "long": 2.3,
        "larg": 1.2,
        "dir": 18.0,
        "dt": 0.0,
        "com": "buse isolée non référencée",
        "ht": 1.9,
        "hr": 1.73,
        "em": 0.565,
        "pc": 1.165,
        "enf": 0.17,
        "ind_enf": 17.0,
        "name": "A5bis",
        "areaname": "Leu1",
        "easting": 706240.3505,
        "northing": 6199780.242699999,
        "x_dd": 3.07632685211,
        "y_dd": 42.8974209329,
        "link_img": "..\\01_MXD\\Img_Recifs\\Z1\\A5bis.png"
      },
      "geometry": {
        "type": "MultiPoint",
        "coordinates": [
          [
            706240.3505000025,
            6199780.242699999
          ]
        ]
      }
    },
    {
      "type": "Feature",
      "properties": {
        "nom": "A1bis",
        "source": "PNMGL - IXSurvey, etat des lieux RA 2016",
        "info": true,
        "cara": false,
        "regl": false,
        "fid": 146.0,
        "num": "IXSurvey 2016",
        "tech": true,
        "projet": "Herbier de posidonie",
        "objectid": 146.0,
        "typerecif": "A",
        "pmin": -23.01,
        "pmax": -24.78,
        "pext": -23.735,
        "long": 2.5,
        "larg": 1.5,
        "dir": 44.0,
        "dt": 0.0,
        "com": "buse potentielle isolée",
        "ht": 1.9,
        "hr": 1.77,
        "em": 0.725,
        "pc": 1.045,
        "enf": 0.13,
        "ind_enf": 13.0,
        "name": "A1bis",
        "areaname": "Leu1",
        "easting": 706443.5751,
        "northing": 6199770.759,
        "x_dd": 3.07881241144,
        "y_dd": 42.8973338541,
        "link_img": "..\\01_MXD\\Img_Recifs\\Z1\\A1bis.png"
      },
      "geometry": {
        "type": "MultiPoint",
        "coordinates": [
          [
            706443.5750999972,
            6199770.759
          ]
        ]
      }
    },
    {
      "type": "Feature",
      "properties": {
        "nom": "CypA_01",
        "source": "PNMGL - IXSurvey, etat des lieux RA 2016",
        "info": true,
        "cara": false,
        "regl": false,
        "fid": 147.0,
        "num": "IXSurvey 2016",
        "tech": true,
        "projet": "Herbier de posidonie",
        "objectid": 147.0,
        "typerecif": "Bo",
        "pmin": -24.53,
        "pmax": -27.64,
        "pext": -27.45,
        "long": 5.27,
        "larg": 5.0,
        "dir": 0.0,
        "dt": 0.0,
        "com": null,
        "ht": 4.0,
        "hr": 3.11,
        "em": 2.92,
        "pc": 0.19,
        "enf": 0.89,
        "ind_enf": 89.0,
        "name": "CypA_01",
        "areaname": "StCyp",
        "easting": 705802.598,
        "northing": 6169534.4818,
        "x_dd": 3.07064166725,
        "y_dd": 42.6254692212,
        "link_img": "..\\01_MXD\\Img_Recifs\\Cyp\\CypA_01.png"
      },
      "geometry": {
        "type": "MultiPoint",
        "coordinates": [
          [
            705802.5979999974,
            6169534.481800001
          ]
        ]
      }
    },
    {
      "type": "Feature",
      "properties": {
        "nom": "CypA_02",
        "source": "PNMGL - IXSurvey, etat des lieux RA 2016",
        "info": true,
        "cara": false,
        "regl": false,
        "fid": 148.0,
        "num": "IXSurvey 2016",
        "tech": true,
        "projet": "Herbier de posidonie",
        "objectid": 148.0,
        "typerecif": "Bo",
        "pmin": -23.74,
        "pmax": -27.98,
        "pext": -27.5,
        "long": 6.0,
        "larg": 5.5,
        "dir": 0.0,
        "dt": 0.0,
        "com": null,
        "ht": 4.0,
        "hr": 4.24,
        "em": 3.76,
        "pc": 0.48,
        "enf": 0.0,
        "ind_enf": 0.0,
        "name": "CypA_02",
        "areaname": "StCyp",
        "easting": 705823.8255,
        "northing": 6169515.7741,
        "x_dd": 3.07089988927,
        "y_dd": 42.6253008611,
        "link_img": "..\\01_MXD\\Img_Recifs\\Cyp\\CypA_02.png"
      },
      "geometry": {
        "type": "MultiPoint",
        "coordinates": [
          [
            705823.8254999965,
            6169515.774099998
          ]
        ]
      }
    },
    {
      "type": "Feature",
      "properties": {
        "nom": "CypA_03",
        "source": "PNMGL - IXSurvey, etat des lieux RA 2016",
        "info": true,
        "cara": false,
        "regl": false,
        "fid": 149.0,
        "num": "IXSurvey 2016",
        "tech": true,
        "projet": "Herbier de posidonie",
        "objectid": 149.0,
        "typerecif": "Co",
        "pmin": -25.43,
        "pmax": -27.69,
        "pext": -27.53,
        "long": 0.0,
        "larg": 0.0,
        "dir": 0.0,
        "dt": 0.0,
        "com": null,
        "ht": 2.0,
        "hr": 2.26,
        "em": 2.1,
        "pc": 0.16,
        "enf": 0.0,
        "ind_enf": 0.0,
        "name": "CypA_03",
        "areaname": "StCyp",
        "easting": 705874.5306,
        "northing": 6169511.2974,
        "x_dd": 3.07151712901,
        "y_dd": 42.6252602028,
        "link_img": "..\\01_MXD\\Img_Recifs\\Cyp\\CypA_03.png"
      },
      "geometry": {
        "type": "MultiPoint",
        "coordinates": [
          [
            705874.5305999964,
            6169511.297400001
          ]
        ]
      }
    },
    {
      "type": "Feature",
      "properties": {
        "nom": "CypA_04",
        "source": "PNMGL - IXSurvey, etat des lieux RA 2016",
        "info": true,
        "cara": false,
        "regl": false,
        "fid": 150.0,
        "num": "IXSurvey 2016",
        "tech": true,
        "projet": "Herbier de posidonie",
        "objectid": 150.0,
        "typerecif": "Co",
        "pmin": -25.51,
        "pmax": -27.72,
        "pext": -27.6,
        "long": 0.0,
        "larg": 0.0,
        "dir": 0.0,
        "dt": 0.0,
        "com": null,
        "ht": 2.0,
        "hr": 2.21,
        "em": 2.09,
        "pc": 0.12,
        "enf": 0.0,
        "ind_enf": 0.0,
        "name": "CypA_04",
        "areaname": "StCyp",
        "easting": 705852.7684,
        "northing": 6169514.9371,
        "x_dd": 3.07125223392,
        "y_dd": 42.6252931019,
        "link_img": "..\\01_MXD\\Img_Recifs\\Cyp\\CypA_04.png"
      },
      "geometry": {
        "type": "MultiPoint",
        "coordinates": [
          [
            705852.7683999985,
            6169514.937100001
          ]
        ]
      }
    },
    {
      "type": "Feature",
      "properties": {
        "nom": "CypA_05",
        "source": "PNMGL - IXSurvey, etat des lieux RA 2016",
        "info": true,
        "cara": false,
        "regl": false,
        "fid": 151.0,
        "num": "IXSurvey 2016",
        "tech": true,
        "projet": "Herbier de posidonie",
        "objectid": 151.0,
        "typerecif": "Co",
        "pmin": -25.5,
        "pmax": -27.77,
        "pext": -27.52,
        "long": 0.0,
        "larg": 0.0,
        "dir": 0.0,
        "dt": 0.0,
        "com": null,
        "ht": 2.0,
        "hr": 2.27,
        "em": 2.02,
        "pc": 0.25,
        "enf": 0.0,
        "ind_enf": 0.0,
        "name": "CypA_05",
        "areaname": "StCyp",
        "easting": 705848.0682,
        "northing": 6169512.7336,
        "x_dd": 3.07119498902,
        "y_dd": 42.6252733298,
        "link_img": "..\\01_MXD\\Img_Recifs\\Cyp\\CypA_05.png"
      },
      "geometry": {
        "type": "MultiPoint",
        "coordinates": [
          [
            705848.0681999996,
            6169512.733600002
          ]
        ]
      }
    },
    {
      "type": "Feature",
      "properties": {
        "nom": "CypA_06",
        "source": "PNMGL - IXSurvey, etat des lieux RA 2016",
        "info": true,
        "cara": false,
        "regl": false,
        "fid": 152.0,
        "num": "IXSurvey 2016",
        "tech": true,
        "projet": "Herbier de posidonie",
        "objectid": 152.0,
        "typerecif": "Co",
        "pmin": -25.56,
        "pmax": -27.76,
        "pext": -27.6,
        "long": 0.0,
        "larg": 0.0,
        "dir": 0.0,
        "dt": 0.0,
        "com": null,
        "ht": 2.0,
        "hr": 2.2,
        "em": 2.04,
        "pc": 0.16,
        "enf": 0.0,
        "ind_enf": 0.0,
        "name": "CypA_06",
        "areaname": "StCyp",
        "easting": 705838.4187,
        "northing": 6169517.6489,
        "x_dd": 3.07107756894,
        "y_dd": 42.6253175983,
        "link_img": "..\\01_MXD\\Img_Recifs\\Cyp\\CypA_06.png"
      },
      "geometry": {
        "type": "MultiPoint",
        "coordinates": [
          [
            705838.4187000021,
            6169517.6488999985
          ]
        ]
      }
    },
    {
      "type": "Feature",
      "properties": {
        "nom": "CypA_07",
        "source": "PNMGL - IXSurvey, etat des lieux RA 2016",
        "info": true,
        "cara": false,
        "regl": false,
        "fid": 153.0,
        "num": "IXSurvey 2016",
        "tech": true,
        "projet": "Herbier de posidonie",
        "objectid": 153.0,
        "typerecif": "Co",
        "pmin": -26.14,
        "pmax": -27.85,
        "pext": -27.6,
        "long": 0.0,
        "larg": 0.0,
        "dir": 0.0,
        "dt": 0.0,
        "com": null,
        "ht": 2.0,
        "hr": 1.71,
        "em": 1.46,
        "pc": 0.25,
        "enf": 0.29,
        "ind_enf": 29.0,
        "name": "CypA_07",
        "areaname": "StCyp",
        "easting": 705827.9641,
        "northing": 6169506.4083,
        "x_dd": 3.07095017056,
        "y_dd": 42.6252166257,
        "link_img": "..\\01_MXD\\Img_Recifs\\Cyp\\CypA_07.png"
      },
      "geometry": {
        "type": "MultiPoint",
        "coordinates": [
          [
            705827.9641000032,
            6169506.408300001
          ]
        ]
      }
    },
    {
      "type": "Feature",
      "properties": {
        "nom": "CypA_08",
        "source": "PNMGL - IXSurvey, etat des lieux RA 2016",
        "info": true,
        "cara": false,
        "regl": false,
        "fid": 154.0,
        "num": "IXSurvey 2016",
        "tech": true,
        "projet": "Herbier de posidonie",
        "objectid": 154.0,
        "typerecif": "Co",
        "pmin": -25.65,
        "pmax": -27.85,
        "pext": -27.6,
        "long": 0.0,
        "larg": 0.0,
        "dir": 0.0,
        "dt": 0.0,
        "com": null,
        "ht": 2.0,
        "hr": 2.2,
        "em": 1.95,
        "pc": 0.25,
        "enf": 0.0,
        "ind_enf": 0.0,
        "name": "CypA_08",
        "areaname": "StCyp",
        "easting": 705827.4184,
        "northing": 6169503.798800001,
        "x_dd": 3.07094349862,
        "y_dd": 42.6251931697,
        "link_img": "..\\01_MXD\\Img_Recifs\\Cyp\\CypA_08.png"
      },
      "geometry": {
        "type": "MultiPoint",
        "coordinates": [
          [
            705827.418399997,
            6169503.798799999
          ]
        ]
      }
    },
    {
      "type": "Feature",
      "properties": {
        "nom": "CypA_09",
        "source": "PNMGL - IXSurvey, etat des lieux RA 2016",
        "info": true,
        "cara": false,
        "regl": false,
        "fid": 155.0,
        "num": "IXSurvey 2016",
        "tech": true,
        "projet": "Herbier de posidonie",
        "objectid": 155.0,
        "typerecif": "Co",
        "pmin": -25.61,
        "pmax": -27.86,
        "pext": -27.6,
        "long": 0.0,
        "larg": 0.0,
        "dir": 0.0,
        "dt": 0.0,
        "com": null,
        "ht": 2.0,
        "hr": 2.25,
        "em": 1.99,
        "pc": 0.26,
        "enf": 0.0,
        "ind_enf": 0.0,
        "name": "CypA_09",
        "areaname": "StCyp",
        "easting": 705824.0633,
        "northing": 6169503.5926,
        "x_dd": 3.07090265111,
        "y_dd": 42.625191343,
        "link_img": "..\\01_MXD\\Img_Recifs\\Cyp\\CypA_09.png"
      },
      "geometry": {
        "type": "MultiPoint",
        "coordinates": [
          [
            705824.0632999986,
            6169503.592599999
          ]
        ]
      }
    },
    {
      "type": "Feature",
      "properties": {
        "nom": "CypA_10",
        "source": "PNMGL - IXSurvey, etat des lieux RA 2016",
        "info": true,
        "cara": false,
        "regl": false,
        "fid": 156.0,
        "num": "IXSurvey 2016",
        "tech": true,
        "projet": "Herbier de posidonie",
        "objectid": 156.0,
        "typerecif": "Co",
        "pmin": -25.54,
        "pmax": -27.8,
        "pext": -27.6,
        "long": 0.0,
        "larg": 0.0,
        "dir": 0.0,
        "dt": 0.0,
        "com": null,
        "ht": 2.0,
        "hr": 2.26,
        "em": 2.06,
        "pc": 0.2,
        "enf": 0.0,
        "ind_enf": 0.0,
        "name": "CypA_10",
        "areaname": "StCyp",
        "easting": 705820.4044999998,
        "northing": 6169505.7195,
        "x_dd": 3.07085813182,
        "y_dd": 42.6252104942,
        "link_img": "..\\01_MXD\\Img_Recifs\\Cyp\\CypA_10.png"
      },
      "geometry": {
        "type": "MultiPoint",
        "coordinates": [
          [
            705820.4045000002,
            6169505.7195000015
          ]
        ]
      }
    },
    {
      "type": "Feature",
      "properties": {
        "nom": "CypA_11",
        "source": "PNMGL - IXSurvey, etat des lieux RA 2016",
        "info": true,
        "cara": false,
        "regl": false,
        "fid": 157.0,
        "num": "IXSurvey 2016",
        "tech": true,
        "projet": "Herbier de posidonie",
        "objectid": 157.0,
        "typerecif": "Co",
        "pmin": -26.19,
        "pmax": -27.79,
        "pext": -27.6,
        "long": 0.0,
        "larg": 0.0,
        "dir": 0.0,
        "dt": 0.0,
        "com": null,
        "ht": 2.0,
        "hr": 1.6,
        "em": 1.41,
        "pc": 0.19,
        "enf": 0.4,
        "ind_enf": 40.0,
        "name": "CypA_11",
        "areaname": "StCyp",
        "easting": 705819.8184,
        "northing": 6169501.468900001,
        "x_dd": 3.07085095016,
        "y_dd": 42.6251722844,
        "link_img": "..\\01_MXD\\Img_Recifs\\Cyp\\CypA_11.png"
      },
      "geometry": {
        "type": "MultiPoint",
        "coordinates": [
          [
            705819.818400003,
            6169501.468899999
          ]
        ]
      }
    },
    {
      "type": "Feature",
      "properties": {
        "nom": "CypA_12",
        "source": "PNMGL - IXSurvey, etat des lieux RA 2016",
        "info": true,
        "cara": false,
        "regl": false,
        "fid": 158.0,
        "num": "IXSurvey 2016",
        "tech": true,
        "projet": "Herbier de posidonie",
        "objectid": 158.0,
        "typerecif": "Co",
        "pmin": -25.57,
        "pmax": -27.83,
        "pext": -27.5,
        "long": 0.0,
        "larg": 0.0,
        "dir": 0.0,
        "dt": 0.0,
        "com": null,
        "ht": 2.0,
        "hr": 2.26,
        "em": 1.93,
        "pc": 0.33,
        "enf": 0.0,
        "ind_enf": 0.0,
        "name": "CypA_12",
        "areaname": "StCyp",
        "easting": 705817.6504,
        "northing": 6169500.688,
        "x_dd": 3.07082454824,
        "y_dd": 42.6251652813,
        "link_img": "..\\01_MXD\\Img_Recifs\\Cyp\\CypA_12.png"
      },
      "geometry": {
        "type": "MultiPoint",
        "coordinates": [
          [
            705817.6503999978,
            6169500.688000001
          ]
        ]
      }
    },
    {
      "type": "Feature",
      "properties": {
        "nom": "CypA_13",
        "source": "PNMGL - IXSurvey, etat des lieux RA 2016",
        "info": true,
        "cara": false,
        "regl": false,
        "fid": 159.0,
        "num": "IXSurvey 2016",
        "tech": true,
        "projet": "Herbier de posidonie",
        "objectid": 159.0,
        "typerecif": "Co",
        "pmin": -25.56,
        "pmax": -27.67,
        "pext": -27.4,
        "long": 0.0,
        "larg": 0.0,
        "dir": 0.0,
        "dt": 0.0,
        "com": null,
        "ht": 2.0,
        "hr": 2.11,
        "em": 1.84,
        "pc": 0.27,
        "enf": 0.0,
        "ind_enf": 0.0,
        "name": "CypA_13",
        "areaname": "StCyp",
        "easting": 705810.5456,
        "northing": 6169501.1127,
        "x_dd": 3.0707380585,
        "y_dd": 42.6251691568,
        "link_img": "..\\01_MXD\\Img_Recifs\\Cyp\\CypA_13.png"
      },
      "geometry": {
        "type": "MultiPoint",
        "coordinates": [
          [
            705810.545599997,
            6169501.1127
          ]
        ]
      }
    },
    {
      "type": "Feature",
      "properties": {
        "nom": "CypA_14",
        "source": "PNMGL - IXSurvey, etat des lieux RA 2016",
        "info": true,
        "cara": false,
        "regl": false,
        "fid": 160.0,
        "num": "IXSurvey 2016",
        "tech": true,
        "projet": "Herbier de posidonie",
        "objectid": 160.0,
        "typerecif": "Co",
        "pmin": -25.56,
        "pmax": -27.83,
        "pext": -27.5,
        "long": 0.0,
        "larg": 0.0,
        "dir": 0.0,
        "dt": 0.0,
        "com": null,
        "ht": 2.0,
        "hr": 2.27,
        "em": 1.94,
        "pc": 0.33,
        "enf": 0.0,
        "ind_enf": 0.0,
        "name": "CypA_14",
        "areaname": "StCyp",
        "easting": 705814.5798,
        "northing": 6169516.2392,
        "x_dd": 3.07078733624,
        "y_dd": 42.6253051171,
        "link_img": "..\\01_MXD\\Img_Recifs\\Cyp\\CypA_14.png"
      },
      "geometry": {
        "type": "MultiPoint",
        "coordinates": [
          [
            705814.5798000023,
            6169516.2392
          ]
        ]
      }
    },
    {
      "type": "Feature",
      "properties": {
        "nom": "CypA_15",
        "source": "PNMGL - IXSurvey, etat des lieux RA 2016",
        "info": true,
        "cara": false,
        "regl": false,
        "fid": 161.0,
        "num": "IXSurvey 2016",
        "tech": true,
        "projet": "Herbier de posidonie",
        "objectid": 161.0,
        "typerecif": "Co",
        "pmin": -26.26,
        "pmax": -27.65,
        "pext": -27.45,
        "long": 0.0,
        "larg": 0.0,
        "dir": 0.0,
        "dt": 0.0,
        "com": null,
        "ht": 2.0,
        "hr": 1.39,
        "em": 1.19,
        "pc": 0.2,
        "enf": 0.61,
        "ind_enf": 61.0,
        "name": "CypA_15",
        "areaname": "StCyp",
        "easting": 705806.2788,
        "northing": 6169511.177599999,
        "x_dd": 3.07068622385,
        "y_dd": 42.6252596783,
        "link_img": "..\\01_MXD\\Img_Recifs\\Cyp\\CypA_15.png"
      },
      "geometry": {
        "type": "MultiPoint",
        "coordinates": [
          [
            705806.2788000032,
            6169511.1776
          ]
        ]
      }
    },
    {
      "type": "Feature",
      "properties": {
        "nom": "CypA_16",
        "source": "PNMGL - IXSurvey, etat des lieux RA 2016",
        "info": true,
        "cara": false,
        "regl": false,
        "fid": 162.0,
        "num": "IXSurvey 2016",
        "tech": true,
        "projet": "Herbier de posidonie",
        "objectid": 162.0,
        "typerecif": "Co",
        "pmin": -26.38,
        "pmax": -27.78,
        "pext": -27.55,
        "long": 0.0,
        "larg": 0.0,
        "dir": 0.0,
        "dt": 0.0,
        "com": null,
        "ht": 2.0,
        "hr": 1.4,
        "em": 1.17,
        "pc": 0.23,
        "enf": 0.6,
        "ind_enf": 60.0,
        "name": "CypA_16",
        "areaname": "StCyp",
        "easting": 705812.4718,
        "northing": 6169514.3888,
        "x_dd": 3.07076165305,
        "y_dd": 42.6252884983,
        "link_img": "..\\01_MXD\\Img_Recifs\\Cyp\\CypA_16.png"
      },
      "geometry": {
        "type": "MultiPoint",
        "coordinates": [
          [
            705812.4717999995,
            6169514.388799999
          ]
        ]
      }
    },
    {
      "type": "Feature",
      "properties": {
        "nom": "CypA_17",
        "source": "PNMGL - IXSurvey, etat des lieux RA 2016",
        "info": true,
        "cara": false,
        "regl": false,
        "fid": 163.0,
        "num": "IXSurvey 2016",
        "tech": true,
        "projet": "Herbier de posidonie",
        "objectid": 163.0,
        "typerecif": "U",
        "pmin": -26.62,
        "pmax": -27.93,
        "pext": -27.6,
        "long": 8.33,
        "larg": 5.31,
        "dir": 75.0,
        "dt": 0.0,
        "com": "Potentiel amas de debris non identifiables",
        "ht": 0.0,
        "hr": 1.31,
        "em": 0.98,
        "pc": 0.33,
        "enf": 0.0,
        "ind_enf": 0.0,
        "name": "CypA_17",
        "areaname": "StCyp",
        "easting": 705813.7536,
        "northing": 6169521.7237,
        "x_dd": 3.07077733785,
        "y_dd": 42.6253544314,
        "link_img": "..\\01_MXD\\Img_Recifs\\Cyp\\CypA_17.png"
      },
      "geometry": {
        "type": "MultiPoint",
        "coordinates": [
          [
            705813.7536000013,
            6169521.723700002
          ]
        ]
      }
    },
    {
      "type": "Feature",
      "properties": {
        "nom": "CypA_18",
        "source": "PNMGL - IXSurvey, etat des lieux RA 2016",
        "info": true,
        "cara": false,
        "regl": false,
        "fid": 164.0,
        "num": "IXSurvey 2016",
        "tech": true,
        "projet": "Herbier de posidonie",
        "objectid": 164.0,
        "typerecif": "U",
        "pmin": -26.7,
        "pmax": -27.69,
        "pext": -27.49,
        "long": 2.38,
        "larg": 1.5,
        "dir": 345.0,
        "dt": 0.0,
        "com": "Potentiel module comin",
        "ht": 0.0,
        "hr": 0.99,
        "em": 0.79,
        "pc": 0.2,
        "enf": 0.0,
        "ind_enf": 0.0,
        "name": "CypA_18",
        "areaname": "StCyp",
        "easting": 705809.0318,
        "northing": 6169510.2096,
        "x_dd": 3.07071972857,
        "y_dd": 42.6252509535,
        "link_img": "..\\01_MXD\\Img_Recifs\\Cyp\\CypA_18.png"
      },
      "geometry": {
        "type": "MultiPoint",
        "coordinates": [
          [
            705809.0318000019,
            6169510.209600002
          ]
        ]
      }
    },
    {
      "type": "Feature",
      "properties": {
        "nom": "CypA_19",
        "source": "PNMGL - IXSurvey, etat des lieux RA 2016",
        "info": true,
        "cara": false,
        "regl": false,
        "fid": 165.0,
        "num": "IXSurvey 2016",
        "tech": true,
        "projet": "Herbier de posidonie",
        "objectid": 165.0,
        "typerecif": "U",
        "pmin": -27.3,
        "pmax": -27.77,
        "pext": -27.7,
        "long": 1.88,
        "larg": 1.0,
        "dir": 330.0,
        "dt": 0.0,
        "com": null,
        "ht": 0.0,
        "hr": 0.47,
        "em": 0.4,
        "pc": 0.07,
        "enf": 0.0,
        "ind_enf": 0.0,
        "name": "CypA_19",
        "areaname": "StCyp",
        "easting": 705817.0842,
        "northing": 6169512.0637,
        "x_dd": 3.07081777948,
        "y_dd": 42.6252675576,
        "link_img": "..\\01_MXD\\Img_Recifs\\Cyp\\CypA_19.png"
      },
      "geometry": {
        "type": "MultiPoint",
        "coordinates": [
          [
            705817.0842000023,
            6169512.063700002
          ]
        ]
      }
    },
    {
      "type": "Feature",
      "properties": {
        "nom": "CypB_01",
        "source": "PNMGL - IXSurvey, etat des lieux RA 2016",
        "info": true,
        "cara": false,
        "regl": false,
        "fid": 166.0,
        "num": "IXSurvey 2016",
        "tech": true,
        "projet": "Herbier de posidonie",
        "objectid": 166.0,
        "typerecif": "Bo",
        "pmin": -24.61,
        "pmax": -28.18,
        "pext": -28.04,
        "long": 5.82,
        "larg": 5.5,
        "dir": 0.0,
        "dt": 0.0,
        "com": null,
        "ht": 4.0,
        "hr": 3.57,
        "em": 3.43,
        "pc": 0.14,
        "enf": 0.43,
        "ind_enf": 43.0,
        "name": "CypB_01",
        "areaname": "StCyp",
        "easting": 706106.3231,
        "northing": 6169547.0418,
        "x_dd": 3.07433940237,
        "y_dd": 42.6255796334,
        "link_img": "..\\01_MXD\\Img_Recifs\\Cyp\\CypB_01.png"
      },
      "geometry": {
        "type": "MultiPoint",
        "coordinates": [
          [
            706106.3231000006,
            6169547.0418
          ]
        ]
      }
    },
    {
      "type": "Feature",
      "properties": {
        "nom": "CypB_02",
        "source": "PNMGL - IXSurvey, etat des lieux RA 2016",
        "info": true,
        "cara": false,
        "regl": false,
        "fid": 167.0,
        "num": "IXSurvey 2016",
        "tech": true,
        "projet": "Herbier de posidonie",
        "objectid": 167.0,
        "typerecif": "Co",
        "pmin": -25.85,
        "pmax": -28.18,
        "pext": -28.04,
        "long": 0.0,
        "larg": 0.0,
        "dir": 0.0,
        "dt": 0.0,
        "com": null,
        "ht": 2.0,
        "hr": 2.33,
        "em": 2.19,
        "pc": 0.14,
        "enf": 0.0,
        "ind_enf": 0.0,
        "name": "CypB_02",
        "areaname": "StCyp",
        "easting": 706111.0821,
        "northing": 6169548.639,
        "x_dd": 3.07439735752,
        "y_dd": 42.6255939526,
        "link_img": "..\\01_MXD\\Img_Recifs\\Cyp\\CypB_02.png"
      },
      "geometry": {
        "type": "MultiPoint",
        "coordinates": [
          [
            706111.0820999965,
            6169548.638999999
          ]
        ]
      }
    },
    {
      "type": "Feature",
      "properties": {
        "nom": "CypB_03",
        "source": "PNMGL - IXSurvey, etat des lieux RA 2016",
        "info": true,
        "cara": false,
        "regl": false,
        "fid": 168.0,
        "num": "IXSurvey 2016",
        "tech": true,
        "projet": "Herbier de posidonie",
        "objectid": 168.0,
        "typerecif": "Co",
        "pmin": -25.78,
        "pmax": -28.01,
        "pext": -28.0,
        "long": 0.0,
        "larg": 0.0,
        "dir": 0.0,
        "dt": 0.0,
        "com": null,
        "ht": 2.0,
        "hr": 2.23,
        "em": 2.22,
        "pc": 0.01,
        "enf": 0.0,
        "ind_enf": 0.0,
        "name": "CypB_03",
        "areaname": "StCyp",
        "easting": 706097.008,
        "northing": 6169550.495799999,
        "x_dd": 3.07422603837,
        "y_dd": 42.625610765,
        "link_img": "..\\01_MXD\\Img_Recifs\\Cyp\\CypB_03.png"
      },
      "geometry": {
        "type": "MultiPoint",
        "coordinates": [
          [
            706097.0080000013,
            6169550.4958
          ]
        ]
      }
    },
    {
      "type": "Feature",
      "properties": {
        "nom": "CypB_04",
        "source": "PNMGL - IXSurvey, etat des lieux RA 2016",
        "info": true,
        "cara": false,
        "regl": false,
        "fid": 169.0,
        "num": "IXSurvey 2016",
        "tech": true,
        "projet": "Herbier de posidonie",
        "objectid": 169.0,
        "typerecif": "Co",
        "pmin": -25.66,
        "pmax": -27.85,
        "pext": -27.8,
        "long": 0.0,
        "larg": 0.0,
        "dir": 0.0,
        "dt": 0.0,
        "com": null,
        "ht": 2.0,
        "hr": 2.19,
        "em": 2.14,
        "pc": 0.05,
        "enf": 0.0,
        "ind_enf": 0.0,
        "name": "CypB_04",
        "areaname": "StCyp",
        "easting": 706082.1204,
        "northing": 6169532.513599999,
        "x_dd": 3.07404458896,
        "y_dd": 42.625449224,
        "link_img": "..\\01_MXD\\Img_Recifs\\Cyp\\CypB_04.png"
      },
      "geometry": {
        "type": "MultiPoint",
        "coordinates": [
          [
            706082.1203999966,
            6169532.513599999
          ]
        ]
      }
    },
    {
      "type": "Feature",
      "properties": {
        "nom": "CypB_05",
        "source": "PNMGL - IXSurvey, etat des lieux RA 2016",
        "info": true,
        "cara": false,
        "regl": false,
        "fid": 170.0,
        "num": "IXSurvey 2016",
        "tech": true,
        "projet": "Herbier de posidonie",
        "objectid": 170.0,
        "typerecif": "Co",
        "pmin": -25.78,
        "pmax": -28.0,
        "pext": -27.91,
        "long": 0.0,
        "larg": 0.0,
        "dir": 0.0,
        "dt": 0.0,
        "com": null,
        "ht": 2.0,
        "hr": 2.22,
        "em": 2.13,
        "pc": 0.09,
        "enf": 0.0,
        "ind_enf": 0.0,
        "name": "CypB_05",
        "areaname": "StCyp",
        "easting": 706084.1479,
        "northing": 6169550.9905,
        "x_dd": 3.07406948301,
        "y_dd": 42.6256153211,
        "link_img": "..\\01_MXD\\Img_Recifs\\Cyp\\CypB_05.png"
      },
      "geometry": {
        "type": "MultiPoint",
        "coordinates": [
          [
            706084.1479000002,
            6169550.990499999
          ]
        ]
      }
    },
    {
      "type": "Feature",
      "properties": {
        "nom": "CypB_06",
        "source": "PNMGL - IXSurvey, etat des lieux RA 2016",
        "info": true,
        "cara": false,
        "regl": false,
        "fid": 171.0,
        "num": "IXSurvey 2016",
        "tech": true,
        "projet": "Herbier de posidonie",
        "objectid": 171.0,
        "typerecif": "Co",
        "pmin": -25.94,
        "pmax": -28.08,
        "pext": -27.9,
        "long": 0.0,
        "larg": 0.0,
        "dir": 0.0,
        "dt": 0.0,
        "com": null,
        "ht": 2.0,
        "hr": 2.14,
        "em": 1.96,
        "pc": 0.18,
        "enf": 0.0,
        "ind_enf": 0.0,
        "name": "CypB_06",
        "areaname": "StCyp",
        "easting": 706141.4677,
        "northing": 6169552.4398,
        "x_dd": 3.0747673206,
        "y_dd": 42.6256278651,
        "link_img": "..\\01_MXD\\Img_Recifs\\Cyp\\CypB_06.png"
      },
      "geometry": {
        "type": "MultiPoint",
        "coordinates": [
          [
            706141.4676999971,
            6169552.439800002
          ]
        ]
      }
    },
    {
      "type": "Feature",
      "properties": {
        "nom": "CypB_07",
        "source": "PNMGL - IXSurvey, etat des lieux RA 2016",
        "info": true,
        "cara": false,
        "regl": false,
        "fid": 172.0,
        "num": "IXSurvey 2016",
        "tech": true,
        "projet": "Herbier de posidonie",
        "objectid": 172.0,
        "typerecif": "Co",
        "pmin": -26.0,
        "pmax": -28.12,
        "pext": -27.95,
        "long": 0.0,
        "larg": 0.0,
        "dir": 0.0,
        "dt": 0.0,
        "com": null,
        "ht": 2.0,
        "hr": 2.12,
        "em": 1.95,
        "pc": 0.17,
        "enf": 0.0,
        "ind_enf": 0.0,
        "name": "CypB_07",
        "areaname": "StCyp",
        "easting": 706145.7654,
        "northing": 6169557.9921,
        "x_dd": 3.07481970558,
        "y_dd": 42.6256777458,
        "link_img": "..\\01_MXD\\Img_Recifs\\Cyp\\CypB_07.png"
      },
      "geometry": {
        "type": "MultiPoint",
        "coordinates": [
          [
            706145.7653999999,
            6169557.9921
          ]
        ]
      }
    },
    {
      "type": "Feature",
      "properties": {
        "nom": "CypB_08",
        "source": "PNMGL - IXSurvey, etat des lieux RA 2016",
        "info": true,
        "cara": false,
        "regl": false,
        "fid": 173.0,
        "num": "IXSurvey 2016",
        "tech": true,
        "projet": "Herbier de posidonie",
        "objectid": 173.0,
        "typerecif": "Co",
        "pmin": -25.92,
        "pmax": -28.02,
        "pext": -27.95,
        "long": 0.0,
        "larg": 0.0,
        "dir": 0.0,
        "dt": 0.0,
        "com": null,
        "ht": 2.0,
        "hr": 2.1,
        "em": 2.03,
        "pc": 0.07,
        "enf": 0.0,
        "ind_enf": 0.0,
        "name": "CypB_08",
        "areaname": "StCyp",
        "easting": 706130.0717,
        "northing": 6169559.1093,
        "x_dd": 3.07462866049,
        "y_dd": 42.6256879233,
        "link_img": "..\\01_MXD\\Img_Recifs\\Cyp\\CypB_08.png"
      },
      "geometry": {
        "type": "MultiPoint",
        "coordinates": [
          [
            706130.0716999993,
            6169559.109299999
          ]
        ]
      }
    },
    {
      "type": "Feature",
      "properties": {
        "nom": "CypB_09",
        "source": "PNMGL - IXSurvey, etat des lieux RA 2016",
        "info": true,
        "cara": false,
        "regl": false,
        "fid": 174.0,
        "num": "IXSurvey 2016",
        "tech": true,
        "projet": "Herbier de posidonie",
        "objectid": 174.0,
        "typerecif": "Co",
        "pmin": -25.95,
        "pmax": -28.14,
        "pext": -27.95,
        "long": 0.0,
        "larg": 0.0,
        "dir": 0.0,
        "dt": 0.0,
        "com": null,
        "ht": 2.0,
        "hr": 2.19,
        "em": 2.0,
        "pc": 0.19,
        "enf": 0.0,
        "ind_enf": 0.0,
        "name": "CypB_09",
        "areaname": "StCyp",
        "easting": 706127.7501,
        "northing": 6169564.2434,
        "x_dd": 3.07460045596,
        "y_dd": 42.6257341005,
        "link_img": "..\\01_MXD\\Img_Recifs\\Cyp\\CypB_09.png"
      },
      "geometry": {
        "type": "MultiPoint",
        "coordinates": [
          [
            706127.7501000017,
            6169564.2434
          ]
        ]
      }
    },
    {
      "type": "Feature",
      "properties": {
        "nom": "CypB_10",
        "source": "PNMGL - IXSurvey, etat des lieux RA 2016",
        "info": true,
        "cara": false,
        "regl": false,
        "fid": 175.0,
        "num": "IXSurvey 2016",
        "tech": true,
        "projet": "Herbier de posidonie",
        "objectid": 175.0,
        "typerecif": "Co",
        "pmin": -25.97,
        "pmax": -28.16,
        "pext": -27.95,
        "long": 0.0,
        "larg": 0.0,
        "dir": 0.0,
        "dt": 0.0,
        "com": null,
        "ht": 2.0,
        "hr": 2.19,
        "em": 1.98,
        "pc": 0.21,
        "enf": 0.0,
        "ind_enf": 0.0,
        "name": "CypB_10",
        "areaname": "StCyp",
        "easting": 706131.8712,
        "northing": 6169563.6279,
        "x_dd": 3.07465061994,
        "y_dd": 42.6257285319,
        "link_img": "..\\01_MXD\\Img_Recifs\\Cyp\\CypB_10.png"
      },
      "geometry": {
        "type": "MultiPoint",
        "coordinates": [
          [
            706131.8712000027,
            6169563.627900001
          ]
        ]
      }
    },
    {
      "type": "Feature",
      "properties": {
        "nom": "CypB_11",
        "source": "PNMGL - IXSurvey, etat des lieux RA 2016",
        "info": true,
        "cara": false,
        "regl": false,
        "fid": 176.0,
        "num": "IXSurvey 2016",
        "tech": true,
        "projet": "Herbier de posidonie",
        "objectid": 176.0,
        "typerecif": "Co",
        "pmin": -26.29,
        "pmax": -28.15,
        "pext": -27.95,
        "long": 0.0,
        "larg": 0.0,
        "dir": 0.0,
        "dt": 0.0,
        "com": null,
        "ht": 2.0,
        "hr": 1.86,
        "em": 1.66,
        "pc": 0.2,
        "enf": 0.14,
        "ind_enf": 14.0,
        "name": "CypB_11",
        "areaname": "StCyp",
        "easting": 706140.0269,
        "northing": 6169566.0099,
        "x_dd": 3.07474993644,
        "y_dd": 42.6257498776,
        "link_img": "..\\01_MXD\\Img_Recifs\\Cyp\\CypB_11.png"
      },
      "geometry": {
        "type": "MultiPoint",
        "coordinates": [
          [
            706140.0269000009,
            6169566.0099
          ]
        ]
      }
    },
    {
      "type": "Feature",
      "properties": {
        "nom": "CypB_12",
        "source": "PNMGL - IXSurvey, etat des lieux RA 2016",
        "info": true,
        "cara": false,
        "regl": false,
        "fid": 177.0,
        "num": "IXSurvey 2016",
        "tech": true,
        "projet": "Herbier de posidonie",
        "objectid": 177.0,
        "typerecif": "Co",
        "pmin": -25.94,
        "pmax": -28.09,
        "pext": -28.0,
        "long": 0.0,
        "larg": 0.0,
        "dir": 0.0,
        "dt": 0.0,
        "com": null,
        "ht": 2.0,
        "hr": 2.15,
        "em": 2.06,
        "pc": 0.09,
        "enf": 0.0,
        "ind_enf": 0.0,
        "name": "CypB_12",
        "areaname": "StCyp",
        "easting": 706124.1136,
        "northing": 6169580.4543,
        "x_dd": 3.07455637085,
        "y_dd": 42.6258798734,
        "link_img": "..\\01_MXD\\Img_Recifs\\Cyp\\CypB_12.png"
      },
      "geometry": {
        "type": "MultiPoint",
        "coordinates": [
          [
            706124.1136000007,
            6169580.454300001
          ]
        ]
      }
    },
    {
      "type": "Feature",
      "properties": {
        "nom": "CypB_13",
        "source": "PNMGL - IXSurvey, etat des lieux RA 2016",
        "info": true,
        "cara": false,
        "regl": false,
        "fid": 178.0,
        "num": "IXSurvey 2016",
        "tech": true,
        "projet": "Herbier de posidonie",
        "objectid": 178.0,
        "typerecif": "Co",
        "pmin": -25.93,
        "pmax": -28.15,
        "pext": -28.0,
        "long": 0.0,
        "larg": 0.0,
        "dir": 0.0,
        "dt": 0.0,
        "com": null,
        "ht": 2.0,
        "hr": 2.22,
        "em": 2.07,
        "pc": 0.15,
        "enf": 0.0,
        "ind_enf": 0.0,
        "name": "CypB_13",
        "areaname": "StCyp",
        "easting": 706124.9995,
        "northing": 6169583.5181,
        "x_dd": 3.07456719121,
        "y_dd": 42.6259074106,
        "link_img": "..\\01_MXD\\Img_Recifs\\Cyp\\CypB_13.png"
      },
      "geometry": {
        "type": "MultiPoint",
        "coordinates": [
          [
            706124.999499999,
            6169583.518100001
          ]
        ]
      }
    },
    {
      "type": "Feature",
      "properties": {
        "nom": "CypB_14",
        "source": "PNMGL - IXSurvey, etat des lieux RA 2016",
        "info": true,
        "cara": false,
        "regl": false,
        "fid": 179.0,
        "num": "IXSurvey 2016",
        "tech": true,
        "projet": "Herbier de posidonie",
        "objectid": 179.0,
        "typerecif": "Co",
        "pmin": -25.95,
        "pmax": -28.1,
        "pext": -28.0,
        "long": 0.0,
        "larg": 0.0,
        "dir": 0.0,
        "dt": 0.0,
        "com": null,
        "ht": 2.0,
        "hr": 2.15,
        "em": 2.05,
        "pc": 0.1,
        "enf": 0.0,
        "ind_enf": 0.0,
        "name": "CypB_14",
        "areaname": "StCyp",
        "easting": 706127.5315999999,
        "northing": 6169582.1571,
        "x_dd": 3.07459800193,
        "y_dd": 42.6258951532,
        "link_img": "..\\01_MXD\\Img_Recifs\\Cyp\\CypB_14.png"
      },
      "geometry": {
        "type": "MultiPoint",
        "coordinates": [
          [
            706127.5315999985,
            6169582.1570999995
          ]
        ]
      }
    },
    {
      "type": "Feature",
      "properties": {
        "nom": "CypB_15",
        "source": "PNMGL - IXSurvey, etat des lieux RA 2016",
        "info": true,
        "cara": false,
        "regl": false,
        "fid": 180.0,
        "num": "IXSurvey 2016",
        "tech": true,
        "projet": "Herbier de posidonie",
        "objectid": 180.0,
        "typerecif": "Co",
        "pmin": -25.96,
        "pmax": -28.14,
        "pext": -28.0,
        "long": 0.0,
        "larg": 0.0,
        "dir": 0.0,
        "dt": 0.0,
        "com": null,
        "ht": 2.0,
        "hr": 2.18,
        "em": 2.04,
        "pc": 0.14,
        "enf": 0.0,
        "ind_enf": 0.0,
        "name": "CypB_15",
        "areaname": "StCyp",
        "easting": 706130.925,
        "northing": 6169583.3923,
        "x_dd": 3.07463932816,
        "y_dd": 42.6259062292,
        "link_img": "..\\01_MXD\\Img_Recifs\\Cyp\\CypB_15.png"
      },
      "geometry": {
        "type": "MultiPoint",
        "coordinates": [
          [
            706130.924999997,
            6169583.392299999
          ]
        ]
      }
    },
    {
      "type": "Feature",
      "properties": {
        "nom": "CypB_16",
        "source": "PNMGL - IXSurvey, etat des lieux RA 2016",
        "info": true,
        "cara": false,
        "regl": false,
        "fid": 181.0,
        "num": "IXSurvey 2016",
        "tech": true,
        "projet": "Herbier de posidonie",
        "objectid": 181.0,
        "typerecif": "Co",
        "pmin": -25.73,
        "pmax": -27.99,
        "pext": -28.0,
        "long": 0.0,
        "larg": 0.0,
        "dir": 0.0,
        "dt": 0.0,
        "com": null,
        "ht": 2.0,
        "hr": 2.26,
        "em": 2.27,
        "pc": 0.01,
        "enf": 0.0,
        "ind_enf": 0.0,
        "name": "CypB_16",
        "areaname": "StCyp",
        "easting": 706107.836,
        "northing": 6169569.5558,
        "x_dd": 3.07435807876,
        "y_dd": 42.6257820298,
        "link_img": "..\\01_MXD\\Img_Recifs\\Cyp\\CypB_16.png"
      },
      "geometry": {
        "type": "MultiPoint",
        "coordinates": [
          [
            706107.8360000029,
            6169569.555799998
          ]
        ]
      }
    },
    {
      "type": "Feature",
      "properties": {
        "nom": "CypB_17",
        "source": "PNMGL - IXSurvey, etat des lieux RA 2016",
        "info": true,
        "cara": false,
        "regl": false,
        "fid": 182.0,
        "num": "IXSurvey 2016",
        "tech": true,
        "projet": "Herbier de posidonie",
        "objectid": 182.0,
        "typerecif": "Co",
        "pmin": -26.54,
        "pmax": -28.11,
        "pext": -28.0,
        "long": 0.0,
        "larg": 0.0,
        "dir": 0.0,
        "dt": 0.0,
        "com": null,
        "ht": 2.0,
        "hr": 1.57,
        "em": 1.46,
        "pc": 0.11,
        "enf": 0.43,
        "ind_enf": 43.0,
        "name": "CypB_17",
        "areaname": "StCyp",
        "easting": 706108.9627,
        "northing": 6169579.9388,
        "x_dd": 3.07437191449,
        "y_dd": 42.6258753673,
        "link_img": "..\\01_MXD\\Img_Recifs\\Cyp\\CypB_17.png"
      },
      "geometry": {
        "type": "MultiPoint",
        "coordinates": [
          [
            706108.9627000019,
            6169579.9388
          ]
        ]
      }
    },
    {
      "type": "Feature",
      "properties": {
        "nom": "CypB_18",
        "source": "PNMGL - IXSurvey, etat des lieux RA 2016",
        "info": true,
        "cara": false,
        "regl": false,
        "fid": 183.0,
        "num": "IXSurvey 2016",
        "tech": true,
        "projet": "Herbier de posidonie",
        "objectid": 183.0,
        "typerecif": "Co",
        "pmin": -26.77,
        "pmax": -28.04,
        "pext": -27.99,
        "long": 0.0,
        "larg": 0.0,
        "dir": 0.0,
        "dt": 0.0,
        "com": "semble incliné",
        "ht": 2.0,
        "hr": 1.27,
        "em": 1.22,
        "pc": 0.05,
        "enf": 0.73,
        "ind_enf": 73.0,
        "name": "CypB_18",
        "areaname": "StCyp",
        "easting": 706098.4718,
        "northing": 6169591.9282,
        "x_dd": 3.07424433318,
        "y_dd": 42.6259832452,
        "link_img": "..\\01_MXD\\Img_Recifs\\Cyp\\CypB_18.png"
      },
      "geometry": {
        "type": "MultiPoint",
        "coordinates": [
          [
            706098.4717999995,
            6169591.928199999
          ]
        ]
      }
    },
    {
      "type": "Feature",
      "properties": {
        "nom": "CypC_01",
        "source": "PNMGL - IXSurvey, etat des lieux RA 2016",
        "info": true,
        "cara": false,
        "regl": false,
        "fid": 184.0,
        "num": "IXSurvey 2016",
        "tech": true,
        "projet": "Herbier de posidonie",
        "objectid": 184.0,
        "typerecif": "Bo",
        "pmin": -24.43,
        "pmax": -28.16,
        "pext": -28.1,
        "long": 5.2,
        "larg": 5.05,
        "dir": 0.0,
        "dt": 0.0,
        "com": null,
        "ht": 4.0,
        "hr": 3.73,
        "em": 3.67,
        "pc": 0.06,
        "enf": 0.27,
        "ind_enf": 27.0,
        "name": "CypC_01",
        "areaname": "StCyp",
        "easting": 706122.0686,
        "northing": 6169334.2584,
        "x_dd": 3.07452864561,
        "y_dd": 42.6236665006,
        "link_img": "..\\01_MXD\\Img_Recifs\\Cyp\\CypC_01.png"
      },
      "geometry": {
        "type": "MultiPoint",
        "coordinates": [
          [
            706122.068599999,
            6169334.258400001
          ]
        ]
      }
    },
    {
      "type": "Feature",
      "properties": {
        "nom": "CypC_02",
        "source": "PNMGL - IXSurvey, etat des lieux RA 2016",
        "info": true,
        "cara": false,
        "regl": false,
        "fid": 185.0,
        "num": "IXSurvey 2016",
        "tech": true,
        "projet": "Herbier de posidonie",
        "objectid": 185.0,
        "typerecif": "Bo",
        "pmin": -24.18,
        "pmax": -28.23,
        "pext": -28.1,
        "long": 5.3,
        "larg": 5.1,
        "dir": 0.0,
        "dt": 0.0,
        "com": null,
        "ht": 4.0,
        "hr": 4.05,
        "em": 3.92,
        "pc": 0.13,
        "enf": 0.0,
        "ind_enf": 0.0,
        "name": "CypC_02",
        "areaname": "StCyp",
        "easting": 706102.7853,
        "northing": 6169336.1176,
        "x_dd": 3.07429391662,
        "y_dd": 42.6236833788,
        "link_img": "..\\01_MXD\\Img_Recifs\\Cyp\\CypC_02.png"
      },
      "geometry": {
        "type": "MultiPoint",
        "coordinates": [
          [
            706102.7853000015,
            6169336.117600001
          ]
        ]
      }
    },
    {
      "type": "Feature",
      "properties": {
        "nom": "CypC_03",
        "source": "PNMGL - IXSurvey, etat des lieux RA 2016",
        "info": true,
        "cara": false,
        "regl": false,
        "fid": 186.0,
        "num": "IXSurvey 2016",
        "tech": true,
        "projet": "Herbier de posidonie",
        "objectid": 186.0,
        "typerecif": "Co",
        "pmin": -26.05,
        "pmax": -28.22,
        "pext": -28.16,
        "long": 0.0,
        "larg": 0.0,
        "dir": 0.0,
        "dt": 0.0,
        "com": null,
        "ht": 2.0,
        "hr": 2.17,
        "em": 2.11,
        "pc": 0.06,
        "enf": 0.0,
        "ind_enf": 0.0,
        "name": "CypC_03",
        "areaname": "StCyp",
        "easting": 706119.8527,
        "northing": 6169308.3428,
        "x_dd": 3.07450137211,
        "y_dd": 42.6234335291,
        "link_img": "..\\01_MXD\\Img_Recifs\\Cyp\\CypC_03.png"
      },
      "geometry": {
        "type": "MultiPoint",
        "coordinates": [
          [
            706119.8527000025,
            6169308.342799999
          ]
        ]
      }
    },
    {
      "type": "Feature",
      "properties": {
        "nom": "CypC_04",
        "source": "PNMGL - IXSurvey, etat des lieux RA 2016",
        "info": true,
        "cara": false,
        "regl": false,
        "fid": 187.0,
        "num": "IXSurvey 2016",
        "tech": true,
        "projet": "Herbier de posidonie",
        "objectid": 187.0,
        "typerecif": "Co",
        "pmin": -26.0,
        "pmax": -28.15,
        "pext": -28.1,
        "long": 0.0,
        "larg": 0.0,
        "dir": 0.0,
        "dt": 0.0,
        "com": null,
        "ht": 2.0,
        "hr": 2.15,
        "em": 2.1,
        "pc": 0.05,
        "enf": 0.0,
        "ind_enf": 0.0,
        "name": "CypC_04",
        "areaname": "StCyp",
        "easting": 706106.6881,
        "northing": 6169302.580399999,
        "x_dd": 3.07434104401,
        "y_dd": 42.6233818346,
        "link_img": "..\\01_MXD\\Img_Recifs\\Cyp\\CypC_04.png"
      },
      "geometry": {
        "type": "MultiPoint",
        "coordinates": [
          [
            706106.6881000027,
            6169302.580400001
          ]
        ]
      }
    },
    {
      "type": "Feature",
      "properties": {
        "nom": "CypC_05",
        "source": "PNMGL - IXSurvey, etat des lieux RA 2016",
        "info": true,
        "cara": false,
        "regl": false,
        "fid": 188.0,
        "num": "IXSurvey 2016",
        "tech": true,
        "projet": "Herbier de posidonie",
        "objectid": 188.0,
        "typerecif": "Co",
        "pmin": -26.05,
        "pmax": -28.2,
        "pext": -28.1,
        "long": 0.0,
        "larg": 0.0,
        "dir": 0.0,
        "dt": 0.0,
        "com": null,
        "ht": 2.0,
        "hr": 2.15,
        "em": 2.05,
        "pc": 0.1,
        "enf": 0.0,
        "ind_enf": 0.0,
        "name": "CypC_05",
        "areaname": "StCyp",
        "easting": 706104.6474,
        "northing": 6169300.7779,
        "x_dd": 3.07431618048,
        "y_dd": 42.6233656468,
        "link_img": "..\\01_MXD\\Img_Recifs\\Cyp\\CypC_05.png"
      },
      "geometry": {
        "type": "MultiPoint",
        "coordinates": [
          [
            706104.6473999992,
            6169300.777899999
          ]
        ]
      }
    },
    {
      "type": "Feature",
      "properties": {
        "nom": "CypC_06",
        "source": "PNMGL - IXSurvey, etat des lieux RA 2016",
        "info": true,
        "cara": false,
        "regl": false,
        "fid": 189.0,
        "num": "IXSurvey 2016",
        "tech": true,
        "projet": "Herbier de posidonie",
        "objectid": 189.0,
        "typerecif": "Co",
        "pmin": -26.03,
        "pmax": -28.15,
        "pext": -28.1,
        "long": 0.0,
        "larg": 0.0,
        "dir": 0.0,
        "dt": 0.0,
        "com": null,
        "ht": 2.0,
        "hr": 2.12,
        "em": 2.07,
        "pc": 0.05,
        "enf": 0.0,
        "ind_enf": 0.0,
        "name": "CypC_06",
        "areaname": "StCyp",
        "easting": 706102.0547,
        "northing": 6169301.2891,
        "x_dd": 3.07428462359,
        "y_dd": 42.6233702646,
        "link_img": "..\\01_MXD\\Img_Recifs\\Cyp\\CypC_06.png"
      },
      "geometry": {
        "type": "MultiPoint",
        "coordinates": [
          [
            706102.0547000021,
            6169301.289099999
          ]
        ]
      }
    },
    {
      "type": "Feature",
      "properties": {
        "nom": "CypC_07",
        "source": "PNMGL - IXSurvey, etat des lieux RA 2016",
        "info": true,
        "cara": false,
        "regl": false,
        "fid": 190.0,
        "num": "IXSurvey 2016",
        "tech": true,
        "projet": "Herbier de posidonie",
        "objectid": 190.0,
        "typerecif": "Co",
        "pmin": -26.4,
        "pmax": -28.28,
        "pext": -28.15,
        "long": 0.0,
        "larg": 0.0,
        "dir": 0.0,
        "dt": 0.0,
        "com": null,
        "ht": 2.0,
        "hr": 1.88,
        "em": 1.75,
        "pc": 0.13,
        "enf": 0.12,
        "ind_enf": 12.0,
        "name": "CypC_07",
        "areaname": "StCyp",
        "easting": 706147.6704,
        "northing": 6169309.6034,
        "x_dd": 3.07484003134,
        "y_dd": 42.6234446258,
        "link_img": "..\\01_MXD\\Img_Recifs\\Cyp\\CypC_07.png"
      },
      "geometry": {
        "type": "MultiPoint",
        "coordinates": [
          [
            706147.6704000011,
            6169309.603399999
          ]
        ]
      }
    },
    {
      "type": "Feature",
      "properties": {
        "nom": "CypC_08",
        "source": "PNMGL - IXSurvey, etat des lieux RA 2016",
        "info": true,
        "cara": false,
        "regl": false,
        "fid": 191.0,
        "num": "IXSurvey 2016",
        "tech": true,
        "projet": "Herbier de posidonie",
        "objectid": 191.0,
        "typerecif": "Co",
        "pmin": -26.05,
        "pmax": -28.14,
        "pext": -28.2,
        "long": 0.0,
        "larg": 0.0,
        "dir": 0.0,
        "dt": 0.0,
        "com": null,
        "ht": 2.0,
        "hr": 2.09,
        "em": 2.15,
        "pc": 0.06,
        "enf": 0.0,
        "ind_enf": 0.0,
        "name": "CypC_08",
        "areaname": "StCyp",
        "easting": 706135.2985,
        "northing": 6169282.0653,
        "x_dd": 3.07468910226,
        "y_dd": 42.623197154,
        "link_img": "..\\01_MXD\\Img_Recifs\\Cyp\\CypC_08.png"
      },
      "geometry": {
        "type": "MultiPoint",
        "coordinates": [
          [
            706135.2985000014,
            6169282.065299999
          ]
        ]
      }
    },
    {
      "type": "Feature",
      "properties": {
        "nom": "CypC_09",
        "source": "PNMGL - IXSurvey, etat des lieux RA 2016",
        "info": true,
        "cara": false,
        "regl": false,
        "fid": 192.0,
        "num": "IXSurvey 2016",
        "tech": true,
        "projet": "Herbier de posidonie",
        "objectid": 192.0,
        "typerecif": "Co",
        "pmin": -26.64,
        "pmax": -28.18,
        "pext": -28.2,
        "long": 0.0,
        "larg": 0.0,
        "dir": 0.0,
        "dt": 0.0,
        "com": null,
        "ht": 2.0,
        "hr": 1.54,
        "em": 1.56,
        "pc": 0.02,
        "enf": 0.46,
        "ind_enf": 46.0,
        "name": "CypC_09",
        "areaname": "StCyp",
        "easting": 706141.1143,
        "northing": 6169271.0951,
        "x_dd": 3.07475977541,
        "y_dd": 42.6230984786,
        "link_img": "..\\01_MXD\\Img_Recifs\\Cyp\\CypC_09.png"
      },
      "geometry": {
        "type": "MultiPoint",
        "coordinates": [
          [
            706141.1142999977,
            6169271.0951000005
          ]
        ]
      }
    },
    {
      "type": "Feature",
      "properties": {
        "nom": "CypC_10",
        "source": "PNMGL - IXSurvey, etat des lieux RA 2016",
        "info": true,
        "cara": false,
        "regl": false,
        "fid": 193.0,
        "num": "IXSurvey 2016",
        "tech": true,
        "projet": "Herbier de posidonie",
        "objectid": 193.0,
        "typerecif": "Co",
        "pmin": -25.97,
        "pmax": -28.15,
        "pext": -28.2,
        "long": 0.0,
        "larg": 0.0,
        "dir": 0.0,
        "dt": 0.0,
        "com": null,
        "ht": 2.0,
        "hr": 2.18,
        "em": 2.23,
        "pc": 0.05,
        "enf": 0.0,
        "ind_enf": 0.0,
        "name": "CypC_10",
        "areaname": "StCyp",
        "easting": 706156.9799,
        "northing": 6169282.4842,
        "x_dd": 3.07495304916,
        "y_dd": 42.6232007354,
        "link_img": "..\\01_MXD\\Img_Recifs\\Cyp\\CypC_10.png"
      },
      "geometry": {
        "type": "MultiPoint",
        "coordinates": [
          [
            706156.9799000025,
            6169282.484200001
          ]
        ]
      }
    },
    {
      "type": "Feature",
      "properties": {
        "nom": "CypC_11",
        "source": "PNMGL - IXSurvey, etat des lieux RA 2016",
        "info": true,
        "cara": false,
        "regl": false,
        "fid": 194.0,
        "num": "IXSurvey 2016",
        "tech": true,
        "projet": "Herbier de posidonie",
        "objectid": 194.0,
        "typerecif": "Co",
        "pmin": -26.06,
        "pmax": -28.22,
        "pext": -28.2,
        "long": 0.0,
        "larg": 0.0,
        "dir": 0.0,
        "dt": 0.0,
        "com": null,
        "ht": 2.0,
        "hr": 2.16,
        "em": 2.14,
        "pc": 0.02,
        "enf": 0.0,
        "ind_enf": 0.0,
        "name": "CypC_11",
        "areaname": "StCyp",
        "easting": 706139.674,
        "northing": 6169256.5415,
        "x_dd": 3.07474207401,
        "y_dd": 42.622967649,
        "link_img": "..\\01_MXD\\Img_Recifs\\Cyp\\CypC_11.png"
      },
      "geometry": {
        "type": "MultiPoint",
        "coordinates": [
          [
            706139.6740000024,
            6169256.541499998
          ]
        ]
      }
    },
    {
      "type": "Feature",
      "properties": {
        "nom": "CypC_12",
        "source": "PNMGL - IXSurvey, etat des lieux RA 2016",
        "info": true,
        "cara": false,
        "regl": false,
        "fid": 195.0,
        "num": "IXSurvey 2016",
        "tech": true,
        "projet": "Herbier de posidonie",
        "objectid": 195.0,
        "typerecif": "Co",
        "pmin": -26.0,
        "pmax": -28.22,
        "pext": -28.2,
        "long": 0.0,
        "larg": 0.0,
        "dir": 0.0,
        "dt": 0.0,
        "com": null,
        "ht": 2.0,
        "hr": 2.22,
        "em": 2.2,
        "pc": 0.02,
        "enf": 0.0,
        "ind_enf": 0.0,
        "name": "CypC_12",
        "areaname": "StCyp",
        "easting": 706141.8992,
        "northing": 6169253.4915,
        "x_dd": 3.07476912758,
        "y_dd": 42.6229402095,
        "link_img": "..\\01_MXD\\Img_Recifs\\Cyp\\CypC_12.png"
      },
      "geometry": {
        "type": "MultiPoint",
        "coordinates": [
          [
            706141.8991999999,
            6169253.491500001
          ]
        ]
      }
    },
    {
      "type": "Feature",
      "properties": {
        "nom": "CypC_13",
        "source": "PNMGL - IXSurvey, etat des lieux RA 2016",
        "info": true,
        "cara": false,
        "regl": false,
        "fid": 196.0,
        "num": "IXSurvey 2016",
        "tech": true,
        "projet": "Herbier de posidonie",
        "objectid": 196.0,
        "typerecif": "Co",
        "pmin": -26.07,
        "pmax": -28.3,
        "pext": -28.2,
        "long": 0.0,
        "larg": 0.0,
        "dir": 0.0,
        "dt": 0.0,
        "com": null,
        "ht": 2.0,
        "hr": 2.23,
        "em": 2.13,
        "pc": 0.1,
        "enf": 0.0,
        "ind_enf": 0.0,
        "name": "CypC_13",
        "areaname": "StCyp",
        "easting": 706146.5081,
        "northing": 6169256.4732,
        "x_dd": 3.07482526892,
        "y_dd": 42.6229669767,
        "link_img": "..\\01_MXD\\Img_Recifs\\Cyp\\CypC_13.png"
      },
      "geometry": {
        "type": "MultiPoint",
        "coordinates": [
          [
            706146.508100003,
            6169256.473200001
          ]
        ]
      }
    },
    {
      "type": "Feature",
      "properties": {
        "nom": "CypC_14",
        "source": "PNMGL - IXSurvey, etat des lieux RA 2016",
        "info": true,
        "cara": false,
        "regl": false,
        "fid": 197.0,
        "num": "IXSurvey 2016",
        "tech": true,
        "projet": "Herbier de posidonie",
        "objectid": 197.0,
        "typerecif": "Co",
        "pmin": -26.05,
        "pmax": -28.25,
        "pext": -28.2,
        "long": 0.0,
        "larg": 0.0,
        "dir": 0.0,
        "dt": 0.0,
        "com": null,
        "ht": 2.0,
        "hr": 2.2,
        "em": 2.15,
        "pc": 0.05,
        "enf": 0.0,
        "ind_enf": 0.0,
        "name": "CypC_14",
        "areaname": "StCyp",
        "easting": 706153.1611999999,
        "northing": 6169259.6366,
        "x_dd": 3.07490629774,
        "y_dd": 42.6229953601,
        "link_img": "..\\01_MXD\\Img_Recifs\\Cyp\\CypC_14.png"
      },
      "geometry": {
        "type": "MultiPoint",
        "coordinates": [
          [
            706153.1612000018,
            6169259.636599999
          ]
        ]
      }
    },
    {
      "type": "Feature",
      "properties": {
        "nom": "CypC_15",
        "source": "PNMGL - IXSurvey, etat des lieux RA 2016",
        "info": true,
        "cara": false,
        "regl": false,
        "fid": 198.0,
        "num": "IXSurvey 2016",
        "tech": true,
        "projet": "Herbier de posidonie",
        "objectid": 198.0,
        "typerecif": "Co",
        "pmin": -26.0,
        "pmax": -28.27,
        "pext": -28.2,
        "long": 0.0,
        "larg": 0.0,
        "dir": 0.0,
        "dt": 0.0,
        "com": null,
        "ht": 2.0,
        "hr": 2.27,
        "em": 2.2,
        "pc": 0.07,
        "enf": 0.0,
        "ind_enf": 0.0,
        "name": "CypC_15",
        "areaname": "StCyp",
        "easting": 706149.15,
        "northing": 6169253.04,
        "x_dd": 3.07485739078,
        "y_dd": 42.6229360886,
        "link_img": "..\\01_MXD\\Img_Recifs\\Cyp\\CypC_15.png"
      },
      "geometry": {
        "type": "MultiPoint",
        "coordinates": [
          [
            706149.1499999985,
            6169253.039999999
          ]
        ]
      }
    },
    {
      "type": "Feature",
      "properties": {
        "nom": "CypC_16",
        "source": "PNMGL - IXSurvey, etat des lieux RA 2016",
        "info": true,
        "cara": false,
        "regl": false,
        "fid": 199.0,
        "num": "IXSurvey 2016",
        "tech": true,
        "projet": "Herbier de posidonie",
        "objectid": 199.0,
        "typerecif": "Co",
        "pmin": -26.0,
        "pmax": -28.22,
        "pext": -28.2,
        "long": 0.0,
        "larg": 0.0,
        "dir": 0.0,
        "dt": 0.0,
        "com": null,
        "ht": 2.0,
        "hr": 2.22,
        "em": 2.2,
        "pc": 0.02,
        "enf": 0.0,
        "ind_enf": 0.0,
        "name": "CypC_16",
        "areaname": "StCyp",
        "easting": 706153.9002000001,
        "northing": 6169254.4916,
        "x_dd": 3.07491523462,
        "y_dd": 42.6229490985,
        "link_img": "..\\01_MXD\\Img_Recifs\\Cyp\\CypC_16.png"
      },
      "geometry": {
        "type": "MultiPoint",
        "coordinates": [
          [
            706153.9002000019,
            6169254.491599999
          ]
        ]
      }
    },
    {
      "type": "Feature",
      "properties": {
        "nom": "CypC_17",
        "source": "PNMGL - IXSurvey, etat des lieux RA 2016",
        "info": true,
        "cara": false,
        "regl": false,
        "fid": 200.0,
        "num": "IXSurvey 2016",
        "tech": true,
        "projet": "Herbier de posidonie",
        "objectid": 200.0,
        "typerecif": "Co",
        "pmin": -26.12,
        "pmax": -28.2,
        "pext": -28.2,
        "long": 0.0,
        "larg": 0.0,
        "dir": 0.0,
        "dt": 0.0,
        "com": null,
        "ht": 2.0,
        "hr": 2.08,
        "em": 2.08,
        "pc": 0.0,
        "enf": 0.0,
        "ind_enf": 0.0,
        "name": "CypC_17",
        "areaname": "StCyp",
        "easting": 706152.3463,
        "northing": 6169245.373399999,
        "x_dd": 3.07489621276,
        "y_dd": 42.6228671359,
        "link_img": "..\\01_MXD\\Img_Recifs\\Cyp\\CypC_17.png"
      },
      "geometry": {
        "type": "MultiPoint",
        "coordinates": [
          [
            706152.3462999985,
            6169245.373399999
          ]
        ]
      }
    },
    {
      "type": "Feature",
      "properties": {
        "nom": "CypC_18",
        "source": "PNMGL - IXSurvey, etat des lieux RA 2016",
        "info": true,
        "cara": false,
        "regl": false,
        "fid": 201.0,
        "num": "IXSurvey 2016",
        "tech": true,
        "projet": "Herbier de posidonie",
        "objectid": 201.0,
        "typerecif": "Co",
        "pmin": -26.07,
        "pmax": -28.26,
        "pext": -28.2,
        "long": 0.0,
        "larg": 0.0,
        "dir": 0.0,
        "dt": 0.0,
        "com": null,
        "ht": 2.0,
        "hr": 2.19,
        "em": 2.13,
        "pc": 0.06,
        "enf": 0.0,
        "ind_enf": 0.0,
        "name": "CypC_18",
        "areaname": "StCyp",
        "easting": 706160.7126,
        "northing": 6169257.5297,
        "x_dd": 3.07499820126,
        "y_dd": 42.6229763539,
        "link_img": "..\\01_MXD\\Img_Recifs\\Cyp\\CypC_18.png"
      },
      "geometry": {
        "type": "MultiPoint",
        "coordinates": [
          [
            706160.7126000002,
            6169257.5297
          ]
        ]
      }
    },
    {
      "type": "Feature",
      "properties": {
        "nom": "CypC_19",
        "source": "PNMGL - IXSurvey, etat des lieux RA 2016",
        "info": true,
        "cara": false,
        "regl": false,
        "fid": 202.0,
        "num": "IXSurvey 2016",
        "tech": true,
        "projet": "Herbier de posidonie",
        "objectid": 202.0,
        "typerecif": "Co",
        "pmin": -25.91,
        "pmax": -28.12,
        "pext": -28.2,
        "long": 0.0,
        "larg": 0.0,
        "dir": 0.0,
        "dt": 0.0,
        "com": null,
        "ht": 2.0,
        "hr": 2.21,
        "em": 2.29,
        "pc": 0.08,
        "enf": 0.0,
        "ind_enf": 0.0,
        "name": "CypC_19",
        "areaname": "StCyp",
        "easting": 706162.7068000002,
        "northing": 6169254.2241,
        "x_dd": 3.07502243965,
        "y_dd": 42.6229466184,
        "link_img": "..\\01_MXD\\Img_Recifs\\Cyp\\CypC_19.png"
      },
      "geometry": {
        "type": "MultiPoint",
        "coordinates": [
          [
            706162.7067999989,
            6169254.224100001
          ]
        ]
      }
    },
    {
      "type": "Feature",
      "properties": {
        "nom": "CypC_20",
        "source": "PNMGL - IXSurvey, etat des lieux RA 2016",
        "info": true,
        "cara": false,
        "regl": false,
        "fid": 203.0,
        "num": "IXSurvey 2016",
        "tech": true,
        "projet": "Herbier de posidonie",
        "objectid": 203.0,
        "typerecif": "Co",
        "pmin": -26.13,
        "pmax": -28.26,
        "pext": -28.2,
        "long": 0.0,
        "larg": 0.0,
        "dir": 0.0,
        "dt": 0.0,
        "com": null,
        "ht": 2.0,
        "hr": 2.13,
        "em": 2.07,
        "pc": 0.06,
        "enf": 0.0,
        "ind_enf": 0.0,
        "name": "CypC_20",
        "areaname": "StCyp",
        "easting": 706172.3125,
        "northing": 6169261.2473,
        "x_dd": 3.07513945706,
        "y_dd": 42.6230096772,
        "link_img": "..\\01_MXD\\Img_Recifs\\Cyp\\CypC_20.png"
      },
      "geometry": {
        "type": "MultiPoint",
        "coordinates": [
          [
            706172.3125,
            6169261.247299999
          ]
        ]
      }
    },
    {
      "type": "Feature",
      "properties": {
        "nom": "CypC_21",
        "source": "PNMGL - IXSurvey, etat des lieux RA 2016",
        "info": true,
        "cara": false,
        "regl": false,
        "fid": 204.0,
        "num": "IXSurvey 2016",
        "tech": true,
        "projet": "Herbier de posidonie",
        "objectid": 204.0,
        "typerecif": "Co",
        "pmin": -25.86,
        "pmax": -28.12,
        "pext": -28.0,
        "long": 0.0,
        "larg": 0.0,
        "dir": 0.0,
        "dt": 0.0,
        "com": null,
        "ht": 2.0,
        "hr": 2.26,
        "em": 2.14,
        "pc": 0.12,
        "enf": 0.0,
        "ind_enf": 0.0,
        "name": "CypC_21",
        "areaname": "StCyp",
        "easting": 706180.9581,
        "northing": 6169249.508800001,
        "x_dd": 3.07524456917,
        "y_dd": 42.6229040701,
        "link_img": "..\\01_MXD\\Img_Recifs\\Cyp\\CypC_21.png"
      },
      "geometry": {
        "type": "MultiPoint",
        "coordinates": [
          [
            706180.9580999985,
            6169249.5088
          ]
        ]
      }
    },
    {
      "type": "Feature",
      "properties": {
        "nom": "CypC_22",
        "source": "PNMGL - IXSurvey, etat des lieux RA 2016",
        "info": true,
        "cara": false,
        "regl": false,
        "fid": 205.0,
        "num": "IXSurvey 2016",
        "tech": true,
        "projet": "Herbier de posidonie",
        "objectid": 205.0,
        "typerecif": "Co",
        "pmin": -26.04,
        "pmax": -28.26,
        "pext": -28.2,
        "long": 0.0,
        "larg": 0.0,
        "dir": 0.0,
        "dt": 0.0,
        "com": null,
        "ht": 2.0,
        "hr": 2.22,
        "em": 2.16,
        "pc": 0.06,
        "enf": 0.0,
        "ind_enf": 0.0,
        "name": "CypC_22",
        "areaname": "StCyp",
        "easting": 706193.3308,
        "northing": 6169256.4464,
        "x_dd": 3.07539527014,
        "y_dd": 42.6229663354,
        "link_img": "..\\01_MXD\\Img_Recifs\\Cyp\\CypC_22.png"
      },
      "geometry": {
        "type": "MultiPoint",
        "coordinates": [
          [
            706193.3307999969,
            6169256.446400002
          ]
        ]
      }
    },
    {
      "type": "Feature",
      "properties": {
        "nom": "CypC_23",
        "source": "PNMGL - IXSurvey, etat des lieux RA 2016",
        "info": true,
        "cara": false,
        "regl": false,
        "fid": 206.0,
        "num": "IXSurvey 2016",
        "tech": true,
        "projet": "Herbier de posidonie",
        "objectid": 206.0,
        "typerecif": "Co",
        "pmin": -25.95,
        "pmax": -28.19,
        "pext": -28.2,
        "long": 0.0,
        "larg": 0.0,
        "dir": 0.0,
        "dt": 0.0,
        "com": null,
        "ht": 2.0,
        "hr": 2.24,
        "em": 2.25,
        "pc": 0.01,
        "enf": 0.0,
        "ind_enf": 0.0,
        "name": "CypC_23",
        "areaname": "StCyp",
        "easting": 706192.8521,
        "northing": 6169253.4053,
        "x_dd": 3.07538940728,
        "y_dd": 42.6229389989,
        "link_img": "..\\01_MXD\\Img_Recifs\\Cyp\\CypC_23.png"
      },
      "geometry": {
        "type": "MultiPoint",
        "coordinates": [
          [
            706192.8520999998,
            6169253.405299999
          ]
        ]
      }
    },
    {
      "type": "Feature",
      "properties": {
        "nom": "CypC_24",
        "source": "PNMGL - IXSurvey, etat des lieux RA 2016",
        "info": true,
        "cara": false,
        "regl": false,
        "fid": 207.0,
        "num": "IXSurvey 2016",
        "tech": true,
        "projet": "Herbier de posidonie",
        "objectid": 207.0,
        "typerecif": "Co",
        "pmin": -26.06,
        "pmax": -28.29,
        "pext": -28.2,
        "long": 0.0,
        "larg": 0.0,
        "dir": 0.0,
        "dt": 0.0,
        "com": null,
        "ht": 2.0,
        "hr": 2.23,
        "em": 2.14,
        "pc": 0.09,
        "enf": 0.0,
        "ind_enf": 0.0,
        "name": "CypC_24",
        "areaname": "StCyp",
        "easting": 706208.3456,
        "northing": 6169251.2049,
        "x_dd": 3.07557799346,
        "y_dd": 42.6229190834,
        "link_img": "..\\01_MXD\\Img_Recifs\\Cyp\\CypC_24.png"
      },
      "geometry": {
        "type": "MultiPoint",
        "coordinates": [
          [
            706208.3456000015,
            6169251.2049
          ]
        ]
      }
    },
    {
      "type": "Feature",
      "properties": {
        "nom": "CypC_25",
        "source": "PNMGL - IXSurvey, etat des lieux RA 2016",
        "info": true,
        "cara": false,
        "regl": false,
        "fid": 208.0,
        "num": "IXSurvey 2016",
        "tech": true,
        "projet": "Herbier de posidonie",
        "objectid": 208.0,
        "typerecif": "Co",
        "pmin": -26.08,
        "pmax": -28.26,
        "pext": -28.2,
        "long": 0.0,
        "larg": 0.0,
        "dir": 0.0,
        "dt": 0.0,
        "com": null,
        "ht": 2.0,
        "hr": 2.18,
        "em": 2.12,
        "pc": 0.06,
        "enf": 0.0,
        "ind_enf": 0.0,
        "name": "CypC_25",
        "areaname": "StCyp",
        "easting": 706209.3707,
        "northing": 6169245.7751,
        "x_dd": 3.07559040934,
        "y_dd": 42.6228702588,
        "link_img": "..\\01_MXD\\Img_Recifs\\Cyp\\CypC_25.png"
      },
      "geometry": {
        "type": "MultiPoint",
        "coordinates": [
          [
            706209.3707000017,
            6169245.7751
          ]
        ]
      }
    },
    {
      "type": "Feature",
      "properties": {
        "nom": "CypC_26",
        "source": "PNMGL - IXSurvey, etat des lieux RA 2016",
        "info": true,
        "cara": false,
        "regl": false,
        "fid": 209.0,
        "num": "IXSurvey 2016",
        "tech": true,
        "projet": "Herbier de posidonie",
        "objectid": 209.0,
        "typerecif": "Co",
        "pmin": -26.02,
        "pmax": -28.27,
        "pext": -28.2,
        "long": 0.0,
        "larg": 0.0,
        "dir": 0.0,
        "dt": 0.0,
        "com": null,
        "ht": 2.0,
        "hr": 2.25,
        "em": 2.18,
        "pc": 0.07,
        "enf": 0.0,
        "ind_enf": 0.0,
        "name": "CypC_26",
        "areaname": "StCyp",
        "easting": 706204.7933,
        "northing": 6169239.7084,
        "x_dd": 3.07553461528,
        "y_dd": 42.6228157565,
        "link_img": "..\\01_MXD\\Img_Recifs\\Cyp\\CypC_26.png"
      },
      "geometry": {
        "type": "MultiPoint",
        "coordinates": [
          [
            706204.7933000028,
            6169239.7084
          ]
        ]
      }
    },
    {
      "type": "Feature",
      "properties": {
        "nom": "CypC_27",
        "source": "PNMGL - IXSurvey, etat des lieux RA 2016",
        "info": true,
        "cara": false,
        "regl": false,
        "fid": 210.0,
        "num": "IXSurvey 2016",
        "tech": true,
        "projet": "Herbier de posidonie",
        "objectid": 210.0,
        "typerecif": "Co",
        "pmin": -25.85,
        "pmax": -28.17,
        "pext": -28.2,
        "long": 0.0,
        "larg": 0.0,
        "dir": 0.0,
        "dt": 0.0,
        "com": null,
        "ht": 2.0,
        "hr": 2.32,
        "em": 2.35,
        "pc": 0.03,
        "enf": 0.0,
        "ind_enf": 0.0,
        "name": "CypC_27",
        "areaname": "StCyp",
        "easting": 706224.3624,
        "northing": 6169253.5829,
        "x_dd": 3.07577300344,
        "y_dd": 42.6229403245,
        "link_img": "..\\01_MXD\\Img_Recifs\\Cyp\\CypC_27.png"
      },
      "geometry": {
        "type": "MultiPoint",
        "coordinates": [
          [
            706224.3624000028,
            6169253.582899999
          ]
        ]
      }
    },
    {
      "type": "Feature",
      "properties": {
        "nom": "CypC_28",
        "source": "PNMGL - IXSurvey, etat des lieux RA 2016",
        "info": true,
        "cara": false,
        "regl": false,
        "fid": 211.0,
        "num": "IXSurvey 2016",
        "tech": true,
        "projet": "Herbier de posidonie",
        "objectid": 211.0,
        "typerecif": "Co",
        "pmin": -26.12,
        "pmax": -28.25,
        "pext": -28.07,
        "long": 0.0,
        "larg": 0.0,
        "dir": 0.0,
        "dt": 0.0,
        "com": null,
        "ht": 2.0,
        "hr": 2.13,
        "em": 1.95,
        "pc": 0.18,
        "enf": 0.0,
        "ind_enf": 0.0,
        "name": "CypC_28",
        "areaname": "StCyp",
        "easting": 706215.0566,
        "northing": 6169234.0243,
        "x_dd": 3.07565949012,
        "y_dd": 42.6227645661,
        "link_img": "..\\01_MXD\\Img_Recifs\\Cyp\\CypC_28.png"
      },
      "geometry": {
        "type": "MultiPoint",
        "coordinates": [
          [
            706215.056599997,
            6169234.024300002
          ]
        ]
      }
    },
    {
      "type": "Feature",
      "properties": {
        "nom": "CypC_29",
        "source": "PNMGL - IXSurvey, etat des lieux RA 2016",
        "info": true,
        "cara": false,
        "regl": false,
        "fid": 212.0,
        "num": "IXSurvey 2016",
        "tech": true,
        "projet": "Herbier de posidonie",
        "objectid": 212.0,
        "typerecif": "Co",
        "pmin": -26.13,
        "pmax": -28.25,
        "pext": -28.15,
        "long": 0.0,
        "larg": 0.0,
        "dir": 0.0,
        "dt": 0.0,
        "com": null,
        "ht": 2.0,
        "hr": 2.12,
        "em": 2.02,
        "pc": 0.1,
        "enf": 0.0,
        "ind_enf": 0.0,
        "name": "CypC_29",
        "areaname": "StCyp",
        "easting": 706229.9506000001,
        "northing": 6169230.7564,
        "x_dd": 3.0758407651,
        "y_dd": 42.6227350581,
        "link_img": "..\\01_MXD\\Img_Recifs\\Cyp\\CypC_29.png"
      },
      "geometry": {
        "type": "MultiPoint",
        "coordinates": [
          [
            706229.9505999982,
            6169230.7564
          ]
        ]
      }
    },
    {
      "type": "Feature",
      "properties": {
        "nom": "CypC_30",
        "source": "PNMGL - IXSurvey, etat des lieux RA 2016",
        "info": true,
        "cara": false,
        "regl": false,
        "fid": 213.0,
        "num": "IXSurvey 2016",
        "tech": true,
        "projet": "Herbier de posidonie",
        "objectid": 213.0,
        "typerecif": "Co",
        "pmin": -26.02,
        "pmax": -28.26,
        "pext": -28.15,
        "long": 0.0,
        "larg": 0.0,
        "dir": 0.0,
        "dt": 0.0,
        "com": null,
        "ht": 2.0,
        "hr": 2.24,
        "em": 2.13,
        "pc": 0.11,
        "enf": 0.0,
        "ind_enf": 0.0,
        "name": "CypC_30",
        "areaname": "StCyp",
        "easting": 706226.197,
        "northing": 6169222.6968,
        "x_dd": 3.07579497623,
        "y_dd": 42.622662632,
        "link_img": "..\\01_MXD\\Img_Recifs\\Cyp\\CypC_30.png"
      },
      "geometry": {
        "type": "MultiPoint",
        "coordinates": [
          [
            706226.1969999969,
            6169222.696800001
          ]
        ]
      }
    },
    {
      "type": "Feature",
      "properties": {
        "nom": "CypD_01",
        "source": "PNMGL - IXSurvey, etat des lieux RA 2016",
        "info": true,
        "cara": false,
        "regl": false,
        "fid": 214.0,
        "num": "IXSurvey 2016",
        "tech": true,
        "projet": "Herbier de posidonie",
        "objectid": 214.0,
        "typerecif": "U",
        "pmin": -24.81,
        "pmax": -27.11,
        "pext": -27.1,
        "long": 10.0,
        "larg": 6.8,
        "dir": 0.0,
        "dt": 0.0,
        "com": "Potentiellement 2 recifs Bonna imbriqués",
        "ht": 0.0,
        "hr": 2.3,
        "em": 2.29,
        "pc": 0.01,
        "enf": 0.0,
        "ind_enf": 0.0,
        "name": "CypD_01",
        "areaname": "StCyp",
        "easting": 705840.8651,
        "northing": 6169293.1439,
        "x_dd": 3.0711048905,
        "y_dd": 42.6232991982,
        "link_img": "..\\01_MXD\\Img_Recifs\\Cyp\\CypD_01.png"
      },
      "geometry": {
        "type": "MultiPoint",
        "coordinates": [
          [
            705840.8650999963,
            6169293.1439
          ]
        ]
      }
    },
    {
      "type": "Feature",
      "properties": {
        "nom": "CypD_02",
        "source": "PNMGL - IXSurvey, etat des lieux RA 2016",
        "info": true,
        "cara": false,
        "regl": false,
        "fid": 215.0,
        "num": "IXSurvey 2016",
        "tech": true,
        "projet": "Herbier de posidonie",
        "objectid": 215.0,
        "typerecif": "O",
        "pmin": -26.7,
        "pmax": -27.1,
        "pext": -27.1,
        "long": 1.0,
        "larg": 1.0,
        "dir": 0.0,
        "dt": 0.0,
        "com": "Debris potentiel non identifié sur zone de récifs artificiels",
        "ht": 0.0,
        "hr": 0.4,
        "em": 0.4,
        "pc": 0.0,
        "enf": 0.0,
        "ind_enf": 0.0,
        "name": "CypD_02",
        "areaname": "StCyp",
        "easting": 705836.8701,
        "northing": 6169276.994,
        "x_dd": 3.07105607971,
        "y_dd": 42.6231540373,
        "link_img": "..\\01_MXD\\Img_Recifs\\Cyp\\CypD_02.png"
      },
      "geometry": {
        "type": "MultiPoint",
        "coordinates": [
          [
            705836.870099999,
            6169276.993999999
          ]
        ]
      }
    },
    {
      "type": "Feature",
      "properties": {
        "nom": "CypD_03",
        "source": "PNMGL - IXSurvey, etat des lieux RA 2016",
        "info": true,
        "cara": false,
        "regl": false,
        "fid": 216.0,
        "num": "IXSurvey 2016",
        "tech": true,
        "projet": "Herbier de posidonie",
        "objectid": 216.0,
        "typerecif": "Co",
        "pmin": -25.56,
        "pmax": -27.12,
        "pext": -27.05,
        "long": 0.0,
        "larg": 0.0,
        "dir": 0.0,
        "dt": 0.0,
        "com": null,
        "ht": 2.0,
        "hr": 1.56,
        "em": 1.49,
        "pc": 0.07,
        "enf": 0.44,
        "ind_enf": 44.0,
        "name": "CypD_03",
        "areaname": "StCyp",
        "easting": 705818.1048,
        "northing": 6169264.377,
        "x_dd": 3.07082749965,
        "y_dd": 42.6230407577,
        "link_img": "..\\01_MXD\\Img_Recifs\\Cyp\\CypD_03.png"
      },
      "geometry": {
        "type": "MultiPoint",
        "coordinates": [
          [
            705818.1048000008,
            6169264.377
          ]
        ]
      }
    },
    {
      "type": "Feature",
      "properties": {
        "nom": "CypD_04",
        "source": "PNMGL - IXSurvey, etat des lieux RA 2016",
        "info": true,
        "cara": false,
        "regl": false,
        "fid": 217.0,
        "num": "IXSurvey 2016",
        "tech": true,
        "projet": "Herbier de posidonie",
        "objectid": 217.0,
        "typerecif": "Co",
        "pmin": -24.9,
        "pmax": -27.1,
        "pext": -27.05,
        "long": 0.0,
        "larg": 0.0,
        "dir": 0.0,
        "dt": 0.0,
        "com": null,
        "ht": 2.0,
        "hr": 2.2,
        "em": 2.15,
        "pc": 0.05,
        "enf": 0.0,
        "ind_enf": 0.0,
        "name": "CypD_04",
        "areaname": "StCyp",
        "easting": 705830.2811,
        "northing": 6169253.7159,
        "x_dd": 3.07097561278,
        "y_dd": 42.6229448124,
        "link_img": "..\\01_MXD\\Img_Recifs\\Cyp\\CypD_04.png"
      },
      "geometry": {
        "type": "MultiPoint",
        "coordinates": [
          [
            705830.2810999975,
            6169253.7159
          ]
        ]
      }
    },
    {
      "type": "Feature",
      "properties": {
        "nom": "CypD_05",
        "source": "PNMGL - IXSurvey, etat des lieux RA 2016",
        "info": true,
        "cara": false,
        "regl": false,
        "fid": 218.0,
        "num": "IXSurvey 2016",
        "tech": true,
        "projet": "Herbier de posidonie",
        "objectid": 218.0,
        "typerecif": "Co",
        "pmin": -24.91,
        "pmax": -27.09,
        "pext": -27.05,
        "long": 0.0,
        "larg": 0.0,
        "dir": 0.0,
        "dt": 0.0,
        "com": null,
        "ht": 2.0,
        "hr": 2.18,
        "em": 2.14,
        "pc": 0.04,
        "enf": 0.0,
        "ind_enf": 0.0,
        "name": "CypD_05",
        "areaname": "StCyp",
        "easting": 705833.8196999999,
        "northing": 6169248.6967,
        "x_dd": 3.07101863537,
        "y_dd": 42.6228996594,
        "link_img": "..\\01_MXD\\Img_Recifs\\Cyp\\CypD_05.png"
      },
      "geometry": {
        "type": "MultiPoint",
        "coordinates": [
          [
            705833.8197000027,
            6169248.696699999
          ]
        ]
      }
    },
    {
      "type": "Feature",
      "properties": {
        "nom": "CypD_06",
        "source": "PNMGL - IXSurvey, etat des lieux RA 2016",
        "info": true,
        "cara": false,
        "regl": false,
        "fid": 219.0,
        "num": "IXSurvey 2016",
        "tech": true,
        "projet": "Herbier de posidonie",
        "objectid": 219.0,
        "typerecif": "Co",
        "pmin": -24.45,
        "pmax": -27.01,
        "pext": -27.0,
        "long": 0.0,
        "larg": 0.0,
        "dir": 0.0,
        "dt": 0.0,
        "com": null,
        "ht": 2.0,
        "hr": 2.56,
        "em": 2.55,
        "pc": 0.01,
        "enf": 0.0,
        "ind_enf": 0.0,
        "name": "CypD_06",
        "areaname": "StCyp",
        "easting": 705860.5001,
        "northing": 6169222.4691,
        "x_dd": 3.07134314345,
        "y_dd": 42.6226636481,
        "link_img": "..\\01_MXD\\Img_Recifs\\Cyp\\CypD_06.png"
      },
      "geometry": {
        "type": "MultiPoint",
        "coordinates": [
          [
            705860.5001000017,
            6169222.4690999985
          ]
        ]
      }
    },
    {
      "type": "Feature",
      "properties": {
        "nom": "CypD_07",
        "source": "PNMGL - IXSurvey, etat des lieux RA 2016",
        "info": true,
        "cara": false,
        "regl": false,
        "fid": 220.0,
        "num": "IXSurvey 2016",
        "tech": true,
        "projet": "Herbier de posidonie",
        "objectid": 220.0,
        "typerecif": "Co",
        "pmin": -24.86,
        "pmax": -27.02,
        "pext": -27.05,
        "long": 0.0,
        "larg": 0.0,
        "dir": 0.0,
        "dt": 0.0,
        "com": null,
        "ht": 2.0,
        "hr": 2.16,
        "em": 2.19,
        "pc": 0.03,
        "enf": 0.0,
        "ind_enf": 0.0,
        "name": "CypD_07",
        "areaname": "StCyp",
        "easting": 705827.9805,
        "northing": 6169225.6582,
        "x_dd": 3.07094729928,
        "y_dd": 42.6226925826,
        "link_img": "..\\01_MXD\\Img_Recifs\\Cyp\\CypD_07.png"
      },
      "geometry": {
        "type": "MultiPoint",
        "coordinates": [
          [
            705827.9804999977,
            6169225.6581999995
          ]
        ]
      }
    },
    {
      "type": "Feature",
      "properties": {
        "nom": "CypD_08",
        "source": "PNMGL - IXSurvey, etat des lieux RA 2016",
        "info": true,
        "cara": false,
        "regl": false,
        "fid": 221.0,
        "num": "IXSurvey 2016",
        "tech": true,
        "projet": "Herbier de posidonie",
        "objectid": 221.0,
        "typerecif": "Co",
        "pmin": -24.89,
        "pmax": -27.09,
        "pext": -27.05,
        "long": 0.0,
        "larg": 0.0,
        "dir": 0.0,
        "dt": 0.0,
        "com": null,
        "ht": 2.0,
        "hr": 2.2,
        "em": 2.16,
        "pc": 0.04,
        "enf": 0.0,
        "ind_enf": 0.0,
        "name": "CypD_08",
        "areaname": "StCyp",
        "easting": 705820.0813,
        "northing": 6169225.4201,
        "x_dd": 3.0708511353,
        "y_dd": 42.6226905057,
        "link_img": "..\\01_MXD\\Img_Recifs\\Cyp\\CypD_08.png"
      },
      "geometry": {
        "type": "MultiPoint",
        "coordinates": [
          [
            705820.0812999979,
            6169225.4201
          ]
        ]
      }
    },
    {
      "type": "Feature",
      "properties": {
        "nom": "CypD_09",
        "source": "PNMGL - IXSurvey, etat des lieux RA 2016",
        "info": true,
        "cara": false,
        "regl": false,
        "fid": 222.0,
        "num": "IXSurvey 2016",
        "tech": true,
        "projet": "Herbier de posidonie",
        "objectid": 222.0,
        "typerecif": "Co",
        "pmin": -24.89,
        "pmax": -27.1,
        "pext": -27.05,
        "long": 0.0,
        "larg": 0.0,
        "dir": 0.0,
        "dt": 0.0,
        "com": null,
        "ht": 2.0,
        "hr": 2.21,
        "em": 2.16,
        "pc": 0.05,
        "enf": 0.0,
        "ind_enf": 0.0,
        "name": "CypD_09",
        "areaname": "StCyp",
        "easting": 705816.5518,
        "northing": 6169225.995400001,
        "x_dd": 3.07080817501,
        "y_dd": 42.6226957063,
        "link_img": "..\\01_MXD\\Img_Recifs\\Cyp\\CypD_09.png"
      },
      "geometry": {
        "type": "MultiPoint",
        "coordinates": [
          [
            705816.5517999977,
            6169225.9954
          ]
        ]
      }
    },
    {
      "type": "Feature",
      "properties": {
        "nom": "CypD_10",
        "source": "PNMGL - IXSurvey, etat des lieux RA 2016",
        "info": true,
        "cara": false,
        "regl": false,
        "fid": 223.0,
        "num": "IXSurvey 2016",
        "tech": true,
        "projet": "Herbier de posidonie",
        "objectid": 223.0,
        "typerecif": "Co",
        "pmin": -24.85,
        "pmax": -27.11,
        "pext": -27.0,
        "long": 0.0,
        "larg": 0.0,
        "dir": 0.0,
        "dt": 0.0,
        "com": null,
        "ht": 2.0,
        "hr": 2.26,
        "em": 2.15,
        "pc": 0.11,
        "enf": 0.0,
        "ind_enf": 0.0,
        "name": "CypD_10",
        "areaname": "StCyp",
        "easting": 705803.9239,
        "northing": 6169230.5071,
        "x_dd": 3.07065449767,
        "y_dd": 42.6227363698,
        "link_img": "..\\01_MXD\\Img_Recifs\\Cyp\\CypD_10.png"
      },
      "geometry": {
        "type": "MultiPoint",
        "coordinates": [
          [
            705803.9239000008,
            6169230.507100001
          ]
        ]
      }
    },
    {
      "type": "Feature",
      "properties": {
        "nom": "CypD_11",
        "source": "PNMGL - IXSurvey, etat des lieux RA 2016",
        "info": true,
        "cara": false,
        "regl": false,
        "fid": 224.0,
        "num": "IXSurvey 2016",
        "tech": true,
        "projet": "Herbier de posidonie",
        "objectid": 224.0,
        "typerecif": "Co",
        "pmin": -24.86,
        "pmax": -27.1,
        "pext": -27.0,
        "long": 0.0,
        "larg": 0.0,
        "dir": 0.0,
        "dt": 0.0,
        "com": null,
        "ht": 2.0,
        "hr": 2.24,
        "em": 2.14,
        "pc": 0.1,
        "enf": 0.0,
        "ind_enf": 0.0,
        "name": "CypD_11",
        "areaname": "StCyp",
        "easting": 705797.7356000001,
        "northing": 6169235.6001,
        "x_dd": 3.0705792194,
        "y_dd": 42.6227822074,
        "link_img": "..\\01_MXD\\Img_Recifs\\Cyp\\CypD_11.png"
      },
      "geometry": {
        "type": "MultiPoint",
        "coordinates": [
          [
            705797.7356000021,
            6169235.600099999
          ]
        ]
      }
    },
    {
      "type": "Feature",
      "properties": {
        "nom": "CypD_12",
        "source": "PNMGL - IXSurvey, etat des lieux RA 2016",
        "info": true,
        "cara": false,
        "regl": false,
        "fid": 225.0,
        "num": "IXSurvey 2016",
        "tech": true,
        "projet": "Herbier de posidonie",
        "objectid": 225.0,
        "typerecif": "Co",
        "pmin": -24.87,
        "pmax": -27.1,
        "pext": -27.0,
        "long": 0.0,
        "larg": 0.0,
        "dir": 0.0,
        "dt": 0.0,
        "com": null,
        "ht": 2.0,
        "hr": 2.23,
        "em": 2.13,
        "pc": 0.1,
        "enf": 0.0,
        "ind_enf": 0.0,
        "name": "CypD_12",
        "areaname": "StCyp",
        "easting": 705799.6132,
        "northing": 6169231.145799999,
        "x_dd": 3.07060202802,
        "y_dd": 42.6227421466,
        "link_img": "..\\01_MXD\\Img_Recifs\\Cyp\\CypD_12.png"
      },
      "geometry": {
        "type": "MultiPoint",
        "coordinates": [
          [
            705799.6132000014,
            6169231.145799998
          ]
        ]
      }
    },
    {
      "type": "Feature",
      "properties": {
        "nom": "CypD_13",
        "source": "PNMGL - IXSurvey, etat des lieux RA 2016",
        "info": true,
        "cara": false,
        "regl": false,
        "fid": 226.0,
        "num": "IXSurvey 2016",
        "tech": true,
        "projet": "Herbier de posidonie",
        "objectid": 226.0,
        "typerecif": "Co",
        "pmin": -24.9,
        "pmax": -27.1,
        "pext": -27.0,
        "long": 0.0,
        "larg": 0.0,
        "dir": 0.0,
        "dt": 0.0,
        "com": null,
        "ht": 2.0,
        "hr": 2.2,
        "em": 2.1,
        "pc": 0.1,
        "enf": 0.0,
        "ind_enf": 0.0,
        "name": "CypD_13",
        "areaname": "StCyp",
        "easting": 705800.5313,
        "northing": 6169226.391,
        "x_dd": 3.07061315281,
        "y_dd": 42.6226993919,
        "link_img": "..\\01_MXD\\Img_Recifs\\Cyp\\CypD_13.png"
      },
      "geometry": {
        "type": "MultiPoint",
        "coordinates": [
          [
            705800.5313000008,
            6169226.390999999
          ]
        ]
      }
    },
    {
      "type": "Feature",
      "properties": {
        "nom": "CypD_14",
        "source": "PNMGL - IXSurvey, etat des lieux RA 2016",
        "info": true,
        "cara": false,
        "regl": false,
        "fid": 227.0,
        "num": "IXSurvey 2016",
        "tech": true,
        "projet": "Herbier de posidonie",
        "objectid": 227.0,
        "typerecif": "Co",
        "pmin": -24.89,
        "pmax": -27.05,
        "pext": -27.0,
        "long": 0.0,
        "larg": 0.0,
        "dir": 0.0,
        "dt": 0.0,
        "com": null,
        "ht": 2.0,
        "hr": 2.16,
        "em": 2.11,
        "pc": 0.05,
        "enf": 0.0,
        "ind_enf": 0.0,
        "name": "CypD_14",
        "areaname": "StCyp",
        "easting": 705794.7384,
        "northing": 6169230.5804,
        "x_dd": 3.07054267816,
        "y_dd": 42.6227371026,
        "link_img": "..\\01_MXD\\Img_Recifs\\Cyp\\CypD_14.png"
      },
      "geometry": {
        "type": "MultiPoint",
        "coordinates": [
          [
            705794.7383999974,
            6169230.580400001
          ]
        ]
      }
    },
    {
      "type": "Feature",
      "properties": {
        "nom": "CypD_15",
        "source": "PNMGL - IXSurvey, etat des lieux RA 2016",
        "info": true,
        "cara": false,
        "regl": false,
        "fid": 228.0,
        "num": "IXSurvey 2016",
        "tech": true,
        "projet": "Herbier de posidonie",
        "objectid": 228.0,
        "typerecif": "Co",
        "pmin": -24.89,
        "pmax": -27.12,
        "pext": -27.0,
        "long": 0.0,
        "larg": 0.0,
        "dir": 0.0,
        "dt": 0.0,
        "com": null,
        "ht": 2.0,
        "hr": 2.23,
        "em": 2.11,
        "pc": 0.12,
        "enf": 0.0,
        "ind_enf": 0.0,
        "name": "CypD_15",
        "areaname": "StCyp",
        "easting": 705788.1733,
        "northing": 6169233.6087,
        "x_dd": 3.07046279037,
        "y_dd": 42.6227643808,
        "link_img": "..\\01_MXD\\Img_Recifs\\Cyp\\CypD_15.png"
      },
      "geometry": {
        "type": "MultiPoint",
        "coordinates": [
          [
            705788.173299998,
            6169233.6087
          ]
        ]
      }
    },
    {
      "type": "Feature",
      "properties": {
        "nom": "CypD_16",
        "source": "PNMGL - IXSurvey, etat des lieux RA 2016",
        "info": true,
        "cara": false,
        "regl": false,
        "fid": 229.0,
        "num": "IXSurvey 2016",
        "tech": true,
        "projet": "Herbier de posidonie",
        "objectid": 229.0,
        "typerecif": "Co",
        "pmin": -24.86,
        "pmax": -27.09,
        "pext": -27.0,
        "long": 0.0,
        "larg": 0.0,
        "dir": 0.0,
        "dt": 0.0,
        "com": null,
        "ht": 2.0,
        "hr": 2.23,
        "em": 2.14,
        "pc": 0.09,
        "enf": 0.0,
        "ind_enf": 0.0,
        "name": "CypD_16",
        "areaname": "StCyp",
        "easting": 705790.3649,
        "northing": 6169230.5543,
        "x_dd": 3.07048943678,
        "y_dd": 42.6227369031,
        "link_img": "..\\01_MXD\\Img_Recifs\\Cyp\\CypD_16.png"
      },
      "geometry": {
        "type": "MultiPoint",
        "coordinates": [
          [
            705790.3649000004,
            6169230.554299999
          ]
        ]
      }
    },
    {
      "type": "Feature",
      "properties": {
        "nom": "CypD_17",
        "source": "PNMGL - IXSurvey, etat des lieux RA 2016",
        "info": true,
        "cara": false,
        "regl": false,
        "fid": 230.0,
        "num": "IXSurvey 2016",
        "tech": true,
        "projet": "Herbier de posidonie",
        "objectid": 230.0,
        "typerecif": "Co",
        "pmin": -24.85,
        "pmax": -27.06,
        "pext": -27.0,
        "long": 0.0,
        "larg": 0.0,
        "dir": 0.0,
        "dt": 0.0,
        "com": null,
        "ht": 2.0,
        "hr": 2.21,
        "em": 2.15,
        "pc": 0.06,
        "enf": 0.0,
        "ind_enf": 0.0,
        "name": "CypD_17",
        "areaname": "StCyp",
        "easting": 705792.0597,
        "northing": 6169226.0049,
        "x_dd": 3.07051001909,
        "y_dd": 42.6226959888,
        "link_img": "..\\01_MXD\\Img_Recifs\\Cyp\\CypD_17.png"
      },
      "geometry": {
        "type": "MultiPoint",
        "coordinates": [
          [
            705792.0596999973,
            6169226.004900001
          ]
        ]
      }
    },
    {
      "type": "Feature",
      "properties": {
        "nom": "CypD_18",
        "source": "PNMGL - IXSurvey, etat des lieux RA 2016",
        "info": true,
        "cara": false,
        "regl": false,
        "fid": 231.0,
        "num": "IXSurvey 2016",
        "tech": true,
        "projet": "Herbier de posidonie",
        "objectid": 231.0,
        "typerecif": "U",
        "pmin": -24.8,
        "pmax": -27.03,
        "pext": -26.9,
        "long": 0.0,
        "larg": 0.0,
        "dir": 0.0,
        "dt": 0.0,
        "com": "Probable recif Comin mais incertain",
        "ht": 0.0,
        "hr": 2.23,
        "em": 2.1,
        "pc": 0.13,
        "enf": 0.0,
        "ind_enf": 0.0,
        "name": "CypD_18",
        "areaname": "StCyp",
        "easting": 705896.5864,
        "northing": 6169178.0959,
        "x_dd": 3.07178195085,
        "y_dd": 42.6222644238,
        "link_img": "..\\01_MXD\\Img_Recifs\\Cyp\\CypD_18.png"
      },
      "geometry": {
        "type": "MultiPoint",
        "coordinates": [
          [
            705896.5864000022,
            6169178.095899999
          ]
        ]
      }
    },
    {
      "type": "Feature",
      "properties": {
        "nom": "CypD_19",
        "source": "PNMGL - IXSurvey, etat des lieux RA 2016",
        "info": true,
        "cara": false,
        "regl": false,
        "fid": 232.0,
        "num": "IXSurvey 2016",
        "tech": true,
        "projet": "Herbier de posidonie",
        "objectid": 232.0,
        "typerecif": "Co",
        "pmin": -24.66,
        "pmax": -26.93,
        "pext": -26.9,
        "long": 0.0,
        "larg": 0.0,
        "dir": 0.0,
        "dt": 0.0,
        "com": null,
        "ht": 2.0,
        "hr": 2.27,
        "em": 2.24,
        "pc": 0.03,
        "enf": 0.0,
        "ind_enf": 0.0,
        "name": "CypD_19",
        "areaname": "StCyp",
        "easting": 705862.7972,
        "northing": 6169153.9585,
        "x_dd": 3.07137035349,
        "y_dd": 42.6220476958,
        "link_img": "..\\01_MXD\\Img_Recifs\\Cyp\\CypD_19.png"
      },
      "geometry": {
        "type": "MultiPoint",
        "coordinates": [
          [
            705862.7972000018,
            6169153.958500002
          ]
        ]
      }
    },
    {
      "type": "Feature",
      "properties": {
        "nom": "CypE_01",
        "source": "PNMGL - IXSurvey, etat des lieux RA 2016",
        "info": true,
        "cara": false,
        "regl": false,
        "fid": 233.0,
        "num": "IXSurvey 2016",
        "tech": true,
        "projet": "Herbier de posidonie",
        "objectid": 233.0,
        "typerecif": "O",
        "pmin": -24.09,
        "pmax": -27.5,
        "pext": -27.0,
        "long": 30.0,
        "larg": 6.0,
        "dir": 275.0,
        "dt": 0.0,
        "com": "Epave",
        "ht": 0.0,
        "hr": 3.41,
        "em": 2.91,
        "pc": 0.5,
        "enf": 0.0,
        "ind_enf": 0.0,
        "name": "CypE_01",
        "areaname": "StCyp",
        "easting": 705963.4675,
        "northing": 6169400.1868,
        "x_dd": 3.07259861156,
        "y_dd": 42.6242605487,
        "link_img": "..\\01_MXD\\Img_Recifs\\Cyp\\CypE_01.png"
      },
      "geometry": {
        "type": "MultiPoint",
        "coordinates": [
          [
            705963.4675000012,
            6169400.186799999
          ]
        ]
      }
    },
    {
      "type": "Feature",
      "properties": {
        "nom": "CypE_02",
        "source": "PNMGL - IXSurvey, etat des lieux RA 2016",
        "info": true,
        "cara": false,
        "regl": false,
        "fid": 234.0,
        "num": "IXSurvey 2016",
        "tech": true,
        "projet": "Herbier de posidonie",
        "objectid": 234.0,
        "typerecif": "O",
        "pmin": -26.36,
        "pmax": -27.56,
        "pext": -27.0,
        "long": 10.0,
        "larg": 3.1,
        "dir": 0.0,
        "dt": 0.0,
        "com": "Ponton 1",
        "ht": 0.0,
        "hr": 1.2,
        "em": 0.64,
        "pc": 0.56,
        "enf": 0.0,
        "ind_enf": 0.0,
        "name": "CypE_02",
        "areaname": "StCyp",
        "easting": 705986.9415,
        "northing": 6169386.2261,
        "x_dd": 3.07288422447,
        "y_dd": 42.6241348426,
        "link_img": "..\\01_MXD\\Img_Recifs\\Cyp\\CypE_02.png"
      },
      "geometry": {
        "type": "MultiPoint",
        "coordinates": [
          [
            705986.9415000007,
            6169386.2261000015
          ]
        ]
      }
    },
    {
      "type": "Feature",
      "properties": {
        "nom": "CypE_03",
        "source": "PNMGL - IXSurvey, etat des lieux RA 2016",
        "info": true,
        "cara": false,
        "regl": false,
        "fid": 235.0,
        "num": "IXSurvey 2016",
        "tech": true,
        "projet": "Herbier de posidonie",
        "objectid": 235.0,
        "typerecif": "O",
        "pmin": -26.28,
        "pmax": -27.79,
        "pext": -27.0,
        "long": 11.0,
        "larg": 3.1,
        "dir": 0.0,
        "dt": 0.0,
        "com": "Ponton 2",
        "ht": 0.0,
        "hr": 1.51,
        "em": 0.72,
        "pc": 0.79,
        "enf": 0.0,
        "ind_enf": 0.0,
        "name": "CypE_03",
        "areaname": "StCyp",
        "easting": 705997.1457,
        "northing": 6169385.9642,
        "x_dd": 3.07300844602,
        "y_dd": 42.6241324033,
        "link_img": "..\\01_MXD\\Img_Recifs\\Cyp\\CypE_03.png"
      },
      "geometry": {
        "type": "MultiPoint",
        "coordinates": [
          [
            705997.1457000002,
            6169385.964200001
          ]
        ]
      }
    },
    {
      "type": "Feature",
      "properties": {
        "nom": "CypE_04",
        "source": "PNMGL - IXSurvey, etat des lieux RA 2016",
        "info": true,
        "cara": false,
        "regl": false,
        "fid": 236.0,
        "num": "IXSurvey 2016",
        "tech": true,
        "projet": "Herbier de posidonie",
        "objectid": 236.0,
        "typerecif": "O",
        "pmin": -26.38,
        "pmax": -27.29,
        "pext": -27.3,
        "long": 4.7,
        "larg": 0.8,
        "dir": 0.0,
        "dt": 0.0,
        "com": "Debris non identifié",
        "ht": 0.0,
        "hr": 0.91,
        "em": 0.92,
        "pc": 0.01,
        "enf": 0.0,
        "ind_enf": 0.0,
        "name": "CypE_04",
        "areaname": "StCyp",
        "easting": 705938.8018,
        "northing": 6169365.624300001,
        "x_dd": 3.0722979489,
        "y_dd": 42.623950023,
        "link_img": "..\\01_MXD\\Img_Recifs\\Cyp\\CypE_04.png"
      },
      "geometry": {
        "type": "MultiPoint",
        "coordinates": [
          [
            705938.8017999977,
            6169365.624299999
          ]
        ]
      }
    },
    {
      "type": "Feature",
      "properties": {
        "nom": "CypE_05",
        "source": "PNMGL - IXSurvey, etat des lieux RA 2016",
        "info": true,
        "cara": false,
        "regl": false,
        "fid": 237.0,
        "num": "IXSurvey 2016",
        "tech": true,
        "projet": "Herbier de posidonie",
        "objectid": 237.0,
        "typerecif": "O",
        "pmin": -25.94,
        "pmax": -27.05,
        "pext": -27.3,
        "long": 4.34,
        "larg": 1.23,
        "dir": 0.0,
        "dt": 0.0,
        "com": "Debris non identifié",
        "ht": 0.0,
        "hr": 1.11,
        "em": 1.36,
        "pc": 0.25,
        "enf": 0.0,
        "ind_enf": 0.0,
        "name": "CypE_05",
        "areaname": "StCyp",
        "easting": 705916.5908,
        "northing": 6169366.0747,
        "x_dd": 3.07202756117,
        "y_dd": 42.6239542547,
        "link_img": "..\\01_MXD\\Img_Recifs\\Cyp\\CypE_05.png"
      },
      "geometry": {
        "type": "MultiPoint",
        "coordinates": [
          [
            705916.5908000022,
            6169366.074700002
          ]
        ]
      }
    },
    {
      "type": "Feature",
      "properties": {
        "nom": "CypE_06",
        "source": "PNMGL - IXSurvey, etat des lieux RA 2016",
        "info": true,
        "cara": false,
        "regl": false,
        "fid": 238.0,
        "num": "IXSurvey 2016",
        "tech": true,
        "projet": "Herbier de posidonie",
        "objectid": 238.0,
        "typerecif": "O",
        "pmin": -26.06,
        "pmax": -27.29,
        "pext": -27.3,
        "long": 3.3,
        "larg": 2.5,
        "dir": 0.0,
        "dt": 0.0,
        "com": "Debris non identifié",
        "ht": 0.0,
        "hr": 1.23,
        "em": 1.24,
        "pc": 0.01,
        "enf": 0.0,
        "ind_enf": 0.0,
        "name": "CypE_06",
        "areaname": "StCyp",
        "easting": 705960.2124,
        "northing": 6169343.9172,
        "x_dd": 3.07255835488,
        "y_dd": 42.6237546919,
        "link_img": "..\\01_MXD\\Img_Recifs\\Cyp\\CypE_06.png"
      },
      "geometry": {
        "type": "MultiPoint",
        "coordinates": [
          [
            705960.2123999968,
            6169343.917199999
          ]
        ]
      }
    },
    {
      "type": "Feature",
      "properties": {
        "nom": "CypE_07",
        "source": "PNMGL - IXSurvey, etat des lieux RA 2016",
        "info": true,
        "cara": false,
        "regl": false,
        "fid": 239.0,
        "num": "IXSurvey 2016",
        "tech": true,
        "projet": "Herbier de posidonie",
        "objectid": 239.0,
        "typerecif": "O",
        "pmin": -26.72,
        "pmax": -27.3,
        "pext": -27.3,
        "long": 2.17,
        "larg": 1.02,
        "dir": 0.0,
        "dt": 0.0,
        "com": "Debris non identifié",
        "ht": 0.0,
        "hr": 0.58,
        "em": 0.58,
        "pc": 0.0,
        "enf": 0.0,
        "ind_enf": 0.0,
        "name": "CypE_07",
        "areaname": "StCyp",
        "easting": 705938.6176,
        "northing": 6169338.4029,
        "x_dd": 3.07229540308,
        "y_dd": 42.6237052945,
        "link_img": "..\\01_MXD\\Img_Recifs\\Cyp\\CypE_07.png"
      },
      "geometry": {
        "type": "MultiPoint",
        "coordinates": [
          [
            705938.6176000014,
            6169338.402899999
          ]
        ]
      }
    },
    {
      "type": "Feature",
      "properties": {
        "nom": "CypD_20",
        "source": "PNMGL - IXSurvey, etat des lieux RA 2016",
        "info": true,
        "cara": false,
        "regl": false,
        "fid": 240.0,
        "num": "IXSurvey 2016",
        "tech": true,
        "projet": "Herbier de posidonie",
        "objectid": 240.0,
        "typerecif": "O",
        "pmin": -26.7,
        "pmax": -27.2,
        "pext": -27.2,
        "long": 6.45,
        "larg": 3.05,
        "dir": 0.0,
        "dt": 0.0,
        "com": "Debris potentiel",
        "ht": 0.0,
        "hr": 0.5,
        "em": 0.5,
        "pc": 0.0,
        "enf": 0.0,
        "ind_enf": 0.0,
        "name": "CypD_20",
        "areaname": "StCyp",
        "easting": 705795.9765,
        "northing": 6169296.8881,
        "x_dd": 3.07055847155,
        "y_dd": 42.6233332219,
        "link_img": "..\\01_MXD\\Img_Recifs\\Cyp\\CypD_20.png"
      },
      "geometry": {
        "type": "MultiPoint",
        "coordinates": [
          [
            705795.9764999971,
            6169296.888099998
          ]
        ]
      }
    },
    {
      "type": "Feature",
      "properties": {
        "nom": "CypA_20",
        "source": "PNMGL - IXSurvey, etat des lieux RA 2016",
        "info": true,
        "cara": false,
        "regl": false,
        "fid": 241.0,
        "num": "IXSurvey 2016",
        "tech": true,
        "projet": "Herbier de posidonie",
        "objectid": 241.0,
        "typerecif": "Co",
        "pmin": -25.89,
        "pmax": -27.52,
        "pext": -27.6,
        "long": 0.0,
        "larg": 0.0,
        "dir": 0.0,
        "dt": 0.0,
        "com": null,
        "ht": 2.0,
        "hr": 1.63,
        "em": 1.71,
        "pc": 0.08,
        "enf": 0.37,
        "ind_enf": 37.0,
        "name": "CypA_20",
        "areaname": "StCyp",
        "easting": 705913.745,
        "northing": 6169487.6077,
        "x_dd": 3.07199426587,
        "y_dd": 42.6250469034,
        "link_img": "..\\01_MXD\\Img_Recifs\\Cyp\\CypA_20.png"
      },
      "geometry": {
        "type": "MultiPoint",
        "coordinates": [
          [
            705913.7449999973,
            6169487.607700001
          ]
        ]
      }
    },
    {
      "type": "Feature",
      "properties": {
        "nom": "CypA_21",
        "source": "PNMGL - IXSurvey, etat des lieux RA 2016",
        "info": true,
        "cara": false,
        "regl": false,
        "fid": 242.0,
        "num": "IXSurvey 2016",
        "tech": true,
        "projet": "Herbier de posidonie",
        "objectid": 242.0,
        "typerecif": "Co",
        "pmin": -25.33,
        "pmax": -27.53,
        "pext": -27.5,
        "long": 0.0,
        "larg": 0.0,
        "dir": 0.0,
        "dt": 0.0,
        "com": null,
        "ht": 2.0,
        "hr": 2.2,
        "em": 2.17,
        "pc": 0.03,
        "enf": 0.0,
        "ind_enf": 0.0,
        "name": "CypA_21",
        "areaname": "StCyp",
        "easting": 705957.2168,
        "northing": 6169467.813,
        "x_dd": 3.07252327239,
        "y_dd": 42.6248685842,
        "link_img": "..\\01_MXD\\Img_Recifs\\Cyp\\CypA_21.png"
      },
      "geometry": {
        "type": "MultiPoint",
        "coordinates": [
          [
            705957.2167999968,
            6169467.813000001
          ]
        ]
      }
    },
    {
      "type": "Feature",
      "properties": {
        "nom": "CypA_22",
        "source": "PNMGL - IXSurvey, etat des lieux RA 2016",
        "info": true,
        "cara": false,
        "regl": false,
        "fid": 243.0,
        "num": "IXSurvey 2016",
        "tech": true,
        "projet": "Herbier de posidonie",
        "objectid": 243.0,
        "typerecif": "U",
        "pmin": -27.34,
        "pmax": -27.68,
        "pext": -27.6,
        "long": 1.43,
        "larg": 0.7,
        "dir": 0.0,
        "dt": 0.0,
        "com": "Debris non identifié",
        "ht": 0.0,
        "hr": 0.34,
        "em": 0.26,
        "pc": 0.08,
        "enf": 0.0,
        "ind_enf": 0.0,
        "name": "CypA_22",
        "areaname": "StCyp",
        "easting": 705825.8077,
        "northing": 6169534.5014,
        "x_dd": 3.07092422556,
        "y_dd": 42.6254692104,
        "link_img": "..\\01_MXD\\Img_Recifs\\Cyp\\CypA_22.png"
      },
      "geometry": {
        "type": "MultiPoint",
        "coordinates": [
          [
            705825.8077000007,
            6169534.501400001
          ]
        ]
      }
    },
    {
      "type": "Feature",
      "properties": {
        "nom": "CypA_23",
        "source": "PNMGL - IXSurvey, etat des lieux RA 2016",
        "info": true,
        "cara": false,
        "regl": false,
        "fid": 244.0,
        "num": "IXSurvey 2016",
        "tech": true,
        "projet": "Herbier de posidonie",
        "objectid": 244.0,
        "typerecif": "Co",
        "pmin": -25.82,
        "pmax": -27.52,
        "pext": -27.2,
        "long": 0.0,
        "larg": 0.0,
        "dir": 0.0,
        "dt": 0.0,
        "com": null,
        "ht": 2.0,
        "hr": 1.7,
        "em": 1.38,
        "pc": 0.32,
        "enf": 0.3,
        "ind_enf": 30.0,
        "name": "CypA_23",
        "areaname": "StCyp",
        "easting": 705823.9316,
        "northing": 6169674.0271,
        "x_dd": 3.07090291089,
        "y_dd": 42.6267236137,
        "link_img": "..\\01_MXD\\Img_Recifs\\Cyp\\CypA_23.png"
      },
      "geometry": {
        "type": "MultiPoint",
        "coordinates": [
          [
            705823.931599997,
            6169674.0271000005
          ]
        ]
      }
    },
    {
      "type": "Feature",
      "properties": {
        "nom": "H2",
        "source": "PNMGL - IXSurvey, etat des lieux RA 2016",
        "info": true,
        "cara": false,
        "regl": false,
        "fid": 245.0,
        "num": "IXSurvey 2016",
        "tech": true,
        "projet": "Herbier de posidonie",
        "objectid": 245.0,
        "typerecif": "B",
        "pmin": -17.01,
        "pmax": -19.58,
        "pext": -18.07,
        "long": 4.3,
        "larg": 2.5,
        "dir": 335.0,
        "dt": 0.5,
        "com": "2 dalots désaxés calés et inclinés",
        "ht": 2.0,
        "hr": 2.57,
        "em": 1.06,
        "pc": 1.51,
        "enf": 0.0,
        "ind_enf": 0.0,
        "name": "H2",
        "areaname": "Leu2",
        "easting": 705828.852,
        "northing": 6199429.7126,
        "x_dd": 3.0712898718,
        "y_dd": 42.8942722047,
        "link_img": "..\\01_MXD\\Img_Recifs\\Z2\\H2.png"
      },
      "geometry": {
        "type": "MultiPoint",
        "coordinates": [
          [
            705828.8519999981,
            6199429.7126
          ]
        ]
      }
    },
    {
      "type": "Feature",
      "properties": {
        "nom": "B6",
        "source": "PNMGL - IXSurvey, etat des lieux RA 2016",
        "info": true,
        "cara": false,
        "regl": false,
        "fid": 246.0,
        "num": "IXSurvey 2016",
        "tech": true,
        "projet": "Herbier de posidonie",
        "objectid": 246.0,
        "typerecif": "C",
        "pmin": -18.9,
        "pmax": -22.3,
        "pext": -20.9,
        "long": 25.0,
        "larg": 10.0,
        "dir": 0.0,
        "dt": 0.0,
        "com": null,
        "ht": 3.0,
        "hr": 3.4,
        "em": 2.0,
        "pc": 1.4,
        "enf": 0.0,
        "ind_enf": 0.0,
        "name": "B6",
        "areaname": "Leu1",
        "easting": 706180.0296,
        "northing": 6199733.7081,
        "x_dd": 3.07558851191,
        "y_dd": 42.8970029858,
        "link_img": "..\\01_MXD\\Img_Recifs\\Z1\\B6.png"
      },
      "geometry": {
        "type": "MultiPoint",
        "coordinates": [
          [
            706180.0296000019,
            6199733.7080999985
          ]
        ]
      }
    }
  ]
}